LABEL,TRACK_INDEX,TRACK_ID,NUMBER_SPOTS,NUMBER_GAPS,NUMBER_SPLITS,NUMBER_MERGES,NUMBER_COMPLEX,LONGEST_GAP,TRACK_DURATION,TRACK_START,TRACK_STOP,TRACK_DISPLACEMENT,TRACK_X_LOCATION,TRACK_Y_LOCATION,TRACK_Z_LOCATION,TRACK_MEAN_SPEED,TRACK_MAX_SPEED,TRACK_MIN_SPEED,TRACK_MEDIAN_SPEED,TRACK_STD_SPEED,TRACK_MEAN_QUALITY,TOTAL_DISTANCE_TRAVELED,MAX_DISTANCE_TRAVELED,CONFINEMENT_RATIO,MEAN_STRAIGHT_LINE_SPEED,LINEARITY_OF_FORWARD_PROGRESSION,MEAN_DIRECTIONAL_CHANGE_RATE
Label,Track index,Track ID,Number of spots in track,Number of gaps,Number of split events,Number of merge events,Number of complex points,Longest gap,Track duration,Track start,Track stop,Track displacement,Track mean X,Track mean Y,Track mean Z,Track mean speed,Track max speed,Track min speed,Track median speed,Track std speed,Track mean quality,Total distance traveled,Max distance traveled,Confinement ratio,Mean straight line speed,Linearity of forward progression,Mean directional change rate
Label,Index,ID,N spots,N gaps,N splits,N merges,N complex,Lgst gap,Duration,Track start,Track stop,Track disp.,Track X,Track Y,Track Z,Mean sp.,Max speed,Min speed,Med. speed,Std speed,Mean Q,Total dist.,Max dist.,Cfn. ratio,Mn. v. line,Fwd. progr.,Mn. γ rate
,,,,,,,,,(frame),(frame),(frame),(pixel),(pixel),(pixel),(pixel),(pixel/frame),(pixel/frame),(pixel/frame),(pixel/frame),(pixel/frame),(quality),(pixel),(pixel),,(pixel/frame),,(rad/frame)
Track_0,0,0,10,1,0,0,0,1,10.0,7.0,17.0,17.430518713868395,338.12825587797363,243.44545137502806,0.0,2.5473025569773697,6.954364531101278,0.0,2.9741200153874248,2.6445822622948687,9.205402374267578,29.88008754389761,17.430518713868395,0.5833489841105977,1.7430518713868395,0.68427359231922,0.34871915141338305
Track_1,1,1,15,0,0,0,0,0,14.0,0.0,14.0,25.37187413173979,605.9718500742582,707.5250377316984,0.0,9.558024458864763,36.48702888713635,0.0,3.3873824661524523,13.778871445802858,9.748204549153646,133.8123424241067,32.77913423969875,0.18960787676316002,1.8122767236956994,0.18960787676316004,0.5427416147534098
Track_2,2,2,12,0,0,0,0,0,11.0,6.0,17.0,44.58970737895975,118.5972140401305,586.6628815349771,0.0,5.091517294676389,17.117881676414214,0.0,6.45301587585013,5.256427009381882,12.077152252197266,56.006690241440275,44.58970737895975,0.7961496597413124,4.053609761723614,0.7961496597413122,0.3102738325284022
Track_3,3,3,18,0,0,0,0,0,17.0,0.0,17.0,32.26852596667579,249.65190585573762,251.9235371510373,0.0,4.369142398867402,11.58610537906725,0.0,5.5125949485481875,4.487875845606252,12.741161770290798,74.27542078074585,32.26852596667579,0.4344442027724014,1.8981485862750465,0.4344442027724015,0.4698489015421981
Track_4,4,4,18,0,0,0,0,0,17.0,0.0,17.0,43.810917091256,257.23345079417516,247.1420673466553,0.0,4.630331807010053,24.137775257374567,0.0,3.1169494075894058,6.486552712837775,13.159186469184029,78.71564071917092,51.06180921012518,0.5565719428945206,2.5771127700738825,0.5565719428945207,0.3373051653607737
Track_5,5,5,18,0,0,0,0,0,17.0,0.0,17.0,49.59196750131656,262.5639309978268,241.78667627393693,0.0,4.170318911515894,26.58093905030762,0.0,2.0859678534639428,6.639307354974179,11.472869025336372,70.89542149577021,53.51647462385465,0.699508747603332,2.917174558900974,0.6995087476033321,0.41842337703953586
Track_6,6,6,18,0,0,0,0,0,17.0,0.0,17.0,22.461547809036517,267.74636105254507,261.9464560329154,0.0,4.0167006159550525,19.69857954609253,0.0,3.6676747964017222,5.538841059248728,11.142487419976128,68.28391047123588,36.11884897628869,0.3289434898210507,1.3212675181786186,0.32894348982105065,0.4188715537533698
Track_7,7,7,6,0,0,0,0,0,5.0,12.0,17.0,23.991653799195213,166.35089729531367,599.5238302924654,0.0,9.000524802111801,21.718053705300758,0.0,10.074643089556428,9.255096347489667,14.480148315429688,45.002624010559,31.67803846842053,0.5331167754477169,4.798330759839042,0.5331167754477167,0.7202973975916968
Track_8,8,8,18,0,0,0,0,0,17.0,0.0,17.0,37.42478163746206,606.5297987062258,705.1399239640864,0.0,7.180071568263767,46.00932986344064,0.0,2.764551298160299,11.506613188103092,11.706804487440321,122.06121666048404,37.75555465495569,0.30660665739192094,2.2014577433801215,0.306606657391921,0.4210529536172894
Track_9,9,9,6,0,0,0,0,0,5.0,12.0,17.0,8.0,767.0,270.5,0.0,4.4,15.0,0.0,0.0,6.6558245169174945,10.193536122639975,22.0,8.0,0.36363636363636365,1.6,0.36363636363636365,0.7853981633974483
Track_10,10,10,18,0,0,0,0,0,17.0,0.0,17.0,34.4413307202488,13.04897442716668,291.27474021235565,0.0,3.8859139520524826,31.103414755485513,0.0,1.7306348700582805,7.508145542387676,12.050832112630209,66.06053718489221,39.02923252960838,0.5213601370490429,2.025960630602871,0.521360137049043,0.20204184665773234
Track_11,11,11,18,0,0,0,0,0,17.0,0.0,17.0,53.96765130594473,123.25686588346156,581.388294165026,0.0,4.027643627615263,21.374770393839885,0.0,2.252110821127157,5.6066643446152025,12.697044372558594,68.46994166945947,53.96765130594473,0.7881947901529557,3.1745677238791017,0.7881947901529557,0.2468752336879435
Track_12,12,12,18,0,0,0,0,0,17.0,0.0,17.0,44.15044325887333,225.25471949997933,283.51078800947033,0.0,3.819197377474552,40.66961078441634,0.0,1.4656003133998294,9.665301147073334,12.875790066189236,64.92635541706738,44.15044325887333,0.6800080333366035,2.597084897580784,0.6800080333366035,0.2494790771644282
Track_13,13,13,18,0,0,0,0,0,17.0,0.0,17.0,0.0,620.2031982597043,733.6732597215403,0.0,2.367066431714741,9.471519726026829,0.0,3.0,2.693644332368786,11.140545315212673,40.2401293391506,9.471519726026829,0.0,0.0,0.0,0.3365287812394008
Track_14,14,14,6,0,0,0,0,0,5.0,12.0,17.0,21.26960295470738,19.61573102508591,280.67132778668457,0.0,5.280970531600012,15.207455511924659,0.0,3.9872373961365253,6.318779946354702,11.340868631998697,26.40485265800006,21.26960295470738,0.8055187139346972,4.253920590941476,0.8055187139346972,0.4973232783220933
Track_15,15,15,18,0,0,0,0,0,17.0,0.0,17.0,20.554850779058523,525.6427118482486,279.84102823456186,0.0,7.437094437207886,37.685005989686005,0.0,1.2217444956766998,10.998647961511391,10.717962900797525,126.43060543253404,38.49876565241587,0.16257812504130587,1.2091088693563836,0.1625781250413058,0.34398902629029876
Track_16,16,16,17,1,0,0,0,1,17.0,0.0,17.0,73.2814042274165,535.003189530344,266.96970733042684,0.0,3.938538536656884,19.29914720396055,0.0,1.2069722844683035,5.778448948859689,12.286014332490808,82.31576379047071,73.2814042274165,0.890247515821507,4.310670836906853,1.09448486965062,0.17728905884501434
Track_17,17,17,12,0,0,0,0,0,11.0,6.0,17.0,42.37267009951147,138.71460257327445,606.9073685346024,0.0,10.154411934564981,42.00439016619695,0.0,6.245141912674047,13.10537528719053,11.323465983072916,111.69853128021478,50.245044117428016,0.37934849826460487,3.852060918137406,0.37934849826460476,0.4987636694408863
Track_18,18,18,5,0,0,0,0,0,4.0,13.0,17.0,13.700572349012054,512.4548905171712,285.0553422119842,0.0,3.6118288037149906,11.280635207768752,0.0,3.1666800070912107,5.326016764546218,9.814453125,14.447315214859962,13.700572349012054,0.9483126896075585,3.4251430872530135,0.9483126896075585,0.2624169113254556
Track_19,19,19,9,0,0,0,0,0,8.0,9.0,17.0,18.32622722950534,749.6532227611276,727.6019797491703,0.0,8.434351131853708,30.4138126514911,0.0,8.328198093671409,10.125400926244115,10.176448398166233,67.47480905482966,24.699262463363123,0.27160102394085395,2.2907784036881673,0.27160102394085395,0.6587680481654111
Track_20,20,20,15,0,0,0,0,0,14.0,0.0,14.0,59.574765171634304,566.8723172962433,265.02464727002274,0.0,7.3273866767339175,41.15060235091385,0.0,2.8689659690582845,11.287311246772173,13.640878295898437,102.58341347427485,59.574765171634304,0.5807446170288928,4.25534036940245,0.5807446170288928,0.06067298056291741
Track_21,21,21,13,1,0,0,0,1,13.0,4.0,17.0,26.39877160157396,258.0582873756937,283.7002023148569,0.0,8.676361885990385,27.81071185645563,0.0,5.708742848691769,9.980300030428264,9.626167884239784,109.82508548057638,27.64027949061699,0.24037105444587006,2.0306747385826123,0.2340468004062299,0.5477628091901303
Track_22,22,22,18,0,0,0,0,0,17.0,0.0,17.0,82.25653382419833,223.04387721876853,604.2163502373779,0.0,5.207692158486729,15.851203867130906,0.0,4.680920864433702,5.752668065761701,11.595704820421007,88.53076669427438,82.25653382419833,0.9291293512486679,4.8386196367175485,0.9291293512486677,0.07444876859800376
Track_23,23,23,18,0,0,0,0,0,17.0,0.0,17.0,66.56525243700072,539.6186104753556,279.4237204005829,0.0,4.5884057845541735,15.722925008178242,0.0,1.7289894622636506,5.463057971489491,12.39451429578993,78.00289833742094,66.56525243700072,0.8533689626384927,3.9156030845294545,0.8533689626384927,0.17747913172211868
Track_24,24,24,8,0,0,0,0,0,7.0,10.0,17.0,14.133898988859968,210.5441586937336,298.16841790872195,0.0,4.153591534628864,14.793774919705639,0.0,2.8982459825768823,5.351765158768227,11.664331436157227,29.07514074240204,17.04713653120933,0.48611627073734665,2.0191284269799956,0.48611627073734653,0.6311175927492568
Track_25,25,25,18,0,0,0,0,0,17.0,0.0,17.0,64.56931263789366,597.1253148866159,284.16141974127925,0.0,6.236900634308364,23.602497577349983,0.0,2.8671172812852728,7.672044067305007,12.692749871148003,106.02731078324219,64.56931263789366,0.6089875538755903,3.7981948610525684,0.6089875538755903,0.16570323420289682
Track_26,26,26,18,0,0,0,0,0,17.0,0.0,17.0,69.12931795247619,17.741149949597585,586.995518005193,0.0,6.174277734559996,21.602723596806904,0.0,3.7099697562490155,7.468974343285587,9.416764153374565,104.96272148751993,69.12931795247619,0.6586082846631951,4.066430467792717,0.6586082846631951,0.23512957558335376
Track_27,27,27,18,0,0,0,0,0,17.0,0.0,17.0,31.929004270172964,593.0265703396539,288.24179563264096,0.0,5.460890310175213,18.478903748132343,0.0,2.386824668365596,6.729039369820009,12.039618598090279,92.83513527297862,31.929004270172964,0.3439323288137276,1.8781767217748802,0.3439323288137276,0.24044537646578498
Track_28,28,28,5,0,0,0,0,0,4.0,13.0,17.0,4.8785313887374775,706.833723639943,300.8285603045879,0.0,1.2398354386864263,4.069442792031268,0.0,0.8898989627144375,1.9324869246098768,13.461773681640626,4.959341754745705,4.8785313887374775,0.9837054250332923,1.2196328471843694,0.9837054250332923,0.1576449392581398
Track_29,29,29,12,0,0,0,0,0,11.0,6.0,17.0,12.0,4.010418357353903,3.208943145412348,0.0,4.107194385928116,13.736994605998886,0.0,3.2787614752774332,4.366757236461487,12.212693532307943,45.17913824520928,15.992378885300647,0.2656093158499423,1.0909090909090908,0.2656093158499423,0.7732642440122195
Track_30,30,30,5,0,0,0,0,0,4.0,13.0,17.0,20.0,597.0,0.0,0.0,5.0,15.0,0.0,5.0,7.0710678118654755,7.729090881347656,20.0,20.0,1.0,5.0,1.0,0.0
Track_31,31,31,9,0,0,0,0,0,8.0,9.0,17.0,33.33115214709975,186.51400187236027,611.6526014307362,0.0,6.4101615535043805,19.394803130870415,0.0,5.975736983630355,7.446409525028564,11.240731133355034,51.281292428035044,33.33115214709975,0.649967084856034,4.166394018387469,0.649967084856034,0.24185941882905718
Track_32,32,32,16,0,0,0,0,0,15.0,0.0,15.0,33.17778117480952,154.62959812990755,288.808316665119,0.0,5.351342158041194,21.237420102588853,0.0,3.727736306307632,6.651692197104241,13.171802520751953,80.27013237061792,33.17778117480952,0.4133266034946009,2.2118520783206344,0.4133266034946009,0.21559099724921252
Track_33,33,33,4,0,0,0,0,0,3.0,12.0,15.0,14.0,0.0,303.5,0.0,4.666666666666667,10.0,0.0,4.0,5.033222956847167,9.899696350097656,14.0,14.0,1.0,4.666666666666667,1.0,0.0
Track_34,34,34,5,0,0,0,0,0,4.0,13.0,17.0,13.29055076585538,745.5483335400138,6.012512771306795,0.0,3.850155460923673,8.555259608637861,0.0,6.845362235056831,4.500246763871628,11.898684692382812,15.400621843694692,13.29055076585538,0.8629879300163964,3.322637691463845,0.8629879300163964,0.3555254173813647
Track_35,35,35,4,0,0,0,0,0,3.0,12.0,15.0,5.950273084280731,10.043436151181751,308.4496718703291,0.0,1.9834384233471911,4.125006539640406,0.0,1.8253087304011675,2.0670446264806266,11.518669128417969,5.950315270041574,5.950273084280731,0.999992910331818,1.9834243614269103,0.999992910331818,0.0
Track_36,36,36,18,0,0,0,0,0,17.0,0.0,17.0,123.37231382713217,672.1649081732728,2.520151806635069,0.0,7.869557096533386,24.0,0.0,6.0,8.921336467533903,10.839107937282986,133.7824706410676,123.37231382713217,0.9221859428664207,7.257194931007775,0.922185942866421,0.13610974694511155
Track_37,37,37,18,0,0,0,0,0,17.0,0.0,17.0,50.597347369582785,734.0741394177954,300.08390839606454,0.0,6.5343491810426855,24.784325084848398,0.0,2.159471352026347,8.290242054482903,12.823883056640625,111.08393607772564,65.22952259974544,0.4554875273251006,2.9763145511519284,0.4554875273251005,0.37601332349766875
Track_38,38,38,4,0,0,0,0,0,3.0,12.0,15.0,10.925408544807434,12.271157990625905,13.122414234821377,0.0,6.442334800345514,13.750073278751413,0.0,5.576931122285129,6.915766149694389,10.496345520019531,19.327004401036543,13.750073278751413,0.5652923918318912,3.6418028482691445,0.5652923918318912,0.0
Track_39,39,39,16,0,0,0,0,0,15.0,0.0,15.0,9.604262131264358,732.1661145271779,625.0225637311012,0.0,2.457381057715777,8.891031323697128,0.0,1.0291483475651497,3.2213388203939437,11.274450302124023,36.860715865736644,20.6639187891095,0.2605554967040633,0.6402841420842905,0.26055549670406325,0.22879986227852794
Track_40,40,40,18,0,0,0,0,0,17.0,0.0,17.0,39.64883348128956,161.8443925743707,298.33151849104974,0.0,2.740515228765641,9.305154906042981,0.0,1.60888237352606,3.3621885585664395,12.19512685139974,46.5887588890159,39.64883348128956,0.8510386287761241,2.3322843224287975,0.8510386287761242,0.2172724585496388
Track_41,41,41,11,0,0,0,0,0,10.0,7.0,17.0,21.731464303487225,289.31628520060826,311.297476707139,0.0,3.2201984306628386,16.466406004417305,0.0,2.098009532706238,4.99367876898688,11.233892960981889,32.20198430662839,22.893053552721604,0.6748486086000006,2.1731464303487225,0.6748486086000007,0.24801979780131964
Track_42,42,42,18,0,0,0,0,0,17.0,0.0,17.0,11.980274616526929,439.35344407974776,29.086531256582596,0.0,2.8653928277674603,12.732119359669303,0.0,1.8766534604528382,3.6274481470330455,11.214720831976997,48.71167807204682,21.08711443321562,0.24594255609111945,0.7047220362662899,0.24594255609111942,0.3379153248211107
Track_43,43,43,18,0,0,0,0,0,17.0,0.0,17.0,13.689532529659983,218.17875322530526,303.56736968384865,0.0,1.920952818545341,6.42289814825727,0.0,0.8574109766296455,2.281259215561282,12.434270222981771,32.656197915270795,18.48965447935699,0.4192016647246751,0.8052666193917637,0.41920166472467507,0.22175283387505174
Track_44,44,44,8,0,0,0,0,0,7.0,10.0,17.0,43.93524800425946,605.1995308992618,30.616513612182324,0.0,6.656155182878877,18.94870721888635,0.0,2.4642512921751742,8.105263181856701,12.213045120239258,46.593086280152136,43.93524800425946,0.9429563806975185,6.276464000608494,0.9429563806975183,0.32050868258750465
Track_45,45,45,18,0,0,0,0,0,17.0,0.0,17.0,3.748331846339195,444.85700331851876,36.12295910068285,0.0,4.940518424995381,14.653693926403541,0.0,0.18176796285778488,5.852202313396037,11.747132195366753,83.98881322492149,14.690320893008261,0.04462894166990058,0.22049010860818793,0.04462894166990058,0.38470097366453254
Track_46,46,46,17,1,0,0,0,1,17.0,0.0,17.0,4.697871655999698,454.0414672511443,326.0590413753663,0.0,2.8850599254762272,12.748506604586314,0.0,1.361601049155313,4.111606146990752,13.581298828125,52.83302826038854,22.286686750896138,0.08891921986462999,0.276345391529394,0.09578497454737568,0.2780501023334842
Track_47,47,47,15,0,0,0,0,0,14.0,0.0,14.0,67.4784995439549,12.247383524566688,588.4902446786106,0.0,5.295968562149143,19.95923987998543,0.0,2.4714282015368276,6.956497286310139,14.031937662760416,74.14355987008798,67.4784995439549,0.9101060113944974,4.819892824568207,0.9101060113944973,0.175597143696051
Track_48,48,48,18,0,0,0,0,0,17.0,0.0,17.0,30.226849270575936,470.2139968166639,41.41432970119221,0.0,3.38965238462099,16.974703684065066,0.0,3.5996418283711167,4.573673967943868,12.489099290635851,57.62409053855683,30.226849270575936,0.5245523007491262,1.7780499570927022,0.5245523007491262,0.3769834882091407
Track_49,49,49,18,0,0,0,0,0,17.0,0.0,17.0,15.418447169632168,516.9390727078897,302.9812880993562,0.0,1.7460288880240629,9.646279887150785,0.0,0.6069901405738569,2.67709658735319,11.341428968641493,29.682491096409077,19.497323697894533,0.5194458618568392,0.9069674805665981,0.5194458618568394,0.3773446756862892
Track_50,50,50,8,0,0,0,0,0,7.0,10.0,17.0,26.566292588048647,611.7060758039195,38.42923636736484,0.0,6.161619775505857,13.516265909590707,0.0,7.428085249971676,6.141083985495907,14.21097183227539,43.131338428541,29.193910796850094,0.6159394434759558,3.795184655435521,0.6159394434759558,0.3874252085519945
Track_51,51,51,8,1,0,0,0,1,8.0,9.0,17.0,66.72960380909672,731.4486937841205,45.085734519408376,0.0,6.824558542210889,20.073451479971084,0.0,1.8211399285659897,8.900104095644226,12.482484817504883,67.8453612754473,66.72960380909672,0.983554403051659,8.34120047613709,1.2222329729528363,0.15240932260580997
Track_52,52,52,18,0,0,0,0,0,17.0,0.0,17.0,24.195316432725516,24.443126959934236,318.9544702055456,0.0,2.3358024234757195,7.837209615883267,0.0,1.8614032177856794,2.690386427953038,13.727723863389757,39.708641199087225,24.195316432725516,0.6093211880864281,1.4232539078073834,0.6093211880864281,0.33266091543621634
Track_53,53,53,18,0,0,0,0,0,17.0,0.0,17.0,11.800434496351501,469.5611416072526,38.35999873922621,0.0,3.0653421611760905,14.447274623853364,0.0,2.541985276980868,4.285772851931256,9.696603563096788,52.11081673999353,12.762765459894501,0.22644884948224217,0.6941432056677354,0.22644884948224214,0.33604232505243015
Track_54,54,54,18,0,0,0,0,0,17.0,0.0,17.0,57.265731189669694,750.1566920464375,40.34736986224163,0.0,4.294979594293465,16.596903176427716,0.0,1.0,5.407050926689542,13.16303931342231,73.01465310298889,57.265731189669694,0.7843046396302812,3.368572422921747,0.7843046396302811,0.3303036152899503
Track_55,55,55,11,0,0,0,0,0,10.0,4.0,14.0,35.95981285685812,166.8863967935439,308.15916285189223,0.0,4.889180847051209,13.757828195103132,0.0,4.23705528335678,5.459745632273818,11.34507890181108,48.89180847051209,36.791544451959034,0.735497703639791,3.595981285685812,0.7354977036397908,0.44243222808511756
Track_56,56,56,7,1,0,0,0,1,7.0,10.0,17.0,17.587837933206416,12.022977438985896,625.1137622628638,0.0,2.631289455323768,7.47240822310403,0.0,2.978125730210745,3.2140238279035938,13.042463030133929,21.124939510570442,17.587837933206416,0.8325627595007247,2.512548276172345,0.9548733876802573,0.252013880787314
Track_57,57,57,4,0,0,0,0,0,3.0,12.0,15.0,19.210189226349478,438.376741000955,45.84158074775572,0.0,10.340262646391334,23.958551289881513,0.0,7.0622366492924895,12.311057460905324,7.154865264892578,31.020787939174003,19.210189226349478,0.619268255339519,6.403396408783159,0.619268255339519,0.0
Track_58,58,58,18,0,0,0,0,0,17.0,0.0,17.0,20.124986213506958,448.87328424344986,323.0540748896987,0.0,2.9050056299091924,9.387808387070791,0.0,2.6578431504421727,3.2007887909481125,13.028966267903646,49.38509570845628,20.124986213506958,0.4075113336281523,1.1838227184415857,0.40751133362815234,0.26029100729417587
Track_59,59,59,9,0,0,0,0,0,8.0,9.0,17.0,37.08204984866016,673.2854060532086,35.74815794922702,0.0,6.317762783259135,37.51211351739961,0.0,2.033785552756589,12.796363990376632,15.774831136067709,50.54210226607307,39.9961157603035,0.7336863364615501,4.63525623108252,0.73368633646155,0.3183961715451459
Track_60,60,60,18,0,0,0,0,0,17.0,0.0,17.0,16.517460721276127,665.5519191663927,53.575365194483346,0.0,6.822909675671333,47.505014270264176,0.0,1.1309936434606072,12.002222909000512,13.24698215060764,115.98946448641264,47.70202844770359,0.1424048364600479,0.9716153365456545,0.14240483646004787,0.513081947815597
Track_61,61,61,18,0,0,0,0,0,17.0,0.0,17.0,8.006903940762392,526.5806484122667,313.0071069817122,0.0,3.2253707105617746,20.102107634240838,0.0,0.28627767475825533,5.818077594564044,11.823709275987413,54.83130207955016,17.65475863653923,0.1460279737502101,0.4709943494566113,0.1460279737502101,0.36752749914891314
Track_62,62,62,9,0,0,0,0,0,8.0,7.0,15.0,3.3041651362611506,454.89934832377344,46.72932596822313,0.0,8.331846968973583,18.76999751085472,0.0,9.86738218250397,8.29268204563956,7.337398105197483,66.65477575178866,15.604751952020703,0.04957131876889533,0.4130206420326438,0.04957131876889533,0.7998018055239429
Track_63,63,63,12,0,0,0,0,0,11.0,6.0,17.0,5.235257663076791,152.28122857148244,618.6372014910131,0.0,2.7212711284810362,11.62935873313609,0.0,1.8980787264200165,3.4389878366916764,13.052281697591146,29.933982413291396,10.218860816290807,0.17489345690108418,0.4759325148251628,0.17489345690108418,0.38239727310945704
Track_64,64,64,18,0,0,0,0,0,17.0,0.0,17.0,40.60995439006484,570.6112668807347,68.45992440738519,0.0,6.4159618702784424,23.200076712268544,0.0,0.8384244987247516,8.285146197090098,9.103096008300781,109.07135179473353,41.27776634320705,0.372324663826397,2.3888208464744025,0.372324663826397,0.29134284917627923
Track_65,65,65,9,0,0,0,0,0,8.0,9.0,17.0,14.3262593815442,591.9536599538502,314.5642607524928,0.0,12.831025642275396,45.12064630497372,0.0,5.216003632559156,18.076667981896453,11.780003865559896,102.64820513820317,45.12064630497372,0.1395665843572779,1.790782422693025,0.1395665843572779,0.1649315022130331
Track_66,66,66,18,0,0,0,0,0,17.0,0.0,17.0,35.96143996001164,651.7364081543479,81.5689380187036,0.0,8.578797360028519,49.22261779049726,0.0,0.6500370030986572,13.080256928806481,8.955523173014322,145.8395551204848,36.02044398524738,0.24658221104899994,2.1153788211771554,0.24658221104899988,0.5123115300045334
Track_67,67,67,18,0,0,0,0,0,17.0,0.0,17.0,18.14758462141841,546.3156610906582,338.3935645587647,0.0,8.927569796610463,44.70689374711884,0.0,0.4770733096836228,15.888320125997746,12.426613701714409,151.76868654237788,57.508200534737014,0.11957397164632587,1.0675049777304948,0.11957397164632588,0.5772876312031081
Track_68,68,68,8,0,0,0,0,0,7.0,10.0,17.0,47.986693545148945,733.8115555765811,53.07649116176407,0.0,7.437931761984098,15.696890178159132,0.0,9.836862346579098,7.297832979106582,12.486080169677734,52.06552233388869,47.986693545148945,0.9216596971296513,6.855241935021278,0.9216596971296513,0.26993517518130267
Track_69,69,69,18,0,0,0,0,0,17.0,0.0,17.0,18.613463722860672,559.5302113730901,67.26352472692001,0.0,3.3204902367480633,16.132456032302628,0.0,1.8954879700228664,4.297216206898973,13.119528028700087,56.44833402471707,22.57159128121741,0.3297433670001737,1.09490963075651,0.32974336700017365,0.4777905888661679
Track_70,70,70,9,0,0,0,0,0,8.0,9.0,17.0,38.14921979429597,178.40855405308378,619.131232829392,0.0,5.047180746992059,22.89782529012713,0.0,4.2717914453976595,7.584002731509808,13.428075154622396,40.377445975936475,38.14921979429597,0.9448150786216531,4.768652474286997,0.9448150786216531,0.07134314383484311
Track_71,71,71,18,0,0,0,0,0,17.0,0.0,17.0,34.87080607590268,594.2896127427447,64.84641059096535,0.0,5.679811181719261,41.015957103137,0.0,3.3124544150326183,10.051333000346434,12.235059102376303,96.55679008922743,34.87080607590268,0.3611429713402736,2.0512238868178048,0.3611429713402736,0.44614654827095546
Track_72,72,72,18,0,0,0,0,0,17.0,0.0,17.0,13.597913285132416,715.0262309198166,332.8343972086466,0.0,4.107177245755047,23.0839544738356,0.0,0.31275128230923865,6.75121149119578,11.861793518066406,69.8220131778358,26.841564704214875,0.1947510916148851,0.7998772520666126,0.19475109161488513,0.46619730315571495
Track_73,73,73,16,0,0,0,0,0,15.0,0.0,15.0,46.55924147548636,184.5536581226247,51.74400229171171,0.0,5.529628019478824,18.486698281061972,0.0,3.595700968867292,6.84392293356001,14.34752368927002,82.94442029218234,51.54351420824424,0.561330603209661,3.1039494316990908,0.5613306032096609,0.16507602651351036
Track_74,74,74,18,0,0,0,0,0,17.0,0.0,17.0,7.821952893239672,673.0276455592582,64.84983418000951,0.0,6.850346919227995,45.22673851425039,0.0,4.807338705845153,11.023946920940649,10.978295220269096,116.45589762687592,45.22673851425039,0.06716665323641373,0.4601148760729219,0.06716665323641374,0.31442970053041486
Track_75,75,75,18,0,0,0,0,0,17.0,0.0,17.0,34.80195186600679,158.6592527562233,320.2661233391318,0.0,3.559330156581342,16.687585002821052,0.0,1.3797478508942347,4.8576723396408275,11.308890448676216,60.508612661882815,38.20527090498993,0.5751569955913095,2.04717363917687,0.5751569955913095,0.41805990570731894
Track_76,76,76,18,0,0,0,0,0,17.0,0.0,17.0,27.823079775264432,567.6422825253558,87.6815313884776,0.0,4.889864453713751,43.43700718396365,0.0,1.0496650233026752,10.468831301619165,12.182672288682726,83.12769571313379,33.00642274781609,0.3347028873659554,1.6366517514861432,0.3347028873659555,0.5674274720157689
Track_77,77,77,8,0,0,0,0,0,7.0,10.0,17.0,5.752365589338722,221.56014634925964,73.33233990823052,0.0,2.6258233774802537,6.57453140205822,0.0,1.6678635715207446,2.88549497210541,13.43935775756836,18.380763642361774,10.832452317492331,0.3129557455426586,0.8217665127626745,0.31295574554265854,0.31804343070718666
Track_78,78,78,18,0,0,0,0,0,17.0,0.0,17.0,11.926001916503173,584.922935229018,324.2423110304269,0.0,3.5931197421873433,17.03495082908812,0.0,0.21546610025259616,6.08178215288968,13.672179328070747,61.083035617184834,23.479952184141432,0.1952424563711101,0.7015295245001867,0.1952424563711101,0.4666590901407402
Track_79,79,79,6,0,0,0,0,0,5.0,10.0,15.0,7.945662721754467,199.0193377255498,77.61916651134793,0.0,3.3902468463789424,7.404323033830021,0.0,4.567828310013202,3.2791558772128844,14.455375671386719,16.95123423189471,7.945662721754467,0.46873653051199377,1.5891325443508935,0.46873653051199365,0.4848414330899962
Track_80,80,80,18,0,0,0,0,0,17.0,0.0,17.0,13.614912037563753,592.8653048380473,337.1897753581711,0.0,1.5085615246906434,4.493019497218118,0.0,0.8804321452013036,1.7593981082025199,13.499142116970486,25.645545919740936,14.006269487821243,0.5308879787613929,0.8008771786802208,0.5308879787613929,0.4269923866681735
Track_81,81,81,15,0,0,0,0,0,14.0,0.0,14.0,59.770649184032244,24.15913319285356,600.842966516411,0.0,5.35385725459146,19.268486994138392,0.0,4.591342824287025,6.801133870617195,13.233165486653645,74.95400156428043,59.770649184032244,0.7974310635406574,4.2693320845737315,0.7974310635406573,0.33614543646385137
Track_82,82,82,18,0,0,0,0,0,17.0,0.0,17.0,78.74812473214733,684.7773204177146,320.67492279502676,0.0,6.40094068583135,25.388645280762727,0.0,2.284768685750538,7.81520450880619,11.420074039035374,108.81599165913295,78.74812473214733,0.7236815428639066,4.632242631302784,0.7236815428639066,0.18863234621273633
Track_83,83,83,18,0,0,0,0,0,17.0,0.0,17.0,9.453866362317642,534.3091186332213,77.44935125338098,0.0,1.4019711975326639,7.000050993752495,0.0,0.4642245166714335,1.9721202635432171,14.423079596625435,23.833510358055285,10.149233672207483,0.396662775239167,0.5561097860186849,0.39666277523916704,0.47393642681490883
Track_84,84,84,17,1,0,0,0,1,17.0,0.0,17.0,39.66858445462996,192.8060705503175,73.48446587964044,0.0,3.186708211000986,10.614543154992232,0.0,2.642406326237677,3.7605763095556255,12.104421279009651,61.601874531008015,39.66858445462996,0.6439509309844511,2.3334461443899976,0.7322434279783125,0.21244431589748733
Track_85,85,85,8,0,0,0,0,0,7.0,10.0,17.0,3.1226404294889907,541.7132970542268,87.98579115576922,0.0,1.324039737344107,4.163241483356263,0.0,0.8161563621346403,1.5815819994506553,14.802040100097656,9.26827816140875,3.848824543008401,0.3369169952722221,0.44609148992699865,0.3369169952722221,0.7959664385682613
Track_86,86,86,16,0,0,0,0,0,15.0,0.0,15.0,69.57990912111438,749.5801950672667,318.21881579286037,0.0,6.528335601155892,16.679716799569547,0.0,5.4879443597036754,6.860948586839775,12.34085750579834,97.92503401733839,69.57990912111438,0.7105426086325864,4.638660608074292,0.7105426086325864,0.23230288057863074
Track_87,87,87,18,0,0,0,0,0,17.0,0.0,17.0,23.375441235870074,742.5424423826638,635.8751728163182,0.0,1.7292508422947614,5.597622504932292,0.0,1.6618831945763008,1.942977154409532,12.098446316189236,29.39726431901095,23.375441235870074,0.7951570248920538,1.3750259550511807,0.7951570248920539,0.22389430957595555
Track_88,88,88,18,0,0,0,0,0,17.0,0.0,17.0,101.62802751026658,691.9911786563038,317.78964190309694,0.0,7.092843948013365,21.08531104635784,0.0,3.742963255777165,8.083429479444082,13.174808078342014,120.57834711622719,101.62802751026658,0.8428381209464239,5.9781192653097985,0.8428381209464239,0.1957298308972039
Track_89,89,89,16,0,0,0,0,0,15.0,0.0,15.0,31.765257871626325,727.3441012619744,354.59714669993025,0.0,4.384794043877171,25.18186554810393,0.0,1.256778153463225,6.772728378901536,13.908808708190918,65.77191065815758,31.765257871626325,0.4829608499093607,2.1176838581084216,0.48296084990936083,0.22249329533763612
Track_90,90,90,14,1,0,0,0,1,14.0,0.0,14.0,45.173594162426646,19.95972868084137,662.0640905457342,0.0,4.323088898150212,36.34089719837819,0.0,0.0,9.933109205076734,11.680525643484932,61.451488457661966,45.173594162426646,0.7351098451187191,3.226685297316189,0.7463842112284208,0.13773845887272498
Track_91,91,91,9,0,0,0,0,0,8.0,9.0,17.0,2.864677980535783,435.56277658365457,101.98101992510297,0.0,0.4013816652125972,0.8417598337577145,0.0,0.5115281377483221,0.3591363295636335,5.1766162448459205,3.2110533217007777,2.864677980535783,0.8921303053972545,0.3580847475669729,0.8921303053972545,0.21921615065977826
Track_92,92,92,18,0,0,0,0,0,17.0,0.0,17.0,56.81920483387461,650.5145964185017,93.26186343094707,0.0,4.876451296972059,24.918045495089054,0.0,1.2471800746185584,7.296672436429136,12.235998365614149,82.89967204852499,56.81920483387461,0.6853972208794229,3.3423061666985063,0.6853972208794229,0.26322834606691764
Track_93,93,93,2,0,0,0,0,0,1.0,13.0,14.0,0.0,588.4650399320635,354.891857117283,0.0,0.0,0.0,0.0,0.0,NaN,6.3830413818359375,0.0,0.0,NaN,0.0,NaN,NaN
Track_94,94,94,18,0,0,0,0,0,17.0,0.0,17.0,7.3320315423502915,386.30669628266224,112.1231728458802,0.0,0.45117865026184,1.371398907468632,0.0,0.19842164782859303,0.5132516045340435,5.980794694688585,7.6700370544512815,7.3320315423502915,0.9559316976304789,0.4312959730794289,0.955931697630479,0.14188768421055378
Track_95,95,95,16,0,0,0,0,0,15.0,0.0,15.0,35.36578807297886,658.6208502294287,100.2595300730619,0.0,4.018592685041644,26.629774555847057,0.0,1.1793925286914306,7.031336829620424,13.35233211517334,60.278890275624654,35.36578807297886,0.5867027065572894,2.357719204865257,0.5867027065572894,0.3727596312260388
Track_96,96,96,14,0,0,0,0,0,13.0,4.0,17.0,23.49353061567663,722.4132991209489,115.62129664890905,0.0,3.074736895879389,8.402781758443185,0.0,3.4480194852529955,2.8952364012035092,14.19343021937779,39.97157964643206,23.49353061567663,0.587755871133647,1.807194662744356,0.587755871133647,0.4319906232635316
Track_97,97,97,18,0,0,0,0,0,17.0,0.0,17.0,47.094441457317245,533.5037477498985,359.713263596836,0.0,6.158560733385344,32.70107393908153,0.0,1.1284579181803946,9.554614113744583,13.082156711154514,104.69553246755085,47.094441457317245,0.4498228372057195,2.770261262195132,0.4498228372057195,0.4052647884988403
Track_98,98,98,11,0,0,0,0,0,10.0,7.0,17.0,29.500691572163717,234.44401931037754,115.7020508186814,0.0,3.7874273326099672,16.643959967203763,0.0,1.292255480298256,6.1978620328485015,16.545791625976562,37.874273326099676,29.500691572163717,0.7789110913933863,2.9500691572163715,0.7789110913933863,0.6948138150022533
Track_99,99,99,18,0,0,0,0,0,17.0,0.0,17.0,3.67688069141308,335.12734885849693,131.96240879397268,0.0,4.873268581972722,22.180240936330577,0.0,4.053301728859963,6.180503528289187,12.866224500868055,82.84556589353627,22.180240936330577,0.0443823474648986,0.21628709949488706,0.04438234746489861,0.40148556358442733
Track_100,100,100,9,0,0,0,0,0,8.0,9.0,17.0,18.568691062720657,720.3880847885342,628.799011545699,0.0,3.693069138819738,11.612648749684066,0.0,3.324841273839076,4.31086151598366,8.518290201822916,29.544553110557903,19.341660024027572,0.6284979499684846,2.321086382840082,0.6284979499684846,0.3644304440167016
Track_101,101,101,18,0,0,0,0,0,17.0,0.0,17.0,85.68911164526178,688.6285688673892,326.61600500149405,0.0,6.574782432816245,17.79581464346035,0.0,6.089339537709878,6.915961674756995,10.561504364013672,111.77130135787614,91.77489700675375,0.7666468100867607,5.040535979133046,0.7666468100867606,0.35995548500674823
Track_102,102,102,8,0,0,0,0,0,7.0,10.0,17.0,39.67502977290812,626.1208354771197,117.39208335979488,0.0,8.073855683067885,29.71901733590631,0.0,1.7469629553101627,12.303710421154083,8.120048522949219,56.5169897814752,39.67502977290812,0.702001821510893,5.667861396129731,0.7020018215108931,0.8900853281560813
Track_103,103,103,9,0,0,0,0,0,8.0,9.0,17.0,9.028585959327529,723.2492620979103,126.34520179027683,0.0,5.02369785269696,13.208771105874694,0.0,4.606776455059879,5.277042551621533,10.806633843315971,40.18958282157568,15.709170776789337,0.22464990491218922,1.1285732449159411,0.22464990491218922,0.4966007147683241
Track_104,104,104,14,0,0,0,0,0,13.0,4.0,17.0,69.13457733547204,744.3710493980647,345.64551392512146,0.0,7.214645252360782,22.416439768375916,0.0,6.723112973411165,7.281885256138283,11.772339957101005,93.79038828069014,75.82213254873248,0.7371179350337085,5.318044410420926,0.7371179350337081,0.4652854109857845
Track_105,105,105,18,0,0,0,0,0,17.0,0.0,17.0,19.431820459295544,346.27820225069155,138.88658015064678,0.0,3.4213935510546705,13.546811816023244,0.0,1.8151120145394852,4.526676018407318,13.50075191921658,58.16369036792939,29.92990605164198,0.33408850670194007,1.1430482623115026,0.33408850670194,0.4918776677741183
Track_106,106,106,17,1,0,0,0,1,17.0,0.0,17.0,63.89385100791889,582.787416149749,133.83484379371268,0.0,11.001802785189678,45.78371485613325,0.0,4.426577340522561,15.010511471120664,10.723122989430147,188.08191609222686,89.06113190086884,0.33971288859365,3.758461823995229,0.34162235929685686,0.2950143480242234
Track_107,107,107,6,0,0,0,0,0,5.0,12.0,17.0,8.254004841866957,655.7000689968548,131.1011787857177,0.0,2.381540713046836,5.071005339959439,0.0,2.0749182363840966,2.4665891768126715,12.552533467610678,11.90770356523418,8.254004841866957,0.6931651259748699,1.6508009683733913,0.6931651259748698,0.1737123929104748
Track_108,108,108,9,0,0,0,0,0,8.0,9.0,17.0,48.626789095256,535.7457177911697,367.22192177606354,0.0,7.02905015837447,18.83922354260328,0.0,8.727485092180949,6.669835485357238,10.172926161024305,56.232401266995765,48.626789095256,0.8647468007701159,6.078348636907,0.864746800770116,0.06631732116807713
Track_109,109,109,18,0,0,0,0,0,17.0,0.0,17.0,30.533921634666285,272.363862428339,644.5011910653733,0.0,2.884541410848956,8.673828668524942,0.0,2.408479607608968,3.197292457249535,11.367893642849392,49.03720398443224,30.533921634666285,0.6226684874684095,1.796113037333311,0.6226684874684093,0.2870292076245047
Track_110,110,110,18,0,0,0,0,0,17.0,0.0,17.0,70.11509609422546,434.6776127414289,165.68406840091552,0.0,5.710937736606259,49.28339990564414,0.0,0.53147955607507,11.983257410652769,12.417840745713976,97.0859415223064,70.11509609422546,0.7221961799496569,4.12441741730738,0.7221961799496569,0.5343840760446996
Track_111,111,111,18,0,0,0,0,0,17.0,0.0,17.0,70.81750170982318,594.0660489527377,157.43943114072144,0.0,5.7540750711418065,30.406752185734938,0.0,1.3789975762276963,8.179701232434002,9.454264322916666,97.81927620941072,72.18757024185064,0.723962642682181,4.165735394695481,0.7239626426821811,0.3732051761405941
Track_112,112,112,18,0,0,0,0,0,17.0,0.0,17.0,65.63235565398766,36.824764525276585,137.35016370934008,0.0,4.538535738578922,49.74096155323604,0.0,0.833267284254825,11.871464849916034,12.842126634385851,77.15510755584167,65.63235565398766,0.8506547101432744,3.8607268031757447,0.8506547101432744,0.501135898015477
Track_113,113,113,18,0,0,0,0,0,17.0,0.0,17.0,18.068627656787598,519.1458649902397,364.4158575297349,0.0,5.090545044852037,19.559772992610277,0.0,3.2060142647535925,6.646050612968919,12.923976474338108,86.53926576248465,37.33159610315649,0.20879109035173338,1.0628604503992705,0.2087910903517334,0.21655158498438037
Track_114,114,114,18,0,0,0,0,0,17.0,0.0,17.0,24.321550121243938,735.8702832268583,129.16277340816947,0.0,6.35410411782299,38.64756413110146,0.0,0.7253203120310703,12.413557766314728,13.933920966254341,108.01977000299082,42.552140190354166,0.22515832167176925,1.4306794188967022,0.22515832167176925,0.5328042735537519
Track_115,115,115,18,0,0,0,0,0,17.0,0.0,17.0,33.85223558831027,356.97233687527813,153.77582632198204,0.0,2.760508111361463,11.60415681036082,0.0,0.3658629121893993,3.772712420251506,14.834782918294271,46.92863789314487,38.88781399367989,0.7213555966697951,1.9913079757829573,0.7213555966697951,0.19873340667239758
Track_116,116,116,18,0,0,0,0,0,17.0,0.0,17.0,32.05891834147615,724.6013689013388,352.8190665691513,0.0,4.5844791567008185,15.348937278259855,0.0,1.254485371429054,5.378903023517814,13.301111857096354,77.93614566391393,32.05891834147615,0.41134852215716,1.8858187259691854,0.4113485221571601,0.2870140968612882
Track_117,117,117,5,0,0,0,0,0,4.0,13.0,17.0,12.767179203158015,284.45918337309445,634.362771927999,0.0,3.210046116142125,9.59641848986259,0.0,3.2437659747059104,4.52385091340699,9.369577026367187,12.8401844645685,12.767179203158015,0.9943143136602175,3.191794800789504,0.9943143136602175,0.08189392867324911
Track_118,118,118,6,0,0,0,0,0,5.0,12.0,17.0,14.884055894142339,743.1459619585556,378.13042278206103,0.0,3.6717835056680697,8.966635227943788,0.0,4.12449239940424,3.7997244881129895,13.120699564615885,18.35891752834035,14.884055894142339,0.8107262245263684,2.9768111788284677,0.8107262245263684,0.15000600464107686
Track_119,119,119,6,0,0,0,0,0,5.0,12.0,17.0,7.090364626243279,59.13836211640494,396.3036737965361,0.0,3.498762726575285,9.965696821906777,0.0,1.1127763325309765,4.48618085575958,11.465380350748697,17.493813632876424,10.934580889132807,0.40530697165529617,1.4180729252486557,0.40530697165529617,0.6323880868445753
Track_120,120,120,18,0,0,0,0,0,17.0,0.0,17.0,9.182744842347885,156.19516033037402,625.0871165004811,0.0,2.305452734749809,12.592133009989636,0.0,0.8581567350699558,3.810453567835836,11.927220662434896,39.192696490746755,20.44580802996212,0.2342973478366281,0.5401614613145815,0.23429734783662814,0.38080317922497003
Track_121,121,121,18,0,0,0,0,0,17.0,0.0,17.0,25.890737700445253,67.07002193944552,423.97890384037635,0.0,6.120699480575271,36.22774274613181,0.0,2.847190719438247,9.758059987635418,13.245540195041233,104.0518911697796,33.86792121369924,0.24882524872325293,1.5229845706144267,0.2488252487232529,0.48711132778953364
Track_122,122,122,18,0,0,0,0,0,17.0,0.0,17.0,5.761094187769638,657.7672323802891,412.621923759162,0.0,0.5989579130156979,1.9304028450896737,0.0,0.15996446848955165,0.703375879625798,12.023432413736979,10.182284521266864,5.866701698228919,0.5657958364585998,0.338887893398214,0.5657958364585998,0.6091588802966439
Track_123,123,123,18,0,0,0,0,0,17.0,0.0,17.0,44.87955049374221,282.9179084412136,649.6470399986036,0.0,7.512598961166225,46.003144772616174,0.0,4.7416774505954065,11.840409785400658,13.781454298231337,127.71418233982584,46.068104464454564,0.35140616078428405,2.639973558455424,0.35140616078428405,0.44776628574711597
Track_124,124,124,18,0,0,0,0,0,17.0,0.0,17.0,5.943604959795751,656.5897615792762,420.55800834855785,0.0,0.5321926944734142,2.0022241151034397,0.0,0.29453266649978144,0.6671195270985925,9.422758314344618,9.047275806048042,5.943604959795751,0.6569496815629841,0.34962382116445595,0.6569496815629841,0.41551483737881323
Track_125,125,125,10,0,0,0,0,0,9.0,6.0,15.0,58.33993442115949,556.3429018776968,450.686254748765,0.0,9.37453513624153,22.581192483403775,0.0,11.873302650369933,7.857669370837594,12.684867858886719,84.37081622617376,58.33993442115949,0.6914705466967037,6.482214935684388,0.6914705466967036,0.17664797088511913
Track_126,126,126,6,0,0,0,0,0,5.0,12.0,17.0,8.217666382974137,729.2261772148669,641.5048516565806,0.0,1.6544347159025483,4.316318008605241,0.0,1.7187089293145865,1.7960801405552824,6.4743804931640625,8.27217357951274,8.217666382974137,0.9934107769844678,1.6435332765948274,0.9934107769844676,0.05655638748428674
Track_127,127,127,13,1,0,0,0,1,13.0,4.0,17.0,20.338210561781207,7.596061580876479,659.5664386998093,0.0,4.128167190864644,15.961430956956223,0.0,2.983364896173023,4.907139075036119,12.42410630446214,52.52137118654874,27.287184769231118,0.387236854299608,1.5644777355216313,0.37897635032411364,0.26823021189144663
Track_128,128,128,18,0,0,0,0,0,17.0,0.0,17.0,5.393120055152117,494.4817299422853,443.68775937416115,0.0,4.285967521724387,16.40890529235126,0.0,0.955608000676945,5.22107744614845,10.883757697211372,72.86144786931457,25.436806114775266,0.0740188427880997,0.3172423561854187,0.07401884278809971,0.17033427847653396
Track_129,129,129,18,0,0,0,0,0,17.0,0.0,17.0,18.659581976874726,480.98173683724235,436.9882164655178,0.0,4.823826639804416,17.525043527898173,0.0,4.111055251882404,5.767355891029889,11.065750122070312,82.00505287667507,34.8615711142605,0.22754185653579556,1.097622469227925,0.22754185653579553,0.11297834765613812
Track_130,130,130,18,0,0,0,0,0,17.0,0.0,17.0,33.35066971352289,458.76332090384324,644.6410498797696,0.0,3.6585386551665895,12.155004445676937,0.0,1.7382622053805936,4.340848592226314,12.776016235351562,62.19515713783202,33.35066971352289,0.5362261508498766,1.961804100795464,0.5362261508498766,0.487480386480926
Track_131,131,131,12,0,0,0,0,0,11.0,6.0,17.0,27.353844734625685,493.744795857137,455.2290605583882,0.0,7.494697455793664,16.684826935367287,0.0,7.912530021199923,6.570957098400216,10.356432596842447,82.44167201373031,43.18162001421402,0.33179633632454736,2.486713157693244,0.3317963363245474,0.08302995485829072
Track_132,132,132,12,0,0,0,0,0,11.0,6.0,17.0,53.6628232824646,551.6373086519371,449.6981540511634,0.0,8.872546754256282,22.196043286704537,0.0,10.140060805492956,8.356382309339502,10.37785530090332,97.5980142968191,56.80658181407179,0.5498351956143597,4.878438480224054,0.5498351956143596,0.558498942741084
Track_133,133,133,11,0,0,0,0,0,10.0,7.0,17.0,26.53833651766231,741.8149620197571,468.56407094764256,0.0,5.400759827659091,14.83064969765687,0.0,4.552718347879475,5.910634745723214,11.696930625221945,54.00759827659092,27.342860401869213,0.49138153453428235,2.653833651766231,0.4913815345342824,0.5056044030029917
Track_134,134,134,12,0,0,0,0,0,11.0,6.0,17.0,15.00570978769013,452.79111433855877,644.5434185886543,0.0,2.902281380309752,7.267129644325311,0.0,2.714871601727353,2.8997200713806612,12.466944376627604,31.92509518340727,15.00570978769013,0.4700286624513868,1.3641554352445573,0.47002866245138675,0.4211428458962633
Track_135,135,135,12,0,0,0,0,0,11.0,6.0,17.0,20.770772192808696,511.0290749870724,460.3760571445787,0.0,8.00460771584632,34.1317845115883,0.0,0.7729719463511375,12.371942285447137,11.544647216796875,88.05068487430951,44.11723518142815,0.2358956346842564,1.8882520175280633,0.2358956346842564,0.4985749749853133
Track_136,136,136,17,1,0,0,0,1,17.0,0.0,17.0,26.498726724211647,593.0224771988717,672.670202240851,0.0,3.726773353358329,17.467267653222894,0.0,0.5150562903807042,5.59987336538944,14.023500330307904,77.09564130695617,32.40497095653347,0.3437123847080668,1.5587486308359793,0.41825688955067125,0.20504123543634895
Track_137,137,137,12,0,0,0,0,0,11.0,6.0,17.0,19.156920836111198,754.8153024609923,476.02563769147326,0.0,4.422839220849613,10.78398226584608,0.0,4.028354591552794,4.327906522502954,8.841830571492514,48.651231429345735,25.986320988114315,0.3937602455948528,1.7415382578282907,0.39376024559485273,0.44297829241673536
Track_138,138,138,15,0,0,0,0,0,14.0,0.0,14.0,18.783807833702177,9.33344345309485,472.88569576976016,0.0,3.7293165483816377,9.972780168458648,0.0,5.0,4.049064449359473,10.577494303385416,52.210431677342925,19.92482170810914,0.35977116507645235,1.3417005595501554,0.3597711650764523,0.5258177902965859
Track_139,139,139,15,0,0,0,0,0,14.0,0.0,14.0,71.53704647845773,47.93480538668907,472.14423142196887,0.0,7.361230654736151,24.640704763384132,0.0,8.913023565424563,8.689791660444454,13.198949178059896,103.0572291663061,71.53704647845773,0.6941487468386769,5.109789034175551,0.6941487468386768,0.14378655782195887
Track_140,140,140,17,1,0,0,0,1,17.0,0.0,17.0,10.715237212302418,594.2052909893197,647.393096925999,0.0,0.8964141106769749,3.0650154339168996,0.0,1.2289411643451953,1.010772615007673,12.733912748448988,15.883427064050796,10.715237212302418,0.6746174593866067,0.6303080713119069,0.7031438526061311,0.2304161367080249
Track_141,141,141,18,0,0,0,0,0,17.0,0.0,17.0,64.38735711989627,587.5053228998706,480.3039959001267,0.0,5.644615217648855,21.23999865892289,0.0,5.151537473213073,6.616422652588082,14.078645494249132,95.95845870003058,64.38735711989627,0.6709919895772122,3.7874915952880155,0.6709919895772124,0.34829842636710434
Track_142,142,142,18,0,0,0,0,0,17.0,0.0,17.0,3.9029365877129147,474.7598137260425,492.77362861392,0.0,2.5532131411094157,8.690778107528057,0.0,1.1841402305154392,3.074428971830551,11.36885494656033,43.40462339886007,11.822125647038888,0.08991983530988124,0.22958450515958323,0.08991983530988124,0.2501886768860779
Track_143,143,143,16,0,0,0,0,0,15.0,0.0,15.0,18.509308229843494,264.6918492058162,661.6568434778188,0.0,5.969906095089431,22.494017191097086,0.0,3.040491597390533,8.080311473828425,10.34081220626831,89.54859142634146,20.342578183264006,0.20669569375715305,1.2339538819895663,0.20669569375715302,0.3779792558334222
Track_144,144,144,17,1,0,0,0,1,17.0,0.0,17.0,60.711445374590866,592.0444032312569,488.1661221865795,0.0,4.86197931322166,19.133089904972948,0.0,3.342852987359091,6.196079423068859,13.111215928021599,81.13452199890563,60.711445374590866,0.7482812972683781,3.571261492622992,0.7345283191377036,0.09280699078263997
Track_145,145,145,15,0,0,0,0,0,14.0,0.0,14.0,78.01943805013555,48.78101155565799,484.921231294819,0.0,6.850360847829695,21.471498646150856,0.0,7.06942935265045,7.793870639650355,15.430950927734376,95.90505186961572,78.01943805013555,0.8135070731853008,5.57281700358111,0.8135070731853007,0.11110325740976101
Track_146,146,146,18,0,0,0,0,0,17.0,0.0,17.0,34.836257260008125,274.92113157819705,667.0986772096944,0.0,4.458541269417771,18.32445725599594,0.0,3.3228855959324495,5.316319514012641,11.893257988823784,75.79520158010212,34.836257260008125,0.4596103253738611,2.0491916035298896,0.45961032537386115,0.2607130745676336
Track_147,147,147,18,0,0,0,0,0,17.0,0.0,17.0,104.70792038332513,734.0700229235864,464.9420314512838,0.0,6.911807744135623,30.291311255833804,0.0,0.16581565013677602,10.310791807850746,13.440929836697048,117.5007316503056,104.70792038332513,0.8911256884335563,6.159289434313243,0.8911256884335564,0.24628807859980176
Track_148,148,148,18,0,0,0,0,0,17.0,0.0,17.0,75.06610722781976,72.32928286091584,471.32534788451267,0.0,7.041576326141095,26.188830108628224,0.0,2.6303803920549766,8.653955386355019,11.969033135308159,119.7067975443986,75.06610722781976,0.6270830793880201,4.4156533663423385,0.62708307938802,0.15469323351947015
Track_149,149,149,18,0,0,0,0,0,17.0,0.0,17.0,32.78025532623467,449.89555938421927,492.00955027852626,0.0,6.6231492683051645,48.531310189557175,0.0,4.097619152257486,11.788729651547879,11.372244940863716,112.5935375611878,56.77214546111159,0.2911379821281535,1.928250313307922,0.2911379821281535,0.35122314309379404
Track_150,150,150,18,0,0,0,0,0,17.0,0.0,17.0,5.6608136599197785,603.1952300922361,655.3636358374465,0.0,0.9496704826058561,3.209629807686107,0.0,0.5994356758417293,1.0698724258783467,14.392672220865885,16.144398204299556,8.830030934829397,0.3506363995910481,0.3329890388188105,0.35063639959104814,0.36327164893132624
Track_151,151,151,18,0,0,0,0,0,17.0,0.0,17.0,37.82899785839663,351.9299195486225,660.4033139727928,0.0,3.6879020879947095,16.42060648216859,0.0,0.8350446226474396,5.424525860167993,14.777225918240017,62.69433549591007,39.674431269851,0.6033878110226473,2.2252351681409785,0.6033878110226474,0.36606346331734524
Track_152,152,152,6,0,0,0,0,0,5.0,12.0,17.0,17.797663447169988,458.6254056136008,660.6343382741292,0.0,4.361369014421533,15.22753527220331,0.0,3.0675290316071573,6.295086786350715,11.675282796223959,21.806845072107667,17.797663447169988,0.816150313734944,3.559532689433998,0.816150313734944,0.5700504889848297
Track_153,153,153,10,0,0,0,0,0,9.0,6.0,15.0,44.48162002244875,751.49700976727,493.81395564658044,0.0,7.889884755223536,24.482891366850907,0.0,9.016582437447306,7.910810279591872,11.797102355957032,71.00896279701182,44.48162002244875,0.6264226130102074,4.942402224716528,0.6264226130102074,0.3263379126137955
Track_154,154,154,8,1,0,0,0,1,8.0,9.0,17.0,35.18825424731853,372.12411474633655,670.5090890718523,0.0,3.4745547050900387,14.45366250475851,0.0,0.5911421213867752,5.447600038466429,11.483556747436523,38.775545440388775,35.893674361861365,0.9074857322488182,4.398531780914817,1.2659267601892124,0.09111521926075518
Track_155,155,155,18,0,0,0,0,0,17.0,0.0,17.0,50.741434870877306,248.2533891658284,491.49368714987435,0.0,4.543130539867896,14.931712874898349,0.0,4.588765548729383,5.190396732469591,14.304313659667969,77.23321917775424,50.741434870877306,0.6569897695717511,2.9847902865221947,0.6569897695717513,0.31334504311107053
Track_156,156,156,8,0,0,0,0,0,7.0,10.0,17.0,24.61179732585699,552.4754850080146,669.1077939006262,0.0,4.2249643052154955,14.391810924190734,0.0,0.6189246671849089,5.698643028013789,11.806564331054688,29.57475013650847,24.61179732585699,0.8321895269530959,3.5159710465509986,0.8321895269530959,0.42995987768674065
Track_157,157,157,16,0,0,0,0,0,15.0,0.0,15.0,26.499235401113356,404.69004464046714,484.5944551674715,0.0,5.539671138557245,14.940058388774183,0.0,2.025814989265637,6.153091295097376,11.71475887298584,83.0950670783587,34.13163461172673,0.31890262963654104,1.7666156934075572,0.31890262963654115,0.3186713049212552
Track_158,158,158,18,0,0,0,0,0,17.0,0.0,17.0,50.27608854974791,485.7372904273274,480.46493091331416,0.0,4.378951559713841,38.326887459497954,0.0,1.3499973411834818,9.354085886997815,11.711473253038195,74.44217651513532,57.634012504513116,0.6753710181959276,2.957416973514583,0.6753710181959278,0.24180448951565897
Track_159,159,159,5,0,0,0,0,0,4.0,13.0,17.0,0.9163532507470576,536.494684709068,666.779567059407,0.0,1.2673472182428163,2.7939659946536994,0.0,2.275422878317565,1.4786389426429756,12.118020629882812,5.069388872971265,2.7939659946536994,0.18076207481987186,0.2290883126867644,0.18076207481987186,0.9469384964751312
Track_160,160,160,18,0,0,0,0,0,17.0,0.0,17.0,24.507533794292296,132.63953417748252,493.49456169720827,0.0,1.670097056938972,10.606608948323013,0.0,0.35817399222713403,2.81423859113695,11.923962063259548,28.391649967962522,24.507533794292296,0.8631951232826163,1.4416196349583703,0.8631951232826162,0.2984697566424981
Track_161,161,161,18,0,0,0,0,0,17.0,0.0,17.0,8.65810940462128,200.24785198424343,665.1212007807723,0.0,1.6287761341896771,5.263998117933198,0.0,1.021200167276526,1.94351866355349,13.615557352701822,27.68919428122451,15.01335926590743,0.3126891059626163,0.5093005532130165,0.3126891059626163,0.3637057120695457
Track_162,162,162,9,0,0,0,0,0,8.0,9.0,17.0,2.411744024510217,451.7973912340905,141.55245058869335,0.0,2.145873375688997,8.179097438748068,0.0,1.96194721056875,2.7843419567512098,13.256712171766493,17.166987005511974,5.261459070898196,0.14048732160954364,0.30146800306377713,0.1404873216095436,0.6405043129898554
Track_163,163,163,18,0,0,0,0,0,17.0,0.0,17.0,4.43049413323921,479.32598993851116,507.0758468208197,0.0,2.0669019186643727,5.7969576600708175,0.0,1.06458732516776,2.2669595633477555,11.63746558295356,35.13733261729434,4.43049413323921,0.12609079298917963,0.2606173019552477,0.12609079298917966,0.5172187287808969
Track_164,164,164,17,1,0,0,0,1,17.0,0.0,17.0,10.333942633811132,65.8136243087755,150.71352655281203,0.0,1.3427094229652599,8.894188565629186,0.0,0.1470490158544825,2.4316076262192605,14.434610703412224,30.377539333073344,16.448635983443904,0.3401836640059954,0.6078789784594784,0.45272563673309835,0.4417349947939672
Track_165,165,165,18,0,0,0,0,0,17.0,0.0,17.0,114.09116040729982,283.520609911509,138.61220648711634,0.0,7.022591395605693,21.94410246978393,0.0,8.73977814518465,7.473352264219405,12.696266174316406,119.38405372529678,114.09116040729982,0.9556649891435591,6.711244729841166,0.955664989143559,0.07320117841109831
Track_166,166,166,10,1,0,0,0,1,10.0,7.0,17.0,16.801488029764375,563.2772054066586,675.4416818187051,0.0,3.7100474364546945,19.616718440287887,0.0,0.7526102452537651,6.44244259698195,12.02636260986328,34.14303717334601,17.641721665248557,0.49209119693899317,1.6801488029764375,0.4528645069244669,0.636680713107552
Track_167,167,167,9,0,0,0,0,0,8.0,9.0,17.0,5.003092555742143,151.79763518506357,507.36738197667324,0.0,2.8804210088925952,7.41253671996791,0.0,3.4844509132397476,2.745802484915147,12.233871459960938,23.043368071140762,8.557798333296669,0.21711637553574278,0.6253865694677678,0.21711637553574278,0.5414498316466118
Track_168,168,168,18,0,0,0,0,0,17.0,0.0,17.0,58.48113905129483,591.6864792746111,152.29509226474332,0.0,8.73969489375772,33.54708801386454,0.0,8.400991970343956,10.201537598062943,12.432329389784071,148.57481319388125,71.64071151576846,0.39361408433999134,3.4400670030173433,0.39361408433999134,0.1811145476993892
Track_169,169,169,18,0,0,0,0,0,17.0,0.0,17.0,91.64669991956052,270.71922062417826,134.41251123237743,0.0,6.274142403917811,23.118420729857757,0.0,2.4365611467189283,7.949608102978043,11.523109436035156,106.66042086660279,92.78386864477484,0.8592381238977154,5.390982348209442,0.8592381238977155,0.20136066314361234
Track_170,170,170,17,1,0,0,0,1,17.0,0.0,17.0,27.06988750543832,140.25322418394737,504.0309719453328,0.0,3.19361981441963,12.08133834511011,0.0,1.2447908187069339,4.151485301210909,12.653966567095589,63.179255375824184,27.06988750543832,0.4284616421072403,1.592346323849313,0.49860234354122296,0.29545269225463605
Track_171,171,171,8,0,0,0,0,0,7.0,10.0,17.0,11.339370530634055,761.7620349889777,160.4803181133746,0.0,3.461010913236683,9.069021529578679,0.0,4.608601959576552,3.54870680958769,13.25655746459961,24.227076392656784,11.339370530634055,0.4680453533415618,1.619910075804865,0.46804535334156183,0.7821776105972086
Track_172,172,172,11,0,0,0,0,0,10.0,7.0,17.0,55.33883353820843,255.74175474280435,164.3836660159769,0.0,6.2611437260474,20.839570346660537,0.0,6.190809313074475,7.133063560770818,10.44574043967507,62.61143726047399,55.33883353820843,0.8838454435727083,5.533883353820843,0.8838454435727082,0.20145019263304018
Track_173,173,173,18,0,0,0,0,0,17.0,0.0,17.0,10.035515763116905,185.41769496888577,670.3705310747964,0.0,2.5399003275994256,10.5457378994377,0.0,0.31120837021322423,3.418328061457317,12.614875793457031,43.178305569190236,10.035515763116905,0.23242032383683256,0.5903244566539356,0.23242032383683256,0.3496566366321456
Track_174,174,174,6,0,0,0,0,0,5.0,12.0,17.0,1.9859216703173803,709.726894465562,173.0919065506413,0.0,1.8854778721289125,4.616835939522411,0.0,2.089864264769865,1.9563820045994296,14.317876180013021,9.427389360644563,2.7206891563522864,0.21065446587024175,0.3971843340634761,0.21065446587024178,0.5305458599309295
Track_175,175,175,5,0,0,0,0,0,4.0,13.0,17.0,18.2310471421803,695.9854805733221,516.3629506903154,0.0,4.631636555882172,10.81383223919523,0.0,7.7127139843334565,5.495958999072401,7.214668273925781,18.526546223528687,18.2310471421803,0.9840499638851681,4.557761785545075,0.9840499638851681,0.12095454397405786
Track_176,176,176,18,0,0,0,0,0,17.0,0.0,17.0,24.05827133932359,337.1856769102364,176.51667336663348,0.0,2.4443890192000515,11.287179717856576,0.0,0.5624731843240308,3.392851670345816,14.613661024305555,41.55461332640088,24.502405571526168,0.5789554856485369,1.415192431724917,0.578955485648537,0.35595900432339983
Track_177,177,177,18,0,0,0,0,0,17.0,0.0,17.0,36.773039398329246,334.7214242335961,665.8082465814413,0.0,2.989194558289866,7.896415539202827,0.0,3.4768744135641505,3.0838000385488993,15.720626831054688,50.81630749092773,36.773039398329246,0.7236464279679189,2.1631199646076027,0.723646427967919,0.2386496255741829
Track_178,178,178,18,0,0,0,0,0,17.0,0.0,17.0,5.166640562514412,712.8246479082288,174.86053851215482,0.0,2.3022717921366054,14.55206591890757,0.0,1.3907701364906881,3.687424731637623,14.956025865342882,39.13862046632229,12.116071271205886,0.13200875505972842,0.30392003308908305,0.1320087550597284,0.3402505062948102
Track_179,179,179,10,0,0,0,0,0,9.0,6.0,15.0,24.171541092916875,423.22321062523497,191.02880647140722,0.0,7.149695278181207,19.394941831263754,0.0,4.667157318859143,7.451908999290673,9.896705627441406,64.34725750363086,27.43650181649827,0.37564213349035075,2.685726788101875,0.3756421334903507,0.6172733551629396
Track_180,180,180,18,0,0,0,0,0,17.0,0.0,17.0,81.25437473217475,58.23303319836546,485.2679875204342,0.0,10.580204273629132,40.45941328714332,0.0,7.325927799248379,13.703561070274878,13.066462622748482,179.86347265169525,81.25437473217475,0.4517558431084196,4.779669101892632,0.45175584310841954,0.13038128916240202
Track_181,181,181,18,0,0,0,0,0,17.0,0.0,17.0,19.48927948759286,331.6588182438212,195.93576339644855,0.0,5.2624076438874425,31.11332289465058,0.0,2.7223324019362636,8.467017873470045,12.114927079942492,89.46092994608652,30.646621812483094,0.21785241333102665,1.1464282051525212,0.21785241333102665,0.414052338843749
Track_182,182,182,12,0,0,0,0,0,11.0,6.0,17.0,12.104116452185032,354.1394675035442,674.8827925011223,0.0,4.626033070294946,12.574623428804191,0.0,3.986276960119576,4.755362091472065,11.593320846557617,50.8863637732444,16.28134850765339,0.23786561968000688,1.100374222925912,0.2378656196800068,0.4434831394954247
Track_183,183,183,14,1,0,0,0,1,14.0,0.0,14.0,7.907535488434407,107.1239592277742,198.25322327145332,0.0,3.86083855657536,20.905991606923074,0.0,0.0,6.102167767960257,12.376209803989955,58.48991726790554,25.75356452127559,0.13519484823708944,0.5648239634596005,0.1462956700164667,0.28761315919494507
Track_184,184,184,5,0,0,0,0,0,4.0,13.0,17.0,8.37475383906944,73.4467512478649,201.72600999553978,0.0,3.544349023104796,11.259774630865312,0.0,2.917621461553872,5.324327805474982,11.533477783203125,14.177396092419183,11.259774630865312,0.5907117064710858,2.09368845976736,0.5907117064710858,1.004234877961184
Track_185,185,185,18,0,0,0,0,0,17.0,0.0,17.0,35.923618815221914,442.90677569608516,497.7869016016479,0.0,7.0463413243126025,32.855823731293974,0.0,3.8325375781472846,9.42394475042847,10.380769517686632,119.78780251331425,44.32898786179355,0.2998937960417886,2.11315404795423,0.29989379604178856,0.2649575135349605
Track_186,186,186,18,0,0,0,0,0,17.0,0.0,17.0,30.79555890849927,116.21072084857718,187.09155338533918,0.0,2.6933023864045493,9.231059365242661,0.0,3.548147124804989,2.9153506738156114,13.746466742621529,45.78614056887733,30.79555890849927,0.6725956485057455,1.8115034652058395,0.6725956485057454,0.18060903469829637
Track_187,187,187,18,0,0,0,0,0,17.0,0.0,17.0,57.08526072945929,188.87095574551245,702.8017010541375,0.0,5.37238925659315,42.738954583155106,0.0,1.894602423002454,10.327485601924698,10.10664537217882,91.33061736208356,57.08526072945929,0.6250396896272221,3.3579565134976055,0.6250396896272221,0.46957567614922063
Track_188,188,188,17,1,0,0,0,1,17.0,0.0,17.0,39.1255537966549,332.5373675106614,181.14404950568564,0.0,4.661567265280202,16.42732705934466,0.0,5.793873301058619,5.4711241641701,10.71098237879136,86.99202837459984,40.01835072564772,0.4497602197315689,2.3015031645091115,0.49371875026901935,0.3830176415353897
Track_189,189,189,10,1,0,0,0,1,10.0,7.0,17.0,2.87439203353294,87.03905896739084,201.54355364100448,0.0,2.1557555660434775,5.041726950717377,0.0,2.3507213916764456,2.1656494560737265,9.929371643066407,22.938677571158344,7.505888737671159,0.125307661028682,0.287439203353294,0.13333571202640554,0.621997440198287
Track_190,190,190,11,0,0,0,0,0,10.0,7.0,17.0,36.27124288979181,729.6341210376742,498.53260489979743,0.0,6.032813807254127,24.05946473803917,0.0,2.599911793053392,7.963020931499437,9.418371027166193,60.328138072541265,41.034780034201546,0.6012325930924245,3.627124288979181,0.6012325930924245,0.18921969477564077
Track_191,191,191,18,0,0,0,0,0,17.0,0.0,17.0,84.14656839561871,177.97531795572908,213.33184966676893,0.0,5.501852650762802,42.38458903965583,0.0,2.188744920344486,10.199492615177245,9.7449951171875,93.53149506296765,84.14656839561871,0.8996602517576483,4.949798140918748,0.8996602517576484,0.21466720613429616
Track_192,192,192,18,0,0,0,0,0,17.0,0.0,17.0,24.891223661816888,691.6739498324191,679.4704560364576,0.0,2.559899554879823,10.441829868975407,0.0,1.2573571812025213,3.2778323919447048,13.577003479003906,43.518292432957,27.962334461512246,0.5719715152005005,1.4641896271656993,0.5719715152005006,0.19935349519260845
Track_193,193,193,18,0,0,0,0,0,17.0,0.0,17.0,40.231867700222935,427.51193479128835,201.97874779574792,0.0,4.876433760585517,14.949036154743773,0.0,2.8023798654015173,5.478817259441983,13.488392300075954,82.89937392995378,40.231867700222935,0.48530966873425413,2.3665804529542904,0.4853096687342542,0.14664341757960264
Track_194,194,194,5,0,0,0,0,0,4.0,13.0,17.0,37.29983565765138,763.0394394585677,186.81534155387422,0.0,10.275953004835426,29.0,0.0,12.103812019341706,13.724933816102913,9.162579345703126,41.1038120193417,37.29983565765138,0.9074544142061487,9.324958914412845,0.9074544142061487,0.31933160867053295
Track_195,195,195,18,0,0,0,0,0,17.0,0.0,17.0,29.71097416663452,111.67143430797223,199.6056488418209,0.0,4.729824289227446,24.44849617092834,0.0,1.7656395615527614,6.877611054067209,12.946165296766493,80.40701291686658,44.82644139388865,0.3695072492912145,1.7477043627432072,0.3695072492912144,0.3837036831396149
Track_196,196,196,6,0,0,0,0,0,5.0,12.0,17.0,3.7040168865251832,213.95969408612385,516.8374005468669,0.0,1.7408617556739787,3.202609634349567,0.0,2.393481372178684,1.6196821450786116,9.242913564046225,8.704308778369894,5.896142835956825,0.42553831451035173,0.7408033773050366,0.42553831451035173,0.7733404459214288
Track_197,197,197,14,0,0,0,0,0,13.0,4.0,17.0,7.342041363755199,258.81522648335334,696.6160800346936,0.0,2.1080996440630564,5.930332588569107,0.0,1.885265102046619,2.2289995340172766,11.400463649204799,27.40529537281973,7.342041363755199,0.2679059380267419,0.5647724125965538,0.26790593802674184,0.6812364196996951
Track_198,198,198,18,0,0,0,0,0,17.0,0.0,17.0,15.606285436832787,674.1626678795398,207.3168197575482,0.0,3.4915163626679746,13.612713776206922,0.0,1.8402483011161013,4.315255509531269,13.837569342719185,59.35577816535556,17.44297783944716,0.2629278213379026,0.9180167904019286,0.26292782133790255,0.36198304511833274
Track_199,199,199,14,0,0,0,0,0,13.0,4.0,17.0,43.201986137749245,706.3630783998173,193.8133703869008,0.0,5.151371514512089,38.024060489689525,0.0,2.208084989642669,10.221668171714914,14.769606454031807,66.96782968865716,43.201986137749245,0.6451155179823109,3.323229702903788,0.6451155179823109,0.8294317795864949
Track_200,200,200,5,0,0,0,0,0,4.0,13.0,17.0,23.214967248371842,186.82019246292853,204.31195509425453,0.0,5.871213670448109,15.792763792745118,0.0,7.692090889047317,7.543099508879598,11.747708129882813,23.484854681792434,23.214967248371842,0.9885080219964132,5.8037418120929605,0.9885080219964132,0.10783803885496208
Track_201,201,201,18,0,0,0,0,0,17.0,0.0,17.0,65.57203430165288,248.68815703653203,505.5417290811438,0.0,4.736200842818099,29.225721458700956,0.0,3.742493761070437,7.402130619640072,12.798901875813803,80.51541432790768,65.57203430165288,0.8144034884376763,3.857178488332522,0.8144034884376763,0.2198004710579372
Track_202,202,202,2,0,0,0,0,0,1.0,13.0,14.0,0.0,81.31694085087346,220.71626817226917,0.0,0.0,0.0,0.0,0.0,NaN,5.7923736572265625,0.0,0.0,NaN,0.0,NaN,NaN
Track_203,203,203,16,0,0,0,0,0,15.0,0.0,15.0,3.4686121590991275,251.45590466598554,691.3974864202906,0.0,1.5584850907572112,6.84710261562034,0.0,0.7140397355696894,2.1641590102888344,12.677385330200195,23.37727636135817,9.471987812913982,0.14837537553487726,0.2312408106066085,0.14837537553487729,0.253629104255623
Track_204,204,204,11,0,0,0,0,0,10.0,4.0,14.0,8.906017636391587,331.97344992232485,219.25131992182457,0.0,2.6430924770411397,7.679861308732123,0.0,0.919667972776278,3.163723913164994,13.50459012118253,26.430924770411398,9.73767247577123,0.3369544468743522,0.8906017636391587,0.3369544468743522,0.7715455926952591
Track_205,205,205,4,1,0,0,0,1,4.0,13.0,17.0,13.879902355763077,341.7790056023589,220.66994284985722,0.0,2.3133170592938463,6.939951177881539,0.0,0.0,4.006782680712766,11.913101196289062,13.879902355763077,13.879902355763077,1.0,3.4699755889407693,1.5,0.0
Track_206,206,206,18,0,0,0,0,0,17.0,0.0,17.0,30.618621740971793,721.0096890201401,699.3019748469657,0.0,4.209408618978681,31.498380189442514,0.0,1.230412817357655,7.8033462872238895,12.07154761420356,71.55994652263757,30.618621740971793,0.42787373703927756,1.8010953965277525,0.42787373703927756,0.31058104965512545
Track_207,207,207,17,1,0,0,0,1,17.0,0.0,17.0,11.018258112093447,333.7949538121104,227.19868582074963,0.0,2.0102464001707494,12.073695291039396,0.0,1.1743474442267492,3.1276496927101927,14.323064467486214,36.43893347975105,17.17906742541904,0.3023759770086642,0.6481328301231439,0.32241462045055364,0.26551856308357763
Track_208,208,208,18,0,0,0,0,0,17.0,0.0,17.0,46.904212691239785,653.7337283400879,537.8413437659801,0.0,2.8313987875124162,10.214300970477199,0.0,2.271162380891595,3.2265430194994265,16.226439581976997,48.13377938771107,46.904212691239785,0.9744552222553045,2.759071334778811,0.9744552222553043,0.10019688243426572
Track_209,209,209,9,0,0,0,0,0,8.0,9.0,17.0,17.165696282519782,190.9943930434318,221.11374920412143,0.0,3.9720848113346907,14.158699074765552,0.0,3.736788089381193,4.986143777727275,9.877914428710938,31.77667849067753,17.165696282519782,0.5401979406864617,2.145712035314973,0.5401979406864618,0.029400685387947458
Track_210,210,210,15,1,0,0,0,1,15.0,0.0,15.0,47.412868244786075,171.15690762815956,237.33249061277894,0.0,4.138542540370534,24.21645123055398,0.0,0.3530988109644982,7.087699998552822,8.27132568359375,70.60768627178523,47.412868244786075,0.6714972653583781,3.1608578829857383,0.7637611193197349,0.2786323140007854
Track_211,211,211,18,0,0,0,0,0,17.0,0.0,17.0,18.932927198210283,259.1849111162039,708.9303022699042,0.0,2.658423409167982,20.31582438334887,0.0,0.930707861706209,4.98131715705055,9.19834984673394,45.193197955855695,18.932927198210283,0.41893311503876746,1.1137015998947226,0.41893311503876746,0.2733531750185853
Track_212,212,212,15,0,0,0,0,0,14.0,0.0,14.0,46.63088331805045,641.890439094482,531.4390429161689,0.0,3.506353353609083,13.790682094656493,0.0,3.712526424820689,4.356966337861771,14.476775105794271,49.088946950527166,46.63088331805045,0.949926331991721,3.3307773798607463,0.949926331991721,0.06810914371104318
Track_213,213,213,7,0,0,0,0,0,6.0,9.0,15.0,14.33804670425633,195.25200722353,231.50413403349506,0.0,4.903542240643163,9.977272497608357,0.0,6.692223756611996,4.043475164131595,10.091236659458705,29.421253443858983,14.33804670425633,0.4873363649042312,2.3896744507093883,0.48733636490423127,0.4682415500969153
Track_214,214,214,14,1,0,0,0,1,14.0,0.0,14.0,33.38912182002722,319.82389573039825,212.22969700373187,0.0,2.6435983223249444,7.512880291851607,0.0,0.0,3.1107036138025244,13.017203194754464,40.82450621060691,33.38912182002722,0.8178695817599908,2.384937272859087,0.9021556916262624,0.22120871301776027
Track_215,215,215,6,0,0,0,0,0,5.0,12.0,17.0,9.43361784529474,624.0491437166773,560.1182641397203,0.0,2.5129064640452605,5.388716693031849,0.0,3.2264695750596744,2.422406513720197,13.24802017211914,12.564532320226302,9.43361784529474,0.7508132897321267,1.8867235690589481,0.7508132897321267,0.2818935482161433
Track_216,216,216,11,0,0,0,0,0,10.0,7.0,17.0,29.81994595307062,688.5625557047905,223.0919502917006,0.0,5.236075195804401,19.45766898411448,0.0,4.453968292804927,6.252624923393845,11.904326005415482,52.360751958044006,29.81994595307062,0.569509505458687,2.9819945953070617,0.569509505458687,0.6081255955837754
Track_217,217,217,18,0,0,0,0,0,17.0,0.0,17.0,33.64809228877665,167.32589086925904,228.7629874779813,0.0,3.1565065896184135,10.569600980400555,0.0,0.5327443802919208,3.8309721556720384,7.801606072319879,53.660612023513025,33.64809228877665,0.6270538299867456,1.9792995463986267,0.6270538299867455,0.2411015812149429
Track_218,218,218,15,0,0,0,0,0,14.0,0.0,14.0,52.913084866327885,243.81743233017062,237.6266257325203,0.0,6.604667473094117,45.28845576857927,0.0,0.641357265275416,12.142478248922536,12.585143025716146,92.46534462331765,52.913084866327885,0.5722477440805905,3.7795060618805634,0.5722477440805906,0.4071599482463227
Track_219,219,219,18,0,0,0,0,0,17.0,0.0,17.0,40.28938718365832,692.7256594835707,687.7383515852442,0.0,3.383356607086186,11.691374164434254,0.0,0.7178791695748185,4.423642492289243,11.148791842990452,57.517062320465165,40.28938718365832,0.7004771377088037,2.3699639519799014,0.7004771377088038,0.3913901489358581
Track_220,220,220,15,0,0,0,0,0,14.0,0.0,14.0,55.00062883632618,104.36193007754201,560.39205565167,0.0,4.476265273036343,10.880933997281087,0.0,5.21119534866947,4.824956196230276,14.108812459309895,62.66771382250881,55.00062883632618,0.8776549435344363,3.92861634545187,0.8776549435344365,0.13599889860142966
Track_221,221,221,8,0,0,0,0,0,7.0,10.0,17.0,31.591213363676477,213.37257618673655,247.00025260067613,0.0,15.704410854751753,44.043007749742685,0.0,6.560678924088411,18.411914266561013,10.675481796264648,109.93087598326225,44.043007749742685,0.287373434270518,4.513030480525211,0.2873734342705179,0.9492695747581217
Track_222,222,222,13,0,0,0,0,0,12.0,0.0,12.0,31.367523962531173,65.65727739704643,415.450241876151,0.0,5.070672262077727,14.42499603375025,0.0,6.967589447588516,5.70645238762583,10.32552513709435,60.84806714493271,31.367523962531173,0.5155056756004679,2.613960330210931,0.5155056756004679,0.3916301881168555
Track_223,223,223,7,0,0,0,0,0,6.0,6.0,12.0,11.759973055556701,550.9169405926525,78.44926851111636,0.0,7.0253677956993705,23.278374601273153,0.0,3.7883230432631643,9.475057605683183,11.776756286621094,42.15220677419622,21.104051620762245,0.27898831296195986,1.95999550925945,0.27898831296195986,0.23067425299055086
Track_224,224,224,2,0,0,0,0,0,1.0,7.0,8.0,0.0,332.54701631209895,221.0145793217311,0.0,0.0,0.0,0.0,0.0,NaN,11.941131591796875,0.0,0.0,NaN,0.0,NaN,NaN
Track_225,225,225,10,0,0,0,0,0,9.0,0.0,9.0,19.518609083837557,466.264705058538,645.1716120876654,0.0,2.3274014240289755,10.128761008480826,0.0,0.0,3.42038120936273,11.889070129394531,20.94661281626078,19.518609083837557,0.9318265084217019,2.1687343426486176,0.9318265084217021,0.09795025594643869
Track_226,226,226,13,0,0,0,0,0,12.0,0.0,12.0,47.36232328861195,78.45831688458344,446.73260368127455,0.0,7.457234789175059,29.464708829004273,0.0,5.732597674876906,9.986128283192661,11.603285569411058,89.4868174701007,47.36232328861195,0.5292659257262851,3.9468602740509957,0.5292659257262851,0.18711088120287792
Track_227,227,227,12,0,0,0,0,0,11.0,0.0,11.0,40.96145179461038,594.7751130531598,93.24697233864897,0.0,4.3078476695825305,15.205637843871685,0.0,0.0,5.5867276766631875,15.422781626383463,47.38632436540782,40.96145179461038,0.8644150468127969,3.72376834496458,0.8644150468127967,0.01575545778343283
Track_228,228,228,9,0,0,0,0,0,8.0,0.0,8.0,29.988272031850656,486.37107222977545,429.1953402194488,0.0,4.054946545120679,11.856542417030733,0.0,0.0,5.620684265159108,9.994912041558159,32.439572360965435,29.988272031850656,0.9244348753479738,3.748534003981332,0.9244348753479738,0.11707316009232728
Track_229,229,229,10,0,0,0,0,0,9.0,0.0,9.0,54.92040657725989,740.0013213413334,434.9001925249043,0.0,6.214888952703046,22.6651772101209,0.0,0.0,8.376327713355156,15.495649719238282,55.93400057432742,54.92040657725989,0.9818787501937998,6.102267397473321,0.9818787501937999,0.012926963158136639
Track_230,230,230,12,0,0,0,0,0,11.0,0.0,11.0,18.442287031776523,531.5703592815292,454.4359137258348,0.0,2.961448521769601,15.070579393545202,0.0,0.0,4.648454683255769,13.09466298421224,32.57593373946561,18.442287031776523,0.5661322612967428,1.6765715483433203,0.5661322612967428,0.12946030383579413
Track_231,231,231,9,0,0,0,0,0,8.0,0.0,8.0,1.8856146377319771,203.5351970195938,676.0842364843752,0.0,1.0029616106118064,3.956101208486658,0.0,0.0,1.5587035102692826,14.815561930338541,8.023692884894452,3.1635243468365943,0.23500583394484964,0.23570182971649714,0.23500583394484964,0.3468143772240651
Track_232,232,232,12,0,0,0,0,0,11.0,0.0,11.0,17.649853307876427,590.4898245250778,686.8765661981547,0.0,3.918341255231911,17.320868064362795,0.0,0.0,6.009765359031162,10.283515930175781,43.10175380755103,23.248708103754232,0.4094926945822872,1.604532118897857,0.40949269458228726,0.2420450115771345
Track_233,233,233,9,0,0,0,0,0,8.0,0.0,8.0,40.882921980070066,315.79396969981417,131.01001225494016,0.0,5.625413632869769,23.05660540692303,0.0,0.0,8.66928223613189,10.351633707682291,45.00330906295815,40.882921980070066,0.9084425752532153,5.110365247508758,0.9084425752532153,0.1483592602815614
Track_234,234,234,13,0,0,0,0,0,12.0,0.0,12.0,41.49248192037479,739.8064393436008,705.2730898969396,0.0,4.590503100701062,14.871706522536057,0.0,4.898250296815441,5.438213231132955,11.80981914813702,55.08603720841275,41.49248192037479,0.7532304740562833,3.4577068266978994,0.7532304740562834,0.314197356413482
Track_235,235,235,10,0,0,0,0,0,9.0,0.0,9.0,11.450694889792775,399.23022130260154,472.5157287295794,0.0,2.226291398148146,7.392037235441071,0.0,0.0,2.9937270909755958,11.164161682128906,20.036622583333312,11.583274262368995,0.5714882756397075,1.2722994321991972,0.5714882756397074,0.3676071998068342
Track_236,236,236,12,0,0,0,0,0,11.0,0.0,11.0,8.629817788695878,612.0157858684771,728.3549489856383,0.0,2.1218891531021162,8.259733269401256,0.0,0.0,2.825628077492334,11.180731455485025,23.34078068412328,8.629817788695878,0.369731325849182,0.7845288898814434,0.369731325849182,0.3604406726157766
Track_237,237,237,9,0,0,0,0,0,8.0,0.0,8.0,2.252501066684587,195.8825760841207,728.6496944618015,0.0,2.1517184091820356,6.5187600170662146,0.0,0.0,3.000405635307574,9.226330227322048,17.213747273456285,6.5187600170662146,0.13085477734170983,0.28156263333557335,0.13085477734170983,0.3070504165277728
Track_238,238,238,10,0,0,0,0,0,9.0,0.0,9.0,41.72115821923443,223.5393402279331,719.2031377403259,0.0,6.703330767909874,34.58301397080707,0.0,0.0,11.593777247642265,7.305784606933594,60.32997691118886,41.72115821923443,0.6915493815065058,4.6356842465816035,0.6915493815065058,0.08485259370581709
Track_239,239,239,10,0,0,0,0,0,9.0,0.0,9.0,13.921118864723306,20.589192564762115,478.99903950701764,0.0,3.4044026410178847,10.955581063613698,0.0,0.0,4.610214577973465,11.641996765136719,30.639623769160963,19.27658242496894,0.45435018946724237,1.5467909849692563,0.45435018946724237,0.2765297017758248
Track_240,240,240,13,0,0,0,0,0,12.0,0.0,12.0,47.69321200383265,42.12779209176357,471.33687189073396,0.0,6.646129424609228,19.808470766252395,0.0,6.365913907550973,7.68635937773488,13.067652775691105,79.75355309531074,47.69321200383265,0.5980073633438767,3.9744343336527206,0.5980073633438767,0.12909403373674103
Track_241,241,241,6,0,0,0,0,0,5.0,4.0,9.0,1.0,0.39016291522916724,143.95677969960119,0.0,1.5823245412561273,3.2534152243284686,0.0,2.0,1.5109618517430936,12.709739685058594,7.911622706280636,2.658207481952167,0.12639632059377032,0.2,0.12639632059377032,0.7168712752046534
Track_242,242,242,5,0,0,0,0,0,4.0,4.0,8.0,13.115500437593864,356.0896710508405,149.92417302451955,0.0,3.301420954328485,7.470975088886267,0.0,5.734708728427673,3.8774919603590363,12.698028564453125,13.20568381731394,13.115500437593864,0.993170866350606,3.278875109398466,0.993170866350606,0.07864264102736793
Track_243,243,243,13,0,0,0,0,0,12.0,0.0,12.0,43.66423905511318,454.93978126582226,153.06496188733564,0.0,4.836438141318215,47.984765181732776,0.0,0.9825773059449285,13.635210735921902,14.48883291391226,58.03725769581858,43.66423905511318,0.7523484187341102,3.6386865879260983,0.7523484187341102,0.2838232336115313
Track_244,244,244,9,0,0,0,0,0,8.0,0.0,8.0,9.123845967516095,61.15587188068001,146.87688706114963,0.0,1.4710784395545435,5.719367756266799,0.0,0.0,2.340035833431107,13.771136813693577,11.768627516436348,9.123845967516095,0.7752684800987636,1.1404807459395119,0.7752684800987636,0.20101362551391186
Track_245,245,245,9,0,0,0,0,0,8.0,0.0,8.0,8.654937022984706,293.0301494980128,302.29365605371675,0.0,1.1708448471143804,4.2740894667578075,0.0,0.0,1.7074528121768702,13.393113878038195,9.366758776915045,8.654937022984706,0.9240055422709649,1.0818671278730883,0.9240055422709651,0.13453843129438856
Track_246,246,246,13,0,0,0,0,0,12.0,0.0,12.0,45.607495057245565,241.29762721413928,493.20479256351143,0.0,4.939502061349998,19.18221712131314,0.0,4.256289578280102,6.565444975274021,10.257399338942308,59.274024736199976,45.607495057245565,0.7694347610141622,3.800624588103797,0.7694347610141622,0.020966333405809834
Track_247,247,247,12,0,0,0,0,0,11.0,0.0,11.0,44.08623535988964,688.5969729103657,15.530454993234237,0.0,5.704303199281462,19.91409471554286,0.0,0.0,7.978004356068868,14.761244455973307,62.747335192096074,44.08623535988964,0.702599325133459,4.007839578171786,0.7025993251334589,0.1923319964399497
Track_248,248,248,9,0,0,0,0,0,8.0,0.0,8.0,35.22118821656744,351.82947775648336,181.35746767381366,0.0,4.537283287418283,23.833817898500396,0.0,0.0,8.467580152091507,13.053176879882812,36.29826629934627,35.22118821656744,0.970327010279325,4.40264852707093,0.970327010279325,0.0579826749596122
Track_249,249,249,4,0,0,0,0,0,3.0,6.0,9.0,14.319821920586822,734.2816179970704,312.6193917131727,0.0,6.324617511979435,15.499171419269379,0.0,3.474681116668926,8.133122510079433,12.235937118530273,18.973852535938306,14.319821920586822,0.7547134612469291,4.773273973528941,0.7547134612469292,0.0
Track_250,250,250,13,0,0,0,0,0,12.0,0.0,12.0,15.320742886954772,300.39317185977984,309.22447953124555,0.0,3.1160541178417014,9.774764804403471,0.0,3.4921225983226294,3.6613409454744175,13.250534057617188,37.39264941410042,15.320742886954772,0.4097260591857784,1.2767285739128977,0.4097260591857785,0.27280834094135015
Track_251,251,251,13,0,0,0,0,0,12.0,0.0,12.0,53.92873568037999,263.55027447898385,493.7476843892694,0.0,5.211419696971016,15.45104453650069,0.0,2.721516498550697,6.3246632762594475,13.489791870117188,62.53703636365219,53.92873568037999,0.8623487586905297,4.494061306698332,0.8623487586905296,0.12474038592642422
Track_252,252,252,10,0,0,0,0,0,9.0,0.0,9.0,10.689242197960137,709.8548693329509,167.98157388660903,0.0,1.415357742723218,4.633032834911688,0.0,0.0,2.001823796341305,14.63006591796875,12.73821968450896,11.35373647045026,0.8391472641156755,1.1876935775511264,0.8391472641156754,0.08461631513946499
Track_253,253,253,9,0,0,0,0,0,8.0,0.0,8.0,17.947400322957918,442.44353788379317,27.887975424070206,0.0,3.7256050951558475,11.446733197613279,0.0,0.0,5.211297373601702,10.975545247395834,29.80484076124678,17.947400322957918,0.6021639392985354,2.2434250403697398,0.6021639392985354,0.2883660336564092
Track_254,254,254,4,0,0,0,0,0,3.0,6.0,9.0,1.4758377492394648,420.68636683130933,180.81884248708786,0.0,1.952927562360161,3.1460888251402395,0.0,2.7126938619402434,1.7051106551779218,11.815559387207031,5.858782687080483,3.1460888251402395,0.2519017734680472,0.49194591641315494,0.2519017734680472,0.0
Track_255,255,255,12,0,0,0,0,0,11.0,0.0,11.0,44.626956364948285,165.1502885510737,39.267076441834554,0.0,5.169010450770886,12.8396632360862,0.0,0.0,6.009846778298169,14.197999318440756,56.859114958479736,44.626956364948285,0.7848689941364063,4.056996033177117,0.7848689941364062,0.1988726307878955
Track_256,256,256,8,0,0,0,0,0,7.0,4.0,11.0,39.53666232372077,196.6918248529269,53.360331055729915,0.0,7.258363936629612,21.541330464303538,0.0,6.074673426981342,8.401722966745615,12.491992950439453,50.808547556407284,39.53666232372077,0.7781498237049082,5.648094617674396,0.7781498237049082,0.12995675833360532
Track_257,257,257,10,0,0,0,0,0,9.0,0.0,9.0,19.230957096769423,681.1991768868514,28.01972413615033,0.0,5.929821808083108,23.86315231459591,0.0,0.0,9.736191378454713,8.713128662109375,53.36839627274797,28.196425676961653,0.360343544866637,2.136773010752158,0.360343544866637,0.09024836835648545
Track_258,258,258,9,0,0,0,0,0,8.0,0.0,8.0,9.678867672550714,455.67328784281494,327.6563625592781,0.0,1.5580382552612986,5.940394977399235,0.0,0.0,2.353904946333056,13.492318047417534,12.464306042090389,9.772781392107499,0.7765267989943764,1.2098584590688393,0.7765267989943764,0.29154881331776067
Track_259,259,259,3,0,0,0,0,0,2.0,6.0,8.0,48.07272190657909,434.41789957455785,66.23888918717641,0.0,24.036360953289545,48.07272190657909,0.0,48.07272190657909,33.99254765023717,8.710093180338541,48.07272190657909,48.07272190657909,1.0,24.036360953289545,1.0,0.0
Track_260,260,260,12,0,0,0,0,0,11.0,0.0,11.0,5.2920250422996356,182.72057146445613,57.42658315618771,0.0,3.236340232583329,9.663155818891093,0.0,0.0,3.9862977014310794,12.326768239339193,35.59974255841661,9.849630222258158,0.14865346381693081,0.4810931856636032,0.1486534638169308,0.0542581770818781
Track_261,261,261,10,0,0,0,0,0,9.0,0.0,9.0,29.96236701998453,234.021943378432,610.4570006833623,0.0,4.833047911461004,16.434801167160426,0.0,0.0,6.590308165048318,12.625086975097656,43.497431203149034,29.96236701998453,0.6888307238202006,3.329151891109392,0.6888307238202006,0.1852556661874719
Track_262,262,262,13,0,0,0,0,0,12.0,0.0,12.0,11.940898272600107,741.9813871249821,629.1039640458816,0.0,3.20372691375259,11.478663297595428,0.0,2.0290397731214913,4.182896529430798,10.149971595177284,38.444722965031076,20.675070945823272,0.3105991499395489,0.9950748560500089,0.31059914993954885,0.17958606860502113
Track_263,263,263,12,0,0,0,0,0,11.0,0.0,11.0,24.228871158039315,602.6781012810162,75.5139992517892,0.0,3.7761246980271697,15.452343436500104,0.0,0.0,5.334146256187152,10.00613021850586,41.53737167829887,30.197357227684176,0.5833029433274819,2.2026246507308467,0.5833029433274819,0.4000535608071413
Track_264,264,264,13,0,0,0,0,0,12.0,0.0,12.0,18.011540578384057,719.3950226015305,632.7569075387526,0.0,2.0986280713281045,6.357907764656709,0.0,2.1208867667248192,2.4124147756536347,8.817071181077223,25.183536855937252,18.011540578384057,0.7152109205874976,1.500961714865338,0.7152109205874976,0.1756601151196189
Track_265,265,265,10,0,0,0,0,0,9.0,0.0,9.0,44.94647579662856,684.0561093369147,212.41762753800518,0.0,5.73583742646854,41.9603161883665,0.0,0.0,13.699884915167628,14.79666748046875,51.62253683821685,44.94647579662856,0.8706754559058029,4.994052866292062,0.8706754559058028,0.26230185483370416
Track_266,266,266,13,0,0,0,0,0,12.0,0.0,12.0,12.670494754176488,60.50534643282616,401.36287545083815,0.0,2.4675211312268015,7.174166945508004,0.0,2.811508289194955,2.8360127042514374,12.101806640625,29.610253574721614,12.670494754176488,0.4279090255746184,1.0558745628480406,0.42790902557461835,0.32360807877008124
Track_267,267,267,11,1,0,0,0,1,11.0,0.0,11.0,48.493050195487676,595.7943628657057,80.4778066137846,0.0,4.544669844799918,17.80426983272966,0.0,0.0,6.3773692176225945,12.009199662642045,54.95810955179712,48.493050195487676,0.8823638693354939,4.408459108680698,0.9700284639432996,0.03542796542127713
Track_268,268,268,4,0,0,0,0,0,3.0,9.0,12.0,13.728657592485703,733.2893312579765,641.7413760092163,0.0,5.276885638748721,14.049804419989464,0.0,1.7808524962566963,7.649571024576533,8.502044677734375,15.83065691624616,14.049804419989464,0.8672197032074338,4.576219197495234,0.8672197032074337,0.0
Track_269,269,269,3,0,0,0,0,0,2.0,9.0,11.0,20.364134630426623,351.18145921848145,689.3357794327021,0.0,10.182067315213311,20.364134630426623,0.0,20.364134630426623,14.399617690170473,11.09320068359375,20.364134630426623,20.364134630426623,1.0,10.182067315213311,1.0,0.0
Track_270,270,270,2,0,0,0,0,0,1.0,10.0,11.0,0.0,251.88576118585775,693.9442104990267,0.0,0.0,0.0,0.0,0.0,NaN,10.816787719726562,0.0,0.0,NaN,0.0,NaN,NaN
Track_271,271,271,2,0,0,0,0,0,1.0,10.0,11.0,0.0,542.5335436406033,87.74630609503585,0.0,0.0,0.0,0.0,0.0,NaN,13.031036376953125,0.0,0.0,NaN,0.0,NaN,NaN
Track_272,272,272,4,0,0,0,0,0,3.0,9.0,12.0,8.103208034845474,203.21830630995942,292.2433652997718,0.0,3.4768179302496414,8.210751081445443,0.0,2.2197027093034816,4.247277049995121,10.543926239013672,10.430453790748924,8.103208034845474,0.7768797213820599,2.7010693449484915,0.7768797213820599,0.0
Track_273,273,273,4,0,0,0,0,0,3.0,9.0,12.0,8.861738064716913,581.8756919095521,511.8603915949281,0.0,2.9909844606628138,5.60706787411569,0.0,3.365885507872752,2.822271360559504,6.683643341064453,8.972953381988441,8.861738064716913,0.9876054948090144,2.953912688238971,0.9876054948090143,0.0
Track_274,274,274,3,0,0,0,0,0,2.0,10.0,12.0,2.5321897720212427,129.18666763643873,584.5649799422246,0.0,1.2660948860106214,2.5321897720212427,0.0,2.5321897720212427,1.7905285590474385,11.967809041341146,2.5321897720212427,2.5321897720212427,1.0,1.2660948860106214,1.0,0.0
Track_275,275,275,4,0,0,0,0,0,3.0,0.0,3.0,0.0,684.2119252887153,262.073589424795,0.0,0.0,0.0,0.0,0.0,0.0,12.015274047851562,0.0,0.0,NaN,0.0,NaN,0.0
Track_276,276,276,7,0,0,0,0,0,6.0,0.0,6.0,9.339055966816602,120.61858228243172,485.92201267503725,0.0,1.6025665966568612,5.080520144152702,0.0,0.0,2.488674275671944,10.950417654854911,9.615399579941167,9.339055966816602,0.9712603089630253,1.556509327802767,0.9712603089630254,0.0
Track_277,277,277,7,0,0,0,0,0,6.0,0.0,6.0,27.965796369422595,67.58553240129154,493.9230225617178,0.0,7.903876853971276,30.183177616382423,0.0,0.0,12.910593126803406,10.331646510532924,47.42326112382766,27.965796369422595,0.5897063109262065,4.6609660615704325,0.5897063109262065,0.0
Track_278,278,278,6,0,0,0,0,0,5.0,0.0,5.0,8.9733214543381,247.09909148289822,264.081802052005,0.0,1.79466429086762,8.9733214543381,0.0,0.0,4.012991351171453,9.406344095865885,8.9733214543381,8.9733214543381,1.0,1.79466429086762,1.0,0.0
Track_279,279,279,7,0,0,0,0,0,6.0,0.0,6.0,4.325268091402278,450.65231415172633,145.10260697771955,0.0,0.7379600887911735,2.6729530664256185,0.0,0.0,1.1795352290863945,12.668158394949776,4.42776053274704,4.325268091402278,0.9768523070326989,0.720878015233713,0.9768523070326987,0.0
Track_280,280,280,6,0,0,0,0,0,5.0,0.0,5.0,12.334459557492485,569.0637611591766,274.3934344161755,0.0,2.466891911498497,12.334459557492485,0.0,0.0,5.516138007255035,9.36700439453125,12.334459557492485,12.334459557492485,1.0,2.466891911498497,1.0,0.0
Track_281,281,281,4,0,0,0,0,0,3.0,0.0,3.0,0.0,662.5044140110332,526.3548527895017,0.0,0.0,0.0,0.0,0.0,0.0,12.604873657226562,0.0,0.0,NaN,0.0,NaN,0.0
Track_282,282,282,7,0,0,0,0,0,6.0,0.0,6.0,17.24700696024716,451.77758290562963,148.95447921954695,0.0,3.8373531403370613,16.304914846499766,0.0,0.0,6.6730244378861245,11.824297223772321,23.024118842022368,17.24700696024716,0.7490843440561495,2.874501160041193,0.7490843440561495,0.0
Track_283,283,283,7,0,0,0,0,0,6.0,0.0,6.0,18.35605927426048,43.073069754123196,557.75395241275,0.0,3.111442028042779,13.4014141704813,0.0,0.0,5.4636117894806535,9.173342023577009,18.668652168256674,18.35605927426048,0.983255733130659,3.059343212376747,0.983255733130659,0.0
Track_284,284,284,7,0,0,0,0,0,6.0,0.0,6.0,17.174018187703272,694.707939557562,5.284307364465641,0.0,2.897099783715384,13.222966883785386,0.0,0.0,5.325228016421415,12.177701677594866,17.382598702292306,17.174018187703272,0.9880006138229764,2.862336364617212,0.9880006138229765,0.0
Track_285,285,285,4,0,0,0,0,0,3.0,0.0,3.0,0.0,81.69413522260993,556.0725250455707,0.0,0.0,0.0,0.0,0.0,0.0,5.34210205078125,0.0,0.0,NaN,0.0,NaN,0.0
Track_286,286,286,4,0,0,0,0,0,3.0,0.0,3.0,0.0,91.8183047889804,557.4547916558555,0.0,0.0,0.0,0.0,0.0,0.0,12.954681396484375,0.0,0.0,NaN,0.0,NaN,0.0
Track_287,287,287,6,0,0,0,0,0,5.0,0.0,5.0,5.0086123787497625,132.9111886523972,286.26421367104837,0.0,1.0017224757499525,5.0086123787497625,0.0,0.0,2.2399195503662783,11.936350504557291,5.0086123787497625,5.0086123787497625,1.0,1.0017224757499525,1.0,0.0
Track_288,288,288,4,0,0,0,0,0,3.0,0.0,3.0,0.0,242.03048133302877,585.4064755597476,0.0,0.0,0.0,0.0,0.0,0.0,13.412948608398438,0.0,0.0,NaN,0.0,NaN,0.0
Track_289,289,289,4,0,0,0,0,0,3.0,0.0,3.0,0.0,453.875621588677,632.7927095227227,0.0,0.0,0.0,0.0,0.0,0.0,7.7911529541015625,0.0,0.0,NaN,0.0,NaN,0.0
Track_290,290,290,4,0,0,0,0,0,3.0,0.0,3.0,0.0,26.81875745390252,308.5399844745715,0.0,0.0,0.0,0.0,0.0,0.0,10.681381225585938,0.0,0.0,NaN,0.0,NaN,0.0
Track_291,291,291,4,0,0,0,0,0,3.0,0.0,3.0,0.0,157.04531236588278,635.8277100348222,0.0,0.0,0.0,0.0,0.0,0.0,8.458564758300781,0.0,0.0,NaN,0.0,NaN,0.0
Track_292,292,292,6,0,0,0,0,0,5.0,0.0,5.0,3.1137397993746263,751.6753714705363,37.02060397597484,0.0,0.6227479598749253,3.1137397993746263,0.0,0.0,1.3925067711296444,7.746055603027344,3.1137397993746263,3.1137397993746263,1.0,0.6227479598749253,1.0,0.0
Track_293,293,293,4,0,0,0,0,0,3.0,0.0,3.0,0.0,456.9606739135675,644.8716964456472,0.0,0.0,0.0,0.0,0.0,0.0,6.5746002197265625,0.0,0.0,NaN,0.0,NaN,0.0
Track_294,294,294,6,0,0,0,0,0,5.0,0.0,5.0,5.5652451211342155,263.4497227499924,648.4875795190599,0.0,1.1130490242268432,5.5652451211342155,0.0,0.0,2.4888532804610315,12.027069091796875,5.5652451211342155,5.5652451211342155,1.0,1.1130490242268432,1.0,0.0
Track_295,295,295,4,0,0,0,0,0,3.0,0.0,3.0,0.0,583.4194531047573,664.4217134057576,0.0,0.0,0.0,0.0,0.0,0.0,5.1561126708984375,0.0,0.0,NaN,0.0,NaN,0.0
Track_296,296,296,7,0,0,0,0,0,6.0,0.0,6.0,18.659172321250278,719.3518522949165,680.0686187034378,0.0,10.33508670417385,31.667763496029675,0.0,0.0,16.016529134989344,13.453890119280134,62.0105202250431,31.667763496029675,0.30090333468472863,3.109862053541713,0.30090333468472863,0.0
Track_297,297,297,7,0,0,0,0,0,6.0,0.0,6.0,17.943185742982088,733.6818287643482,684.213915155814,0.0,3.170989954280853,10.293846722570013,0.0,0.0,4.937239407237948,12.756088256835938,19.02593972568512,17.943185742982088,0.9430906437046414,2.9905309571636813,0.9430906437046415,0.0
Track_298,298,298,7,0,0,0,0,0,6.0,0.0,6.0,29.949295109337243,698.9941170145727,681.8578025995284,0.0,8.360774300473029,39.688551664093936,0.0,0.0,15.909207398086073,12.848209926060267,50.16464580283817,29.949295109337243,0.5970199655559573,4.99154918488954,0.5970199655559573,0.0
Track_299,299,299,4,0,0,0,0,0,3.0,0.0,3.0,0.0,767.0,50.0,0.0,0.0,0.0,0.0,0.0,0.0,5.172981262207031,0.0,0.0,NaN,0.0,NaN,0.0
Track_300,300,300,4,0,0,0,0,0,3.0,0.0,3.0,0.0,298.48698464945534,324.31579967657456,0.0,0.0,0.0,0.0,0.0,0.0,14.300521850585938,0.0,0.0,NaN,0.0,NaN,0.0
Track_301,301,301,7,0,0,0,0,0,6.0,0.0,6.0,8.955678437229361,25.35409522443893,685.410354491757,0.0,1.5085403989108497,6.358424048328322,0.0,0.0,2.6087032106925645,12.93707275390625,9.051242393465099,8.955678437229361,0.9894418962523052,1.49261307287156,0.9894418962523053,0.0
Track_302,302,302,6,0,0,0,0,0,5.0,0.0,5.0,4.377864062792318,260.34319602706995,696.1382546300973,0.0,0.8755728125584635,4.377864062792318,0.0,0.0,1.957840328131406,13.450887044270834,4.377864062792318,4.377864062792318,1.0,0.8755728125584635,1.0,0.0
Track_303,303,303,6,0,0,0,0,0,5.0,0.0,5.0,1.3896378606912727,262.71928818001084,703.1171270758023,0.0,0.27792757213825453,1.3896378606912727,0.0,0.0,0.6214649441226137,12.708389282226562,1.3896378606912727,1.3896378606912727,1.0,0.27792757213825453,1.0,0.0
Track_304,304,304,7,0,0,0,0,0,6.0,0.0,6.0,8.5553158920378,174.2703606974992,730.8516926858231,0.0,1.8797719540449305,7.278631724269582,0.0,0.0,3.09118825639139,14.232131958007812,11.278631724269582,8.5553158920378,0.7585420023626007,1.4258859820063001,0.7585420023626007,0.0
Track_305,305,305,4,0,0,0,0,0,3.0,0.0,3.0,0.0,163.0,735.0,0.0,0.0,0.0,0.0,0.0,0.0,19.745025634765625,0.0,0.0,NaN,0.0,NaN,0.0
Track_306,306,306,6,0,0,0,0,0,5.0,0.0,5.0,4.2551011947329895,133.69670819628962,181.52583829318732,0.0,0.851020238946598,4.2551011947329895,0.0,0.0,1.902939104512707,13.679814656575521,4.2551011947329895,4.2551011947329895,1.0,0.851020238946598,1.0,0.0
Track_307,307,307,6,0,0,0,0,0,5.0,0.0,5.0,13.013315907835425,635.3390704934768,63.57109239947207,0.0,2.602663181567085,13.013315907835425,0.0,0.0,5.819731796519879,16.122650146484375,13.013315907835425,13.013315907835425,1.0,2.602663181567085,1.0,0.0
Track_308,308,308,7,0,0,0,0,0,6.0,0.0,6.0,11.845179048354042,456.3587774481803,341.87021604019526,0.0,3.3568925642228042,15.352066149696062,0.0,0.0,6.180790569512318,9.588189261300224,20.141355385336823,11.845179048354042,0.588102380487139,1.9741965080590071,0.5881023804871389,0.0
Track_309,309,309,4,0,0,0,0,0,3.0,0.0,3.0,0.0,736.5416009634479,367.82839024935754,0.0,0.0,0.0,0.0,0.0,0.0,15.53680419921875,0.0,0.0,NaN,0.0,NaN,0.0
Track_310,310,310,6,0,0,0,0,0,5.0,0.0,5.0,3.0,767.0,201.0,0.0,0.6,3.0,0.0,0.0,1.3416407864998738,6.8772633870442705,3.0,3.0,1.0,0.6,1.0,0.0
Track_311,311,311,7,0,0,0,0,0,6.0,0.0,6.0,13.342159260019717,69.49993072144875,411.65650963471955,0.0,2.4888965105501795,7.824373538617756,0.0,0.0,3.8624123493077884,12.188851492745536,14.933379063301075,13.342159260019717,0.8934454287581973,2.2236932100032862,0.8934454287581973,0.0
Track_312,312,312,7,0,0,0,0,0,6.0,0.0,6.0,16.48250828929487,540.6875945902724,77.96180843299597,0.0,3.2620109098593555,16.05228262390186,0.0,0.0,6.422154741030823,13.452157156808036,19.572065459156132,16.48250828929487,0.8421445515646425,2.747084714882478,0.8421445515646424,0.0
Track_313,313,313,4,0,0,0,0,0,3.0,0.0,3.0,0.0,767.0,214.0,0.0,0.0,0.0,0.0,0.0,0.0,9.388336181640625,0.0,0.0,NaN,0.0,NaN,0.0
Track_314,314,314,4,0,0,0,0,0,3.0,0.0,3.0,0.0,753.588815327888,429.76005378453635,0.0,0.0,0.0,0.0,0.0,0.0,15.703231811523438,0.0,0.0,NaN,0.0,NaN,0.0
Track_315,315,315,6,0,0,0,0,0,5.0,0.0,5.0,7.868046169924405,762.5153076336328,219.27945243379872,0.0,1.573609233984881,7.868046169924405,0.0,0.0,3.5186972172115665,9.017486572265625,7.868046169924405,7.868046169924405,1.0,1.573609233984881,1.0,0.0
Track_316,316,316,4,0,0,0,0,0,3.0,0.0,3.0,0.0,526.4121149960275,435.0037254589092,0.0,0.0,0.0,0.0,0.0,0.0,16.358596801757812,0.0,0.0,NaN,0.0,NaN,0.0
Track_317,317,317,4,0,0,0,0,0,3.0,0.0,3.0,0.0,434.1396755203888,96.20259454094953,0.0,0.0,0.0,0.0,0.0,0.0,5.113960266113281,0.0,0.0,NaN,0.0,NaN,0.0
Track_318,318,318,4,0,0,0,0,0,3.0,0.0,3.0,0.0,564.1015149613451,97.32589884197141,0.0,0.0,0.0,0.0,0.0,0.0,8.824874877929688,0.0,0.0,NaN,0.0,NaN,0.0
Track_319,319,319,4,0,0,0,0,0,3.0,0.0,3.0,0.0,608.9818289611385,463.4567633731579,0.0,0.0,0.0,0.0,0.0,0.0,11.30523681640625,0.0,0.0,NaN,0.0,NaN,0.0
Track_320,320,320,7,0,0,0,0,0,6.0,0.0,6.0,14.693615470226083,145.7377957735336,240.25186731823487,0.0,3.6804333252857147,13.637212227581447,0.0,0.0,5.933373313382339,6.549534388950893,22.082599951714286,14.693615470226083,0.6653933641126986,2.448935911704347,0.6653933641126984,0.0
Track_321,321,321,7,0,0,0,0,0,6.0,0.0,6.0,6.728996532473615,384.31743173164307,470.6981776728225,0.0,1.2948601142295304,4.759307966800737,0.0,0.0,2.0808771908904142,13.47587149483817,7.769160685377182,6.728996532473615,0.8661162775457426,1.1214994220789358,0.8661162775457425,0.0
Track_322,322,322,6,0,0,0,0,0,5.0,0.0,5.0,4.641123445598811,712.482053248114,107.48223194868056,0.0,0.9282246891197621,4.641123445598811,0.0,0.0,2.0755735032653972,11.619405110677084,4.641123445598811,4.641123445598811,1.0,0.9282246891197621,1.0,0.0
Track_323,323,323,7,0,0,0,0,0,6.0,0.0,6.0,3.131742619313706,730.5961937462511,110.25573293968287,0.0,1.113227574053073,4.819177497842596,0.0,0.0,1.9620966929350805,13.084348406110491,6.679365444318439,3.131742619313706,0.4688682847825926,0.5219571032189511,0.4688682847825927,0.0
Track_324,324,324,2,0,0,0,0,0,1.0,4.0,5.0,0.0,692.7876251925398,20.117188712559603,0.0,0.0,0.0,0.0,0.0,NaN,11.8892822265625,0.0,0.0,NaN,0.0,NaN,NaN
Track_325,325,325,2,0,0,0,0,0,1.0,4.0,5.0,0.0,146.06661675969912,254.40167453866835,0.0,0.0,0.0,0.0,0.0,NaN,5.05584716796875,0.0,0.0,NaN,0.0,NaN,NaN
Track_326,326,326,3,0,0,0,0,0,2.0,4.0,6.0,18.825703246426105,13.165743640845314,678.7187895289048,0.0,9.412851623213053,18.825703246426105,0.0,18.825703246426105,13.311782426153501,11.337417602539062,18.825703246426105,18.825703246426105,1.0,9.412851623213053,1.0,0.0
Track_327,327,327,2,0,0,0,0,0,1.0,4.0,5.0,0.0,140.737277337139,286.2371047139129,0.0,0.0,0.0,0.0,0.0,NaN,5.45184326171875,0.0,0.0,NaN,0.0,NaN,NaN
Track_328,328,328,3,0,0,0,0,0,2.0,4.0,6.0,7.587597927287001,32.26956225019597,684.3923981788147,0.0,3.7937989636435003,7.587597927287001,0.0,7.587597927287001,5.365241947301631,12.577184041341146,7.587597927287001,7.587597927287001,1.0,3.7937989636435003,1.0,0.0
Track_329,329,329,2,0,0,0,0,0,1.0,4.0,5.0,0.0,396.42849594438064,492.9857584269724,0.0,0.0,0.0,0.0,0.0,NaN,5.490135192871094,0.0,0.0,NaN,0.0,NaN,NaN
Track_330,330,330,3,0,0,0,0,0,2.0,15.0,17.0,6.277920015165626,728.1862530916302,3.771855102652895,0.0,3.138960007582813,6.277920015165626,0.0,6.277920015165626,4.439159814470368,9.469675699869791,6.277920015165626,6.277920015165626,1.0,3.138960007582813,1.0,0.0
Track_331,331,331,3,0,0,0,0,0,2.0,15.0,17.0,9.560945698536388,216.2070030913659,72.26973021657493,0.0,4.780472849268194,9.560945698536388,0.0,9.560945698536388,6.760609537991432,14.097427368164062,9.560945698536388,9.560945698536388,1.0,4.780472849268194,1.0,0.0
Track_332,332,332,3,0,0,0,0,0,2.0,15.0,17.0,13.028344047348165,234.4826544613356,80.26356923567697,0.0,6.5141720236740825,13.028344047348165,0.0,13.028344047348165,9.212430423511277,11.538874308268229,13.028344047348165,13.028344047348165,1.0,6.5141720236740825,1.0,0.0
Track_333,333,333,3,0,0,0,0,0,2.0,15.0,17.0,18.397158546982034,244.2652731068374,87.45773332123436,0.0,9.198579273491017,18.397158546982034,0.0,18.397158546982034,13.008755563135047,15.044087727864584,18.397158546982034,18.397158546982034,1.0,9.198579273491017,1.0,0.0
Track_334,334,334,3,0,0,0,0,0,2.0,15.0,17.0,14.065134031944737,225.37460428207137,95.74504916646197,0.0,7.0325670159723686,14.065134031944737,0.0,14.065134031944737,9.94555165228581,14.65252685546875,14.065134031944737,14.065134031944737,1.0,7.0325670159723686,1.0,0.0
Track_335,335,335,3,0,0,0,0,0,2.0,15.0,17.0,11.124243294658877,638.3251672634382,138.73795233715106,0.0,5.562121647329438,11.124243294658877,0.0,11.124243294658877,7.866027869222273,6.035146077473958,11.124243294658877,11.124243294658877,1.0,5.562121647329438,1.0,0.0
Track_336,336,336,2,0,0,0,0,0,1.0,16.0,17.0,0.0,720.643310011842,152.21502867321408,0.0,0.0,0.0,0.0,0.0,NaN,8.30841064453125,0.0,0.0,NaN,0.0,NaN,NaN
Track_337,337,337,2,0,0,0,0,0,1.0,16.0,17.0,0.0,0.0,154.0,0.0,0.0,0.0,0.0,0.0,NaN,6.411865234375,0.0,0.0,NaN,0.0,NaN,NaN
Track_338,338,338,3,0,0,0,0,0,2.0,15.0,17.0,8.039052501576457,747.0374147443296,161.45285098190573,0.0,4.019526250788228,8.039052501576457,0.0,8.039052501576457,5.684468538179391,11.9395751953125,8.039052501576457,8.039052501576457,1.0,4.019526250788228,1.0,0.0
Track_339,339,339,2,0,0,0,0,0,1.0,16.0,17.0,0.0,0.0,163.0,0.0,0.0,0.0,0.0,0.0,NaN,11.5225830078125,0.0,0.0,NaN,0.0,NaN,NaN
Track_340,340,340,3,0,0,0,0,0,2.0,15.0,17.0,9.533043302403996,394.0605850888472,191.65724303321915,0.0,4.766521651201998,9.533043302403996,0.0,9.533043302403996,6.740879564474865,12.255813598632812,9.533043302403996,9.533043302403996,1.0,4.766521651201998,1.0,0.0
Track_341,341,341,2,0,0,0,0,0,1.0,16.0,17.0,0.0,767.0,208.0,0.0,0.0,0.0,0.0,0.0,NaN,6.582679748535156,0.0,0.0,NaN,0.0,NaN,NaN
Track_342,342,342,3,0,0,0,0,0,2.0,15.0,17.0,0.4222258339569574,691.2716478573251,215.8294339918597,0.0,0.2111129169784787,0.4222258339569574,0.0,0.4222258339569574,0.2985587503831098,13.972803751627604,0.4222258339569574,0.4222258339569574,1.0,0.2111129169784787,1.0,0.0
Track_343,343,343,3,0,0,0,0,0,2.0,15.0,17.0,4.93970718478157,20.096770205990513,274.8587696941399,0.0,2.469853592390785,4.93970718478157,0.0,4.93970718478157,3.492900447434958,11.7530517578125,4.93970718478157,4.93970718478157,1.0,2.469853592390785,1.0,0.0
Track_344,344,344,3,0,0,0,0,0,2.0,15.0,17.0,9.14214520865384,24.699988243794397,288.00270199920215,0.0,4.57107260432692,9.14214520865384,0.0,9.14214520865384,6.4644728716312345,11.451278686523438,9.14214520865384,9.14214520865384,1.0,4.57107260432692,1.0,0.0
Track_345,345,345,3,0,0,0,0,0,2.0,15.0,17.0,1.798665347669629,291.40927131042736,306.27791103000504,0.0,0.8993326738348145,1.798665347669629,0.0,1.798665347669629,1.271848464422454,12.525904337565104,1.798665347669629,1.798665347669629,1.0,0.8993326738348145,1.0,0.0
Track_346,346,346,3,0,0,0,0,0,2.0,15.0,17.0,5.95624550495356,23.251430735937703,322.86315222621346,0.0,2.97812275247678,5.95624550495356,0.0,5.95624550495356,4.211701586964554,10.4444580078125,5.95624550495356,5.95624550495356,1.0,2.97812275247678,1.0,0.0
Track_347,347,347,3,0,0,0,0,0,2.0,15.0,17.0,6.945494519617527,755.2855968013563,391.26368579872593,0.0,3.4727472598087634,6.945494519617527,0.0,6.945494519617527,4.911206273515556,11.303115844726562,6.945494519617527,6.945494519617527,1.0,3.4727472598087634,1.0,0.0
Track_348,348,348,2,0,0,0,0,0,1.0,16.0,17.0,0.0,68.81920598839417,405.24856419045847,0.0,0.0,0.0,0.0,0.0,NaN,11.3817138671875,0.0,0.0,NaN,0.0,NaN,NaN
Track_349,349,349,3,0,0,0,0,0,2.0,15.0,17.0,2.812752535880502,591.3571747644149,439.0959084043249,0.0,1.406376267940251,2.812752535880502,0.0,2.812752535880502,1.9889163919207606,14.934397379557291,2.812752535880502,2.812752535880502,1.0,1.406376267940251,1.0,0.0
Track_350,350,350,3,0,0,0,0,0,2.0,15.0,17.0,8.39014656995239,598.6114615653778,445.4743474591258,0.0,4.195073284976195,8.39014656995239,0.0,8.39014656995239,5.932729534762387,12.156901041666666,8.39014656995239,8.39014656995239,1.0,4.195073284976195,1.0,0.0
Track_351,351,351,3,0,0,0,0,0,2.0,15.0,17.0,8.974467948345731,431.6156428859874,478.743139026845,0.0,4.487233974172866,8.974467948345731,0.0,8.974467948345731,6.345907143816589,9.137415568033854,8.974467948345731,8.974467948345731,1.0,4.487233974172866,1.0,0.0
Track_352,352,352,3,0,0,0,0,0,2.0,15.0,17.0,7.87294505652428,713.9353162415351,519.9467177292669,0.0,3.93647252826214,7.87294505652428,0.0,7.87294505652428,5.567012837377425,8.311101277669271,7.87294505652428,7.87294505652428,1.0,3.93647252826214,1.0,0.0
Track_353,353,353,3,0,0,0,0,0,2.0,15.0,17.0,1.1995718786205423,203.20113615266587,525.0615559884801,0.0,0.5997859393102711,1.1995718786205423,0.0,1.1995718786205423,0.8482254098932716,8.509167989095053,1.1995718786205423,1.1995718786205423,1.0,0.5997859393102711,1.0,0.0
Track_354,354,354,2,0,0,0,0,0,1.0,16.0,17.0,0.0,209.26430894640413,531.8918064003617,0.0,0.0,0.0,0.0,0.0,NaN,5.053581237792969,0.0,0.0,NaN,0.0,NaN,NaN
Track_355,355,355,3,0,0,0,0,0,2.0,15.0,17.0,3.00735155716103,220.36201005705917,537.3753313806134,0.0,1.503675778580515,3.00735155716103,0.0,3.00735155716103,2.126518679480488,12.199951171875,3.00735155716103,3.00735155716103,1.0,1.503675778580515,1.0,0.0
Track_356,356,356,2,0,0,0,0,0,1.0,16.0,17.0,0.0,57.86437898209964,543.132834405629,0.0,0.0,0.0,0.0,0.0,NaN,5.79608154296875,0.0,0.0,NaN,0.0,NaN,NaN
Track_357,357,357,2,0,0,0,0,0,1.0,16.0,17.0,0.0,557.6109695453555,658.1878243158567,0.0,0.0,0.0,0.0,0.0,NaN,5.078643798828125,0.0,0.0,NaN,0.0,NaN,NaN
Track_358,358,358,2,0,0,0,0,0,1.0,16.0,17.0,0.0,382.5970445166692,659.351586833819,0.0,0.0,0.0,0.0,0.0,NaN,9.72784423828125,0.0,0.0,NaN,0.0,NaN,NaN
Track_359,359,359,3,0,0,0,0,0,2.0,15.0,17.0,4.504261022655844,561.8181107435183,673.3883331110536,0.0,2.252130511327922,4.504261022655844,0.0,4.504261022655844,3.1849935133542004,14.588165283203125,4.504261022655844,4.504261022655844,1.0,2.252130511327922,1.0,0.0
Track_360,360,360,2,0,0,0,0,0,1.0,16.0,17.0,0.0,453.79609918812156,675.8302949474431,0.0,0.0,0.0,0.0,0.0,NaN,5.34991455078125,0.0,0.0,NaN,0.0,NaN,NaN
Track_361,361,361,2,0,0,0,0,0,1.0,16.0,17.0,0.0,676.7326572867779,699.9507105578401,0.0,0.0,0.0,0.0,0.0,NaN,9.254226684570312,0.0,0.0,NaN,0.0,NaN,NaN
Track_362,362,362,2,0,0,0,0,0,1.0,16.0,17.0,0.0,756.0,735.0,0.0,0.0,0.0,0.0,0.0,NaN,5.9730224609375,0.0,0.0,NaN,0.0,NaN,NaN
