LABEL,TRACK_ID,SPOT_SOURCE_ID,SPOT_TARGET_ID,LINK_COST,DIRECTIONAL_CHANGE_RATE,SPEED,DISPLACEMENT,EDGE_TIME,EDGE_X_LOCATION,EDGE_Y_LOCATION,EDGE_Z_LOCATION,MANUAL_EDGE_COLOR
Label,Track ID,Source spot ID,Target spot ID,Edge cost,Directional change rate,Speed,Displacement,Edge time,Edge X,Edge Y,Edge Z,Manual edge color
Label,Track ID,Source ID,Target ID,Cost,γ rate,Speed,Disp.,Edge T,Edge X,Edge Y,Edge Z,Edge color
,,,,(cost),(rad/frame),(pixel/frame),(pixel),(frame),(pixel),(pixel),(pixel),
ID2683 → ID3752,0,2683,3752,8.845389865928096,2.5847791003841847,2.9741200153874248,2.9741200153874248,9.5,335.2463623113525,250.17358261353252,0.0,
ID2562 → ID2945,0,2562,2945,2.2250738585072014E-308,0.0,0.0,0.0,13.5,335.4183153256806,240.59195461600942,0.0,
ID3288 → ID2256,0,3288,2256,20.49877941048653,0.0,4.52755777549956,4.52755777549956,11.5,335.46844304193877,246.43898929403196,0.0,
ID5837 → ID5619,0,5837,5619,2.2250738585072014E-308,0.0,0.0,0.0,16.5,346.7728743859082,232.55910128275593,0.0,
ID3736 → ID2683,0,3736,2683,23.590486104324818,0.0,4.85700381967369,4.85700381967369,8.5,336.51249389488004,249.5618199776931,0.0,
ID2256 → ID2562,0,2256,2562,13.051434175229256,0.20497411092287976,3.612676871134375,3.612676871134375,12.5,335.5760901258126,242.39138943179205,0.0,
ID3693 → ID3736,0,3693,3736,2.2250738585072014E-308,NaN,0.0,0.0,7.5,337.7352843249879,247.46362906881043,0.0,
ID2945 → ID5837,0,2945,5837,193.452744125758,0.0,6.954364531101278,13.908729062202555,15.0,341.0955948557944,236.57552794938266,0.0,
ID3752 → ID3288,0,3752,3288,2.2250738585072014E-308,0.0,0.0,0.0,10.5,335.20302115793294,248.6871543404893,0.0,
ID2607 → ID3587,1,2607,3587,77.25136051028834,1.7339164587915583,8.789275312008854,8.789275312008854,12.5,609.4626314398727,717.4960617442541,0.0,
ID5485 → ID4455,1,5485,4455,276.563307209183,0.0,16.630192638967927,16.630192638967927,3.5,602.1259247490739,697.807652735408,0.0,
ID4857 → ID5485,1,4857,5485,2.2250738585072014E-308,0.0,0.0,0.0,2.5,608.7182672268038,692.7399266715198,0.0,
ID3587 → ID4306,1,3587,4306,2.2250738585072014E-308,0.0,0.0,0.0,13.5,605.0822628906392,717.849914115249,0.0,
ID4774 → ID4808,1,4774,4808,2.2250738585072014E-308,0.0,0.0,0.0,7.5,592.4408379887211,695.1724453350715,0.0,
ID4777 → ID4774,1,4777,4774,1266.8818894171734,3.089501306343608,35.593284330294296,35.593284330294296,6.5,601.8167732711233,710.2989885599627,0.0,
ID4770 → ID4777,1,4770,4777,753.7176355933503,0.0,27.45391840144773,27.45391840144773,5.5,603.3631454124347,714.1504552920751,0.0,
ID4808 → ID3929,1,4808,3929,1331.3032770107225,0.0,36.48702888713635,36.48702888713635,8.5,604.6061647761076,708.7676887462349,0.0,
ID3929 → ID4811,1,3929,4811,11.47435997199707,2.23222322665916,3.3873824661524523,3.3873824661524523,9.5,615.0817747315278,722.4788934473611,0.0,
ID4548 → ID2607,1,4548,2607,29.93469023438213,0.0,5.4712603880990835,5.4712603880990835,11.5,613.6175289443339,719.8685320552916,0.0,
ID4455 → ID4770,1,4455,4770,2.2250738585072014E-308,0.0,0.0,0.0,4.5,595.5335822713439,702.8753787992964,0.0,
ID4811 → ID4548,1,4811,4548,2.2250738585072014E-308,0.0,0.0,0.0,10.5,613.3920578995618,722.5948547373241,0.0,
ID5117 → ID5526,1,5117,5526,2.2250738585072014E-308,NaN,0.0,0.0,0.5,608.7182672268038,692.7399266715198,0.0,
ID5526 → ID4857,1,5526,4857,2.2250738585072014E-308,0.0,0.0,0.0,1.5,608.7182672268038,692.7399266715198,0.0,
ID3873 → ID2403,2,3873,2403,9.451169240162674,0.0,3.0742754008323123,3.0742754008323123,14.5,124.00652971332737,595.0721038302377,0.0,
ID4526 → ID4129,2,4526,4129,2.2250738585072014E-308,0.0,0.0,0.0,10.5,120.64168104896181,583.2225912486941,0.0,
ID5926 → ID5708,2,5926,5708,2.2250738585072014E-308,0.0,0.0,0.0,16.5,130.33421225746233,597.8388646216634,0.0,
ID4512 → ID4523,2,4512,4523,2.2250738585072014E-308,0.0,0.0,0.0,7.5,109.11794331354544,574.470602689226,0.0,
ID2403 → ID5926,2,2403,5926,70.02186464546715,2.856950859278107,8.367906825811765,8.367906825811765,15.5,126.40342582325974,596.4055523144339,0.0,
ID4523 → ID3392,2,4523,3392,55.028639565100946,0.0,7.41812911488476,7.41812911488476,8.5,112.00246588454189,576.8022736412875,0.0,
ID3076 → ID3873,2,3076,3873,2.2250738585072014E-308,0.0,0.0,0.0,13.5,125.5404200375976,595.171967653271,0.0,
ID3392 → ID4526,2,3392,4526,49.83351831706845,0.06207378786282314,7.059285963684178,7.059285963684178,9.5,117.76433475225008,581.1782679210215,0.0,
ID2422 → ID3076,2,2422,3076,42.460802281979625,0.1837136781430914,6.516195383962917,6.516195383962917,12.5,124.03454281314383,592.282757665166,0.0,
ID4129 → ID2422,2,4129,2422,41.64141389397382,0.0,6.45301587585013,6.45301587585013,11.5,121.58517331882594,586.3080694628775,0.0,
ID4490 → ID4512,2,4490,4512,293.0218730877175,NaN,17.117881676414214,17.117881676414214,6.5,100.5638525233457,574.7586982028138,0.0,
ID4946 → ID5282,3,4946,5282,2.2250738585072014E-308,NaN,0.0,0.0,0.5,264.7569476570487,242.45063355479368,0.0,
ID3712 → ID3754,3,3712,3754,2.2250738585072014E-308,0.0,0.0,0.0,7.5,251.75083159546756,257.9964965564925,0.0,
ID4060 → ID5208,3,4060,5208,2.2250738585072014E-308,0.0,0.0,0.0,2.5,264.7569476570487,242.45063355479368,0.0,
ID5282 → ID4060,3,5282,4060,2.2250738585072014E-308,0.0,0.0,0.0,1.5,264.7569476570487,242.45063355479368,0.0,
ID3769 → ID3309,3,3769,3309,2.2250738585072014E-308,0.0,0.0,0.0,10.5,241.90835498074532,261.5260266873839,0.0,
ID3649 → ID3712,3,3649,3712,70.49980794518673,1.038275085085328,8.396416375167846,8.396416375167846,6.5,253.22967949073208,254.06737949422921,0.0,
ID3754 → ID2678,3,3754,2678,134.23783785485108,0.0,11.58610537906725,11.58610537906725,8.5,246.66704711859336,255.2189806057902,0.0,
ID2567 → ID2957,3,2567,2957,2.2250738585072014E-308,0.0,0.0,0.0,13.5,234.92020504417786,252.15186121648955,0.0,
ID5839 → ID5621,3,5839,5621,2.2250738585072014E-308,0.0,0.0,0.0,16.5,234.81915526871072,254.4916615414234,0.0,
ID2257 → ID2567,3,2257,2567,66.21146339905079,1.4177575554987907,8.137042669118234,8.137042669118234,12.5,238.8403522065362,253.24058160080156,0.0,
ID5208 → ID3236,3,5208,3236,34.28836704298163,0.0,5.855626955585681,5.855626955585681,3.5,265.1149333140683,245.3564790479529,0.0,
ID2090 → ID5839,3,2090,5839,30.388703066758993,2.9549484590112853,5.5125949485481875,5.5125949485481875,15.5,236.36522446340183,256.7735129414749,0.0,
ID2678 → ID3769,3,2678,3769,82.63495234752787,2.106601325079766,9.09037690899161,9.09037690899161,9.5,241.74580881123225,256.98374567123585,0.0,
ID3236 → ID3741,3,3236,3741,2.2250738585072014E-308,0.0,0.0,0.0,4.5,265.4729189710879,248.2623245411121,0.0,
ID2957 → ID2090,3,2957,2090,56.60496649368582,0.0,7.523627216554913,7.523627216554913,14.5,236.4157493511354,255.60361277900796,0.0,
ID3309 → ID2257,3,3309,2257,52.518996498521815,0.0,7.246999137472131,7.246999137472131,11.5,242.33442717481995,257.9276643362487,0.0,
ID3741 → ID3649,3,3741,3649,119.3912691675254,0.0,10.926631190239991,10.926631190239991,5.5,260.09072317854225,249.200293486539,0.0,
ID2261 → ID2569,4,2261,2569,10.597175021344132,1.2195103162564016,3.2553302476621524,3.2553302476621524,12.5,247.36446235814356,264.0508274692658,0.0,
ID2970 → ID2091,4,2970,2091,18.583452263718144,0.0,4.310852846446761,4.310852846446761,14.5,246.30821773109233,263.5662781393783,0.0,
ID4012 → ID5198,4,4012,5198,2.2250738585072014E-308,0.0,0.0,0.0,2.5,268.6451996483204,224.36903890875746,0.0,
ID4941 → ID5273,4,4941,5273,2.2250738585072014E-308,NaN,0.0,0.0,0.5,268.6451996483204,224.36903890875746,0.0,
ID3720 → ID2672,4,3720,2672,83.66952711159992,0.0,9.1471048486174,9.1471048486174,8.5,253.80800221806456,245.1647877366109,0.0,
ID5840 → ID5622,4,5840,5622,2.2250738585072014E-308,0.0,0.0,0.0,16.5,245.3665582895834,261.48374371518435,0.0,
ID2672 → ID3806,4,2672,3806,582.6321943755238,0.8450266400985891,24.137775257374567,24.137775257374567,9.5,250.98396296498734,260.39209545702295,0.0,
ID3674 → ID3720,4,3674,3720,2.2250738585072014E-308,0.0,0.0,0.0,7.5,257.10688784666723,241.99702269050997,0.0,
ID3347 → ID2261,4,3347,2261,74.98777430816523,0.0,8.659548158429816,8.659548158429816,11.5,248.95093993811813,268.92211484375343,0.0,
ID3175 → ID3688,4,3175,3688,2.2250738585072014E-308,0.0,0.0,0.0,4.5,270.41282389771544,229.27287732247584,0.0,
ID2091 → ID5840,4,2091,5840,9.715373609471948,2.3186200261713936,3.1169494075894058,3.1169494075894058,15.5,244.8485697856022,262.9536183057911,0.0,
ID3806 → ID3347,4,3806,3347,2.2250738585072014E-308,0.0,0.0,0.0,10.5,251.4588093405128,272.45163813133405,0.0,
ID5273 → ID4012,4,5273,4012,2.2250738585072014E-308,0.0,0.0,0.0,1.5,268.6451996483204,224.36903890875746,0.0,
ID5198 → ID3175,4,5198,3175,27.172126674909386,0.0,5.212689006156936,5.212689006156936,3.5,269.52901177301794,226.82095811561663,0.0,
ID3623 → ID3674,4,3623,3674,167.22025288196397,1.0137256632459948,12.931367015206241,12.931367015206241,6.5,263.0917840158236,239.5503757881335,0.0,
ID2569 → ID2970,4,2569,2970,2.2250738585072014E-308,0.0,0.0,0.0,13.5,248.28585418056366,262.7090633823588,0.0,
ID3688 → ID3623,4,3688,3623,63.1075162272259,0.0,7.944023931687637,7.944023931687637,5.5,269.74475204134774,233.18830310411641,0.0,
ID5841 → ID5623,5,5841,5623,2.2250738585072014E-308,0.0,0.0,0.0,16.5,263.617675638515,263.61379905061597,0.0,
ID3584 → ID3645,5,3584,3645,21.258097297519743,0.1983268824106197,4.610650420224867,4.610650420224867,6.5,261.9960325736605,229.43938938195288,0.0,
ID3653 → ID3584,5,3653,3584,49.554948747308266,0.0,7.039527594044096,7.039527594044096,5.5,261.06339369205614,223.7171755524189,0.0,
ID3322 → ID2264,5,3322,2264,14.611586872784581,0.0,3.8225105458042337,3.8225105458042337,11.5,265.90963814715667,266.27315442782384,0.0,
ID2981 → ID2092,5,2981,2092,27.224531080628623,0.0,5.21771320413729,5.21771320413729,14.5,263.31101383843725,266.43106158546385,0.0,
ID4936 → ID5262,5,4936,5262,2.2250738585072014E-308,NaN,0.0,0.0,0.5,261.11861783933193,214.08483832289647,0.0,
ID3776 → ID3322,5,3776,3322,2.2250738585072014E-308,0.0,0.0,0.0,10.5,267.3768339917569,265.0483144089707,0.0,
ID5188 → ID3135,5,5188,3135,39.40232553017584,0.0,6.2771271717383454,6.2771271717383454,3.5,260.67269529037344,217.1915623954324,0.0,
ID3645 → ID3701,5,3645,3701,2.2250738585072014E-308,0.0,0.0,0.0,7.5,262.0920505046235,231.74271412703627,0.0,
ID2572 → ID2981,5,2572,2981,2.2250738585072014E-308,0.0,0.0,0.0,13.5,265.882045608951,265.9884235785482,0.0,
ID2667 → ID3776,5,2667,3776,706.5463207961686,1.0038655228013258,26.58093905030762,26.58093905030762,9.5,261.7899623058063,252.9891500530228,0.0,
ID2092 → ID5841,5,2092,5841,18.90807182841352,2.4644939083618183,4.348341273222873,4.348341273222873,15.5,262.1788288532193,265.2437493214977,0.0,
ID3701 → ID2667,5,3701,2667,119.08580742604428,0.0,10.912644382826937,10.912644382826937,8.5,259.1475705622396,236.33634991205554,0.0,
ID2264 → ID2572,5,2264,2572,4.351261885684969,3.02808771905881,2.0859678534639428,2.0859678534639428,12.5,265.16224395575375,266.74320901261257,0.0,
ID5262 → ID3972,5,5262,3972,2.2250738585072014E-308,0.0,0.0,0.0,1.5,261.11861783933193,214.08483832289647,0.0,
ID3135 → ID3653,5,3135,3653,2.2250738585072014E-308,0.0,0.0,0.0,4.5,260.2267727414149,220.29828646796835,0.0,
ID3972 → ID5188,5,3972,5188,2.2250738585072014E-308,0.0,0.0,0.0,2.5,261.11861783933193,214.08483832289647,0.0,
ID2280 → ID2575,6,2280,2575,205.67003266327512,2.201414215754686,14.341200530753174,14.341200530753174,12.5,268.73763737023063,276.8043532754584,0.0,
ID4096 → ID5216,6,4096,5216,2.2250738585072014E-308,0.0,0.0,0.0,2.5,267.46694507585624,247.50347367093326,0.0,
ID3746 → ID2686,6,3746,2686,13.451838412160415,0.0,3.6676747964017222,3.6676747964017222,8.5,263.1345525199333,258.7139367140179,0.0,
ID4950 → ID5290,6,4950,5290,2.2250738585072014E-308,NaN,0.0,0.0,0.5,267.46694507585624,247.50347367093326,0.0,
ID2575 → ID2991,6,2575,2991,2.2250738585072014E-308,0.0,0.0,0.0,13.5,271.0,270.0,0.0,
ID5843 → ID5625,6,5843,5625,2.2250738585072014E-308,0.0,0.0,0.0,16.5,273.1606142309141,269.23141102196536,0.0,
ID2686 → ID3867,6,2686,3867,388.03403613373507,0.5124751829368769,19.69857954609253,19.69857954609253,9.5,263.1391854229933,270.19673761379306,0.0,
ID3703 → ID3746,6,3703,3746,2.2250738585072014E-308,0.0,0.0,0.0,7.5,263.9051603683816,257.0498684621274,0.0,
ID2095 → ID5843,6,2095,5843,35.827261181827495,2.7576097609179353,5.985587789167201,5.985587789167201,15.5,272.410330260298,272.1286319764135,0.0,
ID5290 → ID4096,6,5290,4096,2.2250738585072014E-308,0.0,0.0,0.0,1.5,267.46694507585624,247.50347367093326,0.0,
ID3244 → ID3750,6,3244,3750,2.2250738585072014E-308,0.0,0.0,0.0,4.5,270.17798258483833,250.8084340936448,0.0,
ID2991 → ID2095,6,2991,2095,25.694858787173043,0.0,5.069009645598738,5.069009645598738,14.5,271.3300231448409,272.51292646543084,0.0,
ID3661 → ID3703,6,3661,3703,28.283200928133777,1.2304457004444183,5.318195269838611,5.318195269838611,6.5,264.3281232959341,254.42462512217782,0.0,
ID3750 → ID3661,6,3750,3661,30.433181438360364,0.0,5.516627723379598,5.516627723379598,5.5,267.4645344041625,251.30390793793651,0.0,
ID3402 → ID2280,6,3402,2280,19.469292408083366,0.0,4.412402113144649,4.412402113144649,11.5,265.1948504574814,281.8120884062972,0.0,
ID5216 → ID3244,6,5216,3244,18.272487770797387,0.0,4.274633056859663,4.274633056859663,3.5,268.82246383034726,249.15595388228903,0.0,
ID3867 → ID3402,6,3867,3402,2.2250738585072014E-308,0.0,0.0,0.0,10.5,263.91442617450156,280.01547026167765,0.0,
ID3884 → ID2405,7,3884,2405,471.67385674632794,0.0,21.718053705300758,21.718053705300758,14.5,161.68264135761314,600.0253817720838,0.0,
ID3087 → ID3884,7,3087,3884,2.2250738585072014E-308,0.0,0.0,0.0,13.5,172.08574227213262,596.9118700009634,0.0,
ID2436 → ID3087,7,2436,3087,174.50217704413961,NaN,13.20992721570182,13.20992721570182,12.5,177.507984091043,600.6834529469285,0.0,
ID5927 → ID5709,7,5927,5709,2.2250738585072014E-308,0.0,0.0,0.0,16.5,159.8620664372849,597.8626561583837,0.0,
ID2405 → ID5927,7,2405,5927,101.4984333819471,2.881189590366787,10.074643089556428,10.074643089556428,15.5,155.57080344018925,600.500774850794,0.0,
ID4315 → ID2551,8,4315,2551,7.642743880159795,0.0,2.764551298160299,2.764551298160299,14.5,607.3696904890105,727.2023932430689,0.0,
ID3599 → ID4315,8,3599,4315,2.2250738585072014E-308,0.0,0.0,0.0,13.5,606.2317373093633,727.9870897009241,0.0,
ID4708 → ID4722,8,4708,4722,62.003629430205265,0.0,7.874238339687545,7.874238339687545,5.5,607.2153548929423,685.5564126613069,0.0,
ID5524 → ID4855,8,5524,4855,2.2250738585072014E-308,0.0,0.0,0.0,1.5,609.0217703126234,690.3347641001851,0.0,
ID5481 → ID4382,8,5481,4382,54.40965290048097,0.0,7.376289914345895,7.376289914345895,3.5,609.6422835886734,686.6991930997278,0.0,
ID4796 → ID4524,8,4796,4524,2.2250738585072014E-308,0.0,0.0,0.0,10.5,609.3152054143627,712.399410342772,0.0,
ID5971 → ID5753,8,5971,5753,2.2250738585072014E-308,0.0,0.0,0.0,16.5,612.4760917273809,727.5997871670673,0.0,
ID4786 → ID3936,8,4786,3936,2116.8584344828905,0.0,46.00932986344064,46.00932986344064,8.5,602.9271201606275,703.9904530356189,0.0,
ID4749 → ID4786,8,4749,4786,2.2250738585072014E-308,0.0,0.0,0.0,7.5,589.0827487577611,685.6179739138395,0.0,
ID4382 → ID4708,8,4382,4708,2.2250738585072014E-308,0.0,0.0,0.0,4.5,610.2627968647234,683.0636220992706,0.0,
ID5114 → ID5524,8,5114,5524,2.2250738585072014E-308,NaN,0.0,0.0,0.5,609.0217703126234,690.3347641001851,0.0,
ID4855 → ID5481,8,4855,5481,2.2250738585072014E-308,0.0,0.0,0.0,2.5,609.0217703126234,690.3347641001851,0.0,
ID3936 → ID4796,8,3936,4796,154.8679700882584,3.1382804272528264,12.444596019488074,12.444596019488074,9.5,613.0433484889284,717.3811712500851,0.0,
ID4722 → ID4749,8,4722,4749,233.4730537921148,0.8454100921838158,15.279825057641032,15.279825057641032,6.5,596.6253308394611,686.8335885685914,0.0,
ID2610 → ID3599,8,2610,3599,129.0251248384299,1.8599627187132326,11.358922697088394,11.358922697088394,12.5,601.7484122352203,724.5005330200186,0.0,
ID2551 → ID5971,8,2551,5971,17.145917665654434,0.8931940197267559,4.14076293280048,4.14076293280048,15.5,610.4918676980194,727.0087419761404,0.0,
ID4524 → ID2610,8,4524,2610,219.41609722347872,0.0,14.812700537831672,14.812700537831672,11.5,603.29014628772,716.7066933409424,0.0,
ID2265 → ID2579,9,2265,2579,2.2250738585072014E-308,NaN,0.0,0.0,12.5,767.0,272.0,0.0,
ID2098 → ID5842,9,2098,5842,225.0,3.141592653589793,15.0,15.0,15.5,767.0,271.5,0.0,
ID2579 → ID2999,9,2579,2999,2.2250738585072014E-308,0.0,0.0,0.0,13.5,767.0,272.0,0.0,
ID2999 → ID2098,9,2999,2098,49.0,0.0,7.0,7.0,14.5,767.0,275.5,0.0,
ID5842 → ID5624,9,5842,5624,2.2250738585072014E-308,0.0,0.0,0.0,16.5,767.0,264.0,0.0,
ID5333 → ID4287,10,5333,4287,2.2250738585072014E-308,0.0,0.0,0.0,1.5,26.586684394525815,303.5732253124515,0.0,
ID4972 → ID5333,10,4972,5333,2.2250738585072014E-308,NaN,0.0,0.0,0.5,26.586684394525815,303.5732253124515,0.0,
ID5847 → ID5629,10,5847,5629,2.2250738585072014E-308,0.0,0.0,0.0,16.5,5.370264102736461,276.4426379287677,0.0,
ID3845 → ID3379,10,3845,3379,2.2250738585072014E-308,0.0,0.0,0.0,10.5,0.0,277.0,0.0,
ID2759 → ID3845,10,2759,3845,967.422409451754,1.5361272752512047,31.103414755485513,31.103414755485513,9.5,4.347812199078304,291.9315816792624,0.0,
ID3809 → ID3865,10,3809,3865,17.79939956420302,0.1608214479221466,4.218933462879336,4.218933462879336,6.5,14.240126579713344,304.9059534661603,0.0,
ID2093 → ID5847,10,2093,5847,9.802895076145857,0.19380586252678209,3.130957533430605,3.130957533430605,15.5,6.53395357350992,275.39547481604484,0.0,
ID3379 → ID2267,10,3379,2267,4.0,0.0,2.0,2.0,11.5,0.0,276.0,0.0,
ID3885 → ID2759,10,3885,2759,14.55023099369277,0.0,3.8144765032298693,3.8144765032298693,8.5,10.54419313073624,306.39374734968817,0.0,
ID4287 → ID5263,10,4287,5263,2.2250738585072014E-308,0.0,0.0,0.0,2.5,26.586684394525815,303.5732253124515,0.0,
ID2267 → ID2582,10,2267,2582,80.47915570093002,1.3419149608235839,8.971017539885318,8.971017539885318,12.5,4.368530330775066,273.9822909677463,0.0,
ID3865 → ID3885,10,3865,3885,2.2250738585072014E-308,0.0,0.0,0.0,7.5,12.392761863315872,305.9243313408515,0.0,
ID3009 → ID2093,10,3009,2093,2.9950970534616417,0.0,1.7306348700582805,1.7306348700582805,14.5,8.217351852916755,273.6564468194073,0.0,
ID2582 → ID3009,10,2582,3009,2.2250738585072014E-308,0.0,0.0,0.0,13.5,8.737060661550132,272.96458193549256,0.0,
ID5263 → ID3495,10,5263,3495,28.251742207500175,0.0,5.3152367969357845,5.3152367969357845,3.5,24.056809726548224,302.7591800334895,0.0,
ID3969 → ID3809,10,3969,3809,33.36062484998189,0.0,5.775865722987498,5.775865722987498,5.5,18.807213177340724,302.91635517299835,0.0,
ID3495 → ID3969,10,3495,3969,2.2250738585072014E-308,0.0,0.0,0.0,4.5,21.526935058570633,301.9451347545275,0.0,
ID4543 → ID4150,11,4543,4150,2.2250738585072014E-308,0.0,0.0,0.0,10.5,131.01425260214566,588.0723768821474,0.0,
ID4527 → ID4475,11,4527,4475,5.7757863611779925,0.0,2.403286574917355,2.403286574917355,5.5,108.53607211728173,567.8457421012557,0.0,
ID4746 → ID5400,11,4746,5400,2.2250738585072014E-308,0.0,0.0,0.0,2.5,103.9214348050799,564.6854749311293,0.0,
ID2400 → ID5925,11,2400,5925,84.41320979618669,0.893321832577899,9.187666177881448,9.187666177881448,15.5,144.6541861923146,593.4661521172934,0.0,
ID3405 → ID4543,11,3405,4543,5.072003150638037,0.04125286918251329,2.252110821127157,2.252110821127157,9.5,129.9880260886028,587.6088470227412,0.0,
ID5400 → ID4101,11,5400,4101,34.73109967194823,0.0,5.893309738334498,5.893309738334498,3.5,105.96700825236778,566.8064191052504,0.0,
ID2424 → ID3096,11,2424,3096,26.083117364086057,0.9461368241828144,5.1071633383010235,5.1071633383010235,12.5,135.2656289194806,595.5272794416534,0.0,
ID3893 → ID2400,11,3893,2400,54.44279750397154,0.0,7.378536271102253,7.378536271102253,14.5,137.4467144809998,595.4694349611227,0.0,
ID4528 → ID4537,11,4528,4537,2.2250738585072014E-308,0.0,0.0,0.0,7.5,121.50592234582017,584.1413743553336,0.0,
ID4101 → ID4527,11,4101,4527,2.2250738585072014E-308,0.0,0.0,0.0,4.5,108.01258169965566,568.9273632793713,0.0,
ID5925 → ID5707,11,5925,5707,2.2250738585072014E-308,0.0,0.0,0.0,16.5,149.2131422379087,594.031149660109,0.0,
ID4537 → ID3405,11,4537,3405,64.61377765123903,0.0,8.038269568211746,8.038269568211746,8.5,125.23386096044007,585.6433457593342,0.0,
ID4475 → ID4528,11,4475,4528,456.880809389374,2.0692922130638696,21.374770393839885,21.374770393839885,6.5,115.28274244036399,575.4527476392368,0.0,
ID5056 → ID5465,11,5056,5465,2.2250738585072014E-308,NaN,0.0,0.0,0.5,103.9214348050799,564.6854749311293,0.0,
ID3096 → ID3893,11,3096,3893,2.2250738585072014E-308,0.0,0.0,0.0,13.5,134.7981988152791,598.0377153477676,0.0,
ID5465 → ID4746,11,5465,4746,2.2250738585072014E-308,0.0,0.0,0.0,1.5,103.9214348050799,564.6854749311293,0.0,
ID4150 → ID2424,11,4150,2424,46.71488453043622,0.0,6.834828785744104,6.834828785744104,11.5,133.37365581291388,590.5446102088433,0.0,
ID5317 → ID4217,12,5317,4217,2.2250738585072014E-308,0.0,0.0,0.0,1.5,211.66865734822682,283.5556292031062,0.0,
ID5844 → ID5626,12,5844,5626,2.2250738585072014E-308,0.0,0.0,0.0,16.5,254.63223569521642,273.38741522143374,0.0,
ID3426 → ID3910,12,3426,3910,2.2250738585072014E-308,0.0,0.0,0.0,4.5,211.3298728973748,288.69087296431996,0.0,
ID3790 → ID3807,12,3790,3807,2.2250738585072014E-308,0.0,0.0,0.0,7.5,209.9142465907354,285.86262485775524,0.0,
ID3467 → ID2274,12,3467,2274,1654.017241355914,0.0,40.66961078441634,40.66961078441634,11.5,232.04633511406803,285.73165459175317,0.0,
ID5247 → ID3426,12,5247,3426,26.485503391223926,0.0,5.146406842761649,5.146406842761649,3.5,211.4992651228008,286.12325108371306,0.0,
ID2586 → ID3018,12,2586,3018,2.2250738585072014E-308,0.0,0.0,0.0,13.5,251.51493843697105,277.6766345955446,0.0,
ID3910 → ID3728,12,3910,3728,3.3278013054881304,0.0,1.8242262210285571,1.8242262210285571,5.5,211.65163195642643,287.83739687543977,0.0,
ID2097 → ID5844,12,2097,5844,24.226273596113135,1.4498504150439475,4.922019260030697,4.922019260030697,15.5,253.78716121118015,275.6987822445305,0.0,
ID4964 → ID5317,12,4964,5317,2.2250738585072014E-308,NaN,0.0,0.0,0.5,211.66865734822682,283.5556292031062,0.0,
ID3807 → ID2722,12,3807,2722,12.00127258649248,0.0,3.4642852923066947,3.4642852923066947,8.5,210.62359737262278,287.44285889575684,0.0,
ID4217 → ID5247,12,4217,5247,2.2250738585072014E-308,0.0,0.0,0.0,2.5,211.66865734822682,283.5556292031062,0.0,
ID3018 → ID2097,12,3018,2097,2.147984278637678,0.0,1.4656003133998294,1.4656003133998294,14.5,252.22851258205748,277.8433919315859,0.0,
ID2274 → ID2586,12,2274,2586,2.386300754182903,1.1085176473529874,1.5447655984591653,1.5447655984591653,12.5,251.41048521212505,278.44192193528374,0.0,
ID3923 → ID3467,12,3923,3467,2.2250738585072014E-308,0.0,0.0,0.0,10.5,212.786638240857,292.25609990848346,0.0,
ID2722 → ID3923,12,2722,3923,12.565548965763632,6.245076398603052E-4,3.5447918085218535,3.5447918085218535,9.5,212.05979319768358,290.6395964211209,0.0,
ID3728 → ID3790,12,3728,3790,5.497380321901982,1.432672664594056,2.3446492961425984,2.3446492961425984,6.5,210.94381880310672,286.4232728221574,0.0,
ID4558 → ID2623,13,4558,2623,16.0,0.0,4.0,4.0,11.5,619.0,735.0,0.0,
ID5509 → ID4505,13,5509,4505,13.266762027867507,0.0,3.642356658520347,3.642356658520347,3.5,622.4423734163238,733.8881324562478,0.0,
ID4505 → ID4804,13,4505,4804,2.2250738585072014E-308,0.0,0.0,0.0,4.5,623.8847468326475,732.7762649124957,0.0,
ID4826 → ID4832,13,4826,4832,2.2250738585072014E-308,0.0,0.0,0.0,7.5,621.3455366928266,730.0178079562518,0.0,
ID5138 → ID5537,13,5138,5537,2.2250738585072014E-308,NaN,0.0,0.0,0.5,621.0,735.0,0.0,
ID2623 → ID3610,13,2623,3610,9.0,0.0,3.0,3.0,12.5,615.5,735.0,0.0,
ID4820 → ID4558,13,4820,4558,2.2250738585072014E-308,0.0,0.0,0.0,10.5,621.0,735.0,0.0,
ID3610 → ID4324,13,3610,4324,2.2250738585072014E-308,0.0,0.0,0.0,13.5,614.0,735.0,0.0,
ID5537 → ID4868,13,5537,4868,2.2250738585072014E-308,0.0,0.0,0.0,1.5,621.0,735.0,0.0,
ID4324 → ID2556,13,4324,2556,16.0,0.0,4.0,4.0,14.5,616.0,735.0,0.0,
ID4868 → ID5509,13,4868,5509,2.2250738585072014E-308,0.0,0.0,0.0,2.5,621.0,735.0,0.0,
ID4807 → ID4826,13,4807,4826,24.941633166877697,2.2967580015535014,4.994159906017998,4.994159906017998,6.5,621.1727683464132,732.5089039781259,0.0,
ID2556 → ID5972,13,2556,5972,9.0,0.0,3.0,3.0,15.5,619.5,735.0,0.0,
ID3958 → ID4820,13,3958,4820,89.70968592051534,3.0877024982769115,9.471519726026829,9.471519726026829,9.5,621.0985008118648,730.2652646251147,0.0,
ID5972 → ID5754,13,5972,5754,2.2250738585072014E-308,0.0,0.0,0.0,16.5,621.0,735.0,0.0,
ID4832 → ID3958,13,4832,3958,20.157732852274577,0.0,4.489736390065076,4.489736390065076,8.5,621.2712691582781,727.7741686032405,0.0,
ID4804 → ID4807,13,4804,4807,13.266762027867507,0.0,3.642356658520347,3.642356658520347,5.5,622.4423734163238,733.8881324562478,0.0,
ID2588 → ID3029,14,2588,3029,2.2250738585072014E-308,0.0,0.0,0.0,13.5,16.324709094489815,279.68228852803014,0.0,
ID2096 → ID5850,14,2096,5850,231.26670314716768,1.989293113288373,15.207455511924659,15.207455511924659,15.5,23.217849738388594,280.9303869014045,0.0,
ID3029 → ID2096,14,3029,2096,15.898062053149578,0.0,3.9872373961365253,3.9872373961365253,14.5,16.928223782988475,277.78221338897544,0.0,
ID5850 → ID5632,14,5850,5632,2.2250738585072014E-308,0.0,0.0,0.0,16.5,28.903961005290054,285.97863555288836,0.0,
ID2269 → ID2588,14,2269,2588,51.9864036196386,NaN,7.210159749938874,7.210159749938874,12.5,13.015008286979196,278.2531344181899,0.0,
ID5849 → ID5631,15,5849,5631,2.2250738585072014E-308,0.0,0.0,0.0,16.5,532.4850190169059,283.53817991844653,0.0,
ID2591 → ID3037,15,2591,3037,2.2250738585072014E-308,0.0,0.0,0.0,13.5,517.9929269729633,279.736929134788,0.0,
ID3760 → ID3300,15,3760,3300,2.2250738585072014E-308,0.0,0.0,0.0,10.5,525.9461331670863,260.6028387183162,0.0,
ID3961 → ID3791,15,3961,3791,17.183214026166404,0.0,4.145264047822093,4.145264047822093,5.5,521.9411570382315,299.76131785714443,0.0,
ID5297 → ID4123,15,5297,4123,2.2250738585072014E-308,0.0,0.0,0.0,1.5,531.2558679258034,263.0201128032282,0.0,
ID3791 → ID3836,15,3791,3836,1.4926596127163139,2.7515703663197857,1.2217444956766998,1.2217444956766998,6.5,520.4168045799702,299.81841401782003,0.0,
ID3037 → ID2102,15,3037,2102,84.31660636341647,0.0,9.182407438325555,9.182407438325555,14.5,520.4197927389994,283.6342967264448,0.0,
ID5222 → ID3486,15,5222,3486,1420.1596764426702,0.0,37.685005989686005,37.685005989686005,3.5,527.6279339629017,281.51005640161407,0.0,
ID3486 → ID3961,15,3486,3961,2.2250738585072014E-308,0.0,0.0,0.0,4.5,524.0,300.0,0.0,
ID4123 → ID5222,15,4123,5222,2.2250738585072014E-308,0.0,0.0,0.0,2.5,531.2558679258034,263.0201128032282,0.0,
ID2102 → ID5849,15,2102,5849,108.84591100707469,1.4066577371500157,10.43292437464562,10.43292437464562,15.5,527.6658387609706,285.53492211827404,0.0,
ID3859 → ID2702,15,3859,2702,766.6109293673178,0.0,27.687739694083334,27.687739694083334,8.5,523.6683019349862,286.5395613462313,0.0,
ID3300 → ID2272,15,3300,2272,272.2609902431833,0.0,16.500333034311257,16.500333034311257,11.5,525.3132224417437,268.8286925691053,0.0,
ID4953 → ID5297,15,4953,5297,2.2250738585072014E-308,NaN,0.0,0.0,0.5,531.2558679258034,263.0201128032282,0.0,
ID2702 → ID3760,15,2702,3760,153.01418525679279,0.23305399728951376,12.369890268583339,12.369890268583339,9.5,526.1657209767906,266.7838845447138,0.0,
ID2272 → ID2591,15,2272,2591,51.91629173592514,1.112542319885465,7.205296089400154,7.205296089400154,12.5,521.3366193446823,278.3957377773412,0.0,
ID3836 → ID3859,15,3836,3859,2.2250738585072014E-308,0.0,0.0,0.0,7.5,520.9512950834774,300.1141923213512,0.0,
ID3764 → ID2692,16,3764,2692,16.893804283781765,0.0,4.1102073285640675,4.1102073285640675,8.5,542.3291270152833,260.21743047334934,0.0,
ID5214 → ID3275,16,5214,3275,83.72133359308133,0.0,9.149936261695014,9.149936261695014,3.5,536.5456261124494,250.19432331451944,0.0,
ID3335 → ID2275,16,3335,2275,151.58298493779682,0.0,12.311904196256435,12.311904196256435,11.5,533.0249517617931,273.9439493275022,0.0,
ID3785 → ID3335,16,3785,3335,2.2250738585072014E-308,0.0,0.0,0.0,10.5,536.6703814721017,268.9834464838734,0.0,
ID3667 → ID3723,16,3667,3723,48.810743671086875,0.8906703809859706,6.986468612331045,6.986468612331045,6.5,541.1825015311865,256.6697171656602,0.0,
ID2594 → ID3048,16,2594,3048,2.2250738585072014E-308,0.0,0.0,0.0,13.5,530.4098818318957,279.95062454683807,0.0,
ID2692 → ID3785,16,2692,3785,71.97160739622507,0.3571209731991805,8.4836081590456,8.4836081590456,9.5,538.7200674841167,265.26973013751547,0.0,
ID5865 → ID5647,16,5865,5647,2.2250738585072014E-308,0.0,0.0,0.0,16.5,523.3580078872839,317.8992662230543,0.0,
ID3723 → ID3764,16,3723,3764,2.2250738585072014E-308,0.0,0.0,0.0,7.5,543.8885005344348,258.8788471555411,0.0,
ID4087 → ID5214,16,4087,5214,2.2250738585072014E-308,0.0,0.0,0.0,2.5,535.7961980195328,245.6811547012481,0.0,
ID5288 → ID4087,16,5288,4087,2.2250738585072014E-308,0.0,0.0,0.0,1.5,535.7961980195328,245.6811547012481,0.0,
ID3275 → ID3766,16,3275,3766,2.2250738585072014E-308,0.0,0.0,0.0,4.5,537.2950542053661,254.70749192779078,0.0,
ID2275 → ID2594,16,2275,2594,2.1561179167814872,1.411544528490064,1.468372540189133,1.468372540189133,12.5,529.8947019416902,279.4275383589845,0.0,
ID3766 → ID3667,16,3766,3667,1.4567820954746353,0.0,1.2069722844683035,1.2069722844683035,5.5,537.8857783666522,254.584039551785,0.0,
ID4949 → ID5288,16,4949,5288,2.2250738585072014E-308,NaN,0.0,0.0,0.5,535.7961980195328,245.6811547012481,0.0,
ID3048 → ID5865,16,3048,5865,1489.8283312005533,0.0,19.29914720396055,38.5982944079211,15.0,526.8839448595897,298.9249453849462,0.0,
ID3491 → ID4554,17,3491,4554,458.4133835773197,1.8593192729189647,21.410590453729192,21.410590453729192,9.5,137.817309004567,607.3958554198955,0.0,
ID3901 → ID2418,17,3901,2418,313.47586333248586,0.0,17.70524959814139,17.70524959814139,14.5,146.50739774132353,611.6194522538356,0.0,
ID2418 → ID5929,17,2418,5929,223.9501431747458,2.2957184500821617,14.964963854775787,14.964963854775787,15.5,144.8209609514244,618.2276664975509,0.0,
ID5929 → ID5711,17,5929,5711,2.2250738585072014E-308,0.0,0.0,0.0,16.5,137.33894594415517,618.1440768768763,0.0,
ID2428 → ID3106,17,2428,3106,45.74844920145354,0.8325989714077364,6.763759989935593,6.763759989935593,12.5,138.32570955084753,602.5310692656508,0.0,
ID4168 → ID2428,17,4168,2428,39.001797509438056,0.0,6.245141912674047,6.245141912674047,11.5,132.82019135494838,600.2749953621477,0.0,
ID3106 → ID3901,17,3106,3901,2.2250738585072014E-308,0.0,0.0,0.0,13.5,140.7118195239534,604.9276483894454,0.0,
ID4507 → ID4565,17,4507,4565,1764.3687932341027,NaN,42.00439016619695,42.00439016619695,6.5,133.94786163267588,595.5460071001366,0.0,
ID4554 → ID4168,17,4554,4168,2.2250738585072014E-308,0.0,0.0,0.0,10.5,129.7007831321551,600.4155005824392,0.0,
ID4596 → ID3491,17,4596,3491,6.783083256689911,0.0,2.6044353047618425,2.6044353047618425,8.5,146.46691743848942,613.1881051286758,0.0,
ID4565 → ID4596,17,4565,4596,2.2250738585072014E-308,0.0,0.0,0.0,7.5,147.0,612.0,0.0,
ID3053 → ID2101,18,3053,2101,10.027862267311189,0.0,3.1666800070912107,3.1666800070912107,14.5,508.0049576789968,286.6911346371495,0.0,
ID2597 → ID3053,18,2597,3053,2.2250738585072014E-308,NaN,0.0,0.0,13.5,506.53910127439167,286.0926109802185,0.0,
ID2101 → ID5848,18,2101,5848,127.25273069075193,0.7872507339763667,11.280635207768752,11.280635207768752,15.5,514.6667660301687,285.09528684839114,0.0,
ID5848 → ID5630,18,5848,5630,2.2250738585072014E-308,0.0,0.0,0.0,16.5,519.8627179767354,282.9009154027018,0.0,
ID2549 → ID5970,19,2549,5970,52.59247156215396,2.3214770330985606,7.252066709714822,7.252066709714822,15.5,763.5836775605059,719.784739172051,0.0,
ID3622 → ID4333,19,3622,4333,2.2250738585072014E-308,0.0,0.0,0.0,13.5,740.0,735.0,0.0,
ID2615 → ID3622,19,2615,3622,69.3588834874321,2.289899304059317,8.328198093671409,8.328198093671409,12.5,741.5819251067671,731.1480869910604,0.0,
ID4824 → ID4567,19,4824,4567,2.2250738585072014E-308,0.0,0.0,0.0,10.5,747.0,735.0,0.0,
ID5970 → ID5752,19,5970,5752,2.2250738585072014E-308,0.0,0.0,0.0,16.5,760.1673551210117,718.569478344102,0.0,
ID4567 → ID2615,19,4567,2615,74.06498049795245,0.0,8.606101352990938,8.606101352990938,11.5,745.0819251067671,731.1480869910604,0.0,
ID4333 → ID2549,19,4333,2549,925.0,0.0,30.4138126514911,30.4138126514911,14.5,753.5,728.0,0.0,
ID3947 → ID4824,19,3947,4824,165.75610399597326,NaN,12.874630246961397,12.874630246961397,9.5,744.6902221972957,728.9913435361033,0.0,
ID2602 → ID3063,20,2602,3063,2.2250738585072014E-308,0.0,0.0,0.0,13.5,580.3170368227527,291.2105641736345,0.0,
ID4947 → ID5284,20,4947,5284,2.2250738585072014E-308,NaN,0.0,0.0,0.5,545.4031434302004,242.93870183718775,0.0,
ID3737 → ID3773,20,3737,3773,2.2250738585072014E-308,0.0,0.0,0.0,7.5,583.3847905804729,277.0981613196433,0.0,
ID3357 → ID2278,20,3357,2278,97.34272619312058,0.0,9.86624174613214,9.86624174613214,11.5,591.8436294174267,276.24774221501264,0.0,
ID3774 → ID3677,20,3774,3677,105.46246337118875,0.0,10.269491875024233,10.269491875024233,5.5,542.2231130365382,256.1496611270543,0.0,
ID3773 → ID2707,20,3773,2707,101.44817492960861,0.0,10.07214847634846,10.07214847634846,8.5,588.2565056935002,275.8220596035157,0.0,
ID4068 → ID5210,20,4068,5210,2.2250738585072014E-308,0.0,0.0,0.0,2.5,545.4031434302004,242.93870183718775,0.0,
ID5284 → ID4068,20,5284,4068,2.2250738585072014E-308,0.0,0.0,0.0,1.5,545.4031434302004,242.93870183718775,0.0,
ID5210 → ID3264,20,5210,3264,204.2455310745505,0.0,14.291449579190717,14.291449579190717,3.5,541.3490988177832,248.82309688248927,0.0,
ID2707 → ID3817,20,2707,3817,8.230965731614543,0.33405924853943475,2.8689659690582845,2.8689659690582845,9.5,594.3199959015499,273.74757605155514,0.0,
ID3264 → ID3774,20,3264,3774,2.2250738585072014E-308,0.0,0.0,0.0,4.5,537.2950542053661,254.70749192779078,0.0,
ID3677 → ID3737,20,3677,3737,1693.3720738430363,0.20915906942035786,41.15060235091385,41.15060235091385,6.5,565.2679812240915,267.34499582298054,0.0,
ID2278 → ID2602,20,2278,2602,197.81053936179356,0.24553042935813377,14.064513477607164,14.064513477607164,12.5,584.2462623305169,285.37842719396883,0.0,
ID3817 → ID3357,20,3817,3357,2.2250738585072014E-308,0.0,0.0,0.0,10.5,595.5117709965722,272.9491942157221,0.0,
ID2604 → ID3073,21,2604,3073,2.2250738585072014E-308,0.0,0.0,0.0,13.5,255.57901963376943,296.78484066081245,0.0,
ID3447 → ID2292,21,3447,2292,113.23889012443304,0.0,10.641376326605174,10.641376326605174,11.5,254.24273843389076,296.18465767430155,0.0,
ID3824 → ID3798,21,3824,3798,130.35897964995766,0.0,5.708742848691769,11.417485697383539,6.0,250.78304004819967,279.75988294977344,0.0,
ID2100 → ID5845,21,2100,5845,172.83052187732275,0.17536582086878533,13.146502267801985,13.146502267801985,15.5,273.4439070235045,278.16361720013026,0.0,
ID3073 → ID2100,21,3073,2100,372.76747732101444,0.0,19.307187193400658,19.307187193400658,14.5,262.56518743960277,290.12260914884956,0.0,
ID3814 → ID2697,21,3814,2697,509.9564927164045,0.0,22.582216293278314,22.582216293278314,8.5,252.0334051931285,274.2657755923291,0.0,
ID2697 → ID3907,21,2697,3907,773.4356939628017,2.984689304367739,27.81071185645563,27.81071185645563,9.5,253.8788933536585,276.96500523009144,0.0,
ID5845 → ID5627,21,5845,5627,2.2250738585072014E-308,0.0,0.0,0.0,16.5,277.3364588015728,272.8668567633739,0.0,
ID3329 → ID3824,21,3329,3824,2.2250738585072014E-308,NaN,0.0,0.0,4.5,250.96439437550637,274.05402144422874,0.0,
ID3907 → ID3447,21,3907,3447,2.2250738585072014E-308,0.0,0.0,0.0,10.5,254.29266204195298,290.86420373084275,0.0,
ID2292 → ID2604,21,2292,2604,24.202521676564267,2.865335775854909,4.919605845651079,4.919605845651079,12.5,254.885917229799,299.1449761392864,0.0,
ID3798 → ID3814,21,3798,3814,2.2250738585072014E-308,0.0,0.0,0.0,7.5,250.60168572089293,285.4657444553181,0.0,
ID2412 → ID5928,22,2412,5928,251.2606640373458,0.375648517781536,15.851203867130906,15.851203867130906,15.5,181.068833569457,610.1087251450717,0.0,
ID4126 → ID4546,22,4126,4546,2.2250738585072014E-308,0.0,0.0,0.0,4.5,249.37047241357985,595.5788932432645,0.0,
ID5061 → ID5471,22,5061,5471,2.2250738585072014E-308,NaN,0.0,0.0,0.5,254.54825754121958,598.661615083982,0.0,
ID4547 → ID4585,22,4547,4585,2.2250738585072014E-308,0.0,0.0,0.0,7.5,234.70225516314022,606.1832874096683,0.0,
ID2454 → ID3117,22,2454,3117,134.54103293762614,0.19103727733070539,11.599182425396462,11.599182425396462,12.5,199.2136544986452,606.3208075131795,0.0,
ID4585 → ID3480,22,4585,3480,171.19726202715907,0.0,13.084237158778462,13.084237158778462,8.5,228.20719709918507,606.966572959542,0.0,
ID4197 → ID2454,22,4197,2454,165.03937196999777,0.0,12.846765039106062,12.846765039106062,11.5,211.09836358876942,608.9283637431722,0.0,
ID5407 → ID4126,22,5407,4126,36.31263277524436,0.0,6.025996413477555,6.025996413477555,3.5,251.95936497739973,597.1202541636233,0.0,
ID4539 → ID4547,22,4539,4547,115.38984858576514,0.30739099811434656,10.741966700086401,10.741966700086401,6.5,239.4179941968223,603.6124378394584,0.0,
ID5471 → ID4765,22,5471,4765,2.2250738585072014E-308,0.0,0.0,0.0,1.5,254.54825754121958,598.661615083982,0.0,
ID3117 → ID3918,22,3117,3918,2.2250738585072014E-308,0.0,0.0,0.0,13.5,193.70192749858813,604.5163342628241,0.0,
ID3480 → ID4575,22,3480,4575,21.911020139090752,0.3171035043414723,4.680920864433702,4.680920864433702,9.5,219.59174235703324,608.7406526161125,0.0,
ID4765 → ID5407,22,4765,5407,2.2250738585072014E-308,0.0,0.0,0.0,2.5,254.54825754121958,598.661615083982,0.0,
ID4575 → ID4197,22,4575,4197,2.2250738585072014E-308,0.0,0.0,0.0,10.5,217.47134567883657,609.7314467228093,0.0,
ID3918 → ID2412,22,3918,2412,37.61571080524516,0.0,6.133164827823002,6.133164827823002,14.5,191.22187863809418,606.3200208627837,0.0,
ID5928 → ID5710,22,5928,5710,2.2250738585072014E-308,0.0,0.0,0.0,16.5,173.39583736131377,612.0937428274,0.0,
ID4546 → ID4539,22,4546,4539,57.26447421846818,0.0,7.567329398041833,7.567329398041833,5.5,246.7521028220421,598.3102407562565,0.0,
ID3687 → ID3767,23,3687,3767,104.52296528228517,0.26424564010109125,10.223647357097425,10.223647357097425,6.5,547.6148581583695,274.2235319302868,0.0,
ID2104 → ID5859,23,2104,5859,247.21037081279675,0.9609124209040195,15.722925008178242,15.722925008178242,15.5,522.3782779363464,308.0842731059033,0.0,
ID3792 → ID3687,23,3792,3687,20.415003632524293,0.0,4.518296541012364,4.518296541012364,5.5,545.3109023929046,267.27937445745573,0.0,
ID2717 → ID3877,23,2717,3877,47.684343907760194,1.5512790673829797,6.905385138264208,6.905385138264208,9.5,544.9368597440925,279.1443357244829,0.0,
ID3788 → ID2717,23,3788,2717,2.989404560618748,0.0,1.7289894622636506,1.7289894622636506,8.5,548.4378859670123,278.4178670833992,0.0,
ID3767 → ID3788,23,3767,3788,2.2250738585072014E-308,0.0,0.0,0.0,7.5,548.8280648210393,279.18930185188253,0.0,
ID3088 → ID2104,23,3088,2104,29.581961550817958,0.0,5.438930184403727,5.438930184403727,14.5,524.9668844237141,298.757549863117,0.0,
ID5859 → ID5641,23,5859,5641,2.2250738585072014E-308,0.0,0.0,0.0,16.5,522.0769264850728,315.9399576722549,0.0,
ID5218 → ID3297,23,5218,3297,128.4224946868265,0.0,11.332364920299138,11.332364920299138,3.5,546.0291467911985,259.93133457252827,0.0,
ID2282 → ID2608,23,2282,2608,175.9968657480875,0.06322897916580855,13.26638103433214,13.26638103433214,12.5,531.7484929941468,292.40798653824606,0.0,
ID3414 → ID2282,23,3414,2282,78.60557815937423,0.0,8.865978691570053,8.865978691570053,11.5,539.0344294518427,284.08585051192995,0.0,
ID4104 → ID5218,23,4104,5218,2.2250738585072014E-308,0.0,0.0,0.0,2.5,547.8381402922873,254.56168223883617,0.0,
ID3297 → ID3792,23,3297,3792,2.2250738585072014E-308,0.0,0.0,0.0,4.5,544.2201532901097,265.3009869062204,0.0,
ID5292 → ID4104,23,5292,4104,2.2250738585072014E-308,0.0,0.0,0.0,1.5,547.8381402922873,254.56168223883617,0.0,
ID4951 → ID5292,23,4951,5292,2.2250738585072014E-308,NaN,0.0,0.0,0.5,547.8381402922873,254.56168223883617,0.0,
ID3877 → ID3414,23,3877,3414,2.2250738585072014E-308,0.0,0.0,0.0,10.5,541.8260123751998,280.64223913404993,0.0,
ID2608 → ID3088,23,2608,3088,2.2250738585072014E-308,0.0,0.0,0.0,13.5,527.2541394598081,297.2865111866822,0.0,
ID3103 → ID2106,24,3103,2106,8.399829775523038,0.0,2.8982459825768823,2.8982459825768823,14.5,213.1133877541508,303.0737341742183,0.0,
ID2612 → ID3103,24,2612,3103,2.2250738585072014E-308,0.0,0.0,0.0,13.5,214.33323082719943,302.29146802959997,0.0,
ID2106 → ID5853,24,2106,5853,26.595725117647756,2.395944130529103,5.157104334570686,5.157104334570686,15.5,212.5437831735561,301.36078065268634,0.0,
ID3457 → ID2289,24,3457,2289,218.85577637491156,0.0,14.793774919705639,14.793774919705639,11.5,208.14538748194292,293.8250214824735,0.0,
ID2289 → ID2612,24,2289,2612,38.76326907533456,1.3907614259664378,6.226015505548839,6.226015505548839,12.5,214.7547804363117,299.20713452041343,0.0,
ID5853 → ID5635,24,5853,5635,2.2250738585072014E-308,0.0,0.0,0.0,16.5,213.19402166601006,298.8655609865361,0.0,
ID3897 → ID3457,24,3897,3457,2.2250738585072014E-308,NaN,0.0,0.0,10.5,201.11444491846186,291.5272419537201,0.0,
ID3812 → ID3696,25,3812,3696,8.220361504644654,0.0,2.8671172812852728,2.8671172812852728,5.5,584.5214200979194,271.2565085340966,0.0,
ID4143 → ID5226,25,4143,5226,2.2250738585072014E-308,0.0,0.0,0.0,2.5,581.6451804981683,264.72980299316487,0.0,
ID3696 → ID3782,25,3696,3782,412.7262081392935,1.360004603851657,20.31566410775915,20.31566410775915,6.5,593.2368865486818,277.203857447937,0.0,
ID2713 → ID3826,25,2713,3826,66.31819092848761,0.7216494855138647,8.14359815612777,8.14359815612777,9.5,612.7015495963628,275.9558859234694,0.0,
ID2614 → ID3112,25,2614,3112,2.2250738585072014E-308,0.0,0.0,0.0,13.5,595.6162715565514,302.09236875019906,0.0,
ID3782 → ID3797,25,3782,3797,2.2250738585072014E-308,0.0,0.0,0.0,7.5,602.3136362898739,281.76391952762333,0.0,
ID2122 → ID5864,25,2122,5864,174.05547034332068,0.31137692707120085,13.19300838866256,13.19300838866256,15.5,607.9967136458843,316.9844077754143,0.0,
ID4955 → ID5300,25,4955,5300,2.2250738585072014E-308,NaN,0.0,0.0,0.5,581.6451804981683,264.72980299316487,0.0,
ID3797 → ID2713,25,3797,2713,72.87359903308612,0.0,8.536603483416933,8.536603483416933,8.5,605.4719590113136,278.89278780903066,0.0,
ID3318 → ID3812,25,3318,3812,2.2250738585072014E-308,0.0,0.0,0.0,4.5,584.8827033883492,269.8692216999425,0.0,
ID3112 → ID2122,25,3112,2122,168.5096441562764,0.0,12.981126459451676,12.981126459451676,14.5,599.2220725352806,307.48918358312267,0.0,
ID3826 → ID3368,25,3826,3368,2.2250738585072014E-308,0.0,0.0,0.0,10.5,616.7728174599723,275.8901157565008,0.0,
ID2286 → ID2614,25,2286,2614,106.36941950679082,0.2582207308096269,10.313555134229459,10.313555134229459,12.5,598.0854802618505,297.5651882538666,0.0,
ID3368 → ID2286,25,3368,2286,557.0778918888118,0.0,23.602497577349983,23.602497577349983,11.5,608.663753213561,284.4640617570175,0.0,
ID5226 → ID3318,25,5226,3318,36.895179108021246,0.0,6.074140194959386,6.074140194959386,3.5,583.2639419432587,267.2995123465537,0.0,
ID5864 → ID5646,25,5864,5646,2.2250738585072014E-308,0.0,0.0,0.0,16.5,613.1655537777585,321.08281713478243,0.0,
ID5300 → ID4143,25,5300,4143,2.2250738585072014E-308,0.0,0.0,0.0,1.5,581.6451804981683,264.72980299316487,0.0,
ID5932 → ID5714,26,5932,5714,2.2250738585072014E-308,0.0,0.0,0.0,16.5,9.347172191535288,621.8374166985772,0.0,
ID4517 → ID4520,26,4517,4520,125.64785886609465,2.22281323501584,11.20927557276092,11.20927557276092,6.5,30.094744107797315,585.1731167501239,0.0,
ID4549 → ID4160,26,4549,4160,2.2250738585072014E-308,0.0,0.0,0.0,10.5,5.961240601433678,598.6604202539019,0.0,
ID5393 → ID4095,26,5393,4095,166.265145540867,0.0,12.894384263735395,12.894384263735395,3.5,25.42617428939106,561.2521483521941,0.0,
ID5460 → ID4725,26,5460,4725,2.2250738585072014E-308,0.0,0.0,0.0,1.5,27.0,555.0,0.0,
ID2415 → ID5932,26,2415,5932,120.88130401120259,0.9159714599215443,10.994603403997917,10.994603403997917,15.5,9.462721312931306,616.3413295082803,0.0,
ID4519 → ID4517,26,4519,4517,466.6776668000378,0.0,21.602723596806904,21.602723596806904,5.5,24.92617428939106,578.2521483521941,0.0,
ID4160 → ID2432,26,4160,2432,22.069061886488864,0.0,4.697772013038613,4.697772013038613,11.5,5.043630586993203,600.8226545920393,0.0,
ID3415 → ID4549,26,3415,4549,162.27195468839312,0.15065506071706347,12.738600970608708,12.738600970608708,9.5,11.058303017022364,594.8410036225704,0.0,
ID5052 → ID5460,26,5052,5460,2.2250738585072014E-308,NaN,0.0,0.0,0.5,27.0,555.0,0.0,
ID3127 → ID3928,26,3127,3928,2.2250738585072014E-308,0.0,0.0,0.0,13.5,4.39027173928697,606.6854357699239,0.0,
ID3928 → ID2415,26,3928,2415,44.21932097701976,0.0,6.649760971419933,6.649760971419933,14.5,6.984271086807147,608.7653390439536,0.0,
ID4530 → ID3415,26,4530,3415,418.84204972736404,0.0,20.46563093890252,20.46563093890252,8.5,25.172426824102843,586.1839102457433,0.0,
ID4095 → ID4519,26,4095,4519,2.2250738585072014E-308,0.0,0.0,0.0,4.5,23.85234857878212,567.5042967043881,0.0,
ID4520 → ID4530,26,4520,4530,2.2250738585072014E-308,0.0,0.0,0.0,7.5,34.18948821559463,581.3462335002476,0.0,
ID4725 → ID5393,26,4725,5393,2.2250738585072014E-308,0.0,0.0,0.0,2.5,27.0,555.0,0.0,
ID2432 → ID3127,26,2432,3127,13.763875592282378,0.47263345367921256,3.7099697562490155,3.7099697562490155,12.5,4.258146155919849,604.8351623500503,0.0,
ID5304 → ID4158,27,5304,4158,2.2250738585072014E-308,0.0,0.0,0.0,1.5,589.5812629547441,275.6251952968527,0.0,
ID5855 → ID5637,27,5855,5637,2.2250738585072014E-308,0.0,0.0,0.0,16.5,594.6807943848576,307.14433381423623,0.0,
ID4158 → ID5230,27,4158,5230,2.2250738585072014E-308,0.0,0.0,0.0,2.5,589.5812629547441,275.6251952968527,0.0,
ID4957 → ID5304,27,4957,5304,2.2250738585072014E-308,NaN,0.0,0.0,0.5,589.5812629547441,275.6251952968527,0.0,
ID3813 → ID3830,27,3813,3830,2.2250738585072014E-308,0.0,0.0,0.0,7.5,597.5885774987631,297.40937729411723,0.0,
ID3121 → ID2103,27,3121,2103,14.321996486765112,0.0,3.7844413705017432,3.7844413705017432,14.5,585.8382964951447,300.8873178353036,0.0,
ID2732 → ID3855,27,2732,3855,149.15455001693883,0.9709322195303866,12.21288459033896,12.21288459033896,9.5,604.0716089961744,283.8816062116245,0.0,
ID3719 → ID3813,27,3719,3813,341.4698837327395,0.9866847219661504,18.478903748132343,18.478903748132343,6.5,594.6597856458862,288.6464069520639,0.0,
ID2103 → ID5855,27,2103,5855,120.21970169941073,1.7271202608902687,10.964474529105841,10.964474529105841,15.5,590.8191633015203,303.2529676272709,0.0,
ID3349 → ID3839,27,3349,3839,2.2250738585072014E-308,0.0,0.0,0.0,4.5,589.4253503783359,279.26623288198266,0.0,
ID2618 → ID3121,27,2618,3121,2.2250738585072014E-308,0.0,0.0,0.0,13.5,584.7190607721061,302.41303423030155,0.0,
ID3839 → ID3719,27,3839,3719,5.696931997518538,0.0,2.386824668365596,2.386824668365596,5.5,590.5781720856726,279.57483474599655,0.0,
ID2284 → ID2618,27,2284,2618,271.0386419119488,0.1623888210657539,16.463251255810583,16.463251255810583,12.5,589.1213942696502,295.4575241660152,0.0,
ID5230 → ID3349,27,5230,3349,13.281463427811094,0.0,3.6443742162147803,3.6443742162147803,3.5,589.5033066665401,277.4457140894177,0.0,
ID3830 → ID2732,27,3830,2732,114.09681711945379,0.0,10.681611166834982,10.681611166834982,8.5,601.3808095175905,293.6486352669044,0.0,
ID3389 → ID2284,27,3389,2284,202.16203771283006,0.0,14.218369727673776,14.218369727673776,11.5,598.2469521115627,283.18866664264317,0.0,
ID3855 → ID3389,27,3855,3389,2.2250738585072014E-308,0.0,0.0,0.0,10.5,602.9701764559311,277.87531918355734,0.0,
ID3130 → ID2105,28,3130,2105,0.7919201638402318,0.0,0.8898989627144375,0.8898989627144375,14.5,707.1497909454288,302.50653239924185,0.0,
ID2105 → ID5852,28,2105,5852,16.56036463761524,0.4729348177744194,4.069442792031268,4.069442792031268,15.5,706.5566557917332,300.1404791840383,0.0,
ID2622 → ID3130,28,2622,3130,2.2250738585072014E-308,NaN,0.0,0.0,13.5,707.4138589745464,302.86464986175656,0.0,
ID5852 → ID5634,28,5852,5634,2.2250738585072014E-308,0.0,0.0,0.0,16.5,706.2275886671554,298.1325434313496,0.0,
ID2552 → ID2003,29,2552,2003,50.69871809605459,0.0,7.120303230625406,7.120303230625406,14.5,10.178796525328139,1.603100799879844,0.0,
ID2377 → ID2936,29,2377,2936,6.419279161454893,1.966844283121761,2.533629641730396,2.533629641730396,9.5,4.772296871351726,1.004179930522443,0.0,
ID2936 → ID2676,29,2936,2676,2.2250738585072014E-308,0.0,0.0,0.0,10.5,5.544593742703452,2.008359861044886,0.0,
ID2861 → ID2983,29,2861,2983,2.2250738585072014E-308,0.0,0.0,0.0,7.5,0.0,7.0,0.0,
ID5756 → ID5538,29,5756,5538,2.2250738585072014E-308,0.0,0.0,0.0,16.5,0.0,0.0,0.0,
ID2983 → ID2377,29,2983,2377,65.0,0.0,8.06225774829855,8.06225774829855,8.5,2.0,3.5,0.0,
ID2676 → ID2114,29,2676,2114,10.75027681176345,0.0,3.2787614752774332,3.2787614752774332,11.5,5.611416747443554,3.6463781420718,0.0,
ID2880 → ID2861,29,2880,2861,25.0,NaN,5.0,5.0,6.5,0.0,9.5,0.0,
ID2114 → ID2111,29,2114,2111,29.671895709166005,2.8557238197132495,5.44719154327861,5.44719154327861,12.5,6.339119876091829,2.642198211549357,0.0,
ID2111 → ID2552,29,2111,2552,2.2250738585072014E-308,0.0,0.0,0.0,13.5,7.0,0.0,0.0,
ID2003 → ID5756,29,2003,5756,188.7050208052425,2.9100743372871842,13.736994605998886,13.736994605998886,15.5,6.678796525328139,1.603100799879844,0.0,
ID5757 → ID5539,30,5757,5539,2.2250738585072014E-308,0.0,0.0,0.0,16.5,588.0,0.0,0.0,
ID2113 → ID2557,30,2113,2557,2.2250738585072014E-308,NaN,0.0,0.0,13.5,608.0,0.0,0.0,
ID2000 → ID5757,30,2000,5757,25.0,0.0,5.0,5.0,15.5,590.5,0.0,0.0,
ID2557 → ID2000,30,2557,2000,225.0,0.0,15.0,15.0,14.5,600.5,0.0,0.0,
ID3938 → ID2409,31,3938,2409,35.70943249752762,0.0,5.975736983630355,5.975736983630355,14.5,174.7071592197043,608.0137757125001,0.0,
ID3137 → ID3938,31,3137,3938,2.2250738585072014E-308,0.0,0.0,0.0,13.5,177.68300523270136,607.7460097114632,0.0,
ID2409 → ID5934,31,2409,5934,240.26315591238654,1.497488902361196,15.50042437846095,15.50042437846095,15.5,171.85864890926788,616.0307077716977,0.0,
ID2444 → ID3137,31,2444,3137,376.1583884852208,0.19552702944220435,19.394803130870415,19.394803130870415,12.5,187.3794161520084,607.6074008905016,0.0,
ID5934 → ID5716,31,5934,5716,2.2250738585072014E-308,0.0,0.0,0.0,16.5,171.98598461182857,623.7798738298584,0.0,
ID3456 → ID4570,31,3456,4570,8.461461266886678,NaN,2.9088591005558655,2.9088591005558655,9.5,203.01322935938248,608.6252176277849,0.0,
ID4570 → ID4188,31,4570,4188,2.2250738585072014E-308,0.0,0.0,0.0,10.5,204.4544381653948,608.8208767553365,0.0,
ID4188 → ID2444,31,4188,2444,56.272034675236775,0.0,7.501468834517462,7.501468834517462,11.5,200.76513261835512,608.1448344124382,0.0,
ID3759 → ID3779,32,3759,3779,2.2250738585072014E-308,0.0,0.0,0.0,7.5,163.75454460841908,277.8118098897985,0.0,
ID3709 → ID3759,32,3709,3759,91.96876481896058,0.9503902317634586,9.590034662031236,9.590034662031236,6.5,159.07752563027827,278.8690159637741,0.0,
ID2291 → ID2626,32,2291,2626,13.896017969364065,0.3362237074840363,3.727736306307632,3.727736306307632,12.5,151.27042330456754,302.20846690563906,0.0,
ID3140 → ID2112,32,3140,2112,35.940934637152466,0.0,5.995075865837935,5.995075865837935,14.5,152.47014863769814,306.9028903841966,0.0,
ID5237 → ID3407,32,5237,3407,139.6427627808094,0.0,11.817053895993256,11.817053895993256,3.5,152.36539060814013,282.32097758355246,0.0,
ID4175 → ID5237,32,4175,5237,2.2250738585072014E-308,0.0,0.0,0.0,2.5,153.75278415247584,276.5776484228358,0.0,
ID5308 → ID4175,32,5308,4175,2.2250738585072014E-308,0.0,0.0,0.0,1.5,153.75278415247584,276.5776484228358,0.0,
ID3932 → ID3484,32,3932,3484,2.2250738585072014E-308,0.0,0.0,0.0,10.5,149.03946303899332,296.63204269523237,0.0,
ID2735 → ID3932,32,2735,3932,451.0280126138451,1.7316600222414806,21.237420102588853,21.237420102588853,9.5,159.33811827425413,294.0446301848861,0.0,
ID3407 → ID3890,32,3407,3890,2.2250738585072014E-308,0.0,0.0,0.0,4.5,150.97799706380442,288.06430674426906,0.0,
ID2626 → ID3140,32,2626,3140,2.2250738585072014E-308,0.0,0.0,0.0,13.5,151.54325542283627,304.05225841434657,0.0,
ID3484 → ID2291,32,3484,2291,17.766812727063837,0.0,4.215069717936328,4.215069717936328,11.5,150.0185271126461,298.49835904608193,0.0,
ID4959 → ID5308,32,4959,5308,2.2250738585072014E-308,NaN,0.0,0.0,0.5,153.75278415247584,276.5776484228358,0.0,
ID3890 → ID3709,32,3890,3709,77.94199457271668,0.0,8.828476344914602,8.828476344914602,5.5,152.68925185797093,283.99526439100936,0.0,
ID3779 → ID2735,32,3779,2735,220.79777045676687,0.0,14.859265475008073,14.859265475008073,8.5,166.695659058967,284.63451378216917,0.0,
ID3150 → ID2110,33,3150,2110,16.0,0.0,4.0,4.0,14.5,0.0,307.0,0.0,
ID2628 → ID3150,33,2628,3150,2.2250738585072014E-308,0.0,0.0,0.0,13.5,0.0,305.0,0.0,
ID2287 → ID2628,33,2287,2628,100.0,NaN,10.0,10.0,12.5,0.0,300.0,0.0,
ID2561 → ID2005,34,2561,2005,46.85898412914224,0.0,6.845362235056831,6.845362235056831,14.5,748.3159563445333,3.408066551673352,0.0,
ID2119 → ID2561,34,2119,2561,2.2250738585072014E-308,NaN,0.0,0.0,13.5,748.0,0.0,0.0,
ID2005 → ID5760,34,2005,5760,73.19246697119046,1.066576252144094,8.555259608637861,8.555259608637861,15.5,745.0933950972839,9.219674239970171,0.0,
ID5760 → ID5542,34,5760,5542,2.2250738585072014E-308,0.0,0.0,0.0,16.5,741.554877505501,11.623215376593636,0.0,
ID3158 → ID2115,35,3158,2115,17.015678952076115,0.0,4.125006539640406,4.125006539640406,14.5,9.486943833610464,309.8292281981312,0.0,
ID2631 → ID3158,35,2631,3158,2.2250738585072014E-308,0.0,0.0,0.0,13.5,10.253723069945357,307.9145560745694,0.0,
ID2293 → ID2631,35,2293,2631,3.331751961278722,NaN,1.8253087304011675,1.8253087304011675,12.5,10.599928468753035,307.070115542527,0.0,
ID2973 → ID2381,36,2973,2381,576.0,0.0,24.0,24.0,8.5,687.0,0.0,0.0,
ID2873 → ID2874,36,2873,2874,36.0,0.0,6.0,6.0,5.5,711.0,0.0,0.0,
ID3197 → ID5014,36,3197,5014,2.2250738585072014E-308,0.0,0.0,0.0,2.5,724.0,0.0,0.0,
ID5132 → ID3197,36,5132,3197,2.2250738585072014E-308,0.0,0.0,0.0,1.5,724.0,0.0,0.0,
ID2655 → ID2873,36,2655,2873,2.2250738585072014E-308,0.0,0.0,0.0,4.5,714.0,0.0,0.0,
ID5014 → ID2655,36,5014,2655,100.0,0.0,10.0,10.0,3.5,719.0,0.0,0.0,
ID2857 → ID2973,36,2857,2973,2.2250738585072014E-308,0.0,0.0,0.0,7.5,699.0,0.0,0.0,
ID4870 → ID5132,36,4870,5132,2.2250738585072014E-308,NaN,0.0,0.0,0.5,724.0,0.0,0.0,
ID2671 → ID2120,36,2671,2120,333.7166340706352,0.0,18.26791269057949,18.26791269057949,11.5,645.1371361317747,6.027458672099478,0.0,
ID2381 → ID2926,36,2381,2926,529.0,0.0,23.0,23.0,9.5,663.5,0.0,0.0,
ID2926 → ID2671,36,2926,2671,2.2250738585072014E-308,0.0,0.0,0.0,10.5,652.0,0.0,0.0,
ID2874 → ID2857,36,2874,2857,81.0,0.0,9.0,9.0,6.5,703.5,0.0,0.0,
ID2565 → ID2001,36,2565,2001,284.6287993932373,0.0,16.87094542084815,16.87094542084815,14.5,614.53690886751,5.331605978143819,0.0,
ID2120 → ID2121,36,2120,2121,297.792479874755,0.8014150522596789,17.2566647958044,17.2566647958044,12.5,629.6740449992847,11.359064650243297,0.0,
ID5758 → ID5540,36,5758,5540,2.2250738585072014E-308,0.0,0.0,0.0,16.5,600.7732196926611,5.990695631328508,0.0,
ID2001 → ID5758,36,2001,5758,88.11478775775998,1.376340898862106,9.38694773383553,9.38694773383553,15.5,604.3866098463305,2.995347815664254,0.0,
ID2121 → ID2565,36,2121,2565,2.2250738585072014E-308,0.0,0.0,0.0,13.5,621.0738177350199,10.663211956287638,0.0,
ID4958 → ID5306,37,4958,5306,2.2250738585072014E-308,NaN,0.0,0.0,0.5,755.1072467031228,275.10404061281747,0.0,
ID5232 → ID3361,37,5232,3361,60.92303867531048,0.0,7.805321176947844,7.805321176947844,3.5,753.8321214550972,278.79251119975123,0.0,
ID5306 → ID4167,37,5306,4167,2.2250738585072014E-308,0.0,0.0,0.0,1.5,755.1072467031228,275.10404061281747,0.0,
ID2810 → ID4048,37,2810,4048,421.26841856054085,0.7670025890088937,20.524824446521848,20.524824446521848,9.5,720.6941922253625,323.01270292629573,0.0,
ID3747 → ID3886,37,3747,3886,235.07732341089394,1.2629580730427026,15.332231520913515,15.332231520913515,6.5,745.7496967762368,300.110247556423,0.0,
ID2302 → ID2634,37,2302,2634,171.40146747665125,1.7735425359438117,13.092038323983445,13.092038323983445,12.5,716.3878901093151,314.7684665253141,0.0,
ID3621 → ID2302,37,3621,2302,77.73705194075701,0.0,8.816861796623389,8.816861796623389,11.5,714.7444512814213,321.69393935320056,0.0,
ID5856 → ID5638,37,5856,5638,2.2250738585072014E-308,0.0,0.0,0.0,16.5,715.6938546009854,306.8321997753249,0.0,
ID3361 → ID3849,37,3361,3849,2.2250738585072014E-308,0.0,0.0,0.0,4.5,752.5569962070717,282.480981786685,0.0,
ID2634 → ID3169,37,2634,3169,2.2250738585072014E-308,0.0,0.0,0.0,13.5,713.7254533012128,308.7883497110683,0.0,
ID3169 → ID2109,37,3169,2109,11.992902527493978,0.0,3.463077031700851,3.463077031700851,14.5,715.4466481394877,308.59936833481754,0.0,
ID4048 → ID3621,37,4048,3621,2.2250738585072014E-308,0.0,0.0,0.0,10.5,710.4385756454255,322.6392953668413,0.0,
ID3905 → ID2810,37,3905,2810,614.2627699114456,0.0,24.784325084848398,24.784325084848398,8.5,740.179099875392,315.1165349935395,0.0,
ID3849 → ID3747,37,3849,3747,228.1847508638396,0.0,15.105785344160019,15.105785344160019,5.5,747.3239994070304,287.9272586991011,0.0,
ID2109 → ID5856,37,2109,5856,4.6633165202225,2.2127099779672923,2.159471352026347,2.159471352026347,15.5,716.430848789374,307.6212933669458,0.0,
ID4167 → ID5232,37,4167,5232,2.2250738585072014E-308,0.0,0.0,0.0,2.5,755.1072467031228,275.10404061281747,0.0,
ID3886 → ID3905,37,3886,3905,2.2250738585072014E-308,0.0,0.0,0.0,7.5,749.4083909454845,306.8469595013288,0.0,
ID2124 → ID2570,38,2124,2570,2.2250738585072014E-308,0.0,0.0,0.0,13.5,7.793157511880506,13.212201258604232,0.0,
ID2117 → ID2124,38,2117,2124,189.06451517103366,NaN,13.750073278751413,13.750073278751413,12.5,14.44263805175451,11.465622504984655,0.0,
ID2570 → ID2006,38,2570,2006,31.102160742712467,0.0,5.576931122285129,5.576931122285129,14.5,10.099677929497298,14.7792059646581,0.0,
ID5413 → ID4148,39,5413,4148,1.0591463212960783,0.0,1.0291483475651497,1.0291483475651497,3.5,738.8784973722238,627.1264097782262,0.0,
ID3949 → ID2425,39,3949,2425,32.92000799716978,0.0,5.737596012021915,5.737596012021915,14.5,729.2732835307461,621.0815436131305,0.0,
ID3148 → ID3949,39,3148,3949,2.2250738585072014E-308,0.0,0.0,0.0,13.5,726.4050562890477,621.1387667664173,0.0,
ID5477 → ID4785,39,5477,4785,2.2250738585072014E-308,0.0,0.0,0.0,1.5,739.2586595246299,627.4731997985584,0.0,
ID4614 → ID3544,39,4614,3544,65.78040757704962,0.0,8.110512164903621,8.110512164903621,8.5,731.1926330973156,627.0820328241874,0.0,
ID2469 → ID3148,39,2469,3148,4.109402478955508,1.0441618991235682,2.0271661202169664,2.0271661202169664,12.5,725.5535685747495,620.5889310708336,0.0,
ID4249 → ID2469,39,4249,2469,39.36392854476894,0.0,6.274067942313738,6.274067942313738,11.5,721.9063248587914,621.4620256319299,0.0,
ID4785 → ID5413,39,4785,5413,2.2250738585072014E-308,0.0,0.0,0.0,2.5,739.2586595246299,627.4731997985584,0.0,
ID4563 → ID4561,39,4563,4561,11.695155156219034,0.0,3.4198180004525143,3.4198180004525143,5.5,736.8193004747498,626.4561524273813,0.0,
ID4582 → ID4614,39,4582,4614,2.2250738585072014E-308,0.0,0.0,0.0,7.5,735.2261500471243,627.5013690972056,0.0,
ID5065 → ID5477,39,5065,5477,2.2250738585072014E-308,NaN,0.0,0.0,0.5,739.2586595246299,627.4731997985584,0.0,
ID4605 → ID4249,39,4605,4249,2.2250738585072014E-308,0.0,0.0,0.0,10.5,719.1105688571316,622.8849558886099,0.0,
ID3544 → ID4605,39,3544,4605,79.05043799896349,0.3352533460706477,8.891031323697128,8.891031323697128,9.5,723.1348425023193,624.7738262198895,0.0,
ID4148 → ID4563,39,4148,4563,2.2250738585072014E-308,0.0,0.0,0.0,4.5,738.4983352198178,626.779619757894,0.0,
ID4561 → ID4582,39,4561,4582,1.8806720087607587,1.8237828267051754,1.3713759545656174,1.3713759545656174,6.5,735.183207888403,626.8170270970372,0.0,
ID5314 → ID4201,40,5314,4201,2.2250738585072014E-308,0.0,0.0,0.0,1.5,167.09852057066,280.87235980197937,0.0,
ID3823 → ID2744,40,3823,2744,86.58590782545576,0.0,9.305154906042981,9.305154906042981,8.5,162.46292205853598,296.9118455512742,0.0,
ID3519 → ID2294,40,3519,2294,2.5885024918428483,0.0,1.60888237352606,1.60888237352606,11.5,160.10327367451507,307.07714468859626,0.0,
ID3755 → ID3805,40,3755,3805,7.027610940007207,2.6870631209054237,2.65096415290875,2.65096415290875,6.5,162.4868233004656,293.48903135904123,0.0,
ID2294 → ID2638,40,2294,2638,11.559062644986403,0.3101909169170023,3.3998621508800033,3.3998621508800033,12.5,159.3262503080436,309.4303528415666,0.0,
ID5863 → ID5645,40,5863,5645,2.2250738585072014E-308,0.0,0.0,0.0,16.5,157.72275438985218,319.39670281973696,0.0,
ID2744 → ID3956,40,2744,3956,25.36189655974987,0.2059147879716362,5.036059626310025,5.036059626310025,9.5,161.02247423877515,303.90096072212106,0.0,
ID2638 → ID3181,40,2638,3181,2.2250738585072014E-308,0.0,0.0,0.0,13.5,158.63592318661097,310.983805166764,0.0,
ID3956 → ID3519,40,3956,3519,2.2250738585072014E-308,0.0,0.0,0.0,10.5,160.18996991955393,306.27738886082324,0.0,
ID3805 → ID3823,40,3805,3823,2.2250738585072014E-308,0.0,0.0,0.0,7.5,163.07086555907563,292.29915851912955,0.0,
ID4201 → ID5243,40,4201,5243,2.2250738585072014E-308,0.0,0.0,0.0,2.5,167.09852057066,280.87235980197937,0.0,
ID3386 → ID3870,40,3386,3870,2.2250738585072014E-308,0.0,0.0,0.0,4.5,161.9186689872035,285.6858899077581,0.0,
ID3870 → ID3755,40,3870,3755,80.87455846844149,0.0,8.993028325788899,8.993028325788899,5.5,161.91072501452953,290.18239705335554,0.0,
ID3181 → ID2116,40,3181,2116,4.992424228506691,0.0,2.234373341343539,2.234373341343539,14.5,158.29510306436137,312.0477354752882,0.0,
ID5243 → ID3386,40,5243,3386,50.00093450587535,0.0,7.071133891100871,7.071133891100871,3.5,164.50859477893175,283.27912485486877,0.0,
ID2116 → ID5863,40,2116,5863,39.55529601345427,0.2731905110001588,6.2893001211147705,6.2893001211147705,15.5,157.83851866598198,316.25418430177467,0.0,
ID4962 → ID5314,40,4962,5314,2.2250738585072014E-308,NaN,0.0,0.0,0.5,167.09852057066,280.87235980197937,0.0,
ID3194 → ID2125,41,3194,2125,13.177290288114555,0.0,3.6300537582953996,3.6300537582953996,14.5,297.112647390436,312.95487637562417,0.0,
ID3924 → ID2769,41,3924,2769,3.15515149981697,0.0,1.7762746127265823,1.7762746127265823,8.5,274.5848089331598,310.33234131479844,0.0,
ID5861 → ID5643,41,5861,5643,2.2250738585072014E-308,0.0,0.0,0.0,16.5,295.7674911763388,316.62001324598776,0.0,
ID2640 → ID3194,41,2640,3194,2.2250738585072014E-308,0.0,0.0,0.0,13.5,297.61323143740805,311.21024512978863,0.0,
ID2769 → ID3975,41,2769,3975,271.14252670231025,1.5825780746831715,16.466406004417305,16.466406004417305,9.5,282.60066581451986,308.2956379360117,0.0,
ID3904 → ID3924,41,3904,3924,2.2250738585072014E-308,NaN,0.0,0.0,7.5,274.72017788513637,311.2101016020039,0.0,
ID2125 → ID5861,41,2125,5861,4.401643999326247,0.13488874221486677,2.098009532706238,2.098009532706238,15.5,296.1897772599014,315.65976043372376,0.0,
ID3975 → ID3541,41,3975,3541,2.2250738585072014E-308,0.0,0.0,0.0,10.5,290.75189164785644,307.13669484443045,0.0,
ID2295 → ID2640,41,2295,2640,27.09551180910973,0.5147113633138383,5.205334937264818,5.205334937264818,12.5,295.6626405129863,309.48714530742166,0.0,
ID3541 → ID2295,41,3541,2295,9.156103860229177,0.0,3.0259054612180427,3.0259054612180427,11.5,292.23197061821054,307.4503701647426,0.0,
ID3010 → ID2388,42,3010,2388,23.67844257891027,0.0,4.8660499975760905,4.8660499975760905,8.5,443.7291609977625,29.055081357845495,0.0,
ID2009 → ID5763,42,2009,5763,42.60788987041396,0.11038061773754845,6.527471935628215,6.527471935628215,15.5,441.8632618208157,27.822956762435908,0.0,
ID2687 → ID2919,42,2687,2919,2.2250738585072014E-308,0.0,0.0,0.0,4.5,436.6851288856947,25.8627888702063,0.0,
ID5033 → ID2687,42,5033,2687,162.10686338886586,0.0,12.732119359669303,12.732119359669303,3.5,432.850963153773,30.944706715604212,0.0,
ID2573 → ID2009,42,2573,2009,6.507388398271138,0.0,2.550958329387436,2.550958329387436,14.5,445.692631038857,25.39607862454278,0.0,
ID2961 → ID2689,42,2961,2689,2.2250738585072014E-308,0.0,0.0,0.0,10.5,445.0834795624787,25.695150618967098,0.0,
ID2919 → ID2906,42,2919,2906,18.89737511908071,0.0,4.347111123387658,4.347111123387658,5.5,436.5043420497692,28.028812854313173,0.0,
ID2891 → ID3010,42,2891,3010,2.2250738585072014E-308,0.0,0.0,0.0,7.5,443.9980557555619,31.473201754756193,0.0,
ID2388 → ID2961,42,2388,2961,3.5218282106296126,1.1557976944620967,1.8766534604528382,1.8766534604528382,9.5,444.2718729012209,26.166055789950946,0.0,
ID3270 → ID5033,42,3270,5033,2.2250738585072014E-308,0.0,0.0,0.0,2.5,429.0167974218513,36.02662456100213,0.0,
ID2129 → ID2573,42,2129,2573,2.2250738585072014E-308,0.0,0.0,0.0,13.5,446.82072691631686,24.800892274879253,0.0,
ID5763 → ID5545,42,5763,5545,2.2250738585072014E-308,0.0,0.0,0.0,16.5,439.1619884802343,29.6546485506655,0.0,
ID5149 → ID3270,42,5149,3270,2.2250738585072014E-308,0.0,0.0,0.0,1.5,429.0167974218513,36.02662456100213,0.0,
ID4877 → ID5149,42,4877,5149,2.2250738585072014E-308,NaN,0.0,0.0,0.5,429.0167974218513,36.02662456100213,0.0,
ID2123 → ID2129,42,2123,2129,15.530233367538727,2.6514563159345954,3.9408417080033455,3.9408417080033455,12.5,445.63420742429685,23.227764868423822,0.0,
ID2689 → ID2123,42,2689,2123,16.72997756891449,0.0,4.090229525211817,4.090229525211817,11.5,444.7655837473777,23.674894040467745,0.0,
ID2906 → ID2891,42,2906,2891,60.53217542415123,1.4890105690035307,7.780242632730115,7.780242632730115,6.5,440.1608054847028,30.834019296588124,0.0,
ID3781 → ID3827,43,3781,3827,0.7351535828450024,0.8165062698441878,0.8574109766296455,0.8574109766296455,6.5,215.19917896098445,299.84923823123177,0.0,
ID4967 → ID5323,43,4967,5323,2.2250738585072014E-308,NaN,0.0,0.0,0.5,217.2767717634457,295.9721954014089,0.0,
ID3508 → ID3980,43,3508,3980,2.2250738585072014E-308,0.0,0.0,0.0,4.5,216.01957336132895,302.27085182961656,0.0,
ID2754 → ID3965,43,2754,3965,6.667510793073799,0.016944859628608217,2.582152356673362,2.582152356673362,9.5,215.22503762522985,304.2291759456085,0.0,
ID3827 → ID3850,43,3827,3850,2.2250738585072014E-308,0.0,0.0,0.0,7.5,214.83372931132715,299.62510668665004,0.0,
ID4247 → ID5253,43,4247,5253,2.2250738585072014E-308,0.0,0.0,0.0,2.5,217.2767717634457,295.9721954014089,0.0,
ID3202 → ID2118,43,3202,2118,4.8850777806893895,0.0,2.210221206279903,2.210221206279903,14.5,224.0427416824505,312.3660044109743,0.0,
ID3850 → ID2754,43,3850,2754,11.087073420013468,0.0,3.3297257274456507,3.3297257274456507,8.5,214.98257296941412,301.28330267037774,0.0,
ID5323 → ID4247,43,5323,4247,2.2250738585072014E-308,0.0,0.0,0.0,1.5,217.2767717634457,295.9721954014089,0.0,
ID3530 → ID2296,43,3530,2296,18.81961937937223,0.0,4.338158524002117,4.338158524002117,11.5,216.6571027179767,307.2237428789321,0.0,
ID3980 → ID3781,43,3980,3781,5.035902102964144,0.0,2.244081572261611,2.244081572261611,5.5,215.79210098598537,301.17211080271505,0.0,
ID2643 → ID3202,43,2643,3202,2.2250738585072014E-308,0.0,0.0,0.0,13.5,223.0,312.0,0.0,
ID2296 → ID2643,43,2296,2643,34.46556842358758,0.355638529573487,5.870738320142329,5.870738320142329,12.5,220.4977734064974,310.4653162603763,0.0,
ID2118 → ID5857,43,2118,5857,23.04778706021407,2.358955682954545,4.800811083578906,4.800811083578906,15.5,224.0401099310614,310.5711892670399,0.0,
ID5857 → ID5639,43,5857,5639,2.2250738585072014E-308,0.0,0.0,0.0,16.5,222.99473649722182,308.41036971213117,0.0,
ID3965 → ID3530,43,3965,3530,2.2250738585072014E-308,0.0,0.0,0.0,10.5,215.31865862295857,305.5168532371116,0.0,
ID5253 → ID3508,43,5253,3508,41.25362062288666,0.0,6.42289814825727,6.42289814825727,3.5,216.64817256238734,299.12152361551273,0.0,
ID2135 → ID2132,44,2135,2132,253.39895151895115,1.5640515373904351,15.91850971413314,15.91850971413314,12.5,596.5058417113689,35.49714095857844,0.0,
ID2714 → ID2135,44,2714,2135,6.072534430987016,0.0,2.4642512921751742,2.4642512921751742,11.5,589.7630731880828,39.91700891528633,0.0,
ID2132 → ID2576,44,2132,2576,2.2250738585072014E-308,0.0,0.0,0.0,13.5,603.7510915330242,32.20228240295844,0.0,
ID2576 → ID2008,44,2576,2008,85.77756899591427,0.0,9.261618054957474,9.261618054957474,14.5,606.9242253651486,28.82950699798311,0.0,
ID2008 → ID5761,44,2008,5761,359.0535052670757,0.3590005581345928,18.94870721888635,18.94870721888635,15.5,618.5999306156756,21.277059884400664,0.0,
ID3007 → ID2714,44,3007,2714,2.2250738585072014E-308,NaN,0.0,0.0,10.5,590.2655544864518,41.04201831637421,0.0,
ID5761 → ID5543,44,5761,5543,2.2250738585072014E-308,0.0,0.0,0.0,16.5,627.1025020340783,17.097388175793544,0.0,
ID2126 → ID2134,45,2126,2134,181.74575235069716,2.31490626642311,13.481311225199764,13.481311225199764,12.5,453.3181423681177,31.073173123111744,0.0,
ID2954 → ID2932,45,2954,2932,92.29375897987828,1.9406350468530003,9.606964087570967,9.606964087570967,6.5,432.18718432588275,41.56353776798966,0.0,
ID2693 → ID2928,45,2693,2928,2.2250738585072014E-308,0.0,0.0,0.0,4.5,444.20643910179336,35.04774554629222,0.0,
ID2928 → ID2954,45,2928,2954,214.730745688716,0.0,14.653693926403541,14.653693926403541,5.5,439.2645168888443,40.45700531666188,0.0,
ID3040 → ID2398,45,3040,2398,118.73949433284419,0.0,10.896765315121923,10.896765315121923,8.5,435.32957338750833,38.613477057438075,0.0,
ID2706 → ID2126,45,2706,2126,162.64371477394783,0.0,12.753184495409288,12.753184495409288,11.5,448.5269939013748,33.29055961570414,0.0,
ID2011 → ID5764,45,2011,5764,12.458936015053968,1.6107995911677813,3.529721804201284,3.529721804201284,15.5,448.2101250159018,33.93404995875203,0.0,
ID5030 → ID2693,45,5030,2693,0.033039592321469066,0.0,0.18176796285778488,0.18176796285778488,3.5,444.15262438902136,34.97450706754209,0.0,
ID2580 → ID2011,45,2580,2011,108.76600582927847,0.0,10.429094199846814,10.429094199846814,14.5,453.64364416769126,33.71724280352596,0.0,
ID2398 → ID2990,45,2398,2990,71.50918233916985,0.28887467418862933,8.456310208310114,8.456310208310114,9.5,444.8324785328907,39.80559110919835,0.0,
ID3258 → ID5030,45,3258,5030,2.2250738585072014E-308,0.0,0.0,0.0,2.5,444.09880967624935,34.90126858879196,0.0,
ID2134 → ID2580,45,2134,2580,2.2250738585072014E-308,0.0,0.0,0.0,13.5,458.6398812001209,35.21026556728355,0.0,
ID5764 → ID5546,45,5764,5546,2.2250738585072014E-308,0.0,0.0,0.0,16.5,447.772842896542,35.64387987773569,0.0,
ID2932 → ID3040,45,2932,3040,2.2250738585072014E-308,0.0,0.0,0.0,7.5,430.05177397587033,37.26081044894779,0.0,
ID4876 → ID5147,45,4876,5147,2.2250738585072014E-308,NaN,0.0,0.0,0.5,444.09880967624935,34.90126858879196,0.0,
ID5147 → ID3258,45,5147,3258,2.2250738585072014E-308,0.0,0.0,0.0,1.5,444.09880967624935,34.90126858879196,0.0,
ID2990 → ID2706,45,2990,2706,2.2250738585072014E-308,0.0,0.0,0.0,10.5,449.05758426663516,39.645038552468336,0.0,
ID5352 → ID4366,46,5352,4366,2.2250738585072014E-308,0.0,0.0,0.0,1.5,456.55086218841063,332.1048686897087,0.0,
ID3983 → ID4007,46,3983,4007,2.2250738585072014E-308,0.0,0.0,0.0,7.5,455.3050276183504,322.50651593276183,0.0,
ID3601 → ID2646,46,3601,2646,178.0660431302873,0.0,6.672069452768896,13.344138905537791,12.0,449.44514302119524,318.2007237905129,0.0,
ID4029 → ID3601,46,4029,3601,2.2250738585072014E-308,0.0,0.0,0.0,10.5,452.4916266115493,324.1366692515389,0.0,
ID5871 → ID5653,46,5871,5653,2.2250738585072014E-308,0.0,0.0,0.0,16.5,452.0381566763764,330.7989257131967,0.0,
ID5281 → ID3628,46,5281,3628,1.8539574170608493,0.0,1.361601049155313,1.361601049155313,3.5,457.042042322061,332.5762829773289,0.0,
ID4981 → ID5352,46,4981,5352,2.2250738585072014E-308,NaN,0.0,0.0,0.5,456.55086218841063,332.1048686897087,0.0,
ID3992 → ID3983,46,3992,3983,2.323536507050775,0.47446322583497985,1.5243150944115114,1.5243150944115114,6.5,455.15251380917516,323.25325796638094,0.0,
ID4007 → ID2795,46,4007,2795,3.1271237392946927,0.0,1.7683675351280042,1.7683675351280042,8.5,456.1363546799147,322.2053909561581,0.0,
ID3214 → ID2136,46,3214,2136,162.52442064718088,0.0,12.748506604586314,12.748506604586314,14.5,449.69954330975736,317.7177839942287,0.0,
ID3628 → ID4086,46,3628,4086,2.2250738585072014E-308,0.0,0.0,0.0,4.5,457.5332224557114,333.047697264949,0.0,
ID2136 → ID5871,46,2136,5871,59.11442420062266,0.6698162548484512,7.6885905210657866,7.6885905210657866,15.5,452.519291932525,326.9848576860836,0.0,
ID2795 → ID4029,46,2795,4029,25.01869389493628,3.0264720543188317,5.001869040162515,5.001869040162515,9.5,454.72965417651415,323.02046761554664,0.0,
ID4366 → ID5281,46,4366,5281,2.2250738585072014E-308,0.0,0.0,0.0,2.5,456.55086218841063,332.1048686897087,0.0,
ID4086 → ID3992,46,4086,3992,88.27804180828642,0.0,9.395639510341296,9.395639510341296,5.5,456.2666112278557,328.5238486324745,0.0,
ID2646 → ID3214,46,2646,3214,2.2250738585072014E-308,0.0,0.0,0.0,13.5,446.3986594308411,312.2647783294869,0.0,
ID4531 → ID4498,47,4531,4498,41.9296580946846,0.0,6.475311428393587,6.475311428393587,5.5,12.200946046207035,575.2335435628102,0.0,
ID4580 → ID4204,47,4580,4204,2.2250738585072014E-308,0.0,0.0,0.0,10.5,12.383031924913158,615.63376108595,0.0,
ID3444 → ID4580,47,3444,4580,113.47972873649076,0.030905029421180005,10.652686456311889,10.652686456311889,9.5,11.566737756237675,610.3703405237767,0.0,
ID4498 → ID4534,47,4498,4534,275.7213537537017,1.2155686324528587,16.604859341581356,16.604859341581356,6.5,11.529669067803038,585.1158691863068,0.0,
ID4204 → ID2463,47,4204,2463,30.12594587106766,0.0,5.488710765841798,5.488710765841798,11.5,10.308977269522844,617.4309209993191,0.0,
ID4544 → ID3444,47,4544,3444,156.03317018743596,0.0,12.491323796437108,12.491323796437108,8.5,9.6030036389847,598.9675654262089,0.0,
ID4534 → ID4544,47,4534,4544,2.2250738585072014E-308,0.0,0.0,0.0,7.5,8.455563690407212,592.8282108908146,0.0,
ID5391 → ID4110,47,5391,4110,398.37125658680077,0.0,19.95923987998543,19.95923987998543,3.5,13.836049119641903,563.9373378861231,0.0,
ID5458 → ID4719,47,5458,4719,2.2250738585072014E-308,0.0,0.0,0.0,1.5,17.873980592068598,554.8111161284248,0.0,
ID5050 → ID5458,47,5050,5458,2.2250738585072014E-308,NaN,0.0,0.0,0.5,17.873980592068598,554.8111161284248,0.0,
ID3160 → ID3959,47,3160,3959,2.2250738585072014E-308,0.0,0.0,0.0,13.5,8.6761316641306,621.6598070340989,0.0,
ID4110 → ID4531,47,4110,4531,2.2250738585072014E-308,0.0,0.0,0.0,4.5,9.798117647215207,573.0635596438215,0.0,
ID2463 → ID3160,47,2463,3160,6.107957355351558,1.0362892061746247,2.4714282015368276,2.4714282015368276,12.5,8.455527139131565,620.4439439733935,0.0,
ID4719 → ID5391,47,4719,5391,2.2250738585072014E-308,0.0,0.0,0.0,2.5,17.873980592068598,554.8111161284248,0.0,
ID2137 → ID2583,48,2137,2583,2.2250738585072014E-308,0.0,0.0,0.0,13.5,471.5449131939437,35.48293230929009,0.0,
ID2391 → ID2971,48,2391,2971,29.140599476649385,2.4070835766326493,5.398203356363058,5.398203356363058,9.5,472.6410222895963,33.107733726046334,0.0,
ID3085 → ID2391,48,3085,2391,288.14056516181216,0.0,16.974703684065066,16.974703684065066,8.5,470.26828869698704,39.40751903668468,0.0,
ID2978 → ID3085,48,2978,3085,2.2250738585072014E-308,0.0,0.0,0.0,7.5,465.2524291984125,46.254145562282005,0.0,
ID5048 → ID2737,48,5048,2737,17.3701809423385,0.0,4.167754904302615,4.167754904302615,3.5,473.7244645224698,52.15805914705612,0.0,
ID2128 → ID2137,48,2128,2137,15.442126747308665,2.4999130128670384,3.929647153028967,3.929647153028967,12.5,469.64130136184974,35.96954681743677,0.0,
ID5762 → ID5544,48,5762,5544,2.2250738585072014E-308,0.0,0.0,0.0,16.5,462.7945481084464,24.731500686917137,0.0,
ID5159 → ID3330,48,5159,3330,2.2250738585072014E-308,0.0,0.0,0.0,1.5,475.80347701656376,52.015748623953364,0.0,
ID2012 → ID5762,48,2012,5762,108.97446216663752,0.683515139680919,10.439083396861887,10.439083396861887,15.5,465.27512921579125,29.323921934096347,0.0,
ID4882 → ID5159,48,4882,5159,2.2250738585072014E-308,NaN,0.0,0.0,0.5,475.80347701656376,52.015748623953364,0.0,
ID2977 → ID2978,48,2977,2978,15.861206608909388,0.4412240821656445,3.9826130378068854,3.9826130378068854,6.5,466.3212189790168,47.93432116533759,0.0,
ID2737 → ID3011,48,2737,3011,2.2250738585072014E-308,0.0,0.0,0.0,4.5,471.6454520283758,52.30036967015888,0.0,
ID3330 → ID5048,48,3330,5048,2.2250738585072014E-308,0.0,0.0,0.0,2.5,475.80347701656376,52.015748623953364,0.0,
ID2971 → ID2695,48,2971,2695,2.2250738585072014E-308,0.0,0.0,0.0,10.5,469.9978963836311,33.6545749410053,0.0,
ID3011 → ID2977,48,3011,2977,25.32271065802925,0.0,5.032167590415611,5.032167590415611,5.5,469.5177303939985,50.95743321927603,0.0,
ID2583 → ID2012,48,2583,2012,16.81225989214968,0.0,4.1002755873416215,4.1002755873416215,14.5,469.65031175853994,34.69963774528283,0.0,
ID2695 → ID2128,48,2695,2128,12.957421292558957,0.0,3.5996418283711167,3.5996418283711167,11.5,468.8677929566934,35.05536813329438,0.0,
ID2649 → ID3225,49,2649,3225,2.2250738585072014E-308,0.0,0.0,0.0,13.5,517.1109220946051,312.1095657989755,0.0,
ID3821 → ID3840,49,3821,3840,2.2250738585072014E-308,0.0,0.0,0.0,7.5,518.3243114824262,299.36063686866373,0.0,
ID5325 → ID4255,49,5325,4255,2.2250738585072014E-308,0.0,0.0,0.0,1.5,516.8949820616691,296.5126533224806,0.0,
ID4968 → ID5325,49,4968,5325,2.2250738585072014E-308,NaN,0.0,0.0,0.5,516.8949820616691,296.5126533224806,0.0,
ID3941 → ID3494,49,3941,3494,2.2250738585072014E-308,0.0,0.0,0.0,10.5,518.4438193339582,301.2824257862098,0.0,
ID3840 → ID2739,49,3840,2739,0.9602135800012657,0.0,0.9799048831398207,0.9799048831398207,8.5,518.0211566791257,299.745540181505,0.0,
ID3494 → ID2297,49,3494,2297,93.05071566124977,0.0,9.646279887150785,9.646279887150785,11.5,519.9414665631593,305.8671538798026,0.0,
ID2297 → ID2649,49,2297,2649,21.4811590381081,1.5207657788361155,4.634777129281202,4.634777129281202,12.5,519.2750179434828,311.2807238861854,0.0,
ID2739 → ID3941,49,2739,3941,1.853874183297736,1.2293714252192598,1.3615704841460599,1.3615704841460599,9.5,518.0809106048918,300.706434640278,0.0,
ID4255 → ID5255,49,4255,5255,2.2250738585072014E-308,0.0,0.0,0.0,2.5,516.8949820616691,296.5126533224806,0.0,
ID5255 → ID3463,49,5255,3463,0.3684370307538706,0.0,0.6069901405738569,0.6069901405738569,3.5,516.8255476180724,296.8080989447716,0.0,
ID3225 → ID2127,49,3225,2127,26.04899706700558,0.0,5.103821809879885,5.103821809879885,14.5,515.3027895427001,313.910372824032,0.0,
ID3772 → ID3821,49,3772,3821,2.563487241495545,0.9916056801139123,1.6010893921001241,1.6010893921001241,6.5,517.6146928995367,298.99007880682746,0.0,
ID2127 → ID5858,49,2127,5858,17.848768135300624,2.29577192681134,4.224780246983341,4.224780246983341,15.5,513.3713788325922,313.6023900232558,0.0,
ID5858 → ID5640,49,5858,5640,2.2250738585072014E-308,0.0,0.0,0.0,16.5,513.2481006743894,311.4936001974232,0.0,
ID3463 → ID3940,49,3463,3940,2.2250738585072014E-308,0.0,0.0,0.0,4.5,516.7561131744757,297.1035445670625,0.0,
ID3940 → ID3772,49,3940,3772,2.3203731939243197,0.0,1.5232771231539979,1.5232771231539979,5.5,516.8305937455615,297.86153265602684,0.0,
ID2585 → ID2010,50,2585,2010,171.56804068681868,0.0,13.09839840159165,13.09839840159165,14.5,617.6686926433377,32.15163379115216,0.0,
ID2010 → ID5766,50,2010,5766,182.68944413876392,2.1810316641270453,13.516265909590707,13.516265909590707,15.5,623.21968682405,34.80175120275737,0.0,
ID2138 → ID2139,50,2138,2139,82.60244760039038,0.1435195871849222,9.08858886738697,9.08858886738697,12.5,608.4018461161356,38.08615043958132,0.0,
ID2139 → ID2585,50,2139,2585,2.2250738585072014E-308,0.0,0.0,0.0,13.5,612.5566239119653,36.245380663814004,0.0,
ID3017 → ID2719,50,3017,2719,2.2250738585072014E-308,NaN,0.0,0.0,10.5,597.095152182815,41.93354575170143,0.0,
ID5766 → ID5548,50,5766,5548,2.2250738585072014E-308,0.0,0.0,0.0,16.5,623.6586122733897,41.545615487024435,0.0,
ID2719 → ID2138,50,2719,2138,55.17645048084677,0.0,7.428085249971676,7.428085249971676,11.5,600.6711102515605,40.93023298352503,0.0,
ID5765 → ID5547,51,5765,5547,2.2250738585072014E-308,0.0,0.0,0.0,16.5,704.8034338816174,35.82507109419611,0.0,
ID2752 → ID2141,51,2752,2141,1611.773817275013,0.0,20.073451479971084,40.14690295994217,12.0,742.3134058318631,47.91057449455306,0.0,
ID2427 → ID3083,51,2427,3083,55.52643289682277,NaN,7.4516060615697315,7.4516060615697315,9.5,763.8058142080977,58.08198400657989,0.0,
ID2589 → ID2013,51,2589,2013,339.5068746972704,0.0,18.425712325369417,18.425712325369417,14.5,714.8721212149042,38.52530848230445,0.0,
ID3083 → ID2752,51,3083,2752,2.2250738585072014E-308,0.0,0.0,0.0,10.5,760.6116284161955,56.16396801315977,0.0,
ID2141 → ID2589,51,2141,2589,2.2250738585072014E-308,0.0,0.0,0.0,13.5,724.0151832475306,39.65718097594636,0.0,
ID2013 → ID5765,51,2013,5765,3.3165506394173385,0.9144559356348598,1.8211399285659897,1.8211399285659897,15.5,705.2662465319476,36.609253541429325,0.0,
ID5268 → ID3581,52,5268,3581,14.408424262554915,0.0,3.795843023961201,3.795843023961201,3.5,35.98709261047563,320.4076295973058,0.0,
ID4052 → ID3971,52,4052,3971,53.114001936282655,0.0,7.287935368558276,7.287935368558276,5.5,30.83046545871063,321.70438151518306,0.0,
ID4313 → ID5268,52,4313,5268,2.2250738585072014E-308,0.0,0.0,0.0,2.5,37.50304258126769,319.26570063642674,0.0,
ID2791 → ID3996,52,2791,3996,61.421854563293145,0.6000440399096507,7.837209615883267,7.837209615883267,9.5,18.558001121043254,318.2487885452659,0.0,
ID3581 → ID4052,52,3581,4052,2.2250738585072014E-308,0.0,0.0,0.0,4.5,34.471142639683556,321.5495585581848,0.0,
ID2653 → ID3238,52,2653,3238,2.2250738585072014E-308,0.0,0.0,0.0,13.5,18.370061758149657,317.80415683104104,0.0,
ID5860 → ID5642,52,5860,5642,2.2250738585072014E-308,0.0,0.0,0.0,16.5,13.41317904960282,317.0091961924958,0.0,
ID4023 → ID2791,52,4023,2791,7.012136887465037,0.0,2.6480439738541044,2.6480439738541044,8.5,21.809664297568883,322.1345491124688,0.0,
ID3971 → ID4003,52,3971,4003,18.076667072862975,0.1510348637757402,4.251666387766446,4.251666387766446,6.5,25.10364341008449,322.2680643007044,0.0,
ID4975 → ID5338,52,4975,5338,2.2250738585072014E-308,NaN,0.0,0.0,0.5,37.50304258126769,319.26570063642674,0.0,
ID3238 → ID2130,52,3238,2130,14.284096429892926,0.0,3.7794307018244067,3.7794307018244067,14.5,16.680534490646753,318.6506328908546,0.0,
ID4003 → ID4023,52,4003,4023,2.2250738585072014E-308,0.0,0.0,0.0,7.5,23.017498542431277,322.6769241292275,0.0,
ID2130 → ID5860,52,2130,5860,8.67925163749626,1.4700684895586047,2.946056964401106,2.946056964401106,15.5,14.202093136373335,318.25315257158195,0.0,
ID3996 → ID3558,52,3996,3558,2.2250738585072014E-308,0.0,0.0,0.0,10.5,16.514172189380023,314.9054029948216,0.0,
ID5338 → ID4313,52,5338,4313,2.2250738585072014E-308,0.0,0.0,0.0,1.5,37.50304258126769,319.26570063642674,0.0,
ID2298 → ID2653,52,2298,2653,28.10115172414746,3.101427253735466,5.301051945052742,5.301051945052742,12.5,16.989721399906234,315.5414265275269,0.0,
ID3558 → ID2298,52,3558,2298,3.464821939182882,0.0,1.8614032177856794,1.8614032177856794,11.5,16.061776615521417,314.09204960941713,0.0,
ID2979 → ID2699,53,2979,2699,2.2250738585072014E-308,0.0,0.0,0.0,10.5,476.0,35.0,0.0,
ID3003 → ID2392,53,3003,2392,9.104477604436454,0.0,3.0173626902373627,3.0173626902373627,8.5,474.2285294038186,31.483029640575403,0.0,
ID2142 → ID2144,53,2142,2144,23.50565592539824,2.8323175250466717,4.8482631864821695,4.8482631864821695,12.5,467.93823779314494,44.10424317018193,0.0,
ID2392 → ID2979,53,2392,2979,6.4616891483875,0.48949938497252704,2.541985276980868,2.541985276980868,9.5,475.6420740977808,33.78044625554368,0.0,
ID2920 → ID2875,53,2920,2875,144.6046790960246,1.0296318420089976,12.025168568299764,12.025168568299764,6.5,467.5180070119551,32.44801650691378,0.0,
ID2938 → ID2920,53,2938,2920,7.800794704869454,0.0,2.7929902801244144,2.7929902801244144,5.5,461.5931940440229,35.86102959511493,0.0,
ID2698 → ID2938,53,2698,2938,2.2250738585072014E-308,0.0,0.0,0.0,4.5,461.32328467621124,37.23119294646574,0.0,
ID4879 → ID5153,53,4879,5153,2.2250738585072014E-308,NaN,0.0,0.0,0.5,465.1174946195518,40.27628862857115,0.0,
ID3293 → ID5039,53,3293,5039,2.2250738585072014E-308,0.0,0.0,0.0,2.5,465.1174946195518,40.27628862857115,0.0,
ID2016 → ID5767,53,2016,5767,9.311199232232056,1.0252284488106855,3.0514257703952192,3.0514257703952192,15.5,475.4052116959216,41.68659695694977,0.0,
ID2699 → ID2142,53,2699,2142,208.72374405703738,0.0,14.447274623853364,14.447274623853364,11.5,470.8918295393124,40.10759537931679,0.0,
ID2592 → ID2016,53,2592,2016,20.44219004433146,0.0,4.521304020338763,4.521304020338763,14.5,472.0960135584677,41.9455603638731,0.0,
ID5039 → ID2698,53,5039,2698,23.668636807321306,0.0,4.865042323281608,4.865042323281608,3.5,463.2203896478815,38.753740787518446,0.0,
ID5153 → ID3293,53,5153,3293,2.2250738585072014E-308,0.0,0.0,0.0,1.5,465.1174946195518,40.27628862857115,0.0,
ID5767 → ID5549,53,5767,5549,2.2250738585072014E-308,0.0,0.0,0.0,16.5,476.71121278257283,42.47536876788363,0.0,
ID2144 → ID2592,53,2144,2592,2.2250738585072014E-308,0.0,0.0,0.0,13.5,470.092816507665,42.99329558173028,0.0,
ID2875 → ID3003,53,2875,3003,2.2250738585072014E-308,0.0,0.0,0.0,7.5,473.17291061207567,30.405166770063442,0.0,
ID2724 → ID2140,54,2724,2140,225.66389393390742,0.0,15.022113497571086,15.022113497571086,11.5,744.7739508220598,45.10262378836276,0.0,
ID5029 → ID2708,54,5029,2708,36.0,0.0,6.0,6.0,3.5,767.0,35.0,0.0,
ID4875 → ID5145,54,4875,5145,2.2250738585072014E-308,NaN,0.0,0.0,0.5,767.0,32.0,0.0,
ID2014 → ID5768,54,2014,5768,41.28393006793932,1.0869913522154626,6.425257198582741,6.425257198582741,15.5,713.2965942804483,40.87619719442135,0.0,
ID2595 → ID2014,54,2595,2014,275.45719504771637,0.0,16.596903176427716,16.596903176427716,14.5,723.3994905851758,42.26128310839866,0.0,
ID2401 → ID3025,54,2401,3025,63.75211801717812,0.5159335248743129,7.984492345614599,7.984492345614599,9.5,755.4718456455016,44.577695273483,0.0,
ID2140 → ID2145,54,2140,2145,46.38968555954618,0.540340313959636,6.810997398292425,6.810997398292425,12.5,734.2105300073906,44.55759082449421,0.0,
ID2953 → ID2947,54,2953,2947,25.0,0.0,5.0,5.0,5.5,767.0,40.5,0.0,
ID2145 → ID2595,54,2145,2595,2.2250738585072014E-308,0.0,0.0,0.0,13.5,730.9804893164371,45.6365989452566,0.0,
ID3246 → ID5029,54,3246,5029,2.2250738585072014E-308,0.0,0.0,0.0,2.5,767.0,32.0,0.0,
ID3025 → ID2724,54,3025,2724,2.2250738585072014E-308,0.0,0.0,0.0,10.5,752.1073309457754,46.72666487299369,0.0,
ID2947 → ID2944,54,2947,2944,1.0,3.141592653589793,1.0,1.0,6.5,767.0,42.5,0.0,
ID5768 → ID5550,54,5768,5550,2.2250738585072014E-308,0.0,0.0,0.0,16.5,710.7746967069819,42.86642711730198,0.0,
ID5145 → ID3246,54,5145,3246,2.2250738585072014E-308,0.0,0.0,0.0,1.5,767.0,32.0,0.0,
ID3050 → ID2401,54,3050,2401,66.82881811649352,0.0,8.174889486500323,8.174889486500323,8.5,762.9181801726138,42.214362836986155,0.0,
ID2944 → ID3050,54,2944,3050,2.2250738585072014E-308,0.0,0.0,0.0,7.5,767.0,42.0,0.0,
ID2708 → ID2953,54,2708,2953,2.2250738585072014E-308,0.0,0.0,0.0,4.5,767.0,38.0,0.0,
ID3844 → ID3868,55,3844,3868,2.2250738585072014E-308,0.0,0.0,0.0,7.5,163.5344617762485,302.18446925649965,0.0,
ID3881 → ID3762,55,3881,3762,189.2778366459747,0.0,13.757828195103132,13.757828195103132,5.5,172.924935808595,292.6002722380715,0.0,
ID3868 → ID2764,55,3868,2764,48.67876480056338,0.0,6.9770168984003025,6.9770168984003025,8.5,163.73216081087244,305.66737124935696,0.0,
ID4020 → ID3585,55,4020,3585,2.2250738585072014E-308,0.0,0.0,0.0,10.5,165.62549931264735,321.7023277737283,0.0,
ID3585 → ID2300,55,3585,2300,3.6413389434506667,0.0,1.9082292691001956,1.9082292691001956,11.5,166.56091318948035,321.5143500758732,0.0,
ID3395 → ID3881,55,3395,3881,2.2250738585072014E-308,NaN,0.0,0.0,4.5,173.37437209110334,285.73605588152657,0.0,
ID2764 → ID4020,55,2764,4020,160.42926616466085,0.0775738536787565,12.666067509873017,12.666067509873017,9.5,164.77767957907187,315.4263005079713,0.0,
ID2657 → ID3249,55,2657,3249,2.2250738585072014E-308,0.0,0.0,0.0,13.5,163.39000596554396,320.2819756662282,0.0,
ID2300 → ID2657,55,2300,2657,17.952637474221596,2.694219310554383,4.23705528335678,4.23705528335678,12.5,165.44316651592868,320.80417402212316,0.0,
ID3762 → ID3844,55,3762,3844,87.34045084504989,1.2100968885329182,9.345611314678665,9.345611314678665,6.5,168.00498065116756,300.824478925558,0.0,
ID3170 → ID3970,56,3170,3970,2.2250738585072014E-308,0.0,0.0,0.0,13.5,14.692368369359368,626.187658510438,0.0,
ID4589 → ID4222,56,4589,4222,2.2250738585072014E-308,NaN,0.0,0.0,10.5,12.520056610333013,615.7366300623681,0.0,
ID4222 → ID3170,56,4222,3170,113.94293400077063,0.0,5.337202778627833,10.674405557255666,12.0,13.60621248984619,620.9621442864031,0.0,
ID3970 → ID2431,56,3970,2431,8.869232864943283,0.0,2.978125730210745,2.978125730210745,14.5,13.20604138754826,626.0974347919595,0.0,
ID5938 → ID5720,56,5938,5720,2.2250738585072014E-308,0.0,0.0,0.0,16.5,9.00813885388968,632.9702738104764,0.0,
ID2431 → ID5938,56,2431,5938,55.836884652712726,1.26006940393657,7.47240822310403,7.47240822310403,15.5,10.363926629813415,629.4887424419787,0.0,
ID2147 → ID2598,57,2147,2598,2.2250738585072014E-308,0.0,0.0,0.0,13.5,445.715547453787,46.87278393623218,0.0,
ID2148 → ID2147,57,2148,2147,49.875186490610005,NaN,7.0622366492924895,7.0622366492924895,12.5,442.4928037346575,48.31594697049545,0.0,
ID2598 → ID2015,57,2598,2015,574.0121799098831,0.0,23.958551289881513,23.958551289881513,14.5,434.26067826725256,43.367214525015996,0.0,
ID2659 → ID3260,58,2659,3260,2.2250738585072014E-308,0.0,0.0,0.0,13.5,450.32834708040815,325.6214707054077,0.0,
ID3954 → ID2776,58,3954,2776,15.385539304501684,0.0,3.9224404781336943,3.9224404781336943,8.5,446.6549407259928,312.8949577927986,0.0,
ID3578 → ID2301,58,3578,2301,33.68837505574898,0.0,5.804168765271129,5.804168765271129,11.5,445.1208977787055,318.9196787670416,0.0,
ID2239 → ID5873,58,2239,5873,47.58777673460807,0.3254558010926895,6.898389430483616,6.898389430483616,15.5,455.4327757345935,337.2547783338424,0.0,
ID5272 → ID3592,58,5272,3592,7.397345956240496,0.0,2.719806235054346,2.719806235054346,3.5,448.89734757661404,322.15683000358536,0.0,
ID4977 → ID5342,58,4977,5342,2.2250738585072014E-308,NaN,0.0,0.0,0.5,447.5589075120223,322.3974846992715,0.0,
ID5873 → ID5655,58,5873,5655,2.2250738585072014E-308,0.0,0.0,0.0,16.5,456.03312933617093,340.6513235987734,0.0,
ID4332 → ID5272,58,4332,5272,2.2250738585072014E-308,0.0,0.0,0.0,2.5,447.5589075120223,322.3974846992715,0.0,
ID4061 → ID3951,58,4061,3951,7.064130212352373,0.0,2.6578431504421727,2.6578431504421727,5.5,449.12929202632733,321.1801725855246,0.0,
ID3592 → ID4061,58,3592,4061,2.2250738585072014E-308,0.0,0.0,0.0,4.5,450.2357876412058,321.9161753078992,0.0,
ID2301 → ID2659,58,2301,2659,32.20754066474672,0.3067605983608258,5.675168778525157,5.675168778525157,12.5,448.36523546810906,323.5725495346832,0.0,
ID3260 → ID2239,58,3260,2239,88.1309463123567,0.0,9.387808387070791,9.387808387070791,14.5,452.58038460671213,329.7398518871596,0.0,
ID4011 → ID3578,58,4011,3578,2.2250738585072014E-308,0.0,0.0,0.0,10.5,443.83967170160105,316.3157291701245,0.0,
ID3951 → ID3937,58,3951,3937,36.25379685403167,0.6486843510997753,6.021112592705078,6.021112592705078,6.5,447.0325936872125,317.6011173173073,0.0,
ID3937 → ID3954,58,3937,3954,2.2250738585072014E-308,0.0,0.0,0.0,7.5,446.0423909629762,314.75806477146455,0.0,
ID2776 → ID4011,58,2776,4011,39.669312120228376,2.883755366153523,6.29835789077029,6.29835789077029,9.5,445.5535810953052,313.6737899921286,0.0,
ID5342 → ID4332,58,5342,4332,2.2250738585072014E-308,0.0,0.0,0.0,1.5,447.5589075120223,322.3974846992715,0.0,
ID2952 → ID2684,59,2952,2684,2.2250738585072014E-308,0.0,0.0,0.0,10.5,659.246659613446,15.692814555231973,0.0,
ID2385 → ID2952,59,2385,2952,44.42868153533446,NaN,6.665484343641838,6.665484343641838,9.5,661.681428539318,13.417057393001716,0.0,
ID2601 → ID2018,59,2601,2018,4.136283674601423,0.0,2.033785552756589,2.033785552756589,14.5,679.4445763282764,47.414224958466335,0.0,
ID2018 → ID5770,59,2018,5770,2.876872964726657,0.9478738607929437,1.6961347130244864,1.6961347130244864,15.5,678.1424378886597,46.38272857392013,0.0,
ID2684 → ID2143,59,2684,2143,1407.158660542275,0.0,37.51211351739961,37.51211351739961,11.5,670.6149901147098,30.610948713014736,0.0,
ID2149 → ID2601,59,2149,2601,2.2250738585072014E-308,0.0,0.0,0.0,13.5,680.4317394242452,47.6583149840875,0.0,
ID2143 → ID2149,59,2143,2149,6.941033586790573,1.2808993400230775,2.6345841392505522,2.6345841392505522,12.5,681.2075300201093,46.5936989274425,0.0,
ID5770 → ID5552,59,5770,5552,2.2250738585072014E-308,0.0,0.0,0.0,16.5,677.8274625450119,45.5953222149951,0.0,
ID2980 → ID2937,60,2980,2937,5.370454199878817,0.0,2.3174240440365717,2.3174240440365717,5.5,686.5347687927858,42.93878679154295,0.0,
ID2733 → ID2152,60,2733,2152,337.31546932434696,0.0,18.36615009533427,18.36615009533427,11.5,673.4175082974446,53.62045201133501,0.0,
ID4885 → ID5165,60,4885,5165,2.2250738585072014E-308,NaN,0.0,0.0,0.5,644.7324027288389,65.68355602157861,0.0,
ID2150 → ID2606,60,2150,2606,2.2250738585072014E-308,0.0,0.0,0.0,13.5,651.2097944007493,52.530437433041264,0.0,
ID3043 → ID2733,60,3043,2733,2.2250738585072014E-308,0.0,0.0,0.0,10.5,681.3623894282279,49.0152667654615,0.0,
ID5771 → ID5553,60,5771,5553,2.2250738585072014E-308,0.0,0.0,0.0,16.5,655.2789621683506,52.97149117483771,0.0,
ID5057 → ID2718,60,5057,2718,2256.726380818003,0.0,47.505014270264176,47.505014270264176,3.5,665.8662013644195,54.841778010789305,0.0,
ID2606 → ID2021,60,2606,2021,1.2791466215482992,0.0,1.1309936434606072,1.1309936434606072,14.5,651.1016415222255,51.97537922865716,0.0,
ID2021 → ID5771,60,2021,5771,20.7714121664691,2.1105243808253245,4.557566474168984,4.557566474168984,15.5,653.1362254060261,52.19590609955539,0.0,
ID5165 → ID3363,60,5165,3363,2.2250738585072014E-308,0.0,0.0,0.0,1.5,644.7324027288389,65.68355602157861,0.0,
ID2937 → ID2996,60,2937,2996,74.15650932354704,2.0737774061709353,8.611417381798832,8.611417381798832,6.5,683.4478592402613,45.29311599749361,0.0,
ID2718 → ID2980,60,2718,2980,2.2250738585072014E-308,0.0,0.0,0.0,4.5,687.0,44.0,0.0,
ID2416 → ID3043,60,2416,3043,77.06958033608063,3.1197878061922895,8.77892819973376,8.77892819973376,9.5,684.2385081637237,52.33118837239816,0.0,
ID3363 → ID5057,60,3363,5057,2.2250738585072014E-308,0.0,0.0,0.0,2.5,644.7324027288389,65.68355602157861,0.0,
ID3104 → ID2416,60,3104,2416,87.68666330222405,0.0,9.364115724521138,9.364115724521138,8.5,683.9704038970854,52.17788419561806,0.0,
ID2996 → ID3104,60,2996,3104,2.2250738585072014E-308,0.0,0.0,0.0,7.5,680.826180894951,48.708658411901304,0.0,
ID2152 → ID2150,60,2152,2150,235.86369954557046,0.9052215718610039,15.357854653094307,15.357854653094307,12.5,658.3412107837053,55.378037345124895,0.0,
ID3561 → ID4033,61,3561,4033,2.2250738585072014E-308,0.0,0.0,0.0,4.5,529.4056119811534,313.06941138034085,0.0,
ID2238 → ID5862,61,2238,5862,143.49940437679027,2.9431974062249378,11.979123689852704,11.979123689852704,15.5,525.2213098917041,323.59162572808566,0.0,
ID4974 → ID5336,61,4974,5336,2.2250738585072014E-308,NaN,0.0,0.0,0.5,528.3987293171779,311.6782021514663,0.0,
ID2665 → ID3271,61,2665,3271,2.2250738585072014E-308,0.0,0.0,0.0,13.5,526.8042306673985,326.9178207404823,0.0,
ID2305 → ID2665,61,2305,2665,5.930775250558771,0.6664164560171909,2.435318305798807,2.435318305798807,12.5,527.45741383273,325.8901799641566,0.0,
ID2749 → ID3948,61,2749,3948,10.07849507466842,1.3427759750664043,3.1746645609683584,3.1746645609683584,9.5,525.1870413819478,303.5623126219373,0.0,
ID3507 → ID2305,61,3507,2305,404.0947313386037,0.0,20.102107634240838,20.102107634240838,11.5,527.1049580354534,314.86192055138963,0.0,
ID3802 → ID3856,61,3802,3856,0.08195490706499342,0.9280501490740773,0.28627767475825533,0.28627767475825533,6.5,524.6605389915625,301.8780190912614,0.0,
ID4033 → ID3802,61,4033,3802,145.67145044697804,0.0,12.069442839127996,12.069442839127996,5.5,526.9976627989569,307.5359094739796,0.0,
ID5862 → ID5644,61,5862,5644,2.2250738585072014E-308,0.0,0.0,0.0,16.5,523.3580078872839,317.8992662230543,0.0,
ID3271 → ID2238,61,3271,2238,5.677348039627386,0.0,2.382718623679134,2.382718623679134,14.5,526.9444212817615,328.10090298679967,0.0,
ID3948 → ID3507,61,3948,3507,2.2250738585072014E-308,0.0,0.0,0.0,10.5,526.0993190728454,304.8613019149484,0.0,
ID3856 → ID3875,61,3856,3875,2.2250738585072014E-308,0.0,0.0,0.0,7.5,524.7313643663646,301.7536306149045,0.0,
ID3875 → ID2749,61,3875,2749,0.4682708394243674,0.0,0.6843031780025338,0.6843031780025338,8.5,524.5030640287073,302.00847697191534,0.0,
ID4304 → ID5266,61,4304,5266,2.2250738585072014E-308,0.0,0.0,0.0,2.5,528.3987293171779,311.6782021514663,0.0,
ID5266 → ID3561,61,5266,3561,2.94927581752016,0.0,1.7173455731215428,1.7173455731215428,3.5,528.9021706491656,312.37380676590357,0.0,
ID5336 → ID4304,61,5336,4304,2.2250738585072014E-308,0.0,0.0,0.0,1.5,528.3987293171779,311.6782021514663,0.0,
ID3095 → ID2413,62,3095,2413,97.36523113559683,0.0,9.86738218250397,9.86738218250397,8.5,450.7899857035418,51.49475116760345,0.0,
ID2156 → ID2611,62,2156,2611,2.2250738585072014E-308,0.0,0.0,0.0,13.5,464.2323739875184,52.6614802671954,0.0,
ID2131 → ID2156,62,2131,2156,319.6016358072548,2.971818125253865,17.877405734816637,17.877405734816637,12.5,458.8683314696576,45.51113364494026,0.0,
ID2709 → ID2131,62,2709,2131,19.224445321549375,0.0,4.384569000660085,4.384569000660085,11.5,455.0972482472431,39.866971610787985,0.0,
ID2611 → ID2017,62,2611,2017,352.3128065574923,0.0,18.76999751085472,18.76999751085472,14.5,455.7836636855266,48.57522331585332,0.0,
ID2413 → ID2997,62,2413,2997,248.23330106376991,2.6267945134137345,15.75542132295325,15.75542132295325,9.5,454.2202104193214,48.85362673733269,0.0,
ID2997 → ID2709,62,2997,2709,2.2250738585072014E-308,0.0,0.0,0.0,10.5,456.6902075426894,41.373156198890854,0.0,
ID2986 → ID3095,62,2986,3095,2.2250738585072014E-308,NaN,0.0,0.0,7.5,449.8297581111302,46.65540505943236,0.0,
ID4586 → ID4213,63,4586,4213,2.2250738585072014E-308,0.0,0.0,0.0,10.5,149.7251970802012,615.4659669278543,0.0,
ID2429 → ID5930,63,2429,5930,27.170339410415288,0.024362689036547775,5.212517569314782,5.212517569314782,15.5,152.6926614751814,621.755657062824,0.0,
ID4552 → ID4572,63,4552,4572,13.014188558692245,NaN,3.6075183379564746,3.6075183379564746,6.5,154.3720153902658,615.2233319562763,0.0,
ID5930 → ID5712,63,5930,5712,2.2250738585072014E-308,0.0,0.0,0.0,16.5,151.9110803255621,619.2693514180643,0.0,
ID3503 → ID4586,63,3503,4586,11.726598253662315,2.042101468793467,3.4244121033634833,3.4244121033634833,9.5,151.27574950020573,616.1922153400617,0.0,
ID3180 → ID3981,63,3180,3981,2.2250738585072014E-308,0.0,0.0,0.0,13.5,154.08739103797362,626.038278903333,0.0,
ID4213 → ID2458,63,4213,2458,2.8524789044087306,0.0,1.6889283301575382,1.6889283301575382,11.5,148.9319984722211,615.755718018276,0.0,
ID4603 → ID3503,63,4603,3503,6.116562988046451,0.0,2.47316861294301,2.47316861294301,8.5,152.7851663503709,615.6825638324108,0.0,
ID2458 → ID3180,63,2458,3180,135.24198454396864,1.7575085732645555,11.62935873313609,11.62935873313609,12.5,151.11309545110728,621.0418740060154,0.0,
ID3981 → ID2429,63,3981,2429,3.602702851688232,0.0,1.8980787264200165,1.8980787264200165,14.5,153.78081683138717,625.1401208054583,0.0,
ID4572 → ID4603,63,4572,4603,2.2250738585072014E-308,0.0,0.0,0.0,7.5,152.74403078053157,614.4466639125526,0.0,
ID3129 → ID3100,64,3129,3100,325.5606854217462,2.891864317499201,18.04330029184645,18.04330029184645,6.5,577.2685021596303,84.51486617561899,0.0,
ID3422 → ID5076,64,3422,5076,2.2250738585072014E-308,0.0,0.0,0.0,2.5,587.7479981367376,75.07493338351264,0.0,
ID2617 → ID2022,64,2617,2022,34.33441752653425,0.0,5.8595577927463305,5.8595577927463305,14.5,555.3771802524805,53.78156457098561,0.0,
ID2022 → ID5769,64,2022,5769,77.09167906406184,1.3964652123617158,8.780186732869742,8.780186732869742,15.5,559.2197389945757,49.59192489835347,0.0,
ID3082 → ID3129,64,3082,3129,538.2435594551453,0.0,23.200076712268544,23.200076712268544,5.5,578.2791992157074,81.03359630135122,0.0,
ID2157 → ID2158,64,2157,2158,139.18868386812315,0.2617083121625812,11.797825387253498,11.797825387253498,12.5,551.9238360179155,59.55291143614336,0.0,
ID5769 → ID5551,64,5769,5551,2.2250738585072014E-308,0.0,0.0,0.0,16.5,560.1343695542032,45.29816539118367,0.0,
ID2818 → ID2157,64,2818,2157,32.558779930481585,0.0,5.706030137537094,5.706030137537094,11.5,551.8881845538259,68.23904098131743,0.0,
ID4891 → ID5176,64,4891,5176,2.2250738585072014E-308,NaN,0.0,0.0,0.5,587.7479981367376,75.07493338351264,0.0,
ID3100 → ID3208,64,3100,3208,2.2250738585072014E-308,0.0,0.0,0.0,7.5,585.6597605144717,81.20171743495852,0.0,
ID3208 → ID2451,64,3208,2451,487.3351349397856,0.0,22.075668391688293,22.075668391688293,8.5,575.2424139004466,77.55306381229072,0.0,
ID3171 → ID2818,64,3171,2818,2.2250738585072014E-308,0.0,0.0,0.0,10.5,552.3779491418334,71.0497038267961,0.0,
ID5076 → ID2772,64,5076,2772,0.702955640061851,0.0,0.8384244987247516,0.8384244987247516,3.5,587.7145763816818,74.65705553496781,0.0,
ID2772 → ID3082,64,2772,3082,2.2250738585072014E-308,0.0,0.0,0.0,4.5,587.6811546266262,74.23917768642298,0.0,
ID5176 → ID3422,64,5176,3422,2.2250738585072014E-308,0.0,0.0,0.0,1.5,587.7479981367376,75.07493338351264,0.0,
ID2158 → ID2617,64,2158,2617,2.2250738585072014E-308,0.0,0.0,0.0,13.5,552.4492520700126,53.67744473644796,0.0,
ID2451 → ID3171,64,2451,3171,163.08009852330105,0.11144774479696916,12.770281849798815,12.770281849798815,9.5,558.6015082141275,72.4770570082095,0.0,
ID2290 → ID2670,65,2290,2670,1409.494210038768,0.1826030838268108,37.54323121467794,37.54323121467794,12.5,596.1942299215578,312.19255612941686,0.0,
ID3425 → ID2290,65,3425,2290,115.81797844832016,0.0,10.761876158380572,10.761876158380572,11.5,609.4617139616189,292.09377418322447,0.0,
ID2815 → ID3887,65,2815,3887,2035.8727229785384,NaN,45.12064630497372,45.12064630497372,9.5,601.5827089413363,307.36264840046084,0.0,
ID2162 → ID5867,65,2162,5867,16.051624195375165,0.9719174316644209,4.006447827611781,4.006447827611781,15.5,578.9576603478562,325.49958206263466,0.0,
ID2670 → ID3283,65,2670,3283,2.2250738585072014E-308,0.0,0.0,0.0,13.5,585.2256772016477,327.42621635078996,0.0,
ID5867 → ID5649,65,5867,5649,2.2250738585072014E-308,0.0,0.0,0.0,16.5,577.1274186797335,326.3139047782158,0.0,
ID3887 → ID3425,65,3887,3425,2.2250738585072014E-308,0.0,0.0,0.0,10.5,611.7606452817699,287.2286524584052,0.0,
ID3283 → ID2162,65,3283,2162,27.206693894870305,0.0,5.216003632559156,5.216003632559156,14.5,583.0067896088133,326.05573784892175,0.0,
ID5182 → ID3454,66,5182,3454,2.2250738585072014E-308,0.0,0.0,0.0,1.5,639.8871696845872,84.0848868663401,0.0,
ID2806 → ID3173,66,2806,3173,2.2250738585072014E-308,0.0,0.0,0.0,4.5,652.8754417627226,98.75662188609265,0.0,
ID2865 → ID2176,66,2865,2176,127.06305691598872,0.0,11.272225020642052,11.272225020642052,11.5,653.6074413739817,97.70324670988663,0.0,
ID3157 → ID3123,66,3157,3123,584.0508834446908,2.3722638851482576,24.16714471021951,24.16714471021951,6.5,645.3833413944099,94.0871070006989,0.0,
ID4894 → ID5182,66,4894,5182,2.2250738585072014E-308,NaN,0.0,0.0,0.5,639.8871696845872,84.0848868663401,0.0,
ID3123 → ID3229,66,3123,3229,2.2250738585072014E-308,0.0,0.0,0.0,7.5,639.3532206676574,83.61569998530871,0.0,
ID3257 → ID2865,66,3257,2865,2.2250738585072014E-308,0.0,0.0,0.0,10.5,656.1166816253577,92.65651731453842,0.0,
ID5774 → ID5556,66,5774,5556,2.2250738585072014E-308,0.0,0.0,0.0,16.5,668.9382804979267,62.889176816695844,0.0,
ID2176 → ID2160,66,2176,2160,2422.866102149377,2.867749116017088,49.22261779049726,49.22261779049726,12.5,655.6873434043168,78.57030905509629,0.0,
ID2023 → ID5774,66,2023,5774,149.31651665370254,1.7280111337267756,12.219513765027745,12.219513765027745,15.5,664.3568440968315,58.84695345990985,0.0,
ID3229 → ID2462,66,3229,2462,225.8059158027279,0.0,15.02683984751045,15.02683984751045,8.5,646.8262986443417,84.39325030848924,0.0,
ID3454 → ID5086,66,3454,5086,2.2250738585072014E-308,0.0,0.0,0.0,2.5,639.8871696845872,84.0848868663401,0.0,
ID3173 → ID3157,66,3173,3157,35.79933676045092,0.0,5.983254696271162,5.983254696271162,5.5,652.1444519419425,101.65756795109085,0.0,
ID5086 → ID2806,66,5086,2806,383.95502006550555,0.0,19.594770222319667,19.594770222319667,3.5,646.3813057236549,91.42075437621637,0.0,
ID2160 → ID2621,66,2160,2621,2.2250738585072014E-308,0.0,0.0,0.0,13.5,660.2764856860281,54.39064200495776,0.0,
ID2621 → ID2023,66,2621,2023,0.4225481053974837,0.0,0.6500370030986572,0.6500370030986572,14.5,660.0259466908823,54.59768605404081,0.0,
ID2462 → ID3257,66,2462,3257,59.338551734947046,1.2289603451804134,7.7031520648983065,7.7031520648983065,9.5,655.2080291231919,88.9136589731041,0.0,
ID5293 → ID3666,67,5293,3666,322.76679147828986,0.0,17.965711549456923,17.965711549456923,3.5,536.7906528772833,362.926144832985,0.0,
ID3916 → ID3946,67,3916,3946,4.1671821970297875,1.4373449798122484,2.0413677270471844,2.0413677270471844,6.5,530.0997177895572,314.63664474370603,0.0,
ID3968 → ID2784,67,3968,2784,10.03958489361874,0.0,3.1685303996677607,3.1685303996677607,8.5,530.9725544120995,312.9278044394438,0.0,
ID4987 → ID5364,67,4987,5364,2.2250738585072014E-308,NaN,0.0,0.0,0.5,544.714562878495,367.1573796601092,0.0,
ID3567 → ID2306,67,3567,2306,1998.7063485161734,0.0,44.70689374711884,44.70689374711884,11.5,552.650750693713,321.8954920581018,0.0,
ID5364 → ID4408,67,5364,4408,2.2250738585072014E-308,0.0,0.0,0.0,1.5,544.714562878495,367.1573796601092,0.0,
ID2784 → ID4005,67,2784,4005,15.308860131516123,3.1066727341650147,3.912653847648182,3.912653847648182,9.5,531.0732328232694,313.29122257101665,0.0,
ID4408 → ID5293,67,4408,5293,2.2250738585072014E-308,0.0,0.0,0.0,2.5,544.714562878495,367.1573796601092,0.0,
ID5875 → ID5657,67,5875,5657,2.2250738585072014E-308,0.0,0.0,0.0,16.5,557.5881591674759,354.36654910928564,0.0,
ID2306 → ID2674,67,2306,2674,0.2275989428124859,1.6856474873637377,0.4770733096836228,0.4770733096836228,12.5,574.0326857435832,328.32388468519287,0.0,
ID2165 → ID5875,67,2165,5875,1107.8333095466694,3.006936897908728,33.28412999533966,33.28412999533966,15.5,566.2940795837379,340.1832745546428,0.0,
ID4119 → ID3916,67,4119,3916,1929.677622863626,0.0,43.92809605325077,43.92809605325077,5.5,528.9770912986708,336.7311391788481,0.0,
ID4005 → ID3567,67,4005,3567,2.2250738585072014E-308,0.0,0.0,0.0,10.5,531.313352680184,315.2327573987224,0.0,
ID3666 → ID4119,67,3666,4119,2.2250738585072014E-308,0.0,0.0,0.0,4.5,528.8667428760715,358.69491000586083,0.0,
ID3294 → ID2165,67,3294,2165,5.2177062961974014,0.0,2.2842299131649164,2.2842299131649164,14.5,574.5386113899622,327.04477132645223,0.0,
ID2674 → ID3294,67,2674,3294,2.2250738585072014E-308,0.0,0.0,0.0,13.5,574.0772227799245,328.08954265290447,0.0,
ID3946 → ID3968,67,3946,3968,2.2250738585072014E-308,0.0,0.0,0.0,7.5,531.1119958578442,314.50592113557667,0.0,
ID2743 → ID2146,68,2743,2146,245.96129656350323,0.0,15.683153272333444,15.683153272333444,11.5,752.5089453766332,52.077605514781496,0.0,
ID2163 → ID2625,68,2163,2625,2.2250738585072014E-308,0.0,0.0,0.0,13.5,730.3293804287835,54.881550532311195,0.0,
ID3067 → ID2743,68,3067,2743,2.2250738585072014E-308,NaN,0.0,0.0,10.5,759.9285000541078,54.61542594358252,0.0,
ID2625 → ID2019,68,2625,2019,117.69248076289958,0.0,10.848616536817014,10.848616536817014,14.5,725.6496068052084,52.138771098449325,0.0,
ID2019 → ID5772,68,2019,5772,96.76386082554563,0.9427971076994089,9.836862346579098,9.836862346579098,15.5,716.4642815323352,51.36854573023302,0.0,
ID2146 → ID2163,68,2146,2163,246.3923612651886,0.6768139433884073,15.696890178159132,15.696890178159132,12.5,737.709385563971,52.21066780914583,0.0,
ID5772 → ID5554,68,5772,5554,2.2250738585072014E-308,0.0,0.0,0.0,16.5,711.9587298830373,53.34109979587859,0.0,
ID4893 → ID5180,69,4893,5180,2.2250738585072014E-308,NaN,0.0,0.0,0.5,552.4757867349648,77.2813784556919,0.0,
ID2433 → ID3075,69,2433,3075,39.542360769566756,0.5999178559536912,6.28827168382273,6.28827168382273,9.5,561.4602889768333,59.7912154197169,0.0,
ID3045 → ID3151,69,3045,3151,2.2250738585072014E-308,0.0,0.0,0.0,7.5,560.1787129182977,66.11786552574941,0.0,
ID5082 → ID2768,69,5082,2768,36.73341914372965,0.0,6.060810106225871,6.060810106225871,3.5,553.2634983360567,74.35514107307277,0.0,
ID3071 → ID3012,69,3071,3012,29.810614540094196,0.0,5.459909755673092,5.459909755673092,5.5,555.0241787962744,68.87822040274523,0.0,
ID2768 → ID3071,69,2768,3071,2.2250738585072014E-308,0.0,0.0,0.0,4.5,554.0512099371487,71.42890369045365,0.0,
ID2629 → ID2029,69,2629,2029,260.25613763417743,0.0,16.132456032302628,16.132456032302628,14.5,565.9553083404385,66.6995266729403,0.0,
ID2029 → ID5775,69,2029,5775,46.123977830677674,2.778617218961903,6.791463600040692,6.791463600040692,15.5,567.9360736405933,71.33195785156745,0.0,
ID3012 → ID3045,69,3012,3045,17.52945022322529,1.1562792873755627,4.186818627935212,4.186818627935212,6.5,558.087930286849,66.22270132039311,0.0,
ID3075 → ID2748,69,3075,2748,2.2250738585072014E-308,0.0,0.0,0.0,10.5,561.0792924794666,56.67024892496147,0.0,
ID3442 → ID5082,69,3442,5082,2.2250738585072014E-308,0.0,0.0,0.0,2.5,552.4757867349648,77.2813784556919,0.0,
ID5180 → ID3442,69,5180,3442,2.2250738585072014E-308,0.0,0.0,0.0,1.5,552.4757867349648,77.2813784556919,0.0,
ID2748 → ID2151,69,2748,2151,3.592874644501407,0.0,1.8954879700228664,1.8954879700228664,11.5,560.2380946409567,56.23366576265261,0.0,
ID2151 → ID2166,69,2151,2166,36.263826365907214,3.109835059567529,6.021945397121034,6.021945397121034,12.5,562.0239849499555,57.2682605150421,0.0,
ID2166 → ID2629,69,2166,2629,2.2250738585072014E-308,0.0,0.0,0.0,13.5,564.6510730974642,58.73943842974045,0.0,
ID5775 → ID5557,69,5775,5557,2.2250738585072014E-308,0.0,0.0,0.0,16.5,568.6126036977741,68.00430078699478,0.0,
ID3151 → ID2433,69,3151,2433,13.040554919250072,0.0,3.6111708515729455,3.6111708515729455,8.5,561.0099991962488,64.51502372011086,0.0,
ID3192 → ID3991,70,3192,3991,2.2250738585072014E-308,0.0,0.0,0.0,13.5,172.84731142259506,626.1181879278553,0.0,
ID3991 → ID2439,70,3991,2439,24.027374162540905,0.0,4.901772553122075,4.901772553122075,14.5,171.41661426317688,628.1081500326875,0.0,
ID4562 → ID4178,70,4562,4178,2.2250738585072014E-308,0.0,0.0,0.0,10.5,186.86717360812497,604.934415648081,0.0,
ID5940 → ID5722,70,5940,5722,2.2250738585072014E-308,0.0,0.0,0.0,16.5,168.96959223325678,634.2472428790812,0.0,
ID2439 → ID5940,70,2439,5940,18.248202152972627,0.38311676361106106,4.2717914453976595,4.2717914453976595,15.5,169.47775466850777,632.1726775083005,0.0,
ID2440 → ID3192,70,2440,3192,524.3104030171855,0.11628524323284072,22.89782529012713,22.89782529012713,12.5,179.27544759248912,616.6441884484593,0.0,
ID4178 → ID2440,70,4178,2440,6.352623671929464,0.0,2.5204411661313313,2.5204411661313313,11.5,186.2853786852541,606.052302308572,0.0,
ID3427 → ID4562,70,3427,4562,33.47334695866756,NaN,5.785615521158277,5.785615521158277,9.5,189.74325234589168,604.623758547996,0.0,
ID5173 → ID3403,71,5173,3403,2.2250738585072014E-308,0.0,0.0,0.0,1.5,598.943764587785,74.32189376257526,0.0,
ID3403 → ID5069,71,3403,5069,2.2250738585072014E-308,0.0,0.0,0.0,2.5,598.943764587785,74.32189376257526,0.0,
ID4889 → ID5173,71,4889,5173,2.2250738585072014E-308,NaN,0.0,0.0,0.5,598.943764587785,74.32189376257526,0.0,
ID3059 → ID3024,71,3059,3024,53.727561717409344,0.0,7.329908711396707,7.329908711396707,5.5,596.2066839591208,68.04016416648936,0.0,
ID5773 → ID5555,71,5773,5555,2.2250738585072014E-308,0.0,0.0,0.0,16.5,570.9331656485961,53.55221722558711,0.0,
ID3060 → ID3168,71,3060,3168,2.2250738585072014E-308,0.0,0.0,0.0,7.5,589.3119140210774,68.59456669412097,0.0,
ID5069 → ID2763,71,5069,2763,38.274951389458785,0.0,6.186675309846056,6.186675309846056,3.5,599.4058552700258,71.26326497686898,0.0,
ID2632 → ID2020,71,2632,2020,207.72335799633362,0.0,14.412611074900122,14.412611074900122,14.5,606.0469841212587,55.4768249917591,0.0,
ID3109 → ID2766,71,3109,2766,2.2250738585072014E-308,0.0,0.0,0.0,10.5,597.0,61.0,0.0,
ID2169 → ID2632,71,2169,2632,2.2250738585072014E-308,0.0,0.0,0.0,13.5,600.2094262166164,59.702195651125294,0.0,
ID3168 → ID2442,71,3168,2442,10.97580570498936,0.0,3.3129753553247814,3.3129753553247814,8.5,589.0162433004791,66.96468011793591,0.0,
ID2442 → ID3109,71,2442,3109,87.33935345462457,1.2679314779623747,9.345552602956369,9.345552602956369,9.5,592.8602862899404,63.16739677087543,0.0,
ID2763 → ID3059,71,2763,3059,2.2250738585072014E-308,0.0,0.0,0.0,4.5,599.8679459522664,68.2046361911627,0.0,
ID2155 → ID2169,71,2155,2169,56.64038862314584,3.0355799904348495,7.525980907705376,7.525980907705376,12.5,596.9259784930067,61.540419849124206,0.0,
ID3024 → ID3060,71,3024,3060,10.972354251669085,0.2636544754911909,3.3124544150326183,3.3124544150326183,6.5,590.9286679935263,68.2351294179685,0.0,
ID2766 → ID2155,71,2766,2155,16.930547137360094,0.0,4.114674608928402,4.114674608928402,11.5,595.3212653846986,62.18932202356156,0.0,
ID2020 → ID5773,71,2020,5773,1682.3087370863743,2.5711788284468713,41.015957103137,41.015957103137,15.5,591.4088538372484,52.40183577899001,0.0,
ID3630 → ID2308,72,3630,2308,532.8689541501146,0.0,23.0839544738356,23.0839544738356,11.5,706.9560748583885,332.2687952317262,0.0,
ID2807 → ID4056,72,2807,4056,68.19647497471401,1.0615514411013287,8.258115703640511,8.258115703640511,9.5,700.4997366336618,325.5718036836597,0.0,
ID5354 → ID4372,72,5354,4372,2.2250738585072014E-308,0.0,0.0,0.0,1.5,721.4833200467442,337.26026173957894,0.0,
ID5868 → ID5650,72,5868,5650,2.2250738585072014E-308,0.0,0.0,0.0,16.5,713.8436585108096,326.01131435209675,0.0,
ID4043 → ID4059,72,4043,4059,2.2250738585072014E-308,0.0,0.0,0.0,7.5,716.4807126981507,334.09808146195667,0.0,
ID4982 → ID5354,72,4982,5354,2.2250738585072014E-308,NaN,0.0,0.0,0.5,721.4833200467442,337.26026173957894,0.0,
ID2183 → ID5868,72,2183,5868,0.09781336458607309,1.716107069134801,0.31275128230923865,0.31275128230923865,15.5,713.9958589396763,325.9754204724047,0.0,
ID3305 → ID2183,72,3305,2183,125.83359574352093,0.0,11.217557476720184,11.217557476720184,14.5,714.631443013581,331.52743668393555,0.0,
ID4056 → ID3630,72,4056,3630,2.2250738585072014E-308,0.0,0.0,0.0,10.5,696.651706354868,327.0690617499811,0.0,
ID3638 → ID4091,72,3638,4091,2.2250738585072014E-308,0.0,0.0,0.0,4.5,721.3737078416026,336.12158216421454,0.0,
ID4372 → ID5283,72,4372,5283,2.2250738585072014E-308,0.0,0.0,0.0,2.5,721.4833200467442,337.26026173957894,0.0,
ID4009 → ID4043,72,4009,4043,29.053376332011137,1.844094767170078,5.390118396845391,5.390118396845391,6.5,719.1670476484335,333.88140516447146,0.0,
ID4091 → ID4009,72,4091,4009,6.266215996713605,0.0,2.503241098398955,2.503241098398955,5.5,721.6135452201595,334.89315551560037,0.0,
ID4059 → ID2807,72,4059,2807,247.67964426696312,0.0,15.737841156491672,15.737841156491672,8.5,710.4142398053032,329.0863135396475,0.0,
ID5283 → ID3638,72,5283,3638,1.3086060108680406,0.0,1.1439431851573927,1.1439431851573927,3.5,721.4285139441733,336.6909219518967,0.0,
ID2681 → ID3305,72,2681,3305,2.2250738585072014E-308,0.0,0.0,0.0,13.5,715.1148266586191,337.1153467751584,0.0,
ID2308 → ID2681,72,2308,2681,4.728408518987944,2.837403573085232,2.174490404436852,2.174490404436852,12.5,716.1876350102641,337.29193774431485,0.0,
ID2153 → ID2171,73,2153,2171,14.777751098573868,1.6793757904398852,3.844184061484812,3.844184061484812,12.5,203.03994634957235,62.013341841189174,0.0,
ID2407 → ID3093,73,2407,3093,270.96311304980674,0.09638261528030223,16.46095723370323,16.46095723370323,9.5,205.33445927291862,52.27441420098663,0.0,
ID2729 → ID3001,73,2729,3001,2.2250738585072014E-308,0.0,0.0,0.0,4.5,164.25908694428503,49.375451790042526,0.0,
ID3030 → ID2407,73,3030,2407,226.52207595492942,0.0,15.050650349899483,15.050650349899483,8.5,195.44439694506806,40.03280095720988,0.0,
ID2171 → ID2635,73,2171,2635,2.2250738585072014E-308,0.0,0.0,0.0,13.5,203.55325076083162,63.865625932797485,0.0,
ID2757 → ID2153,73,2757,2153,60.55414630912505,0.0,7.781654471198593,7.781654471198593,11.5,206.3666780936599,59.53443273977834,0.0,
ID5155 → ID3306,73,5155,3306,2.2250738585072014E-308,0.0,0.0,0.0,1.5,159.36747850447188,50.41628455406223,0.0,
ID5042 → ID2729,73,5042,2729,25.01116597110818,0.0,5.001116472459743,5.001116472459743,3.5,161.81328272437844,49.895868172052374,0.0,
ID3001 → ID2929,73,3001,2929,161.8863950181244,0.0,12.723458453507222,12.723458453507222,5.5,168.51789908454492,44.64955315502019,0.0,
ID3306 → ID5042,73,3306,5042,2.2250738585072014E-308,0.0,0.0,0.0,2.5,159.36747850447188,50.41628455406223,0.0,
ID2929 → ID2924,73,2929,2924,341.75801333501965,0.5353059654689576,18.486698281061972,18.486698281061972,6.5,181.60165040905525,37.174117881210094,0.0,
ID2635 → ID2026,73,2635,2026,12.929065457513184,0.0,3.595700968867292,3.595700968867292,14.5,203.14251307506626,65.61592902594177,0.0,
ID4880 → ID5155,73,4880,5155,2.2250738585072014E-308,NaN,0.0,0.0,0.5,159.36747850447188,50.41628455406223,0.0,
ID2924 → ID3030,73,2924,3030,2.2250738585072014E-308,0.0,0.0,0.0,7.5,190.4265895933057,34.42458124242232,0.0,
ID3093 → ID2757,73,3093,2757,2.2250738585072014E-308,0.0,0.0,0.0,10.5,210.2067142490068,58.90780772997581,0.0,
ID2992 → ID2988,74,2992,2988,37.611178936161195,0.0,6.132795360694925,6.132795360694925,5.5,685.2433113053777,48.59633833517297,0.0,
ID2637 → ID2025,74,2637,2025,126.85418016103877,0.0,11.262956102242375,11.262956102242375,14.5,669.8605074652377,66.26326070737164,0.0,
ID5778 → ID5560,74,5778,5560,2.2250738585072014E-308,0.0,0.0,0.0,16.5,658.8004272111123,76.17604446483907,0.0,
ID2438 → ID3153,74,2438,3153,86.44333976538547,2.0851111785371383,9.29749104680319,9.29749104680319,9.5,690.616377819822,65.39413396326329,0.0,
ID2988 → ID3023,74,2988,3023,31.462188500806924,0.27904288959571616,5.609116552613871,5.609116552613871,6.5,683.7843837015262,54.22433602003774,0.0,
ID2025 → ID5778,74,2025,5778,134.2072842569941,1.1384766819286103,11.584786759237051,11.584786759237051,15.5,661.5191822781225,71.0613409592725,0.0,
ID5175 → ID3413,74,5175,3413,2.2250738585072014E-308,0.0,0.0,0.0,1.5,651.2334656582768,74.19512550587815,0.0,
ID4890 → ID5175,74,4890,5175,2.2250738585072014E-308,NaN,0.0,0.0,0.5,651.2334656582768,74.19512550587815,0.0,
ID3413 → ID5072,74,3413,5072,2.2250738585072014E-308,0.0,0.0,0.0,2.5,651.2334656582768,74.19512550587815,0.0,
ID2723 → ID2992,74,2723,2992,2.2250738585072014E-308,0.0,0.0,0.0,4.5,686.4003280831612,45.756601215302936,0.0,
ID2154 → ID2173,74,2154,2173,100.24925979673347,1.528244458425173,10.012455233194977,10.012455233194977,12.5,680.2305718688269,64.99129560105628,0.0,
ID2173 → ID2637,74,2173,2637,2.2250738585072014E-308,0.0,0.0,0.0,13.5,675.4830775853427,66.57988396103737,0.0,
ID3023 → ID3134,74,3023,3134,2.2250738585072014E-308,0.0,0.0,0.0,7.5,683.4824728754583,57.01259658503246,0.0,
ID3153 → ID2789,74,3153,2789,2.2250738585072014E-308,0.0,0.0,0.0,10.5,686.6960922587102,67.89257268788411,0.0,
ID5072 → ID2723,74,5072,2723,2045.45787663638,0.0,45.22673851425039,45.22673851425039,3.5,668.816896870719,59.975863360590544,0.0,
ID3134 → ID2438,74,3134,2438,156.80597749945247,0.0,12.522219351993977,12.522219351993977,8.5,689.009568128196,59.95414591183746,0.0,
ID2789 → ID2154,74,2789,2154,23.11050543271695,0.0,4.807338705845153,4.807338705845153,11.5,685.8370792055107,65.64763996447965,0.0,
ID4970 → ID5329,75,4970,5329,2.2250738585072014E-308,NaN,0.0,0.0,0.5,149.50252363344183,301.5716731766801,0.0,
ID5872 → ID5654,75,5872,5654,2.2250738585072014E-308,0.0,0.0,0.0,16.5,161.90639236138898,334.08812892240536,0.0,
ID2185 → ID5872,75,2185,5872,21.72182568691108,3.0814831258095547,4.660667944287716,4.660667944287716,15.5,162.57206824242763,331.8548953826404,0.0,
ID5259 → ID3538,75,5259,3538,20.8903712307671,0.0,4.570598563729602,4.570598563729602,3.5,150.82285325374454,303.43696738978514,0.0,
ID2787 → ID4063,75,2787,4063,278.47549322637815,1.061951299651633,16.687585002821052,16.687585002821052,9.5,165.0443121864662,328.25632973514286,0.0,
ID3878 → ID3964,75,3878,3964,38.61461010929503,0.5323844212668767,6.214065505713231,6.214065505713231,6.5,163.35997667714236,313.9585362431594,0.0,
ID3987 → ID2787,75,3987,2787,24.13165088857548,0.0,4.912397672071702,4.912397672071702,8.5,166.41267501503688,318.5740024222938,0.0,
ID3538 → ID4013,75,3538,4013,2.2250738585072014E-308,0.0,0.0,0.0,4.5,152.14318287404726,305.30226160289016,0.0,
ID4271 → ID5259,75,4271,5259,2.2250738585072014E-308,0.0,0.0,0.0,2.5,149.50252363344183,301.5716731766801,0.0,
ID3642 → ID2307,75,3642,2307,4.703895194937209,0.0,2.1688465125354557,2.1688465125354557,11.5,161.13985228705812,336.57809632434544,0.0,
ID2685 → ID3315,75,2685,3315,2.2250738585072014E-308,0.0,0.0,0.0,13.5,161.30083795825448,337.9095666766698,0.0,
ID4013 → ID3878,75,4013,3878,130.03929623354588,0.0,11.403477374623316,11.403477374623316,5.5,157.01676698113,308.26165377182906,0.0,
ID4063 → ID3642,75,4063,3642,2.2250738585072014E-308,0.0,0.0,0.0,10.5,162.0928766089306,336.060681171249,0.0,
ID2307 → ID2685,75,2307,2685,1.903704132047259,2.013139644589039,1.3797478508942347,1.3797478508942347,12.5,160.74383296172005,337.5025390770558,0.0,
ID3315 → ID2185,75,3315,2185,72.4409720268675,0.0,8.511226235206506,8.511226235206506,14.5,162.2692910408604,333.76561425977263,0.0,
ID3964 → ID3987,75,3964,3987,2.2250738585072014E-308,0.0,0.0,0.0,7.5,164.82960226607196,316.6960265455508,0.0,
ID5329 → ID4271,75,5329,4271,2.2250738585072014E-308,0.0,0.0,0.0,1.5,149.50252363344183,301.5716731766801,0.0,
ID2466 → ID3200,76,2466,3200,94.05336196577508,0.5202223965372812,9.698111257650899,9.698111257650899,9.5,566.6726120407778,81.38629706971119,0.0,
ID3111 → ID3131,76,3111,3131,78.67995094730298,3.130900380021221,8.870171979578693,8.870171979578693,6.5,566.3255634631857,84.58545979976961,0.0,
ID3131 → ID3240,76,3131,3240,2.2250738585072014E-308,0.0,0.0,0.0,7.5,569.0347932751537,88.09687853907855,0.0,
ID3133 → ID3111,76,3133,3111,14.005521771483037,0.0,3.7423951917833365,3.7423951917833365,5.5,564.7751538880523,82.54322998690054,0.0,
ID5787 → ID5569,76,5787,5569,2.2250738585072014E-308,0.0,0.0,0.0,16.5,578.7398922709598,110.2173302741756,0.0,
ID2794 → ID3133,76,2794,3133,2.2250738585072014E-308,0.0,0.0,0.0,4.5,565.9339741248868,84.01241891334043,0.0,
ID3476 → ID5091,76,3476,5091,2.2250738585072014E-308,0.0,0.0,0.0,2.5,563.5194550311334,86.92651538054781,0.0,
ID2040 → ID5787,76,2040,5787,59.362845165149366,2.5517554083429412,7.704728753509066,7.704728753509066,15.5,577.410719082355,113.83313031372165,0.0,
ID2175 → ID2641,76,2175,2641,2.2250738585072014E-308,0.0,0.0,0.0,13.5,565.8590655601068,75.23193746026324,0.0,
ID3200 → ID2835,76,3200,2835,2.2250738585072014E-308,0.0,0.0,0.0,10.5,565.8814605124936,76.6022172469305,0.0,
ID5185 → ID3476,76,5185,3476,2.2250738585072014E-308,0.0,0.0,0.0,1.5,563.5194550311334,86.92651538054781,0.0,
ID4896 → ID5185,76,4896,5185,2.2250738585072014E-308,NaN,0.0,0.0,0.5,563.5194550311334,86.92651538054781,0.0,
ID2167 → ID2175,76,2167,2175,5.547552318385517,2.8759613673508593,2.355324249097248,2.355324249097248,12.5,565.6411581453733,76.38926387843598,0.0,
ID2641 → ID2040,76,2641,2040,1886.77359309971,0.0,43.43700718396365,43.43700718396365,14.5,570.9703057269285,96.34043390676547,0.0,
ID2835 → ID2167,76,2835,2167,1.1017966611450059,0.0,1.0496650233026752,1.0496650233026752,11.5,565.6523556215668,77.07440377176961,0.0,
ID3240 → ID2466,76,3240,2466,6.179542931723487,0.0,2.4858686473189784,2.4858686473189784,8.5,568.2492784221079,87.13362771578521,0.0,
ID5091 → ID2794,76,5091,2794,14.321860674290713,0.0,3.7844234269292216,3.7844234269292216,3.5,564.7267145780102,85.46946714694411,0.0,
ID3126 → ID2773,77,3126,2773,2.2250738585072014E-308,NaN,0.0,0.0,10.5,219.24702095733548,67.81641664734578,0.0,
ID2030 → ID5777,77,2030,5777,19.609256607200866,0.9232820980752972,4.428234028052364,4.428234028052364,15.5,221.5908511342456,74.84559934156309,0.0,
ID2159 → ID2177,77,2159,2177,32.60563761526982,0.9849784861678228,5.7101346407304465,5.7101346407304465,12.5,223.79685368080283,74.98794758350896,0.0,
ID2644 → ID2030,77,2644,2030,2.781768893205934,0.0,1.6678635715207446,1.6678635715207446,14.5,223.39555822472988,76.98296541910744,0.0,
ID2177 → ID2644,77,2177,2644,2.2250738585072014E-308,0.0,0.0,0.0,13.5,223.41056671513897,77.81676213804866,0.0,
ID5777 → ID5559,77,5777,5559,2.2250738585072014E-308,0.0,0.0,0.0,16.5,219.8011525341704,73.54202998295993,0.0,
ID2773 → ID2159,77,2773,2159,43.22446315664962,0.0,6.57453140205822,6.57453140205822,11.5,221.71508080190108,69.98777483815752,0.0,
ID4323 → ID5270,78,4323,5270,2.2250738585072014E-308,0.0,0.0,0.0,2.5,581.7289612069668,318.4850966481387,0.0,
ID3571 → ID4042,78,3571,4042,2.2250738585072014E-308,0.0,0.0,0.0,4.5,581.6850733442852,321.49453441621023,0.0,
ID3960 → ID3994,78,3960,3994,1.5301773782754973,2.2311165999010116,1.2370033865254764,1.2370033865254764,6.5,580.1509169661083,321.99187882959217,0.0,
ID2690 → ID3326,78,2690,3326,2.2250738585072014E-308,0.0,0.0,0.0,13.5,592.3667962703561,339.4170009985244,0.0,
ID4976 → ID5340,78,4976,5340,2.2250738585072014E-308,NaN,0.0,0.0,0.5,581.7289612069668,318.4850966481387,0.0,
ID5270 → ID3571,78,5270,3571,9.058641824385969,0.0,3.009757768390335,3.009757768390335,3.5,581.707017275626,319.9898155321745,0.0,
ID2168 → ID5869,78,2168,5869,198.63307009829492,2.381424806707103,14.093724493486274,14.093724493486274,15.5,595.4009790531322,327.08651594605635,0.0,
ID3611 → ID2303,78,3611,2303,18.808326774207416,0.0,4.336856785069967,4.336856785069967,11.5,585.020919129378,323.1379059395599,0.0,
ID5869 → ID5651,78,5869,5651,2.2250738585072014E-308,0.0,0.0,0.0,16.5,588.4641882654424,328.327161379851,0.0,
ID4014 → ID2798,78,4014,2798,0.04642564035806182,0.0,0.21546610025259616,0.21546610025259616,8.5,580.5651799935724,322.37532809845027,0.0,
ID2798 → ID4038,78,2798,4038,5.753289867887861,1.615204599677972,2.39860164843766,2.39860164843766,9.5,581.7251669413718,322.68010251766816,0.0,
ID4038 → ID3611,78,4038,3611,2.2250738585072014E-308,0.0,0.0,0.0,10.5,582.8530715153481,323.08772211849123,0.0,
ID2303 → ID2690,78,2303,2690,290.18954974945007,1.238799435965757,17.03495082908812,17.03495082908812,12.5,589.7777815068819,331.3025453795765,0.0,
ID5340 → ID4323,78,5340,4323,2.2250738585072014E-308,0.0,0.0,0.0,1.5,581.7289612069668,318.4850966481387,0.0,
ID4042 → ID3960,78,4042,3960,3.6724697211979196,0.0,1.9163688896446633,1.9163688896446633,5.5,580.7269048283762,321.5000593976696,0.0,
ID3326 → ID2168,78,3326,2168,283.59589661810077,0.0,16.840305716289738,16.840305716289738,14.5,597.352283055589,332.631435755393,0.0,
ID3994 → ID4014,78,3994,4014,2.2250738585072014E-308,0.0,0.0,0.0,7.5,580.5330976197494,322.4781732800554,0.0,
ID2647 → ID2032,79,2647,2032,54.823999589305814,0.0,7.404323033830021,7.404323033830021,14.5,199.69424629632155,80.95933515897057,0.0,
ID2179 → ID2647,79,2179,2647,2.2250738585072014E-308,0.0,0.0,0.0,13.5,196.7141335152556,78.76276335057143,0.0,
ID2164 → ID2179,79,2164,2179,20.86505546975807,1.9393657323599849,4.567828310013202,4.567828310013202,12.5,196.41228480764875,76.49888366623404,0.0,
ID3179 → ID2824,79,3179,2824,2.2250738585072014E-308,NaN,0.0,0.0,10.5,200.95148207267914,75.39928070883916,0.0,
ID2824 → ID2164,79,2824,2164,24.79126640608715,0.0,4.979082888051488,4.979082888051488,11.5,198.53095908636053,74.8171423453679,0.0,
ID4082 → ID3663,80,4082,3663,2.2250738585072014E-308,0.0,0.0,0.0,10.5,594.1953346802151,339.0884947016534,0.0,
ID3338 → ID2243,80,3338,2243,15.051871139720271,0.0,3.8796741022565633,3.8796741022565633,14.5,592.6037656136546,342.8339292157127,0.0,
ID2243 → ID5874,80,2243,5874,15.735912637235916,2.5706482022289117,3.966851728667952,3.966851728667952,15.5,591.560905601963,342.4667140747131,0.0,
ID4018 → ID4051,80,4018,4051,2.092985942689992,1.619004144482661,1.4467155707636494,1.4467155707636494,6.5,591.9855019003851,335.9620183368505,0.0,
ID2694 → ID3338,80,2694,3338,2.2250738585072014E-308,0.0,0.0,0.0,13.5,592.4276175078971,344.76575209314433,0.0,
ID4078 → ID4018,80,4078,4018,20.187224202382147,0.0,4.493019497218118,4.493019497218118,5.5,592.3396821867747,333.6624550717834,0.0,
ID4356 → ID5278,80,4356,5278,2.2250738585072014E-308,0.0,0.0,0.0,2.5,593.5793102512507,330.8069130013581,0.0,
ID5278 → ID3614,80,5278,3614,0.7751607623037694,0.0,0.8804321452013036,0.8804321452013036,3.5,593.4667769500513,331.2325025297738,0.0,
ID4070 → ID2837,80,4070,2837,1.2832025209883304,0.0,1.1327852934198654,1.1327852934198654,8.5,593.0301567932945,335.8411244397231,0.0,
ID4051 → ID4070,80,4051,4070,2.2250738585072014E-308,0.0,0.0,0.0,7.5,592.6458830760728,336.2572185883237,0.0,
ID5350 → ID4356,80,5350,4356,2.2250738585072014E-308,0.0,0.0,0.0,1.5,593.5793102512507,330.8069130013581,0.0,
ID3614 → ID4078,80,3614,4078,2.2250738585072014E-308,0.0,0.0,0.0,4.5,593.3542436488519,331.65809205818954,0.0,
ID4980 → ID5350,80,4980,5350,2.2250738585072014E-308,NaN,0.0,0.0,0.5,593.5793102512507,330.8069130013581,0.0,
ID3663 → ID2309,80,3663,2309,12.428079582248174,0.0,3.525348150502043,3.525348150502043,11.5,594.0020815051694,340.84054296180403,0.0,
ID2837 → ID4082,80,2837,4082,14.030782809479788,2.1859140025703807,3.745768654025471,3.745768654025471,9.5,593.8048825953656,337.256762496388,0.0,
ID2309 → ID2694,80,2309,2694,6.630371507505589,0.4563118374088231,2.5749507776859715,2.5749507776859715,12.5,593.1182229190103,343.6791716575495,0.0,
ID5874 → ID5656,80,5874,5656,2.2250738585072014E-308,0.0,0.0,0.0,16.5,590.3418974845141,344.031321811145,0.0,
ID2477 → ID3207,81,2477,3207,43.951973214110694,1.7406416675472158,6.629628437107972,6.629628437107972,12.5,24.00693715332885,627.2308187731794,0.0,
ID4752 → ID5402,81,4752,5402,2.2250738585072014E-308,0.0,0.0,0.0,2.5,26.84805546753775,570.2248848412917,0.0,
ID3207 → ID4001,81,3207,4001,2.2250738585072014E-308,0.0,0.0,0.0,13.5,21.900660818253684,629.7904268103268,0.0,
ID3524 → ID4594,81,3524,4594,56.11529760494689,1.9943937321883565,7.491014457665056,7.491014457665056,9.5,18.395807781024033,622.7357109859713,0.0,
ID4538 → ID4525,81,4538,4525,49.14103232753635,0.0,7.010066499508857,7.010066499508857,5.5,28.107166777060737,591.1346791822602,0.0,
ID4525 → ID4541,81,4525,4541,156.68582945057994,0.6348552742944957,12.517421038320151,12.517421038320151,6.5,24.566270496246474,599.7511884606344,0.0,
ID4594 → ID4231,81,4594,4231,2.2250738585072014E-308,0.0,0.0,0.0,10.5,22.125791254744914,622.395053258911,0.0,
ID5058 → ID5467,81,5058,5467,2.2250738585072014E-308,NaN,0.0,0.0,0.5,26.84805546753775,570.2248848412917,0.0,
ID4541 → ID4568,81,4541,4568,2.2250738585072014E-308,0.0,0.0,0.0,7.5,20.955569321732696,604.8633596618961,0.0,
ID4568 → ID3524,81,4568,3524,371.27459104328034,0.0,19.268486994138392,19.268486994138392,8.5,17.810696814517925,613.9698641874638,0.0,
ID4231 → ID2477,81,4231,2477,21.080428930131962,0.0,4.591342824287025,4.591342824287025,11.5,24.119502371574466,623.5331319974714,0.0,
ID4117 → ID4538,81,4117,4538,2.2250738585072014E-308,0.0,0.0,0.0,4.5,28.03736188336122,587.6303411051479,0.0,
ID5402 → ID4117,81,5402,4117,304.3643575037297,0.0,17.44604131325298,17.44604131325298,3.5,27.442708675449488,578.9276129732198,0.0,
ID5467 → ID4752,81,5467,4752,2.2250738585072014E-308,0.0,0.0,0.0,1.5,26.84805546753775,570.2248848412917,0.0,
ID3351 → ID2245,82,3351,2245,124.61754327698503,0.0,11.16322279975568,11.16322279975568,14.5,695.3597690989131,347.96561672051416,0.0,
ID2700 → ID3351,82,2700,3351,2.2250738585072014E-308,0.0,0.0,0.0,13.5,689.78942786509,347.61109682260025,0.0,
ID3957 → ID3978,82,3957,3978,2.2250738585072014E-308,0.0,0.0,0.0,7.5,666.0456945649478,315.92333464526325,0.0,
ID5315 → ID4210,82,5315,4210,2.2250738585072014E-308,0.0,0.0,0.0,1.5,688.4060802237658,281.4981902129029,0.0,
ID5876 → ID5658,82,5876,5658,2.2250738585072014E-308,0.0,0.0,0.0,16.5,707.9576960888149,357.7805699994263,0.0,
ID4210 → ID5245,82,4210,5245,2.2250738585072014E-308,0.0,0.0,0.0,2.5,688.4060802237658,281.4981902129029,0.0,
ID4963 → ID5315,82,4963,5315,2.2250738585072014E-308,NaN,0.0,0.0,0.5,688.4060802237658,281.4981902129029,0.0,
ID2310 → ID2700,82,2310,2700,38.89743472791027,0.14342611610825212,6.236780798449652,6.236780798449652,12.5,687.2625859870718,345.7836864129026,0.0,
ID3474 → ID3950,82,3474,3950,2.2250738585072014E-308,0.0,0.0,0.0,4.5,684.2611685237152,298.7036011507727,0.0,
ID3978 → ID2823,82,3978,2823,200.66845302400225,0.0,14.16574929271312,14.16574929271312,8.5,669.8608678103137,321.890877386111,0.0,
ID3902 → ID3957,82,3902,3957,5.22016794738624,1.7570270061619946,2.284768685750538,2.284768685750538,6.5,665.1845525124454,315.17268402596113,0.0,
ID2245 → ID5876,82,2245,5876,138.88676131534785,0.8683350904710254,11.785022754129406,11.785022754129406,15.5,704.4439032107755,353.05035330892713,0.0,
ID4074 → ID3652,82,4074,3652,2.2250738585072014E-308,0.0,0.0,0.0,10.5,676.2970832906261,335.780889033748,0.0,
ID5245 → ID3474,82,5245,3474,313.20645854218674,0.0,17.697639914468446,17.697639914468446,3.5,686.3336243737406,290.1008956818378,0.0,
ID3950 → ID3902,82,3950,3902,644.5833091923955,0.0,25.388645280762727,25.388645280762727,5.5,674.2922894918293,306.5628172787159,0.0,
ID2823 → ID4074,82,2823,4074,69.635375976416,0.24932932666250912,8.344781361810266,8.344781361810266,9.5,674.9865621731528,331.81965458035336,0.0,
ID3652 → ID2310,82,3652,2310,138.04794850883252,0.0,11.74938077129312,11.74938077129312,11.5,680.5164136998399,339.8685825184765,0.0,
ID5169 → ID3383,83,5169,3383,2.2250738585072014E-308,0.0,0.0,0.0,1.5,532.2395065687319,72.27991645054851,0.0,
ID2031 → ID5780,83,2031,5780,0.21550440187882602,1.930993780472119,0.4642245166714335,0.4642245166714335,15.5,533.4678604612188,81.4208827894948,0.0,
ID2189 → ID2650,83,2189,2650,2.2250738585072014E-308,0.0,0.0,0.0,13.5,535.3160977756913,81.83807201732202,0.0,
ID3190 → ID2831,83,3190,2831,2.2250738585072014E-308,0.0,0.0,0.0,10.5,534.7779761382391,77.02963265736484,0.0,
ID3079 → ID3188,83,3079,3188,2.2250738585072014E-308,0.0,0.0,0.0,7.5,535.0346139119173,77.81405090511252,0.0,
ID4887 → ID5169,83,4887,5169,2.2250738585072014E-308,NaN,0.0,0.0,0.5,532.2395065687319,72.27991645054851,0.0,
ID3383 → ID5063,83,3383,5063,2.2250738585072014E-308,0.0,0.0,0.0,2.5,532.2395065687319,72.27991645054851,0.0,
ID3090 → ID3102,83,3090,3102,49.00071391513529,0.0,7.000050993752495,7.000050993752495,5.5,536.4404201116593,77.43423423191712,0.0,
ID2452 → ID3190,83,2452,3190,2.0233340152375425,2.739400208702342,1.4224394592521477,1.4224394592521477,9.5,535.210920259028,77.59389579818097,0.0,
ID5780 → ID5562,83,5780,5562,2.2250738585072014E-308,0.0,0.0,0.0,16.5,533.4732682521906,81.65293204346152,0.0,
ID2831 → ID2170,83,2831,2170,5.717973301870047,0.0,2.391228408552819,2.391228408552819,11.5,534.9637684136551,78.21072306705551,0.0,
ID3102 → ID3079,83,3102,3079,18.40273446518993,2.824535109552185,4.289840843806438,4.289840843806438,6.5,536.824987565356,78.9952561359552,0.0,
ID2777 → ID3090,83,2777,3090,2.2250738585072014E-308,0.0,0.0,0.0,4.5,534.2654790045239,74.69200709703632,0.0,
ID3188 → ID2452,83,3188,2452,0.4895964716198445,0.0,0.6997117060760414,0.6997117060760414,8.5,535.3392391458672,77.9861049220548,0.0,
ID2170 → ID2189,83,2170,2189,6.01191544856023,0.08805373031189545,2.4519207671864582,2.4519207671864582,12.5,535.2328292323812,80.61494274703409,0.0,
ID2650 → ID2031,83,2650,2031,3.8575107831798756,0.0,1.9640546792744533,1.9640546792744533,14.5,534.3892752229692,81.51345277642505,0.0,
ID5063 → ID2777,83,5063,2777,9.922745597462612,0.0,3.150038983483,3.150038983483,3.5,533.252492786628,73.48596177379241,0.0,
ID2652 → ID2033,84,2652,2033,6.982311192940898,0.0,2.642406326237677,2.642406326237677,14.5,208.39420564279234,86.97036500298663,0.0,
ID2191 → ID2652,84,2191,2652,2.2250738585072014E-308,0.0,0.0,0.0,13.5,207.10250137219134,86.69273597794357,0.0,
ID5060 → ID2758,84,5060,2758,15.049271704406296,0.0,3.8793390808752846,3.8793390808752846,3.5,182.4519235459165,68.24906353623774,0.0,
ID4886 → ID5167,84,4886,5167,2.2250738585072014E-308,NaN,0.0,0.0,0.5,180.51434087201196,68.33901523375643,0.0,
ID2446 → ID3163,84,2446,3163,61.85504654242846,0.3518722106950387,7.864797933985873,7.864797933985873,9.5,191.45552151582172,68.17789510904676,0.0,
ID2758 → ID3051,84,2758,3051,2.2250738585072014E-308,0.0,0.0,0.0,4.5,184.38950621982104,68.15911183871906,0.0,
ID3163 → ID2792,84,3163,2792,2.2250738585072014E-308,0.0,0.0,0.0,10.5,195.28902493414114,69.0542587192797,0.0,
ID2033 → ID5782,84,2033,5782,28.840339979859518,0.08653371173550357,5.370320286524773,5.370320286524773,15.5,212.3500599860655,87.58323928936218,0.0,
ID3141 → ID2446,84,3141,2446,36.622149260198675,0.0,6.051623687920348,6.051623687920348,8.5,185.08544369159074,65.65188681030541,0.0,
ID3044 → ID3035,84,3044,3035,82.6206697959797,2.748258816031768,9.089591288720285,9.089591288720285,6.5,186.0992767004958,66.83945459847368,0.0,
ID2792 → ID2191,84,2792,2191,450.67410555676975,0.0,10.614543154992232,21.229086309984464,12.0,201.19576315316624,77.87349734861164,0.0,
ID3051 → ID3044,84,3051,3044,29.97244538783681,0.0,5.474709616759305,5.474709616759305,5.5,187.01959516756676,68.91788945693472,0.0,
ID3035 → ID3141,84,3035,3141,2.2250738585072014E-308,0.0,0.0,0.0,7.5,182.54886928567916,64.00224212179701,0.0,
ID5167 → ID3373,84,5167,3373,2.2250738585072014E-308,0.0,0.0,0.0,1.5,180.51434087201196,68.33901523375643,0.0,
ID3373 → ID5060,84,3373,5060,2.2250738585072014E-308,0.0,0.0,0.0,2.5,180.51434087201196,68.33901523375643,0.0,
ID5782 → ID5564,84,5782,5564,2.2250738585072014E-308,0.0,0.0,0.0,16.5,215.01421005873763,87.91848455069467,0.0,
ID2035 → ID5783,85,2035,5783,3.7614741537347776,2.717168724941329,1.939452024086901,1.939452024086901,15.5,541.6595172802872,88.41479486154196,0.0,
ID3232 → ID2850,85,3232,2850,2.2250738585072014E-308,NaN,0.0,0.0,10.5,541.9708736845694,86.10545458606697,0.0,
ID2192 → ID2656,85,2192,2656,2.2250738585072014E-308,0.0,0.0,0.0,13.5,541.5098459506104,89.92656748565322,0.0,
ID2172 → ID2192,85,2172,2192,17.332579648738456,2.058629906468239,4.163241483356263,4.163241483356263,12.5,541.367660899135,87.84980839434735,0.0,
ID2850 → ID2172,85,2850,2172,0.66611120745285,0.0,0.8161563621346403,0.8161563621346403,11.5,541.5981747661145,85.93925194455423,0.0,
ID2656 → ID2035,85,2656,2035,5.519813298455678,0.0,2.349428291830946,2.349428291830946,14.5,541.3142268779823,88.76825556607456,0.0,
ID5783 → ID5565,85,5783,5565,2.2250738585072014E-308,0.0,0.0,0.0,16.5,542.2004267552205,89.21964607658803,0.0,
ID4966 → ID5321,86,4966,5321,2.2250738585072014E-308,NaN,0.0,0.0,0.5,763.7031559555928,291.628414490447,0.0,
ID3974 → ID3998,86,3974,3998,2.2250738585072014E-308,0.0,0.0,0.0,7.5,749.6456155424332,319.2331020504065,0.0,
ID3998 → ID2819,86,3998,2819,223.99525541468216,0.0,14.966471040785873,14.966471040785873,8.5,743.1846433077505,323.00863534205286,0.0,
ID3418 → ID3900,86,3418,3900,2.2250738585072014E-308,0.0,0.0,0.0,4.5,753.8909440668289,288.1632878264322,0.0,
ID3818 → ID3974,86,3818,3974,247.4935939568745,0.5114574712458737,15.731929123819318,15.731929123819318,6.5,752.7027626147653,311.98553347416316,0.0,
ID4237 → ID5251,86,4237,5251,2.2250738585072014E-308,0.0,0.0,0.0,2.5,763.7031559555928,291.628414490447,0.0,
ID5321 → ID4237,86,5321,4237,2.2250738585072014E-308,0.0,0.0,0.0,1.5,763.7031559555928,291.628414490447,0.0,
ID3900 → ID3818,86,3900,3818,278.2129525138426,0.0,16.679716799569547,16.679716799569547,5.5,754.8254268769631,296.450626362176,0.0,
ID2819 → ID4100,86,2819,4100,149.69736126592892,0.8198065401902861,12.235087301115955,12.235087301115955,9.5,735.3758108820509,332.7513801451134,0.0,
ID3365 → ID2249,86,3365,2249,82.11234557979718,0.0,9.061586261786465,9.061586261786465,14.5,741.9632793554418,353.43140429964865,0.0,
ID5251 → ID3418,86,5251,3418,108.28660494766706,0.0,10.406084996177336,10.406084996177336,3.5,758.7970500112108,289.89585115843965,0.0,
ID2311 → ID2705,86,2311,2705,30.117533295203383,1.9209763166646707,5.4879443597036754,5.4879443597036754,12.5,743.4656685911282,347.18624476316495,0.0,
ID4100 → ID3671,86,4100,3671,2.2250738585072014E-308,0.0,0.0,0.0,10.5,734.0279506910339,338.71859165652756,0.0,
ID3671 → ID2311,86,3671,2311,178.3884560034179,0.0,13.356214134380217,13.356214134380217,11.5,739.8014077913773,342.0748257233573,0.0,
ID2705 → ID3365,86,2705,3365,2.2250738585072014E-308,0.0,0.0,0.0,13.5,741.3564722905355,348.9414297361428,0.0,
ID3218 → ID4008,87,3218,4008,2.2250738585072014E-308,0.0,0.0,0.0,13.5,737.7517692036583,629.6439313524963,0.0,
ID4825 → ID5428,87,4825,5428,2.2250738585072014E-308,0.0,0.0,0.0,2.5,750.878092652937,641.9354153541815,0.0,
ID5077 → ID5491,87,5077,5491,2.2250738585072014E-308,NaN,0.0,0.0,0.5,750.878092652937,641.9354153541815,0.0,
ID4618 → ID4648,87,4618,4648,2.2250738585072014E-308,0.0,0.0,0.0,7.5,743.0829620966725,639.8916375835024,0.0,
ID5491 → ID4825,87,5491,4825,2.2250738585072014E-308,0.0,0.0,0.0,1.5,750.878092652937,641.9354153541815,0.0,
ID4632 → ID4300,87,4632,4300,2.2250738585072014E-308,0.0,0.0,0.0,10.5,736.8353544308654,633.6552237186618,0.0,
ID2435 → ID5935,87,2435,5935,21.460377443991714,1.054276171475462,4.632534667327565,4.632534667327565,15.5,735.6624180831328,626.8937247320719,0.0,
ID5428 → ID4191,87,5428,4191,10.175242240097706,0.0,3.18986555204098,3.18986555204098,3.5,749.3249873587467,642.2982851726877,0.0,
ID2491 → ID3218,87,2491,3218,3.3113147823888625,1.2850088950033265,1.8197018388705504,1.8197018388705504,12.5,738.2820540394973,630.3832734170892,0.0,
ID3574 → ID4632,87,3574,4632,31.333377707724463,0.3410676892985137,5.597622504932292,5.597622504932292,9.5,739.0512536060908,635.3649416112296,0.0,
ID4592 → ID4591,87,4592,4591,17.645433336649695,0.0,4.200646775991728,4.200646775991728,5.5,746.2868795516704,641.1758516986356,0.0,
ID4591 → ID4618,87,4591,4618,2.9951054354919955,0.9019561974379865,1.730637291720017,1.730637291720017,6.5,743.9424195677284,639.79109299479,0.0,
ID4008 → ID2435,87,4008,2435,2.761855752415131,0.0,1.6618831945763008,1.6618831945763008,14.5,736.957576773465,629.3995498435245,0.0,
ID4300 → ID2491,87,4300,2491,10.322571975696407,0.0,3.2128759664351203,3.2128759664351203,11.5,737.8238466531009,632.3889196001719,0.0,
ID4648 → ID3574,87,4648,3574,11.232528971273226,0.0,3.3514965271163906,3.3514965271163906,8.5,742.1750574389944,638.4831485436499,0.0,
ID5935 → ID5717,87,5935,5717,2.2250738585072014E-308,0.0,0.0,0.0,16.5,735.161451822994,624.6322811295913,0.0,
ID4191 → ID4592,87,4191,4592,2.2250738585072014E-308,0.0,0.0,0.0,4.5,747.7718820645565,642.6611549911938,0.0,
ID2710 → ID3375,88,2710,3375,2.2250738585072014E-308,0.0,0.0,0.0,13.5,700.8226767623902,352.9676426289007,0.0,
ID3926 → ID3944,88,3926,3944,2.2250738585072014E-308,0.0,0.0,0.0,7.5,676.9612924767499,314.0143792891331,0.0,
ID3739 → ID3926,88,3739,3926,432.97462969016965,0.587281720734041,20.808042428113453,20.808042428113453,6.5,676.0316969479456,303.65197080580407,0.0,
ID4956 → ID5302,88,4956,5302,2.2250738585072014E-308,NaN,0.0,0.0,0.5,690.8610632865383,270.19323505854413,0.0,
ID5302 → ID4152,88,5302,4152,2.2250738585072014E-308,0.0,0.0,0.0,1.5,690.8610632865383,270.19323505854413,0.0,
ID3339 → ID3831,88,3339,3831,2.2250738585072014E-308,0.0,0.0,0.0,4.5,685.1704411251515,274.7633949507265,0.0,
ID2832 → ID4108,88,2832,4108,167.46325026761093,0.695756382225621,12.94075926163573,12.94075926163573,9.5,685.3382965583089,336.0655128628931,0.0,
ID3831 → ID3739,88,3831,3739,444.59034192165996,0.0,21.08531104635784,21.08531104635784,5.5,680.1362712721464,284.02647863660076,0.0,
ID4152 → ID5228,88,4152,5228,2.2250738585072014E-308,0.0,0.0,0.0,2.5,690.8610632865383,270.19323505854413,0.0,
ID5228 → ID3339,88,5228,3339,53.269542023779195,0.0,7.298598634243371,7.298598634243371,3.5,688.0157522058448,272.4783150046353,0.0,
ID3681 → ID2314,88,3681,2314,209.5218476559209,0.0,14.474869521205395,14.474869521205395,11.5,695.9529302649953,344.73912362205965,0.0,
ID2252 → ID5879,88,2252,5879,154.81357830603628,0.7581348390771164,12.44241047008321,12.44241047008321,15.5,707.8963029334125,365.836423284294,0.0,
ID5879 → ID5661,88,5879,5661,2.2250738585072014E-308,0.0,0.0,0.0,16.5,713.0109810061573,369.3780984230798,0.0,
ID4108 → ID3681,88,4108,3681,2.2250738585072014E-308,0.0,0.0,0.0,10.5,690.3337992786635,340.17778293401346,0.0,
ID3944 → ID2832,88,3944,2832,333.23737522216385,0.0,18.254790473247397,18.254790473247397,8.5,678.6520431573521,322.9838110404529,0.0,
ID2314 → ID2710,88,2314,2710,14.009773934097993,1.0905043523184839,3.742963255777165,3.742963255777165,12.5,701.1973690068587,351.1340534695033,0.0,
ID3375 → ID2252,88,3375,2252,90.83237496967756,0.0,9.53060202556363,9.53060202556363,14.5,701.8021508115289,357.6311953872045,0.0,
ID5362 → ID4400,89,5362,4400,2.2250738585072014E-308,0.0,0.0,0.0,1.5,732.1061606654065,360.2723409360416,0.0,
ID4118 → ID3689,89,4118,3689,2.2250738585072014E-308,0.0,0.0,0.0,10.5,718.6033589351456,347.80102549843906,0.0,
ID2715 → ID3385,89,2715,3385,2.2250738585072014E-308,0.0,0.0,0.0,13.5,728.9243127566873,354.40147853994563,0.0,
ID2858 → ID4118,89,2858,4118,42.026092107706745,0.4645211342444901,6.4827534356712,6.4827534356712,9.5,720.6366962224693,350.3253199548973,0.0,
ID4088 → ID2858,89,4088,2858,23.49889117643714,0.0,4.8475654896491225,4.8475654896491225,8.5,724.8749990334832,353.85601881985485,0.0,
ID3689 → ID2312,89,3689,2312,128.13198145362628,0.0,11.31953980750217,11.31953980750217,11.5,724.2536970539788,347.47441486440033,0.0,
ID4034 → ID4067,89,4034,4067,36.71605383364508,0.8875959648062323,6.059377347025442,6.059377347025442,6.5,728.2074421253919,357.6745056936413,0.0,
ID2312 → ID2715,89,2312,2715,53.575647002176495,1.7627890356761833,7.319538715122456,7.319538715122456,12.5,729.4141739647496,350.7746413851536,0.0,
ID4067 → ID4088,89,4067,4088,2.2250738585072014E-308,0.0,0.0,0.0,7.5,727.0799645571734,354.8624232283542,0.0,
ID4137 → ID4034,89,4137,4034,10.919668446208128,0.0,3.3044921616200162,3.3044921616200162,5.5,730.9124481902486,360.9778324503419,0.0,
ID3686 → ID4137,89,3686,4137,2.2250738585072014E-308,0.0,0.0,0.0,4.5,732.4899766868868,361.4690767417554,0.0,
ID4400 → ID5291,89,4400,5291,2.2250738585072014E-308,0.0,0.0,0.0,2.5,732.1061606654065,360.2723409360416,0.0,
ID4986 → ID5362,89,4986,5362,2.2250738585072014E-308,NaN,0.0,0.0,0.5,732.1061606654065,360.2723409360416,0.0,
ID3385 → ID2241,89,3385,2241,634.1263524827837,0.0,25.18186554810393,25.18186554810393,14.5,720.9505380193247,344.65722358851434,0.0,
ID5291 → ID3686,89,5291,3686,1.5794913270224336,0.0,1.256778153463225,1.256778153463225,3.5,732.2980686761466,360.8707088388985,0.0,
ID3732 → ID4621,90,3732,4621,1320.6608091830915,0.8873486729780954,36.34089719837819,36.34089719837819,9.5,15.562588240022018,650.7220636280572,0.0,
ID4750 → ID3732,90,4750,3732,55.91606762764786,0.0,7.477704703159109,7.477704703159109,8.5,11.7359997562093,671.1010069667786,0.0,
ID4671 → ID4711,90,4671,4711,16.01662578145456,0.7655128334946045,4.002077683085944,4.002077683085944,6.5,15.724212386139595,674.3838727977784,0.0,
ID4621 → ID4278,90,4621,4278,2.2250738585072014E-308,0.0,0.0,0.0,10.5,21.379833415176858,633.5079746057502,0.0,
ID5514 → ID4845,90,5514,4845,2.2250738585072014E-308,0.0,0.0,0.0,1.5,20.534673567981912,675.0417010801833,0.0,
ID4278 → ID3228,90,4278,3228,110.30598393701513,0.0,5.251332781709209,10.502665563418418,12.0,26.508793885114017,632.3809162744843,0.0,
ID3228 → ID4017,90,3228,4017,2.2250738585072014E-308,0.0,0.0,0.0,13.5,31.637754355051175,631.2538579432185,0.0,
ID4305 → ID4661,90,4305,4661,2.2250738585072014E-308,0.0,0.0,0.0,4.5,18.170953717348844,674.1185193462476,0.0,
ID4845 → ID5459,90,4845,5459,2.2250738585072014E-308,0.0,0.0,0.0,2.5,20.534673567981912,675.0417010801833,0.0,
ID4661 → ID4671,90,4661,4671,0.34873621418953676,0.0,0.5905389184376731,0.5905389184376731,5.5,17.946361021038307,674.3102018293057,0.0,
ID5459 → ID4305,90,5459,4305,6.439436046149401,0.0,2.537604391182637,2.537604391182637,3.5,19.352813642665378,674.5801102132154,0.0,
ID5099 → ID5514,90,5099,5514,2.2250738585072014E-308,NaN,0.0,0.0,0.5,20.534673567981912,675.0417010801833,0.0,
ID4711 → ID4750,90,4711,4750,2.2250738585072014E-308,0.0,0.0,0.0,7.5,13.72665644755142,674.265861283193,0.0,
ID2174 → ID2205,91,2174,2205,0.2616610357082664,0.08270608129732356,0.5115281377483221,0.5115281377483221,12.5,435.4833830315844,102.12314924078052,0.0,
ID2879 → ID2174,91,2879,2174,0.7085596177278151,0.0,0.8417598337577145,0.8417598337577145,11.5,435.53357536712986,101.44891493260455,0.0,
ID5785 → ID5567,91,5785,5567,2.2250738585072014E-308,0.0,0.0,0.0,16.5,435.8669153354333,103.05410414123146,0.0,
ID3279 → ID2879,91,3279,2879,2.2250738585072014E-308,0.0,0.0,0.0,10.5,435.5779222368948,101.03037788576879,0.0,
ID2661 → ID2038,91,2661,2038,0.20260864169262416,0.0,0.45012069680545036,0.45012069680545036,14.5,435.40714318101345,102.59261457974954,0.0,
ID2205 → ID2661,91,2205,2661,2.2250738585072014E-308,0.0,0.0,0.0,13.5,435.47753756580397,102.37884650212071,0.0,
ID2038 → ID5785,91,2038,5785,0.3424424928606214,1.4518069733211243,0.5851858618085551,0.5851858618085551,15.5,435.60183206582815,102.93024339930491,0.0,
ID2475 → ID3279,91,2475,3279,0.6764384638484444,NaN,0.8224587915807359,0.8224587915807359,9.5,435.486091959967,100.62953275831745,0.0,
ID2871 → ID2178,92,2871,2178,159.48908529587425,0.0,12.628898815647952,12.628898815647952,11.5,657.4895930937428,103.73630603517628,0.0,
ID5792 → ID5574,92,5792,5574,2.2250738585072014E-308,0.0,0.0,0.0,16.5,627.8647454729809,125.98629227063776,0.0,
ID5171 → ID3394,92,5171,3394,2.2250738585072014E-308,0.0,0.0,0.0,1.5,651.2334656582768,74.19512550587815,0.0,
ID2666 → ID2041,92,2666,2041,110.12186197003419,0.0,10.493896415061194,10.493896415061194,14.5,651.0600153646842,115.13875791598922,0.0,
ID2207 → ID2666,92,2207,2666,2.2250738585072014E-308,0.0,0.0,0.0,13.5,650.0,110.0,0.0,
ID2470 → ID3269,92,2470,3269,49.05799368289123,0.9722376048209076,7.004141180965103,7.004141180965103,9.5,662.1366629961011,95.45768042904733,0.0,
ID3113 → ID3219,92,3113,3219,2.2250738585072014E-308,0.0,0.0,0.0,7.5,650.6538130417365,80.48368500658927,0.0,
ID2786 → ID3110,92,2786,3110,2.2250738585072014E-308,0.0,0.0,0.0,4.5,651.8473741450508,75.28074722102225,0.0,
ID3092 → ID3113,92,3092,3113,2.9818719464540924,1.2261185883949373,1.7268097597749708,1.7268097597749708,6.5,651.4391388565326,80.12489349159995,0.0,
ID5066 → ID2786,92,5066,2786,1.5554581385255528,0.0,1.2471800746185584,1.2471800746185584,3.5,651.5404199016639,74.7379363634502,0.0,
ID2178 → ID2207,92,2178,2207,13.733742433418993,0.47023091800654343,3.7059064253457605,3.7059064253457605,12.5,651.7073289963729,109.27995603849551,0.0,
ID2041 → ID5792,92,2041,5792,620.908991295328,1.5430664258482942,24.918045495089054,24.918045495089054,15.5,639.9923881011747,123.1319040513081,0.0,
ID3110 → ID3092,92,3110,3092,20.26060454848794,0.0,4.501178128944459,4.501178128944459,5.5,652.0359194081898,77.52342459881645,0.0,
ID3394 → ID5066,92,3394,5066,2.2250738585072014E-308,0.0,0.0,0.0,2.5,651.2334656582768,74.19512550587815,0.0,
ID3219 → ID2470,92,3219,2470,278.0094622812893,0.0,16.673615753077954,16.673615753077954,8.5,656.6813054195995,86.24317293566119,0.0,
ID3269 → ID2871,92,3269,2871,2.2250738585072014E-308,0.0,0.0,0.0,10.5,661.5645281947396,98.91269999336153,0.0,
ID4888 → ID5171,92,4888,5171,2.2250738585072014E-308,NaN,0.0,0.0,0.5,651.2334656582768,74.19512550587815,0.0,
ID2720 → ID3398,93,2720,3398,2.2250738585072014E-308,NaN,0.0,0.0,13.5,588.4650399320635,354.891857117283,0.0,
ID2182 → ID2209,94,2182,2209,0.0393711503270142,0.7695279981026408,0.19842164782859303,0.19842164782859303,12.5,386.8976415105259,114.48185437934887,0.0,
ID3222 → ID3177,94,3222,3177,1.0889967166950787,0.0,1.043550054714712,1.043550054714712,5.5,386.0017388472033,110.28775459996572,0.0,
ID5109 → ID2822,94,5109,2822,1.718900599834801,0.0,1.3110684954779446,1.3110684954779446,3.5,385.6196128744706,109.19237017979074,0.0,
ID4903 → ID5199,94,4903,5199,2.2250738585072014E-308,NaN,0.0,0.0,0.5,385.3122056646123,108.61338317019049,0.0,
ID2039 → ID5789,94,2039,5789,0.3454473514695068,1.1610553075227508,0.5877476937168761,0.5877476937168761,15.5,386.9764504098853,115.5359495544296,0.0,
ID2483 → ID3302,94,2483,3302,1.8807349634061574,0.23627592285432494,1.371398907468632,1.371398907468632,9.5,386.55797320979434,112.97113668965719,0.0,
ID5199 → ID3559,94,5199,3559,2.2250738585072014E-308,0.0,0.0,0.0,1.5,385.3122056646123,108.61338317019049,0.0,
ID3186 → ID3292,94,3186,3292,2.2250738585072014E-308,0.0,0.0,0.0,7.5,386.32177329551047,111.77689332050188,0.0,
ID2889 → ID2182,94,2889,2182,0.6280070046120182,0.0,0.7924689297455252,0.7924689297455252,11.5,386.85399364517707,114.01131379665071,0.0,
ID3292 → ID2483,94,3292,2483,0.29170907722741063,0.0,0.5401009879896634,0.5401009879896634,8.5,386.33878253404936,112.04640761531977,0.0,
ID2668 → ID2039,94,2668,2039,0.6758200133971186,0.0,0.8220827290468512,0.8220827290468512,14.5,386.78721021143207,114.97403578964875,0.0,
ID3177 → ID3186,94,3177,3186,1.0064054416248465,0.10334371888914413,1.0031976084624836,1.0031976084624836,6.5,386.1991154527941,111.29052266552117,0.0,
ID5789 → ID5571,94,5789,5571,2.2250738585072014E-308,0.0,0.0,0.0,16.5,387.2259307746044,115.69126016413473,0.0,
ID2822 → ID3222,94,2822,3222,2.2250738585072014E-308,0.0,0.0,0.0,4.5,385.9270200843289,109.77135718939098,0.0,
ID3559 → ID5109,94,3559,5109,2.2250738585072014E-308,0.0,0.0,0.0,2.5,385.3122056646123,108.61338317019049,0.0,
ID2209 → ID2668,94,2209,2668,2.2250738585072014E-308,0.0,0.0,0.0,13.5,386.847450377698,114.56743263457304,0.0,
ID3302 → ID2889,94,3302,2889,2.2250738585072014E-308,0.0,0.0,0.0,10.5,386.7601546470004,113.62635146917671,0.0,
ID2495 → ID3325,95,2495,3325,64.47075749806214,1.3669295792561824,8.029368437060423,8.029368437060423,9.5,658.354595446984,117.30242486072373,0.0,
ID3142 → ID3119,95,3142,3119,1.390966736733167,0.0,1.1793925286914306,1.1793925286914306,5.5,662.8828843283751,84.85863415510369,0.0,
ID5183 → ID3468,95,5183,3468,2.2250738585072014E-308,0.0,0.0,0.0,1.5,656.2621490097725,85.15513233976657,0.0,
ID2187 → ID2211,95,2187,2211,88.27546853773188,2.7286101382921335,9.395502569726213,9.395502569726213,12.5,658.336891829854,118.90416007086105,0.0,
ID3155 → ID3261,95,3155,3261,2.2250738585072014E-308,0.0,0.0,0.0,7.5,661.7435362741513,89.78757103168283,0.0,
ID3261 → ID2495,95,3261,2495,709.1448928952393,0.0,26.629774555847057,26.629774555847057,8.5,658.2582150850097,102.6382036788458,0.0,
ID4895 → ID5183,95,4895,5183,2.2250738585072014E-308,NaN,0.0,0.0,0.5,656.2621490097725,85.15513233976657,0.0,
ID2673 → ID2043,95,2673,2043,7.826612686962284,0.0,2.7976083869909822,2.7976083869909822,14.5,652.9245881197553,119.13325162415111,0.0,
ID3325 → ID2903,95,3325,2903,2.2250738585072014E-308,0.0,0.0,0.0,10.5,661.9362969980999,119.1160133954387,0.0,
ID2903 → ID2187,95,2903,2187,1.5114099576350148,0.0,1.2293941425088273,1.2293941425088273,11.5,662.4404675738331,119.4676730604185,0.0,
ID5088 → ID2799,95,5088,2799,38.96538137632787,0.0,6.242225674895764,6.242225674895764,3.5,659.3629338226017,84.79949363460348,0.0,
ID3468 → ID5088,95,3468,5088,2.2250738585072014E-308,0.0,0.0,0.0,2.5,656.2621490097725,85.15513233976657,0.0,
ID2211 → ID2673,95,2211,2673,2.2250738585072014E-308,0.0,0.0,0.0,13.5,653.729145510142,117.9889874163238,0.0,
ID3119 → ID3155,95,3119,3155,22.80658439743371,1.1230951196162264,4.775623979903957,4.775623979903957,6.5,662.5227931477353,87.53049220622492,0.0,
ID2799 → ID3142,95,2799,3142,2.2250738585072014E-308,0.0,0.0,0.0,4.5,662.4637186354308,84.44385492944039,0.0,
ID3209 → ID3167,96,3209,3167,70.60674128002553,0.0,8.402781758443185,8.402781758443185,5.5,725.9493328879817,108.14835737254947,0.0,
ID2817 → ID3209,96,2817,3209,2.2250738585072014E-308,NaN,0.0,0.0,4.5,730.1496405298227,108.24375671163553,0.0,
ID3313 → ID2896,96,3313,2896,2.2250738585072014E-308,0.0,0.0,0.0,10.5,727.5090411528215,115.95615042298425,0.0,
ID2487 → ID3313,96,2487,3313,10.868666975975446,1.5231279205683308,3.2967661391089673,3.2967661391089673,9.5,727.9673268945443,114.3727550450298,0.0,
ID2896 → ID2184,96,2896,2184,13.364936951977569,0.0,3.655808659103697,3.655808659103697,11.5,725.8886165898557,116.80199820700432,0.0,
ID3167 → ID3176,96,3167,3176,11.888838370684331,2.096048843989986,3.4480194852529955,3.4480194852529955,6.5,722.579405773892,109.56381135917128,0.0,
ID2213 → ID2677,96,2213,2677,2.2250738585072014E-308,0.0,0.0,0.0,13.5,717.9557509628108,118.45369893994607,0.0,
ID3281 → ID2487,96,3281,2487,28.098692701075006,0.0,5.3008200027047705,5.3008200027047705,8.5,725.9176994689551,111.93201217597726,0.0,
ID3176 → ID3281,96,3176,3281,2.2250738585072014E-308,0.0,0.0,0.0,7.5,723.4097863016432,111.07466468487917,0.0,
ID5793 → ID5573,96,5793,5573,2.2250738585072014E-308,0.0,0.0,0.0,16.5,714.0807757313903,125.38253043904774,0.0,
ID2045 → ID5793,96,2045,5793,12.431370884944377,1.2105993716001087,3.5258149249420874,3.5258149249420874,15.5,713.6070720791986,123.68445871761298,0.0,
ID2677 → ID2045,96,2677,2045,35.73525822427147,0.0,5.977897475222494,5.977897475222494,14.5,715.5445596949089,120.22004296806216,0.0,
ID2184 → ID2213,96,2184,2213,40.496311162758715,0.3541113430039537,6.363671201653863,6.363671201653863,12.5,721.1119714948504,118.05077246548521,0.0,
ID5870 → ID5652,97,5870,5652,2.2250738585072014E-308,0.0,0.0,0.0,16.5,526.1506724786916,329.94951525350086,0.0,
ID5366 → ID4415,97,5366,4415,2.2250738585072014E-308,0.0,0.0,0.0,1.5,555.3743443586776,366.8800367503278,0.0,
ID2867 → ID4154,97,2867,4154,50.49235758926007,1.5785549557914196,7.1057974632872885,7.1057974632872885,9.5,521.8747387232036,362.23675604823075,0.0,
ID2725 → ID3409,97,2725,3409,2.2250738585072014E-308,0.0,0.0,0.0,13.5,528.0212492349413,358.9181065904728,0.0,
ID3691 → ID4147,97,3691,4147,2.2250738585072014E-308,0.0,0.0,0.0,4.5,534.3408009669471,367.5366773673647,0.0,
ID4106 → ID2867,97,4106,2867,1.27341727310403,0.0,1.1284579181803946,1.1284579181803946,8.5,520.4617008854241,365.5403391712954,0.0,
ID4415 → ID5294,97,4415,5294,2.2250738585072014E-308,0.0,0.0,0.0,2.5,555.3743443586776,366.8800367503278,0.0,
ID4053 → ID4083,97,4053,4083,108.6828790386562,0.34363452825201224,10.42510810680907,10.42510810680907,6.5,524.9692679765086,366.6756354263031,0.0,
ID4083 → ID4106,97,4083,4106,2.2250738585072014E-308,0.0,0.0,0.0,7.5,519.9156119322068,365.398419569231,0.0,
ID4988 → ID5366,97,4988,5366,2.2250738585072014E-308,NaN,0.0,0.0,0.5,555.3743443586776,366.8800367503278,0.0,
ID4147 → ID4053,97,4147,4053,18.81726205034645,0.0,4.337886818526557,4.337886818526557,5.5,532.1818624938787,367.74476432536994,0.0,
ID3409 → ID2247,97,3409,2247,363.31531687075,0.0,19.060832008880148,19.060832008880148,14.5,537.3832635389566,357.1344257364243,0.0,
ID5294 → ID3691,97,5294,3691,442.8411245117531,0.0,21.043790640275652,21.043790640275652,3.5,544.8575726628123,367.2083570588462,0.0,
ID2247 → ID5870,97,2247,5870,1069.3602367692772,2.0638042646094323,32.70107393908153,32.70107393908153,15.5,536.4479751608318,342.65013006793833,0.0,
ID2316 → ID2725,97,2316,2725,46.272780626454036,2.49824286732858,6.802409913145049,6.802409913145049,12.5,524.7376475774374,358.03145259287754,0.0,
ID4154 → ID3729,97,4154,3729,2.2250738585072014E-308,0.0,0.0,0.0,10.5,522.7416876077658,358.7912533231018,0.0,
ID3729 → ID2316,97,3729,2316,4.368834287002565,0.0,2.090175659365156,2.090175659365156,11.5,522.0978667638497,357.968025959192,0.0,
ID3337 → ID2909,98,3337,2909,2.2250738585072014E-308,0.0,0.0,0.0,10.5,231.62018305189812,119.58836678375707,0.0,
ID3272 → ID2479,98,3272,2479,277.0214033898815,0.0,16.643959967203763,16.643959967203763,8.5,243.8708209695635,104.72297477162658,0.0,
ID2682 → ID2044,98,2682,2044,0.34019389795134125,0.0,0.5832614319079749,0.5832614319079749,14.5,229.1000896620297,120.66459800380508,0.0,
ID2909 → ID2186,98,2909,2186,1.6699242263608765,0.0,1.292255480298256,1.292255480298256,11.5,232.25559581516467,119.47118454590418,0.0,
ID2215 → ID2682,98,2215,2682,2.2250738585072014E-308,0.0,0.0,0.0,13.5,229.13671819209483,120.37527668541823,0.0,
ID2186 → ID2215,98,2186,2215,15.137697658803797,3.058361030848117,3.8907194268931544,3.8907194268931544,12.5,231.013863385263,119.86463949673475,0.0,
ID5790 → ID5572,98,5790,5572,2.2250738585072014E-308,0.0,0.0,0.0,16.5,227.81909226163012,119.96285237717959,0.0,
ID2044 → ID5790,98,2044,5790,2.5306675749535303,2.1174320480976654,1.5908072086062253,1.5908072086062253,15.5,228.44127669679733,120.45838584968575,0.0,
ID2479 → ID3337,98,2479,3337,192.4676152540842,1.0775312560744972,13.873269811190301,13.873269811190301,9.5,233.66285561882086,112.9593100938605,0.0,
ID3166 → ID3272,98,3166,3272,2.2250738585072014E-308,NaN,0.0,0.0,7.5,252.03611375338346,103.11569613928923,0.0,
ID3380 → ID2940,99,3380,2940,2.2250738585072014E-308,0.0,0.0,0.0,10.5,335.01149044355344,129.29033387470204,0.0,
ID3343 → ID2514,99,3343,2514,16.429254905179164,0.0,4.053301728859963,4.053301728859963,8.5,341.49557246665495,132.41434474773286,0.0,
ID2046 → ID5795,99,2046,5795,22.474771362174383,1.575998499479995,4.740756412448796,4.740756412448796,15.5,331.20743831089214,127.91047872650256,0.0,
ID3259 → ID3239,99,3259,3239,74.06484264296869,0.442613210466751,8.606093343844737,8.606093343844737,6.5,342.2906714927519,137.15902936983463,0.0,
ID2217 → ID2688,99,2217,2688,2.2250738585072014E-308,0.0,0.0,0.0,13.5,325.7613646307529,122.0106403450005,0.0,
ID4909 → ID5211,99,4909,5211,2.2250738585072014E-308,NaN,0.0,0.0,0.5,331.8285522288525,133.14873015591695,0.0,
ID2188 → ID2217,99,2188,2217,38.4169722588512,2.127319305063767,6.198142645894107,6.198142645894107,12.5,323.6268894867875,124.25747343281694,0.0,
ID3627 → ID5127,99,3627,5127,2.2250738585072014E-308,0.0,0.0,0.0,2.5,331.8285522288525,133.14873015591695,0.0,
ID2688 → ID2046,99,2688,2046,59.03861395191972,0.0,7.6836588909138674,7.6836588909138674,14.5,329.08446478896616,123.9385041437329,0.0,
ID3239 → ID3343,99,3239,3343,2.2250738585072014E-308,0.0,0.0,0.0,7.5,339.85861240289,133.60919849440376,0.0,
ID2514 → ID3380,99,2514,3380,69.67297179484157,2.2778380023403244,8.347033712334076,8.347033712334076,9.5,339.07201148698664,130.254912437882,0.0,
ID2863 → ID3314,99,2863,3314,2.2250738585072014E-308,0.0,0.0,0.0,4.5,350.9726349154485,144.34994375456108,0.0,
ID5795 → ID5577,99,5795,5577,2.2250738585072014E-308,0.0,0.0,0.0,16.5,330.0073116746049,129.95458951053982,0.0,
ID5127 → ID2863,99,5127,2863,491.96308799367466,0.0,22.180240936330577,22.180240936330577,3.5,341.4005935721505,138.74933695523902,0.0,
ID2940 → ID2188,99,2940,2188,190.5273670349829,0.0,13.803165109313982,13.803165109313982,11.5,328.2519523931878,127.89732019766771,0.0,
ID3314 → ID3259,99,3314,3259,52.318793291250415,0.0,7.233173113596163,7.233173113596163,5.5,347.84768274903115,142.5294019999133,0.0,
ID5211 → ID3627,99,5211,3627,2.2250738585072014E-308,0.0,0.0,0.0,1.5,331.8285522288525,133.14873015591695,0.0,
ID2488 → ID3241,100,2488,3241,4.6543703964610765,1.3933597276054268,2.157398988704008,2.157398988704008,12.5,716.5121298974445,630.19952667485,0.0,
ID2420 → ID5931,100,2420,5931,11.054569496223849,1.1576533805114844,3.324841273839076,3.324841273839076,15.5,723.0155501637181,620.7471699948371,0.0,
ID4627 → ID4290,100,4627,4290,2.2250738585072014E-308,0.0,0.0,0.0,10.5,719.5002214944191,633.1401087559386,0.0,
ID5931 → ID5713,100,5931,5713,2.2250738585072014E-308,0.0,0.0,0.0,16.5,724.6668032548608,620.939538399331,0.0,
ID4026 → ID2420,100,4026,2420,134.85361098353889,0.0,11.612648749684066,11.612648749684066,14.5,718.4334232361759,625.5671245349463,0.0,
ID4290 → ID2488,100,4290,2488,14.940245584603534,0.0,3.865261386323509,3.865261386323509,11.5,718.510965944766,631.4798573130447,0.0,
ID3588 → ID4627,100,3588,4627,73.6919699219173,NaN,8.584402712007243,8.584402712007243,9.5,722.3839144127132,636.3193079685486,0.0,
ID3241 → ID4026,100,3241,4026,2.2250738585072014E-308,0.0,0.0,0.0,13.5,715.5025493997764,630.5794474795492,0.0,
ID3420 → ID2259,101,3420,2259,100.16943740454631,0.0,10.008468284635082,10.008468284635082,14.5,692.2841079665916,366.26584723005794,0.0,
ID5312 → ID4192,101,5312,4192,2.2250738585072014E-308,0.0,0.0,0.0,1.5,689.0781926386212,279.50773097043407,0.0,
ID4016 → ID4032,101,4016,4032,2.2250738585072014E-308,0.0,0.0,0.0,7.5,682.8166835451472,322.8517821571528,0.0,
ID3452 → ID3930,101,3452,3930,2.2250738585072014E-308,0.0,0.0,0.0,4.5,687.5090782097069,291.69233522883246,0.0,
ID4192 → ID5241,101,4192,5241,2.2250738585072014E-308,0.0,0.0,0.0,2.5,689.0781926386212,279.50773097043407,0.0,
ID4032 → ID2842,101,4032,2842,183.29129575424815,0.0,13.538511578244048,13.538511578244048,8.5,684.1563176299633,329.4871573882427,0.0,
ID5877 → ID5659,101,5877,5659,2.2250738585072014E-308,0.0,0.0,0.0,16.5,691.387347587305,365.16572334696076,0.0,
ID4136 → ID3707,101,4136,3707,2.2250738585072014E-308,0.0,0.0,0.0,10.5,692.7129492955515,350.67773046582965,0.0,
ID2842 → ID4136,101,2842,4136,263.9388384315465,0.26109638447156,16.24619458308765,16.24619458308765,9.5,689.1044505051655,343.4001315425811,0.0,
ID3857 → ID4016,101,3857,4016,196.6291895519808,0.2802603924469041,14.022453050446659,14.022453050446659,6.5,682.7648948380988,315.84074690422347,0.0,
ID2730 → ID3420,101,2730,3420,2.2250738585072014E-308,0.0,0.0,0.0,13.5,692.8016725857257,361.288449695587,0.0,
ID2319 → ID2730,101,2319,2730,67.80268226158263,2.242261333883522,8.234238414181522,8.234238414181522,12.5,688.6860390020422,361.399042508432,0.0,
ID3930 → ID3857,101,3930,3857,316.6910188243979,0.0,17.79581464346035,17.79581464346035,5.5,685.1110921703787,300.26102344006335,0.0,
ID5241 → ID3452,101,5241,3452,150.92670102480736,0.0,12.285222872410877,12.285222872410877,3.5,688.293635424164,285.60003309963327,0.0,
ID2259 → ID5877,101,2259,5877,37.08005600551675,2.975669649305986,6.089339537709878,6.089339537709878,15.5,691.5769454673814,368.20448405574484,0.0,
ID4961 → ID5312,101,4961,5312,2.2250738585072014E-308,NaN,0.0,0.0,0.5,689.0781926386212,279.50773097043407,0.0,
ID3707 → ID2319,101,3707,2319,183.63118358946969,0.0,13.55105839370009,13.55105839370009,11.5,688.6416773569551,356.09368289355325,0.0,
ID2691 → ID2047,102,2691,2047,3.0518795672260177,0.0,1.7469629553101627,1.7469629553101627,14.5,626.8615308305809,125.51175340344508,0.0,
ID2884 → ID2181,102,2884,2181,11.936789217592807,0.0,3.454965877920187,3.454965877920187,11.5,642.6988450729004,113.09313977511977,0.0,
ID2219 → ID2691,102,2219,2691,2.2250738585072014E-308,0.0,0.0,0.0,13.5,626.2439764327438,124.89401846229438,0.0,
ID2181 → ID2219,102,2181,2219,466.38909970602816,2.4905123500139914,21.596043612338537,21.596043612338537,12.5,635.3323445409328,119.06316603262691,0.0,
ID3291 → ID2884,102,3291,2884,2.2250738585072014E-308,NaN,0.0,0.0,10.5,640.9769774966791,112.95396594728008,0.0,
ID5788 → ID5570,102,5788,5570,2.2250738585072014E-308,0.0,0.0,0.0,16.5,601.3124890402858,112.03944805582748,0.0,
ID2047 → ID5788,102,2047,5788,883.2199914119,2.8499996189224963,29.71901733590631,29.71901733590631,15.5,614.395787134352,119.08446820021163,0.0,
ID2696 → ID2048,103,2696,2048,21.222389306894065,0.0,4.606776455059879,4.606776455059879,14.5,725.4285786352107,126.56624699109497,0.0,
ID5791 → ID5575,103,5791,5575,2.2250738585072014E-308,0.0,0.0,0.0,16.5,714.0807757313903,125.38253043904774,0.0,
ID2221 → ID2696,103,2221,2696,2.2250738585072014E-308,0.0,0.0,0.0,13.5,727.5842426524924,125.75463749674415,0.0,
ID2195 → ID2221,103,2195,2221,105.34891036202595,2.902366445342282,10.263961728398344,10.263961728398344,12.5,730.1958412365433,130.17241753045906,0.0,
ID2500 → ID3358,103,2500,3358,7.310890425744507,NaN,2.703865829834111,2.703865829834111,9.5,723.1250688487653,123.86411672967004,0.0,
ID2048 → ID5791,103,2048,5791,88.47674334085171,0.5738385580359872,9.406207702408645,9.406207702408645,15.5,718.6768451746597,126.38019346224678,0.0,
ID2922 → ID2195,103,2922,2195,174.4716341273902,0.0,13.208771105874694,13.208771105874694,11.5,728.195134898984,129.86319514806092,0.0,
ID3358 → ID2922,103,3358,2922,2.2250738585072014E-308,0.0,0.0,0.0,10.5,723.5828299773739,125.13619273194789,0.0,
ID4000 → ID3939,104,4000,3939,502.4967718892253,0.0,22.416439768375916,22.416439768375916,5.5,750.772666410486,311.88758087825346,0.0,
ID3529 → ID4000,104,3529,4000,2.2250738585072014E-308,NaN,0.0,0.0,4.5,758.1595362962565,303.4579696023403,0.0,
ID4050 → ID2852,104,4050,2852,172.48209758891034,0.0,13.133243985737504,13.133243985737504,8.5,739.8373518323887,336.5108114648717,0.0,
ID2318 → ID2734,104,2318,2734,25.307701663751168,1.4674612668592353,5.030676064283126,5.030676064283126,12.5,744.9760775822883,359.44531935886886,0.0,
ID2734 → ID3432,104,2734,3432,2.2250738585072014E-308,0.0,0.0,0.0,13.5,744.3317791584841,361.87673971681215,0.0,
ID3432 → ID2262,104,3432,2262,254.5148621971309,0.0,15.953521937087462,15.953521937087462,14.5,743.7672438350669,369.8334988194806,0.0,
ID3939 → ID4036,104,3939,4036,103.88080925905889,0.621701291192469,10.19219354501566,10.19219354501566,6.5,742.8878646632745,325.38890450564384,0.0,
ID4036 → ID4050,104,4036,4050,2.2250738585072014E-308,0.0,0.0,0.0,7.5,742.3899328018335,330.46061685712107,0.0,
ID2852 → ID4146,104,2852,4146,125.92811070414342,0.3821674736042908,11.221769499688692,11.221769499688692,9.5,737.1889693201716,348.1710728940104,0.0,
ID2262 → ID5881,104,2262,5881,45.20024805324952,3.112094900173419,6.723112973411165,6.723112973411165,15.5,743.5394061557143,374.4456059656977,0.0,
ID3717 → ID2318,104,3717,2318,83.16401277365524,0.0,9.119430507090629,9.119430507090629,11.5,741.3567718917461,355.39751935816196,0.0,
ID5881 → ID5663,104,5881,5663,2.2250738585072014E-308,0.0,0.0,0.0,16.5,743.8761037997791,371.1009540092464,0.0,
ID4146 → ID3717,104,4146,3717,2.2250738585072014E-308,0.0,0.0,0.0,10.5,737.0931677773995,353.7811397153984,0.0,
ID3344 → ID3289,105,3344,3289,3.294631625325588,0.0,1.8151120145394852,1.8151120145394852,5.5,355.6454460073852,145.36198953152643,0.0,
ID4913 → ID5219,105,4913,5219,2.2250738585072014E-308,NaN,0.0,0.0,0.5,354.4815566965585,147.3671943175244,0.0,
ID3262 → ID3362,105,3262,3362,2.2250738585072014E-308,0.0,0.0,0.0,7.5,348.2256831928661,137.80154459527844,0.0,
ID2054 → ID5800,105,2054,5800,7.247548966618782,2.7026971630579313,2.6921272196199757,2.6921272196199757,15.5,338.74673215874657,137.23950452059984,0.0,
ID3668 → ID5140,105,3668,5140,2.2250738585072014E-308,0.0,0.0,0.0,2.5,354.4815566965585,147.3671943175244,0.0,
ID2881 → ID3344,105,2881,3344,2.2250738585072014E-308,0.0,0.0,0.0,4.5,356.29089201477046,144.72397906305287,0.0,
ID5219 → ID3668,105,5219,3668,2.2250738585072014E-308,0.0,0.0,0.0,1.5,354.4815566965585,147.3671943175244,0.0,
ID2701 → ID2054,105,2701,2054,183.516110378747,0.0,13.546811816023244,13.546811816023244,14.5,336.0531199039454,132.34780032725305,0.0,
ID2541 → ID3390,105,2541,3390,112.29911037084494,2.646287046422757,10.597127458459907,10.597127458459907,9.5,345.5535611095354,137.11685215998224,0.0,
ID5800 → ID5582,105,5800,5582,2.2250738585072014E-308,0.0,0.0,0.0,16.5,338.79809025781236,135.89442103348276,0.0,
ID2190 → ID2223,105,2190,2223,13.89774167197753,0.8612255146872094,3.7279674987823497,3.7279674987823497,12.5,333.9767858348898,127.88701092198167,0.0,
ID3390 → ID2949,105,3390,2949,2.2250738585072014E-308,0.0,0.0,0.0,10.5,342.2851490985734,132.94644923948277,0.0,
ID3362 → ID2541,105,3362,2541,12.505739264450616,0.0,3.536345467350527,3.536345467350527,8.5,348.52382815668176,139.54439983788006,0.0,
ID2949 → ID2190,105,2949,2190,70.72640486056737,0.0,8.409899218217028,8.409899218217028,11.5,338.4139275100715,131.30472921832848,0.0,
ID5140 → ID2881,105,5140,2881,10.26028117520007,0.0,3.203167366092517,3.203167366092517,3.5,355.38622435566447,146.04558669028864,0.0,
ID2223 → ID2701,105,2223,2701,2.2250738585072014E-308,0.0,0.0,0.0,13.5,333.41086574821,126.11101264678918,0.0,
ID3289 → ID3262,105,3289,3262,113.10603922662514,1.6598329602179949,10.635132308844359,10.635132308844359,6.5,351.61284159643304,141.9007722976392,0.0,
ID5154 → ID2916,106,5154,2916,408.7979152503725,0.0,20.21875157497051,20.21875157497051,3.5,586.220792294582,163.63548427834604,0.0,
ID2916 → ID3401,106,2916,3401,2.2250738585072014E-308,0.0,0.0,0.0,4.5,577.8468403592702,157.97188049650532,0.0,
ID4920 → ID5233,106,4920,5233,2.2250738585072014E-308,NaN,0.0,0.0,0.5,594.5947442298939,169.29908806018676,0.0,
ID2507 → ID3220,106,2507,3220,1722.6101067125185,0.6668900192148948,41.50433840832207,41.50433840832207,9.5,570.8741724533427,105.06912922403804,0.0,
ID3220 → ID2845,106,3220,2845,2.2250738585072014E-308,0.0,0.0,0.0,10.5,566.5184657972924,84.77922172783272,0.0,
ID2225 → ID2704,106,2225,2704,2.2250738585072014E-308,0.0,0.0,0.0,13.5,571.4132413626733,126.88916382373708,0.0,
ID2845 → ID2193,106,2845,2193,2096.1485460277163,0.0,45.78371485613325,45.78371485613325,11.5,570.6243051716956,107.29986158416294,0.0,
ID5786 → ID5568,106,5786,5568,2.2250738585072014E-308,0.0,0.0,0.0,16.5,589.8892512731753,105.57874175968075,0.0,
ID3352 → ID2507,106,3352,2507,294.8039885244564,0.0,17.169856974490393,17.169856974490393,8.5,581.8376056269747,130.83981653701778,0.0,
ID2704 → ID2042,106,2704,2042,427.8037336657357,0.0,20.6834168759839,20.6834168759839,14.5,581.1170267297017,123.31320479613643,0.0,
ID2193 → ID2225,106,2193,2225,19.59458695162779,2.4748986784881373,4.426577340522561,4.426577340522561,12.5,573.071692954386,128.35483263211512,0.0,
ID3250 → ID3352,106,3250,3352,2.2250738585072014E-308,0.0,0.0,0.0,7.5,588.4453321445563,136.3205963537922,0.0,
ID3763 → ID5154,106,3763,5154,2.2250738585072014E-308,0.0,0.0,0.0,2.5,594.5947442298939,169.29908806018676,0.0,
ID2042 → ID5786,106,2042,5786,201.33104133674618,1.283426522660318,14.189117003420128,14.189117003420128,15.5,590.3550316849528,112.65799376410827,0.0,
ID5233 → ID3763,106,5233,3763,2.2250738585072014E-308,0.0,0.0,0.0,1.5,594.5947442298939,169.29908806018676,0.0,
ID3401 → ID3250,106,3401,3250,581.1061331512774,0.0,12.053071529192025,24.10614305838405,6.0,583.1460862519133,147.14623842514877,0.0,
ID2050 → ID5794,107,2050,5794,25.715095157897146,0.6948495716418992,5.071005339959439,5.071005339959439,15.5,652.9636732434965,130.3228516369006,0.0,
ID5794 → ID5576,107,5794,5576,2.2250738585072014E-308,0.0,0.0,0.0,16.5,651.039019204335,128.67225155844017,0.0,
ID2194 → ID2227,107,2194,2227,4.30528568767929,NaN,2.0749182363840966,2.0749182363840966,12.5,658.7922053412892,132.62439412481407,0.0,
ID2227 → ID2711,107,2227,2711,2.2250738585072014E-308,0.0,0.0,0.0,13.5,659.6496376072228,132.04032963243674,0.0,
ID2711 → ID2050,107,2711,2050,22.674548662599374,0.0,4.761779988890643,4.761779988890643,14.5,657.2689824449403,132.00689067389888,0.0,
ID2258 → ID5878,108,2258,5878,108.13290297730676,0.0264412010933947,10.398697176921095,10.398697176921095,15.5,553.7816172794248,367.32088792004663,0.0,
ID2740 → ID3440,108,2740,3440,2.2250738585072014E-308,0.0,0.0,0.0,13.5,540.623360238062,362.761804137181,0.0,
ID5878 → ID5660,108,5878,5660,2.2250738585072014E-308,0.0,0.0,0.0,16.5,558.7219622010437,368.9414488722365,0.0,
ID3440 → ID2258,108,3440,2258,76.1689960342407,0.0,8.727485092180949,8.727485092180949,14.5,544.7323162979341,364.2310655525189,0.0,
ID4172 → ID3744,108,4172,3744,2.2250738585072014E-308,0.0,0.0,0.0,10.5,515.9392365416352,373.35151335908927,0.0,
ID2862 → ID4172,108,2862,4172,93.79213818048072,NaN,9.684634127342175,9.684634127342175,9.5,513.0767543613148,369.44584692268324,0.0,
ID2322 → ID2740,108,2322,2740,73.65692596346186,0.4377800470831452,8.582361327948263,8.582361327948263,12.5,536.3550789291533,363.2045299653029,0.0,
ID3744 → ID2322,108,3744,2322,354.9163436881777,0.0,18.83922354260328,18.83922354260328,11.5,524.0130170809399,368.49938457625706,0.0,
ID2443 → ID5933,109,2443,5933,55.62338262818006,0.39329095523811886,7.458108515446799,7.458108515446799,15.5,276.83470571105084,626.044338675923,0.0,
ID4673 → ID3647,109,4673,3647,40.64865543815842,0.0,6.375629807176576,6.375629807176576,8.5,267.3396573688809,652.7865606825817,0.0,
ID2493 → ID3252,109,2493,3252,24.159044040279284,1.3610088872696853,4.9151850463923825,4.9151850463923825,12.5,272.040143912092,636.4410171850681,0.0,
ID5933 → ID5715,109,5933,5715,2.2250738585072014E-308,0.0,0.0,0.0,16.5,278.23547168124617,622.5883727684251,0.0,
ID4329 → ID2493,109,4329,2493,28.287536548817137,0.0,5.3186028756448005,5.3186028756448005,11.5,272.24851909075835,640.4147154968523,0.0,
ID3252 → ID4037,109,3252,4037,2.2250738585072014E-308,0.0,0.0,0.0,13.5,270.33853413529613,634.6678039498415,0.0,
ID4615 → ID4647,109,4615,4647,5.800774020268248,1.8348676955616037,2.408479607608968,2.408479607608968,6.5,268.4422260491556,654.5044563614583,0.0,
ID4647 → ID4673,109,4647,4673,2.2250738585072014E-308,0.0,0.0,0.0,7.5,268.6572271003818,655.689347940059,0.0,
ID4644 → ID4329,109,4644,4329,2.2250738585072014E-308,0.0,0.0,0.0,10.5,270.7552844926289,642.6152005734101,0.0,
ID4037 → ID2443,109,4037,2443,52.66620798712397,0.0,7.257148750516553,7.257148750516553,14.5,272.88623693807585,632.0840542666313,0.0,
ID3647 → ID4644,109,3647,4644,75.23530377092517,1.0032997839226676,8.673828668524942,8.673828668524942,9.5,268.3886860650045,646.2494869992572,0.0,
ID4835 → ID5435,109,4835,5435,2.2250738585072014E-308,0.0,0.0,0.0,2.5,274.7470536794702,652.9223687174725,0.0,
ID4612 → ID4615,109,4612,4615,14.963238350094406,0.0,3.8682345262528233,3.8682345262528233,5.5,270.1544295259804,653.4829425493483,0.0,
ID5499 → ID4835,109,5499,4835,2.2250738585072014E-308,0.0,0.0,0.0,1.5,274.7470536794702,652.9223687174725,0.0,
ID4225 → ID4612,109,4225,4612,2.2250738585072014E-308,0.0,0.0,0.0,4.5,272.0816340540313,653.6463203158389,0.0,
ID5083 → ID5499,109,5083,5499,2.2250738585072014E-308,NaN,0.0,0.0,0.5,274.7470536794702,652.9223687174725,0.0,
ID5435 → ID4225,109,5435,4225,7.628567696451885,0.0,2.7619861868684072,2.7619861868684072,3.5,273.41434386675076,653.2843445166557,0.0,
ID5172 → ID3027,110,5172,3027,145.99825483323082,0.0,12.08297375786403,12.08297375786403,3.5,424.06569857303737,192.62955999160627,0.0,
ID4929 → ID5248,110,4929,5248,2.2250738585072014E-308,NaN,0.0,0.0,0.5,420.74714048889274,197.67799895335136,0.0,
ID2716 → ID2052,110,2716,2052,51.43848012625369,0.0,7.17206247367197,7.17206247367197,14.5,447.0660177593203,136.85811698372459,0.0,
ID3521 → ID3450,110,3521,3450,56.592487808554026,0.0,7.522797871041998,7.522797871041998,5.5,430.692128328591,185.79056051493058,0.0,
ID2229 → ID2716,110,2229,2716,2.2250738585072014E-308,0.0,0.0,0.0,13.5,443.8644463328297,135.2427035899945,0.0,
ID3027 → ID3521,110,3027,3521,2.2250738585072014E-308,0.0,0.0,0.0,4.5,427.38425665718205,187.58112102986118,0.0,
ID3399 → ID2958,110,3399,2958,2.2250738585072014E-308,0.0,0.0,0.0,10.5,443.39458650694166,137.11204866506554,0.0,
ID3470 → ID3554,110,3470,3554,2.2250738585072014E-308,0.0,0.0,0.0,7.5,433.1054182154847,183.35341814177775,0.0,
ID2958 → ID2196,110,2958,2196,4.900607608822774,0.0,2.2137316027067904,2.2137316027067904,11.5,443.4267171805873,136.00564931491354,0.0,
ID2196 → ID2229,110,2196,2229,0.2824705185257535,2.244386803679932,0.53147955607507,0.53147955607507,12.5,443.66164709353126,135.070976777378,0.0,
ID2609 → ID3399,110,2609,3399,2428.8535062596447,1.8548769622907664,49.28339990564414,49.28339990564414,9.5,432.6546771854893,159.29013975361264,0.0,
ID5799 → ID5581,110,5799,5581,2.2250738585072014E-308,0.0,0.0,0.0,16.5,448.03492353059625,133.09082068264976,0.0,
ID3554 → ID2609,110,3554,2609,128.7845864429986,0.0,11.348329676344383,11.348329676344383,8.5,427.5100930397608,182.41082449196875,0.0,
ID2052 → ID5799,110,2052,5799,33.95835958652147,2.4312788613572023,5.82738016492158,5.82738016492158,15.5,449.15125635820357,135.7821755300522,0.0,
ID3903 → ID5172,110,3903,5172,2.2250738585072014E-308,0.0,0.0,0.0,2.5,420.74714048889274,197.67799895335136,0.0,
ID3450 → ID3470,110,3450,3470,1.2183446685687322,2.0196025893872935,1.1037865140364473,1.1037865140364473,6.5,433.5527091077423,183.67670907088888,0.0,
ID5248 → ID3903,110,5248,3903,2.2250738585072014E-308,0.0,0.0,0.0,1.5,420.74714048889274,197.67799895335136,0.0,
ID2049 → ID5797,111,2049,5797,1.901634315241861,2.5572002074818587,1.3789975762276963,1.3789975762276963,15.5,590.0104077845335,129.88720238435528,0.0,
ID3353 → ID3360,111,3353,3360,25.375382799799404,0.5089239912679545,5.037398415829286,5.037398415829286,6.5,598.5231456720713,155.3524560877467,0.0,
ID3455 → ID3353,111,3455,3353,163.87226239702747,0.0,12.801260187849767,12.801260187849767,5.5,600.15801105208,163.8844858747757,0.0,
ID5177 → ID2964,111,5177,2964,924.5705784846964,0.0,30.406752185734938,30.406752185734938,3.5,602.215601263229,185.14091086359613,0.0,
ID5252 → ID3922,111,5252,3922,2.2250738585072014E-308,0.0,0.0,0.0,1.5,602.1926973496857,200.34426970406025,0.0,
ID4931 → ID5252,111,4931,5252,2.2250738585072014E-308,NaN,0.0,0.0,0.5,602.1926973496857,200.34426970406025,0.0,
ID2198 → ID2231,111,2198,2231,39.76057217385866,1.7556322604626728,6.305598478642504,6.305598478642504,12.5,586.6329984153605,140.1510232473766,0.0,
ID2537 → ID3443,111,2537,3443,178.261995422532,1.149526359037019,13.351479147365358,13.351479147365358,9.5,586.5736571525065,140.43643420884842,0.0,
ID2964 → ID3455,111,2964,3455,2.2250738585072014E-308,0.0,0.0,0.0,4.5,602.2385051767725,169.937552023132,0.0,
ID3443 → ID2987,111,3443,2987,2.2250738585072014E-308,0.0,0.0,0.0,10.5,579.8981378419754,140.49066326342208,0.0,
ID2231 → ID2721,111,2231,2721,2.2250738585072014E-308,0.0,0.0,0.0,13.5,587.3894422444677,137.09031486909709,0.0,
ID5797 → ID5579,111,5797,5579,2.2250738585072014E-308,0.0,0.0,0.0,16.5,590.2043088448476,130.5488752322337,0.0,
ID3459 → ID2537,111,3459,2537,188.74605903338193,0.0,13.738488236825111,13.738488236825111,8.5,596.1089754398963,146.62784880167436,0.0,
ID2721 → ID2049,111,2721,2049,67.74549031707156,0.0,8.230764868289675,8.230764868289675,14.5,588.6029744843436,133.15792220278695,0.0,
ID3922 → ID5177,111,3922,5177,2.2250738585072014E-308,0.0,0.0,0.0,2.5,602.1926973496857,200.34426970406025,0.0,
ID2987 → ID2198,111,2987,2198,43.14567980021281,0.0,6.568537112646378,6.568537112646378,11.5,582.8873462141144,141.85119744453908,0.0,
ID3360 → ID3459,111,3360,3459,2.2250738585072014E-308,0.0,0.0,0.0,7.5,598.9687744167551,152.87349244907398,0.0,
ID3273 → ID3374,112,3273,3374,2.2250738585072014E-308,0.0,0.0,0.0,7.5,51.27144812577135,142.4602446599092,0.0,
ID2848 → ID3280,112,2848,3280,2.2250738585072014E-308,0.0,0.0,0.0,4.5,3.5109550206641886,134.89490067211392,0.0,
ID3637 → ID5130,112,3637,5130,2.2250738585072014E-308,0.0,0.0,0.0,2.5,0.0,136.0,0.0,
ID2726 → ID2053,112,2726,2053,0.6943343670094113,0.0,0.833267284254825,0.833267284254825,14.5,62.57070762629337,138.91324101204322,0.0,
ID5213 → ID3637,112,5213,3637,2.2250738585072014E-308,0.0,0.0,0.0,1.5,0.0,136.0,0.0,
ID2197 → ID2233,112,2197,2233,1.5288135374619352,2.065081014082357,1.2364519956156548,1.2364519956156548,12.5,62.829387647478626,137.9392572662639,0.0,
ID3280 → ID3235,112,3280,3235,4.158430486959929,0.0,2.0392230105998532,2.0392230105998532,5.5,2.9571563000140575,134.03879635677248,0.0,
ID4910 → ID5213,112,4910,5213,2.2250738585072014E-308,NaN,0.0,0.0,0.5,0.0,136.0,0.0,
ID2528 → ID3417,112,2528,3417,3.9000309723131936,0.5213697071761942,1.9748496075177961,1.9748496075177961,9.5,55.97816156959787,140.02591129462866,0.0,
ID5130 → ID2848,112,5130,2848,13.548049681621338,0.0,3.6807675397424022,3.6807675397424022,3.5,1.7554775103320943,135.44745033605696,0.0,
ID5798 → ID5580,112,5798,5580,2.2250738585072014E-308,0.0,0.0,0.0,16.5,65.57833872848536,133.33774563507507,0.0,
ID2053 → ID5798,112,2053,5798,45.57890596231397,3.0991308391565826,6.751215147091223,6.751215147091223,15.5,63.96742872147011,136.30417369587084,0.0,
ID3417 → ID2972,112,3417,2972,2.2250738585072014E-308,0.0,0.0,0.0,10.5,56.964406439033056,139.97765364662266,0.0,
ID2233 → ID2726,112,2233,2726,2.2250738585072014E-308,0.0,0.0,0.0,13.5,62.78489653813188,138.55588026741984,0.0,
ID3374 → ID2528,112,3374,2528,19.535243741600674,0.0,4.419869199603159,4.419869199603159,8.5,53.13168241296702,141.26720680127193,0.0,
ID2972 → ID2197,112,2972,2197,41.97099099097246,0.0,6.478502218180716,6.478502218180716,11.5,59.91914259792921,138.6501439558653,0.0,
ID3235 → ID3273,112,3235,3273,2474.163256240506,2.332592807832497,49.74096155323604,49.74096155323604,6.5,26.83740285256764,137.8214683506701,0.0,
ID2745 → ID3453,113,2745,3453,2.2250738585072014E-308,0.0,0.0,0.0,13.5,530.8054756827363,367.616086888915,0.0,
ID4393 → ID5289,113,4393,5289,2.2250738585072014E-308,0.0,0.0,0.0,2.5,530.818414813411,356.7582921076634,0.0,
ID4985 → ID5360,113,4985,5360,2.2250738585072014E-308,NaN,0.0,0.0,0.5,530.818414813411,356.7582921076634,0.0,
ID4164 → ID3735,113,4164,3735,2.2250738585072014E-308,0.0,0.0,0.0,10.5,498.73750423725306,368.90813606565325,0.0,
ID3453 → ID2255,113,3453,2255,12.267206129652843,0.0,3.5024571560053155,3.5024571560053155,14.5,532.3765054052583,366.8423510532671,0.0,
ID4128 → ID4044,113,4128,4044,44.10186125126408,0.0,6.640923222810521,6.640923222810521,5.5,508.59345322471654,362.1948497009857,0.0,
ID2255 → ID5880,113,2255,5880,95.98795396604156,0.9036544662168996,9.79734423025146,9.79734423025146,15.5,538.3669694572552,368.1818091743986,0.0,
ID3676 → ID4128,113,3676,4128,2.2250738585072014E-308,0.0,0.0,0.0,4.5,511.81817307349706,361.40323918457176,0.0,
ID3735 → ID2323,113,3735,2323,361.5943331355217,0.0,19.01563391358599,19.01563391358599,11.5,508.2431779847657,368.70627004639687,0.0,
ID5880 → ID5662,113,5880,5662,2.2250738585072014E-308,0.0,0.0,0.0,16.5,542.7864037867301,370.29500313117796,0.0,
ID4097 → ID2876,113,4097,2876,39.64944942244256,0.0,6.296780877753533,6.296780877753533,8.5,497.88084227484694,366.84800332512066,0.0,
ID4075 → ID4097,113,4075,4097,2.2250738585072014E-308,0.0,0.0,0.0,7.5,500.22999222454956,364.7518504515395,0.0,
ID2323 → ID2745,113,2323,2745,171.26453632174028,0.04669787962971914,13.086807720821005,13.086807720821005,12.5,524.2771637075073,368.0602454580278,0.0,
ID5360 → ID4393,113,5360,4393,2.2250738585072014E-308,0.0,0.0,0.0,1.5,530.818414813411,356.7582921076634,0.0,
ID4044 → ID4075,113,4044,4075,29.523263299749654,0.0901910923874198,5.4335313838929515,5.4335313838929515,6.5,502.7993628002428,363.86915533446955,0.0,
ID2876 → ID4164,113,2876,4164,10.278527465803519,2.424281921516047,3.2060142647535925,3.2060142647535925,9.5,497.1345982811987,368.92614613217756,0.0,
ID5289 → ID3676,113,5289,3676,382.58471952244645,0.0,19.559772992610277,19.559772992610277,3.5,521.318293943454,359.0807656461176,0.0,
ID2235 → ID2731,114,2235,2731,2.2250738585072014E-308,0.0,0.0,0.0,13.5,731.3742219065322,139.1172470041684,0.0,
ID5801 → ID5583,114,5801,5583,2.2250738585072014E-308,0.0,0.0,0.0,16.5,725.0209419903952,139.7291854662973,0.0,
ID2055 → ID5801,114,2055,5801,3.3482271323719233,2.965113728159108,1.8298161471502876,1.8298161471502876,15.5,724.1533037760221,140.0194624237922,0.0,
ID3370 → ID2931,114,3370,2931,2.2250738585072014E-308,0.0,0.0,0.0,10.5,738.2641100708294,127.15657059819286,0.0,
ID2838 → ID3255,114,2838,3255,2.2250738585072014E-308,0.0,0.0,0.0,4.5,731.9865751184334,124.07822233003223,0.0,
ID5205 → ID3594,114,5205,3594,2.2250738585072014E-308,0.0,0.0,0.0,1.5,739.7142928614323,120.34766745349006,0.0,
ID3196 → ID3303,114,3196,3303,2.2250738585072014E-308,0.0,0.0,0.0,7.5,736.7260208506482,121.58436243900725,0.0,
ID2206 → ID2235,114,2206,2235,1461.9268955082835,2.7807212228235865,38.23515261520848,38.23515261520848,12.5,749.187110953266,146.0586235020842,0.0,
ID2731 → ID2055,114,2731,2055,66.84678181383575,0.0,8.175988124614403,8.175988124614403,14.5,727.3299437340906,139.71349319272775,0.0,
ID3303 → ID2503,114,3303,2503,5.544576185152746,0.0,2.3546923759066165,2.3546923759066165,8.5,737.5224529298193,122.45144951050318,0.0,
ID3255 → ID3210,114,3255,3210,0.5260895550448491,0.0,0.7253203120310703,0.7253203120310703,5.5,731.723105655919,123.82901111221983,0.0,
ID3210 → ID3196,114,3210,3196,31.71657799646623,2.0218123116679463,5.631747330666232,5.631747330666232,6.5,734.0928285220264,122.58208116670733,0.0,
ID5118 → ID2838,114,5118,2838,73.63466120235333,0.0,8.581064106645126,8.581064106645126,3.5,735.8504339899329,122.21294489176114,0.0,
ID2503 → ID3370,114,2503,3370,14.733505403310835,0.7572211142093901,3.8384248596671573,3.8384248596671573,9.5,738.2914975399099,125.23755359009598,0.0,
ID2931 → ID2206,114,2931,2206,1493.6342132676004,0.0,38.64756413110146,38.64756413110146,11.5,752.6320550354146,140.07828529909642,0.0,
ID3594 → ID5118,114,3594,5118,2.2250738585072014E-308,0.0,0.0,0.0,2.5,739.7142928614323,120.34766745349006,0.0,
ID4906 → ID5205,114,4906,5205,2.2250738585072014E-308,NaN,0.0,0.0,0.5,739.7142928614323,120.34766745349006,0.0,
ID3745 → ID5152,115,3745,5152,2.2250738585072014E-308,0.0,0.0,0.0,2.5,371.155845770425,165.74885616185588,0.0,
ID5152 → ID2933,115,5152,2933,2.0825360004797955,0.0,1.4430994423392296,1.4430994423392296,3.5,370.4726618254699,165.5167060003751,0.0,
ID3469 → ID2563,115,3469,2563,0.13385567051570813,0.0,0.3658629121893993,0.3658629121893993,8.5,358.57704051443716,154.07258085795485,0.0,
ID3364 → ID3371,115,3364,3371,80.44922946135392,0.1230246526583205,8.969349444711915,8.969349444711915,6.5,361.79107934332364,157.12638324897367,0.0,
ID2057 → ID5804,115,2057,5804,3.357171090203277,0.04237908283198394,1.8322584670846187,1.8322584670846187,15.5,345.8187112186729,142.01636773659527,0.0,
ID3424 → ID3364,115,3424,3364,48.45465326652401,0.0,6.960937671501162,6.960937671501162,5.5,367.47541459737556,162.6847915345279,0.0,
ID3485 → ID3028,115,3485,3028,2.2250738585072014E-308,0.0,0.0,0.0,10.5,347.91063052344214,149.7909142497903,0.0,
ID2563 → ID3485,115,2563,3485,134.6564552794434,2.2254233221277335,11.60415681036082,11.60415681036082,9.5,353.3219520899527,151.88416834895708,0.0,
ID5804 → ID5586,115,5804,5586,2.2250738585072014E-308,0.0,0.0,0.0,16.5,346.65617703112855,142.3877755791602,0.0,
ID2933 → ID3424,115,2933,3424,2.2250738585072014E-308,0.0,0.0,0.0,4.5,369.7894778805148,165.28455583889433,0.0,
ID2200 → ID2236,115,2200,2236,32.26814103673001,0.7889074491403234,5.680505350471031,5.680505350471031,12.5,342.27117348514196,142.93892840897524,0.0,
ID2736 → ID2057,115,2736,2057,11.774184774184848,0.0,3.431353198693607,3.431353198693607,14.5,343.4437615586653,140.88358639037824,0.0,
ID3028 → ID2200,115,3028,2200,44.10440307445599,0.0,6.641114595793088,6.641114595793088,11.5,345.2733498913062,147.7732790905073,0.0,
ID5231 → ID3745,115,5231,3745,2.2250738585072014E-308,0.0,0.0,0.0,1.5,371.155845770425,165.74885616185588,0.0,
ID3371 → ID3469,115,3371,3469,2.2250738585072014E-308,0.0,0.0,0.0,7.5,358.420807372411,154.16773926778586,0.0,
ID4919 → ID5231,115,4919,5231,2.2250738585072014E-308,NaN,0.0,0.0,0.5,371.155845770425,165.74885616185588,0.0,
ID2236 → ID2736,115,2236,2736,2.2250738585072014E-308,0.0,0.0,0.0,13.5,341.9062777111135,140.1222128867262,0.0,
ID4079 → ID2847,116,4079,2847,142.18949553826627,0.0,11.92432369311846,11.92432369311846,8.5,720.5429488279501,340.2866078616529,0.0,
ID5882 → ID5664,116,5882,5664,2.2250738585072014E-308,0.0,0.0,0.0,16.5,733.8046484600413,373.2529433763153,0.0,
ID5356 → ID4380,116,5356,4380,2.2250738585072014E-308,0.0,0.0,0.0,1.5,725.577161540719,342.26774200182336,0.0,
ID5285 → ID3655,116,5285,3655,60.03656036788205,0.0,7.748326294618861,7.748326294618861,3.5,725.7856702469985,346.13629007718396,0.0,
ID2321 → ID2750,116,2321,2750,40.54408006941862,0.269312215216689,6.367423346175329,6.367423346175329,12.5,721.2113972034301,366.05299348075016,0.0,
ID3655 → ID4109,116,3655,4109,2.2250738585072014E-308,0.0,0.0,0.0,4.5,725.994178953278,350.00483815254455,0.0,
ID2847 → ID4127,116,2847,4127,138.9036302678847,2.519666677599405,11.785738426924496,11.785738426924496,9.5,717.3665226087293,342.0394160471982,0.0,
ID3465 → ID2253,116,3465,2253,75.22721622027663,0.0,8.673362451798992,8.673362451798992,14.5,724.6218566350774,366.9148102716771,0.0,
ID4058 → ID4079,116,4058,4079,2.2250738585072014E-308,0.0,0.0,0.0,7.5,724.9562113735873,344.29540912734853,0.0,
ID4127 → ID3699,116,4127,3699,2.2250738585072014E-308,0.0,0.0,0.0,10.5,718.6033589351456,347.80102549843906,0.0,
ID3699 → ID2321,116,3699,2321,235.58987557195508,0.0,15.348937278259855,15.348937278259855,11.5,720.0368470429416,355.3404273804053,0.0,
ID2750 → ID3465,116,2750,3465,2.2250738585072014E-308,0.0,0.0,0.0,13.5,720.9524592561224,369.22615769912886,0.0,
ID4983 → ID5356,116,4983,5356,2.2250738585072014E-308,NaN,0.0,0.0,0.5,725.577161540719,342.26774200182336,0.0,
ID4109 → ID4028,116,4109,4028,1.5737335471294918,0.0,1.254485371429054,1.254485371429054,5.5,725.998591805534,349.3776109899333,0.0,
ID4028 → ID4058,116,4028,4058,20.942575757256378,0.23782058312716345,4.5763059073073755,4.5763059073073755,6.5,725.4796080156887,346.5228964773353,0.0,
ID4380 → ID5285,116,4380,5285,2.2250738585072014E-308,0.0,0.0,0.0,2.5,725.577161540719,342.26774200182336,0.0,
ID2253 → ID5882,116,2253,5882,105.21103179228834,1.565426073837354,10.2572428942815,10.2572428942815,15.5,731.0479512370368,368.92820311027026,0.0,
ID5939 → ID5721,117,5939,5721,2.2250738585072014E-308,0.0,0.0,0.0,16.5,291.2853288146937,632.709552557352,0.0,
ID3263 → ID4046,117,3263,4046,2.2250738585072014E-308,NaN,0.0,0.0,13.5,278.9293931939608,635.9238518187548,0.0,
ID2449 → ID5939,117,2449,5939,92.09124783257657,0.24568178601974733,9.59641848986259,9.59641848986259,15.5,286.57590083142844,633.6283017225666,0.0,
ID4046 → ID2449,117,4046,2449,10.522017698659784,0.0,3.2437659747059104,3.2437659747059104,14.5,280.397933021062,635.235451353268,0.0,
ID2755 → ID3478,118,2755,3478,2.2250738585072014E-308,0.0,0.0,0.0,13.5,739.6727335084703,378.2854084917514,0.0,
ID2263 → ID5883,118,2263,5883,27.749610440996676,0.6000240185643074,5.26778990099232,5.26778990099232,15.5,745.7909196482076,380.3945261418197,0.0,
ID2324 → ID2755,118,2324,2755,80.40054731100257,NaN,8.966635227943788,8.966635227943788,12.5,739.9079731245399,373.80826664110805,0.0,
ID5883 → ID5665,118,5883,5665,2.2250738585072014E-308,0.0,0.0,0.0,16.5,747.8052526973681,382.09154263475926,0.0,
ID3478 → ID2263,118,3478,2263,17.011437552743345,0.0,4.12449239940424,4.12449239940424,14.5,741.7246600537587,378.49145907031584,0.0,
ID2268 → ID5885,119,2268,5885,41.15659345429372,2.529552347378301,6.415340478438671,6.415340478438671,15.5,59.73999061266848,400.5869587731137,0.0,
ID2326 → ID2760,119,2326,2760,1.2382711662410903,NaN,1.1127763325309765,1.1127763325309765,12.5,59.4285740777853,392.4908737968238,0.0,
ID5885 → ID5667,119,5885,5667,2.2250738585072014E-308,0.0,0.0,0.0,16.5,57.194894288366164,398.6346183664232,0.0,
ID2760 → ID3489,119,2760,3489,2.2250738585072014E-308,0.0,0.0,0.0,13.5,59.29814902915587,393.0317592729186,0.0,
ID3489 → ID2268,119,3489,2268,99.31511314616284,0.0,9.965696821906777,9.965696821906777,14.5,60.79161798306333,397.78552922636135,0.0,
ID4609 → ID3534,120,4609,3534,1.9184531216280498,0.0,1.3850823519300395,1.3850823519300395,8.5,157.74899239967087,623.7809784833274,0.0,
ID3274 → ID4055,120,3274,4055,2.2250738585072014E-308,0.0,0.0,0.0,13.5,150.82209835732004,638.0737690699743,0.0,
ID5064 → ID5475,120,5064,5475,2.2250738585072014E-308,NaN,0.0,0.0,0.5,159.16515688518442,619.4076382336523,0.0,
ID5411 → ID4142,120,5411,4142,1.2206692770854377,0.0,1.1048390276802489,1.1048390276802489,3.5,159.15965619969597,619.9600303604341,0.0,
ID4577 → ID4609,120,4577,4609,2.2250738585072014E-308,0.0,0.0,0.0,7.5,157.08421553830124,623.5868522228819,0.0,
ID4780 → ID5411,120,4780,5411,2.2250738585072014E-308,0.0,0.0,0.0,2.5,159.16515688518442,619.4076382336523,0.0,
ID4556 → ID4557,120,4556,4557,11.31839170449753,0.0,3.3642817516518337,3.3642817516518337,5.5,158.54710099169102,622.0812063259957,0.0,
ID2480 → ID3274,120,2480,3274,158.56181374127064,0.6089715434505885,12.592133009989636,12.592133009989636,12.5,152.27903590030638,631.9485926291561,0.0,
ID4557 → ID4577,120,4557,4577,0.7364329819459263,1.2752232177944072,0.8581567350699558,0.8581567350699558,6.5,157.51213100373786,623.6184211938287,0.0,
ID4142 → ID4556,120,4142,4556,2.2250738585072014E-308,0.0,0.0,0.0,4.5,159.15415551420753,620.5124224872159,0.0,
ID5475 → ID4780,120,5475,4780,2.2250738585072014E-308,0.0,0.0,0.0,1.5,159.16515688518442,619.4076382336523,0.0,
ID5936 → ID5718,120,5936,5718,2.2250738585072014E-308,0.0,0.0,0.0,16.5,154.0,627.0,0.0,
ID3534 → ID4599,120,3534,4599,3.087890700499421,2.7454702025822586,1.757239511421087,1.757239511421087,9.5,157.73071087671553,623.4224711230727,0.0,
ID4055 → ID2453,120,4055,2453,7.970163355574254,0.0,2.8231477743069444,2.8231477743069444,14.5,149.6841618926839,637.238519741124,0.0,
ID4240 → ID2480,120,4240,2480,19.69084517842218,0.0,4.4374367802169505,4.4374367802169505,11.5,155.39181296784164,624.3466268453552,0.0,
ID2453 → ID5936,120,2453,5936,118.16515152801347,1.4631859037722659,10.870379548480056,10.870379548480056,15.5,151.27311271402388,631.7016352061369,0.0,
ID4599 → ID4240,120,4599,4240,2.2250738585072014E-308,0.0,0.0,0.0,10.5,157.04765249239054,622.8698375023725,0.0,
ID4198 → ID3768,121,4198,3768,2.2250738585072014E-308,0.0,0.0,0.0,10.5,69.22442827566644,411.0926443219029,0.0,
ID2923 → ID4198,121,2923,4198,38.296059519997094,1.8190580458131174,6.1883810096015495,6.1883810096015495,9.5,66.40619125874959,412.369967693833,0.0,
ID4521 → ID5324,121,4521,5324,2.2250738585072014E-308,0.0,0.0,0.0,2.5,58.14349818562893,435.88654909426447,0.0,
ID2328 → ID2765,121,2328,2765,18.496816476901614,2.741980100827389,4.30079254055594,4.30079254055594,12.5,70.43271643245288,406.44391478103176,0.0,
ID5324 → ID3789,121,5324,3789,8.106494992855282,0.0,2.847190719438247,2.847190719438247,3.5,57.245250975875166,434.7821145337841,0.0,
ID2765 → ID3500,121,2765,3500,2.2250738585072014E-308,0.0,0.0,0.0,13.5,68.84735239221763,407.89678262744945,0.0,
ID3768 → ID2328,121,3768,2328,45.03398327449419,0.0,6.710736418195412,6.710736418195412,11.5,70.62125437417728,408.0418456282585,0.0,
ID4130 → ID4159,121,4130,4159,511.64472005587277,0.10722367419164204,22.619564983789427,22.619564983789427,6.5,75.38673153136148,438.619597397143,0.0,
ID5394 → ID4521,121,5394,4521,2.2250738585072014E-308,0.0,0.0,0.0,1.5,58.14349818562893,435.88654909426447,0.0,
ID4159 → ID4184,121,4159,4184,2.2250738585072014E-308,0.0,0.0,0.0,7.5,86.19268894683134,441.95763040312426,0.0,
ID5002 → ID5394,121,5002,5394,2.2250738585072014E-308,NaN,0.0,0.0,0.5,58.14349818562893,435.88654909426447,0.0,
ID4184 → ID2923,121,4184,2923,1312.4493444799061,0.0,36.22774274613181,36.22774274613181,8.5,74.89032159433204,427.8024607344437,0.0,
ID4233 → ID4130,121,4233,4130,70.36741939860268,0.0,8.388529036642996,8.388529036642996,5.5,60.463888941006516,434.4796221822328,0.0,
ID3789 → ID4233,121,3789,4233,2.2250738585072014E-308,0.0,0.0,0.0,4.5,56.34700376612141,433.6776799733038,0.0,
ID2271 → ID5887,121,2271,5887,31.475208484188315,3.12551942380039,5.610277041660983,5.610277041660983,15.5,71.35350977061259,415.86602734887776,0.0,
ID3500 → ID2271,121,3500,2271,124.51606510958794,0.0,11.158676673763244,11.158676673763244,14.5,70.4923724496253,413.228098158172,0.0,
ID5887 → ID5669,121,5887,5669,2.2250738585072014E-308,0.0,0.0,0.0,16.5,70.56962703419221,413.1726410088609,0.0,
ID4125 → ID2910,122,4125,2910,1.0930455170753781,0.0,1.0454881716573259,1.0454881716573259,8.5,658.0748126825101,412.9152999054869,0.0,
ID2910 → ID4208,122,2910,4208,2.4280388919255196,2.6163080163672823,1.5582165741402956,1.5582165741402956,9.5,658.2886279189024,413.2756081966875,0.0,
ID2270 → ID5888,122,2270,5888,0.025588631179144766,3.021853236378695,0.15996446848955165,0.15996446848955165,15.5,658.2154107522488,415.138195555536,0.0,
ID5372 → ID4439,122,5372,4439,2.2250738585072014E-308,0.0,0.0,0.0,1.5,656.9286029373036,409.46881057850555,0.0,
ID3715 → ID4162,122,3715,4162,2.2250738585072014E-308,0.0,0.0,0.0,4.5,657.0248531457966,410.8881237430322,0.0,
ID4208 → ID3778,122,4208,3778,2.2250738585072014E-308,0.0,0.0,0.0,10.5,658.1795946822202,414.04704936507295,0.0,
ID4162 → ID4105,122,4162,4105,2.1725139441174166,0.0,1.47394502750863,1.47394502750863,5.5,657.6960685558805,411.19242352826905,0.0,
ID2770 → ID3510,122,2770,3510,2.2250738585072014E-308,0.0,0.0,0.0,13.5,658.5942453146125,414.742522952943,0.0,
ID2329 → ID2770,122,2329,2770,1.730714469903118,2.638813578386064,1.3155662164646513,1.3155662164646513,12.5,658.0653155095395,414.3514834680043,0.0,
ID4105 → ID4102,122,4105,4102,3.726455144330307,1.4695672536142614,1.9304028450896737,1.9304028450896737,6.5,658.0596240877001,412.41157804808887,0.0,
ID5888 → ID5670,122,5888,5670,2.2250738585072014E-308,0.0,0.0,0.0,16.5,658.2623040613453,415.07340222750935,0.0,
ID5301 → ID3715,122,5301,3715,2.0237139616336495,0.0,1.422573007488069,1.422573007488069,3.5,656.9767280415501,410.1784671607689,0.0,
ID3510 → ID2270,122,3510,2270,0.3932730937994523,0.0,0.6271148968087525,0.6271148968087525,14.5,658.3813813788825,414.9727559182528,0.0,
ID4439 → ID5301,122,4439,5301,2.2250738585072014E-308,0.0,0.0,0.0,2.5,656.9286029373036,409.46881057850555,0.0,
ID4102 → ID4125,122,4102,4125,2.2250738585072014E-308,0.0,0.0,0.0,7.5,657.7519642094358,413.3264327826719,0.0,
ID4991 → ID5372,122,4991,5372,2.2250738585072014E-308,NaN,0.0,0.0,0.5,656.9286029373036,409.46881057850555,0.0,
ID3778 → ID2329,122,3778,2329,0.4212182812559015,0.0,0.6490133136199145,0.6490133136199145,11.5,657.8579901933433,414.0037466740693,0.0,
ID4658 → ID4696,123,4658,4696,2.2250738585072014E-308,0.0,0.0,0.0,7.5,273.6413908665266,657.6523092183951,0.0,
ID5501 → ID4836,123,5501,4836,2.2250738585072014E-308,0.0,0.0,0.0,1.5,302.0938010116638,654.1660508527569,0.0,
ID3285 → ID4066,123,3285,4066,2.2250738585072014E-308,0.0,0.0,0.0,13.5,258.2065108983521,641.1590799932114,0.0,
ID4630 → ID4658,123,4630,4658,2116.289328970283,3.1388297086807917,46.003144772616174,46.003144772616174,6.5,296.62957557834704,656.8676462985393,0.0,
ID5084 → ID5501,123,5084,5501,2.2250738585072014E-308,NaN,0.0,0.0,0.5,302.0938010116638,654.1660508527569,0.0,
ID5440 → ID4236,123,5440,4236,57.371521221472996,0.0,7.574399066689911,7.574399066689911,3.5,305.7116559415558,655.285874951276,0.0,
ID4696 → ID3657,123,4696,3657,22.483505045484957,0.0,4.7416774505954065,4.7416774505954065,8.5,273.4819474397568,655.2868380063464,0.0,
ID4680 → ID4375,123,4680,4375,2.2250738585072014E-308,0.0,0.0,0.0,10.5,278.2088013127981,660.5393866430794,0.0,
ID3657 → ID4680,123,3657,4680,81.91012771857228,2.6385803680647415,9.050421411104141,9.050421411104141,9.5,275.7656526628926,656.7303767186886,0.0,
ID4236 → ID4617,123,4236,4617,2.2250738585072014E-308,0.0,0.0,0.0,4.5,309.3295108714479,656.4056990497951,0.0,
ID5937 → ID5719,123,5937,5719,2.2250738585072014E-308,0.0,0.0,0.0,16.5,266.6457736900844,626.6413090459948,0.0,
ID2447 → ID5937,123,2447,5937,60.94276763596042,0.048633460462398005,7.806584889435356,7.806584889435356,15.5,264.77262436565104,630.0657803215884,0.0,
ID4066 → ID2447,123,4066,2447,80.83484141397199,0.0,8.990819841036298,8.990819841036298,14.5,260.5529929697849,637.3246657951966,0.0,
ID4617 → ID4630,123,4617,4630,105.952221506164,0.0,10.293309550682132,10.293309550682132,5.5,314.4736355808077,656.2443412142393,0.0,
ID4836 → ID5440,123,4836,5440,2.2250738585072014E-308,0.0,0.0,0.0,2.5,302.0938010116638,654.1660508527569,0.0,
ID4375 → ID2521,123,4375,2521,600.1356644960304,0.0,24.497666511242052,24.497666511242052,11.5,267.22611729259825,655.115866767901,0.0,
ID2521 → ID3285,123,2521,3285,76.67031774381574,1.3382170347459246,8.75615884642437,8.75615884642437,12.5,257.22497208537527,645.4257134429671,0.0,
ID2330 → ID2774,124,2330,2774,0.7599676966571737,2.367594270951613,0.8717612612735058,0.8717612612735058,12.5,656.8035861517444,422.30674237301866,0.0,
ID4181 → ID4115,124,4181,4115,0.28569167350821645,0.0,0.5345013316243622,0.5345013316243622,5.5,656.2069642520803,419.0790256415143,0.0,
ID4215 → ID3787,124,4215,3787,2.2250738585072014E-308,0.0,0.0,0.0,10.5,657.1007757629474,421.94842261404483,0.0,
ID5305 → ID3733,124,5305,3733,2.272429390557753,0.0,1.5074579233125391,1.5074579233125391,3.5,655.9098772186849,418.179119907991,0.0,
ID5376 → ID4453,124,5376,4453,2.2250738585072014E-308,0.0,0.0,0.0,1.5,655.8339694515453,417.42922300939273,0.0,
ID2273 → ID5889,124,2273,5889,0.08674949163547147,0.8124135136203174,0.29453266649978144,0.29453266649978144,15.5,657.168371190659,423.08092551247427,0.0,
ID4993 → ID5376,124,4993,5376,2.2250738585072014E-308,NaN,0.0,0.0,0.5,655.8339694515453,417.42922300939273,0.0,
ID5889 → ID5671,124,5889,5671,2.2250738585072014E-308,0.0,0.0,0.0,16.5,657.2540802217221,423.20068082510414,0.0,
ID4115 → ID4124,124,4115,4124,4.008901407101751,0.9279892559898137,2.0022241151034397,2.0022241151034397,6.5,656.4750250998051,420.2290482108922,0.0,
ID4124 → ID4144,124,4124,4144,2.2250738585072014E-308,0.0,0.0,0.0,7.5,656.5219066812739,421.2290619453451,0.0,
ID4144 → ID2934,124,4144,2934,1.3355285322738961,0.0,1.1556506964796482,1.1556506964796482,8.5,656.8987943308259,420.7910689857172,0.0,
ID3522 → ID2273,124,3522,2273,0.17020748413189357,0.0,0.4125620973040223,0.4125620973040223,14.5,657.1218687575264,422.7586493028691,0.0,
ID3733 → ID4181,124,3733,4181,2.2250738585072014E-308,0.0,0.0,0.0,4.5,655.9857849858245,418.9290168065893,0.0,
ID4453 → ID5305,124,4453,5305,2.2250738585072014E-308,0.0,0.0,0.0,2.5,655.8339694515453,417.42922300939273,0.0,
ID2934 → ID4215,124,2934,4215,2.575722920597559,2.540240357499267,1.6049058915081467,1.6049058915081467,9.5,657.1882288716627,421.150749320067,0.0,
ID3787 → ID2330,124,3787,2330,0.44047090738111633,0.0,0.6636798229425965,0.6636798229425965,11.5,656.7734363554896,422.0028894770942,0.0,
ID2774 → ID3522,124,2774,3522,2.2250738585072014E-308,0.0,0.0,0.0,13.5,657.161075355457,422.5561284058938,0.0,
ID4203 → ID2975,125,4203,2975,167.11112924565134,0.0,12.927146987856654,12.927146987856654,8.5,543.4971443706854,449.52589188097136,0.0,
ID2975 → ID4274,125,2975,4274,140.9753158272817,0.41698445422073016,11.873302650369933,11.873302650369933,9.5,549.8122210347321,459.8849232167163,0.0,
ID2779 → ID3531,125,2779,3531,2.2250738585072014E-308,0.0,0.0,0.0,13.5,575.595402063576,443.175084122175,0.0,
ID3841 → ID2337,125,3841,2337,205.74757297195458,0.0,14.343903686652201,14.343903686652201,11.5,558.8440960640172,464.5475140996976,0.0,
ID2337 → ID2779,125,2337,2779,509.9102539725312,0.996199312860223,22.581192483403775,22.581192483403775,12.5,570.7738740746249,453.384414724369,0.0,
ID4177 → ID4176,125,4177,4176,95.7339063352701,NaN,9.784370512979876,9.784370512979876,6.5,534.2260150342452,444.4336171079484,0.0,
ID4274 → ID3841,125,4274,3841,2.2250738585072014E-308,0.0,0.0,0.0,10.5,551.7358460423605,465.50128287283223,0.0,
ID4176 → ID4203,125,4176,4203,2.2250738585072014E-308,0.0,0.0,0.0,7.5,539.1056927142673,444.7832202013423,0.0,
ID3531 → ID2276,125,3531,2276,165.4027463641482,0.0,12.860899904911328,12.860899904911328,14.5,581.4816298665681,440.5860671577039,0.0,
ID5941 → ID5723,126,5941,5723,2.2250738585072014E-308,0.0,0.0,0.0,16.5,732.6752634247641,640.2992762138192,0.0,
ID3296 → ID4076,126,3296,4076,2.2250738585072014E-308,0.0,0.0,0.0,13.5,727.0693194043114,642.4479722198399,0.0,
ID2457 → ID5941,126,2457,5941,2.953960383705692,0.22622554993714697,1.7187089293145865,1.7187089293145865,15.5,731.8337370028435,640.4734123017959,0.0,
ID2515 → ID3296,126,2515,3296,5.0048250959904514,NaN,2.2371466415929135,2.2371466415929135,12.5,725.9725032272197,642.6675184511164,0.0,
ID4076 → ID2457,126,4076,2457,18.63060115140991,0.0,4.316318008605241,4.316318008605241,14.5,729.0307649926172,641.5477603048063,0.0,
ID4693 → ID4730,127,4693,4730,2.2250738585072014E-308,0.0,0.0,0.0,7.5,0.0,672.0,0.0,
ID4284 → ID4646,127,4284,4646,2.2250738585072014E-308,NaN,0.0,0.0,4.5,11.080569953541607,671.3704833339269,0.0,
ID4085 → ID2461,127,4085,2461,53.516453862310065,0.0,7.315494095569353,7.315494095569353,14.5,9.304252031753624,646.119369354137,0.0,
ID4666 → ID4359,127,4666,4359,2.2250738585072014E-308,0.0,0.0,0.0,10.5,8.650437700100742,653.5859325411583,0.0,
ID4359 → ID3307,127,4359,3307,35.60186441486988,0.0,2.983364896173023,5.966729792346046,12.0,7.448016014513494,650.8556123779271,0.0,
ID4663 → ID4693,127,4663,4693,68.811406376697,0.3326676393958101,8.295264093246036,8.295264093246036,6.5,4.105388604275156,671.4095459356886,0.0,
ID4730 → ID3724,127,4730,3724,25.0,0.0,5.0,5.0,8.5,0.0,669.5,0.0,
ID2461 → ID5945,127,2461,5945,49.84597770740255,2.0450985680564164,7.060168390867355,7.060168390867355,15.5,12.736932278071931,647.62366038504,0.0,
ID4646 → ID4663,127,4646,4663,8.539742944177563,0.0,2.9222838575637313,2.9222838575637313,5.5,9.645673581045958,671.094787602652,0.0,
ID5945 → ID5727,127,5945,5727,2.2250738585072014E-308,0.0,0.0,0.0,16.5,13.110954821562864,651.1338742765018,0.0,
ID3307 → ID4085,127,3307,4085,2.2250738585072014E-308,0.0,0.0,0.0,13.5,6.245594328926247,648.1252922146958,0.0,
ID3724 → ID4666,127,3724,4666,254.76727819368043,0.5727661233536869,15.961430956956223,15.961430956956223,9.5,4.325218850050371,660.2929662705792,0.0,
ID4212 → ID2960,128,4212,2960,0.913186650957788,0.0,0.955608000676945,0.955608000676945,8.5,502.1797686124513,449.18374243216465,0.0,
ID5891 → ID5673,128,5891,5673,2.2250738585072014E-308,0.0,0.0,0.0,16.5,496.4410089968671,437.9861648659987,0.0,
ID5000 → ID5390,128,5000,5390,2.2250738585072014E-308,NaN,0.0,0.0,0.5,492.08219861999635,434.81023728058875,0.0,
ID4244 → ID4195,128,4244,4195,92.5284956589962,0.0,9.619173335531292,9.619173335531292,5.5,494.8972911232545,441.3385975776895,0.0,
ID2281 → ID5891,128,2281,5891,73.48516356381437,0.7378418488826651,8.572348777541333,8.572348777541333,15.5,493.5118527311318,441.11527567609437,0.0,
ID4506 → ID5320,128,4506,5320,2.2250738585072014E-308,0.0,0.0,0.0,2.5,492.08219861999635,434.81023728058875,0.0,
ID5390 → ID4506,128,5390,4506,2.2250738585072014E-308,0.0,0.0,0.0,1.5,492.08219861999635,434.81023728058875,0.0,
ID2796 → ID3542,128,2796,3542,2.2250738585072014E-308,0.0,0.0,0.0,13.5,480.418757627099,445.0648626910647,0.0,
ID2332 → ID2796,128,2332,2796,269.25217289335325,0.028616152157858128,16.40890529235126,16.40890529235126,12.5,487.4260012923578,449.3323654079975,0.0,
ID3828 → ID2332,128,3828,2332,75.88656804493964,0.0,8.711289688957637,8.711289688957637,11.5,498.0869600404807,455.9709455392056,0.0,
ID2960 → ID4258,128,2960,4258,79.00962277215284,0.96610587912692,8.888735724058447,8.888735724058447,9.5,502.14363748322654,453.9159607047596,0.0,
ID5320 → ID3796,128,5320,3796,7.464552277500838,0.0,2.73213328326069,2.73213328326069,3.5,493.1203306651533,435.69816741646287,0.0,
ID3542 → ID2281,128,3542,2281,103.97883391141795,0.0,10.197001221507133,10.197001221507133,14.5,485.5007270462478,444.65462458862737,0.0,
ID3796 → ID4244,128,3796,4244,2.2250738585072014E-308,0.0,0.0,0.0,4.5,494.15846271031023,436.58609755233704,0.0,
ID4185 → ID4212,128,4185,4212,2.2250738585072014E-308,0.0,0.0,0.0,7.5,501.8129373817942,448.8775864082911,0.0,
ID4195 → ID4185,128,4195,4185,45.9175985594444,0.9927845754571001,6.776252545429841,6.776252545429841,6.5,498.7245284589965,447.4843420056666,0.0,
ID4258 → ID3828,128,4258,3828,2.2250738585072014E-308,0.0,0.0,0.0,10.5,501.7406751233447,458.342022953481,0.0,
ID5311 → ID3761,129,5311,3761,47.14149485442595,0.0,6.865966418096287,6.865966418096287,3.5,476.84728210287403,424.19650416734544,0.0,
ID2942 → ID4223,129,2942,4223,79.78747271585723,0.6461304602351448,8.932383372642335,8.932383372642335,9.5,489.05879993240114,448.91690735729776,0.0,
ID4121 → ID4149,129,4121,4149,105.26356554214837,0.8051167199648942,10.259803387109734,10.259803387109734,6.5,484.9018264994342,436.7644277064294,0.0,
ID4209 → ID4121,129,4209,4121,62.15234064849808,0.0,7.883675579861089,7.883675579861089,5.5,480.3281410634838,429.76706298822216,0.0,
ID4149 → ID4174,129,4149,4174,2.2250738585072014E-308,0.0,0.0,0.0,7.5,489.00105770925825,439.84861234324046,0.0,
ID5890 → ID5672,129,5890,5672,2.2250738585072014E-308,0.0,0.0,0.0,16.5,485.44806293936233,437.1491645336556,0.0,
ID5382 → ID4477,129,5382,4477,2.2250738585072014E-308,0.0,0.0,0.0,1.5,473.8408773683906,422.5391254278649,0.0,
ID3795 → ID2331,129,3795,2331,28.932394734682823,0.0,5.378884153305667,5.378884153305667,11.5,488.1106006725688,452.0832281972915,0.0,
ID4223 → ID3795,129,4223,3795,2.2250738585072014E-308,0.0,0.0,0.0,10.5,490.5962781996961,453.11011958142376,0.0,
ID4174 → ID2942,129,4174,2942,25.956050969046693,0.0,5.094708133843065,5.094708133843065,8.5,488.2611896871822,442.28615373820605,0.0,
ID3761 → ID4209,129,3761,4209,2.2250738585072014E-308,0.0,0.0,0.0,4.5,479.85368683735743,425.853882906826,0.0,
ID2801 → ID3553,129,2801,3553,2.2250738585072014E-308,0.0,0.0,0.0,13.5,468.42547121859343,447.69389661729446,0.0,
ID2331 → ID2801,129,2331,2801,307.12715065472565,0.19870618657199637,17.525043527898173,17.525043527898173,12.5,477.02519718201745,449.3751167152268,0.0,
ID3553 → ID2277,129,3553,2277,254.5152168424148,0.0,15.953533052036304,15.953533052036304,14.5,475.06763545335025,443.2768321521637,0.0,
ID4996 → ID5382,129,4996,5382,2.2250738585072014E-308,NaN,0.0,0.0,0.5,473.8408773683906,422.5391254278649,0.0,
ID2277 → ID5890,129,2277,5890,16.900775284029898,0.15770019572617483,4.111055251882404,4.111055251882404,15.5,483.5789313137347,438.00446611034425,0.0,
ID4477 → ID5311,129,4477,5311,2.2250738585072014E-308,0.0,0.0,0.0,2.5,473.8408773683906,422.5391254278649,0.0,
ID2530 → ID3316,130,2530,3316,60.82571362135095,2.7732392230002887,7.799084152729149,7.799084152729149,12.5,454.73099472588643,652.3007939229104,0.0,
ID4339 → ID2530,130,4339,2530,77.7450973862761,0.0,8.817318038172157,8.817318038172157,11.5,456.2213166507188,651.7138235766901,0.0,
ID4103 → ID2489,130,4103,2489,147.74413307442612,0.0,12.155004445676937,12.155004445676937,14.5,451.4153675058809,654.105430456847,0.0,
ID4163 → ID4574,130,4163,4574,2.2250738585072014E-308,0.0,0.0,0.0,4.5,461.1886702291553,634.2192494177248,0.0,
ID3316 → ID4103,130,3316,4103,2.2250738585072014E-308,0.0,0.0,0.0,13.5,453.7980929763021,648.5144866544812,0.0,
ID4578 → ID4624,130,4578,4624,124.94409062596857,1.6675698718582135,11.177839264632881,11.177839264632881,6.5,459.22604504372663,641.032755443619,0.0,
ID4650 → ID4339,130,4650,4339,2.2250738585072014E-308,0.0,0.0,0.0,10.5,456.7787368259668,647.3405459620404,0.0,
ID4800 → ID5417,130,4800,5417,2.2250738585072014E-308,0.0,0.0,0.0,2.5,466.4083541512603,632.2968552951112,0.0,
ID5953 → ID5735,130,5953,5735,2.2250738585072014E-308,0.0,0.0,0.0,16.5,449.8353266028207,661.2382085499117,0.0,
ID3606 → ID4650,130,3606,4650,51.36294237441804,2.476016526852039,7.166794428084152,7.166794428084152,9.5,460.3511673662209,647.6206809806724,0.0,
ID5480 → ID4800,130,5480,4800,2.2250738585072014E-308,0.0,0.0,0.0,1.5,466.4083541512603,632.2968552951112,0.0,
ID4624 → ID4655,130,4624,4655,2.2250738585072014E-308,0.0,0.0,0.0,7.5,461.83247989078757,645.9766931499942,0.0,
ID5417 → ID4163,130,5417,4163,30.940699409340592,0.0,5.562436463398084,5.562436463398084,3.5,463.7985121902078,633.2580523564179,0.0,
ID5068 → ID5480,130,5068,5480,2.2250738585072014E-308,NaN,0.0,0.0,0.5,466.4083541512603,632.2968552951112,0.0,
ID4655 → ID3606,130,4655,3606,8.075023294771235,0.0,2.8416585464779605,2.8416585464779605,8.5,462.8780388986313,646.9387545746494,0.0,
ID4574 → ID4578,130,4574,4578,24.371595281843156,0.0,4.936759593280106,4.936759593280106,5.5,458.90414021291053,635.1540335774843,0.0,
ID2489 → ID5953,130,2489,5953,3.021555494654605,0.8828605619842753,1.7382622053805936,1.7382622053805936,15.5,449.4339843191402,660.4672914045623,0.0,
ID4166 → ID4194,131,4166,4194,278.3834498631577,NaN,16.684826935367287,16.684826935367287,6.5,478.1902335799339,448.6738856713848,0.0,
ID3562 → ID2285,131,3562,2285,89.6517713899207,0.0,9.468461933699723,9.468461933699723,14.5,492.48744615640646,453.2980461563626,0.0,
ID2336 → ID2805,131,2336,2805,204.1941366502949,0.08215490337994664,14.289651383091712,14.289651383091712,12.5,494.718109302558,459.6264894522575,0.0,
ID3004 → ID4299,131,3004,4299,140.32819370904582,0.14465717419566337,11.846020163288843,11.846020163288843,9.5,502.02354269135947,465.18393167085145,0.0,
ID2805 → ID3562,131,2805,3562,2.2250738585072014E-308,0.0,0.0,0.0,13.5,488.5795769381497,455.9704048561785,0.0,
ID2285 → ID5893,131,2285,5893,55.26727081301141,0.6034874710072973,7.434196043487917,7.434196043487917,15.5,497.73084483217497,447.1568002039293,0.0,
ID5893 → ID5675,131,5893,5675,2.2250738585072014E-308,0.0,0.0,0.0,16.5,499.06637428968685,443.687912951312,0.0,
ID4299 → ID3871,131,4299,3871,2.2250738585072014E-308,0.0,0.0,0.0,10.5,507.2995592117309,467.8757151138551,0.0,
ID3871 → ID2336,131,3871,2336,62.60813133639006,0.0,7.912530021199923,7.912530021199923,11.5,504.0781004393486,465.57914458109576,0.0,
ID4194 → ID4220,131,4194,4220,2.2250738585072014E-308,0.0,0.0,0.0,7.5,484.66657903402296,453.9324797824652,0.0,
ID4220 → ID3004,131,4220,3004,219.2172076210215,0.0,14.805985533594901,14.805985533594901,8.5,490.7070526025054,458.2123140051565,0.0,
ID2811 → ID3575,132,2811,3575,2.2250738585072014E-308,0.0,0.0,0.0,13.5,550.7234140810801,457.11799055885274,0.0,
ID2333 → ID2811,132,2333,2811,120.5170170322371,3.116821102367493,10.978024277265792,10.978024277265792,12.5,556.1959431829105,456.69292646053344,0.0,
ID4151 → ID2966,132,4151,2966,427.4054073088239,0.0,20.673785509887246,20.673785509887246,8.5,536.3556508969526,440.6881772090924,0.0,
ID4138 → ID4132,132,4138,4132,118.58559320663547,NaN,10.889701245058813,10.889701245058813,6.5,527.362584885873,433.0920305137777,0.0,
ID3575 → ID2315,132,3575,2315,492.66433758526153,0.0,22.196043286704537,22.196043286704537,14.5,561.576116655762,459.43853601667297,0.0,
ID2315 → ID5895,132,2315,5895,102.82083313909446,1.6935908160064037,10.140060805492956,10.140060805492956,15.5,572.8736757237948,456.70860516179783,0.0,
ID4250 → ID3820,132,4250,3820,2.2250738585072014E-308,0.0,0.0,0.0,10.5,555.0150240729793,456.6191252578013,0.0,
ID4132 → ID4151,132,4132,4151,2.2250738585072014E-308,0.0,0.0,0.0,7.5,532.4386175882163,431.1221852644242,0.0,
ID3820 → ID2333,132,3820,2333,44.39175872840761,0.0,6.662714066235141,6.662714066235141,11.5,558.3417481788599,456.4434938100077,0.0,
ID5895 → ID5677,132,5895,5677,2.2250738585072014E-308,0.0,0.0,0.0,16.5,573.318532217146,451.65812884910247,0.0,
ID2966 → ID4250,132,2966,4250,257.84925096906244,0.7745775090369442,16.057685106174628,16.057685106174628,9.5,547.643854139334,453.4366472057809,0.0,
ID4331 → ID3908,133,4331,3908,2.2250738585072014E-308,0.0,0.0,0.0,10.5,740.6126600469547,478.8603988103711,0.0,
ID5896 → ID5678,133,5896,5678,2.2250738585072014E-308,0.0,0.0,0.0,16.5,749.4403020234209,461.7380845100047,0.0,
ID2339 → ID2814,133,2339,2814,137.35102447846992,1.1061326455923697,11.719685340420618,11.719685340420618,12.5,749.112380220654,462.73808374986993,0.0,
ID3107 → ID4331,133,3107,4331,9.745260779228865,1.1858444387868419,3.121740024285953,3.121740024285953,9.5,739.4382462179684,479.88853661878636,0.0,
ID4312 → ID3107,133,4312,3107,175.7413856774166,0.0,13.25674868425198,13.25674868425198,8.5,732.3444917904617,477.9339318472825,0.0,
ID2814 → ID3586,133,2814,3586,2.2250738585072014E-308,0.0,0.0,0.0,13.5,747.2167446831002,457.1933274857605,0.0,
ID3586 → ID2304,133,3586,2304,20.727244355118415,0.0,4.552718347879475,4.552718347879475,14.5,745.2598814312017,458.35629666082457,0.0,
ID3908 → ID2339,133,3908,2339,219.9481704546098,0.0,14.83064969765687,14.83064969765687,11.5,745.8103379025813,473.5716194121752,0.0,
ID2304 → ID5896,133,2304,5896,42.589409291873665,2.2584625426477145,6.526056182096019,6.526056182096019,15.5,746.3716601013621,460.6286751729466,0.0,
ID4308 → ID4312,133,4308,4312,2.2250738585072014E-308,NaN,0.0,0.0,7.5,726.4251511919414,474.95118926736336,0.0,
ID3327 → ID4093,134,3327,4093,2.2250738585072014E-308,0.0,0.0,0.0,13.5,453.7980929763021,648.5144866544812,0.0,
ID5943 → ID5725,134,5943,5725,2.2250738585072014E-308,0.0,0.0,0.0,16.5,457.53825401634424,649.9085263940871,0.0,
ID4608 → ID4638,134,4608,4638,2.2250738585072014E-308,0.0,0.0,0.0,7.5,453.1396721329849,640.0212380411546,0.0,
ID4320 → ID2517,134,4320,2517,33.51670168297044,0.0,5.789361077266682,5.789361077266682,11.5,447.6442113304879,643.8442021767482,0.0,
ID2517 → ID3327,134,2517,3327,49.28018253253977,1.5210120466012953,7.019984510847568,7.019984510847568,12.5,450.41119158546655,647.5931047565196,0.0,
ID4093 → ID2472,134,4093,2472,7.370527813865643,0.0,2.714871601727353,2.714871601727353,14.5,455.0892511609759,648.9334645722959,0.0,
ID4642 → ID4320,134,4642,4320,2.2250738585072014E-308,0.0,0.0,0.0,10.5,448.2641324663448,641.0166814949388,0.0,
ID2472 → ID5943,134,2472,5943,1.6498335897176502,0.13396593567771378,1.2844584811186581,1.2844584811186581,15.5,456.9593316809969,649.6304844420988,0.0,
ID3596 → ID4642,134,3596,4642,52.81117326743172,2.5564504766836236,7.267129644325311,7.267129644325311,9.5,451.85589054593015,641.5662879128334,0.0,
ID4638 → ID3596,134,4638,3596,9.714340461524142,0.0,3.116783672558001,3.116783672558001,8.5,454.29366037925024,641.0685661859413,0.0,
ID4584 → ID4608,134,4584,4608,22.39661489104876,NaN,4.732506195563695,4.732506195563695,6.5,451.1501964229705,638.7401681281424,0.0,
ID5897 → ID5679,135,5897,5679,2.2250738585072014E-308,0.0,0.0,0.0,16.5,505.22978381810583,464.5135454081415,0.0,
ID4263 → ID3013,135,4263,3013,2.8163319873449884,0.0,1.6781930721299585,1.6781930721299585,8.5,503.6799990651786,461.24170958070545,0.0,
ID3597 → ID2317,135,3597,2317,0.37011325906851117,0.0,0.6083693442872604,0.6083693442872604,14.5,504.7505836430266,463.753175603302,0.0,
ID3013 → ID4266,135,3013,4266,745.8238238599855,0.6308934509609201,27.30977524367393,27.30977524367393,9.5,517.9942193847955,460.3656667538095,0.0,
ID4238 → ID4263,135,4238,4263,2.2250738585072014E-308,0.0,0.0,0.0,7.5,502.958257050651,460.81372422896794,0.0,
ID2820 → ID3597,135,2820,3597,2.2250738585072014E-308,0.0,0.0,0.0,13.5,504.87502660492316,463.47561072079424,0.0,
ID3837 → ID2334,135,3837,2334,50.504849446084094,0.0,7.106676399420765,7.106676399420765,11.5,534.9860329552946,458.026876711333,0.0,
ID2317 → ID5897,135,2317,5897,0.5974856298458658,1.3176372704630193,0.7729719463511375,0.7729719463511375,15.5,504.9279622496179,464.2721429469756,0.0,
ID4266 → ID3837,135,4266,3837,2.2250738585072014E-308,0.0,0.0,0.0,10.5,531.586697689885,459.0616385751759,0.0,
ID4216 → ID4238,135,4216,4238,270.36943254697223,NaN,16.44291435685816,16.44291435685816,6.5,499.29718829342494,453.45241091600496,0.0,
ID2334 → ID2820,135,2334,2820,1164.9787139454988,3.037219028429193,34.1317845115883,34.1317845115883,12.5,521.6301974128137,460.23386278414216,0.0,
ID4456 → ID3336,136,4456,3336,1220.4217570773073,0.0,17.467267653222894,34.93453530644579,12.0,589.8767847062675,667.315199627145,0.0,
ID5474 → ID4357,136,5474,4357,163.4342908305528,0.0,12.784142162482112,12.784142162482112,3.5,592.0830506407685,681.5453109617375,0.0,
ID4677 → ID4700,136,4677,4700,0.26528298226073227,0.3903069153029516,0.5150562903807042,0.5150562903807042,6.5,585.520112566277,673.6737137454235,0.0,
ID4851 → ID5474,136,4851,5474,2.2250738585072014E-308,0.0,0.0,0.0,2.5,598.1376684387246,683.5947440609898,0.0,
ID5950 → ID5732,136,5950,5732,2.2250738585072014E-308,0.0,0.0,0.0,16.5,605.0,658.0,0.0,
ID3336 → ID4122,136,3336,4122,2.2250738585072014E-308,0.0,0.0,0.0,13.5,596.6699755524338,651.2230276980085,0.0,
ID2492 → ID5950,136,2492,5950,1.597109369087074,1.9700647955510988,1.2637679253276979,1.2637679253276979,15.5,604.7584049634736,658.5838742849257,0.0,
ID4357 → ID4688,136,4357,4688,2.2250738585072014E-308,0.0,0.0,0.0,4.5,586.0284328428123,679.4958778624853,0.0,
ID4741 → ID4456,136,4741,4456,2.2250738585072014E-308,0.0,0.0,0.0,10.5,583.0835938601011,683.4073715562815,0.0,
ID4122 → ID2492,136,4122,2492,124.69139943253992,0.0,11.166530322017664,11.166530322017664,14.5,600.5933927396904,655.19538813393,0.0,
ID4736 → ID3794,136,4736,3794,12.102576186449058,0.0,3.478875707243514,3.478875707243514,8.5,585.8551995278619,675.1233657781308,0.0,
ID5108 → ID5521,136,5108,5521,2.2250738585072014E-308,NaN,0.0,0.0,0.5,598.1376684387246,683.5947440609898,0.0,
ID5521 → ID4851,136,5521,4851,2.2250738585072014E-308,0.0,0.0,0.0,1.5,598.1376684387246,683.5947440609898,0.0,
ID3794 → ID4741,136,3794,4741,53.984329539867964,0.7152468206911833,7.347402911224344,7.347402911224344,9.5,584.6941771504506,680.1055381489434,0.0,
ID4700 → ID4736,136,4700,4736,2.2250738585072014E-308,0.0,0.0,0.0,7.5,585.4056386149238,673.4430268146564,0.0,
ID4688 → ID4677,136,4688,4677,31.419732052713364,0.0,5.605330681834334,5.605330681834334,5.5,585.8315096802214,676.7001392693379,0.0,
ID4362 → ID3143,137,4362,3143,6.995204383644851,0.0,2.6448448694857043,2.6448448694857043,8.5,754.5900804066939,484.8883652750736,0.0,
ID3935 → ID2345,137,3935,2345,16.227640715284473,0.0,4.028354591552794,4.028354591552794,11.5,751.0556833970734,481.2180729849414,0.0,
ID2313 → ID5898,137,2313,5898,50.400202911215544,2.059708447478976,7.099310030644918,7.099310030644918,15.5,758.1385010321877,462.72058311993555,0.0,
ID4336 → ID4360,137,4336,4360,81.20116259199781,NaN,9.01116876947701,9.01116876947701,6.5,758.9925954548047,484.10038739761114,0.0,
ID5898 → ID5680,137,5898,5680,2.2250738585072014E-308,0.0,0.0,0.0,16.5,759.8772013266941,465.8152514404001,0.0,
ID2825 → ID3609,137,2825,3609,2.2250738585072014E-308,0.0,0.0,0.0,13.5,750.5804341367945,468.70497013989956,0.0,
ID4360 → ID4362,137,4360,4362,2.2250738585072014E-308,0.0,0.0,0.0,7.5,754.5185902093796,483.5678766353651,0.0,
ID4355 → ID3935,137,4355,3935,2.2250738585072014E-308,0.0,0.0,0.0,10.5,751.1918393501046,483.2276430223562,0.0,
ID2345 → ID2825,137,2345,2825,110.43918571191773,0.035377852054399694,10.509004982010321,10.509004982010321,12.5,750.7499807904182,473.9567365437131,0.0,
ID3609 → ID2313,137,3609,2313,116.29427351008275,0.0,10.78398226584608,10.78398226584608,14.5,753.4901174372378,464.1654424696852,0.0,
ID3143 → ID4355,137,3143,4355,20.926653359434738,2.3346966246339775,4.574565920328916,4.574565920328916,9.5,752.9267049770565,484.71824846856913,0.0,
ID4260 → ID4289,138,4260,4289,39.2398592949253,2.766087430865638,6.2641726744180115,6.2641726744180115,6.5,11.85986083594802,469.47766336026086,0.0,
ID4309 → ID4260,138,4309,4260,51.38278186323333,0.0,7.168178420159011,7.168178420159011,5.5,12.096411824516714,470.78636709200237,0.0,
ID4289 → ID4296,138,4289,4296,2.2250738585072014E-308,0.0,0.0,0.0,7.5,8.898309089040964,470.4970632200426,0.0,
ID5344 → ID3864,138,5344,3864,90.88280376730387,0.0,9.5332472834446,9.5332472834446,3.5,14.028586056322805,472.09888117343854,0.0,
ID3084 → ID4317,138,3084,4317,52.84712564530545,2.3749705285363296,7.2696028533411265,7.2696028533411265,9.5,3.4744386793149977,476.06773464634534,0.0,
ID4317 → ID3889,138,4317,3889,2.2250738585072014E-308,0.0,0.0,0.0,10.5,6.9488773586299954,477.1354692926907,0.0,
ID4581 → ID5344,138,4581,5344,2.2250738585072014E-308,0.0,0.0,0.0,2.5,18.685761046467256,471.0832916633514,0.0,
ID3889 → ID2343,138,3889,2343,49.03430988916133,0.0,7.002450277521528,7.002450277521528,11.5,3.4744386793149977,477.56773464634534,0.0,
ID3864 → ID4309,138,3864,4309,2.2250738585072014E-308,0.0,0.0,0.0,4.5,9.371411066178355,473.11447068352567,0.0,
ID2829 → ID3620,138,2829,3620,2.2250738585072014E-308,0.0,0.0,0.0,13.5,0.0,473.0,0.0,
ID4296 → ID3084,138,4296,3084,99.45634428840211,0.0,9.972780168458648,9.972780168458648,8.5,4.449154544520482,472.7485316100213,0.0,
ID2343 → ID2829,138,2343,2829,25.0,1.6945733144536488,5.0,5.0,12.5,0.0,475.5,0.0,
ID5412 → ID4581,138,5412,4581,2.2250738585072014E-308,0.0,0.0,0.0,1.5,18.685761046467256,471.0832916633514,0.0,
ID5013 → ID5412,138,5013,5412,2.2250738585072014E-308,NaN,0.0,0.0,0.5,18.685761046467256,471.0832916633514,0.0,
ID3851 → ID2341,139,3851,2341,156.96367061789073,0.0,12.528514302098662,12.528514302098662,11.5,22.05641096387629,471.524097221807,0.0,
ID4282 → ID3851,139,4282,3851,2.2250738585072014E-308,0.0,0.0,0.0,10.5,25.942443162835026,466.610883263192,0.0,
ID4268 → ID4248,139,4268,4248,108.99306564965089,0.15221087936076017,10.439974408476818,10.439974408476818,6.5,50.08548240175318,469.3316151209357,0.0,
ID4248 → ID4273,139,4248,4273,2.2250738585072014E-308,0.0,0.0,0.0,7.5,46.00638732321559,466.07443079200016,0.0,
ID4564 → ID5339,139,4564,5339,2.2250738585072014E-308,0.0,0.0,0.0,2.5,77.80680366145013,465.7006670143252,0.0,
ID4402 → ID4268,139,4402,4268,482.0109548171237,0.0,21.95474788780604,21.95474788780604,5.5,61.60495665672481,480.659951561879,0.0,
ID2341 → ID2834,139,2341,2834,119.78165397317258,0.7473360564095278,10.944480525505657,10.944480525505657,12.5,12.763128151238279,477.2781763861227,0.0,
ID5339 → ID3976,139,5339,3976,607.1643312362615,0.0,24.640704763384132,24.640704763384132,3.5,73.4260697473045,477.21588534410597,0.0,
ID2834 → ID3631,139,2834,3631,2.2250738585072014E-308,0.0,0.0,0.0,13.5,7.355877537559003,478.1190415918235,0.0,
ID4273 → ID3056,139,4273,3056,79.44198907781359,0.0,8.913023565424563,8.913023565424563,8.5,42.383104759502984,468.66910239606676,0.0,
ID5406 → ID4564,139,5406,4564,2.2250738585072014E-308,0.0,0.0,0.0,1.5,77.80680366145013,465.7006670143252,0.0,
ID5010 → ID5406,139,5010,5406,2.2250738585072014E-308,NaN,0.0,0.0,0.5,77.80680366145013,465.7006670143252,0.0,
ID3976 → ID4402,139,3976,4402,2.2250738585072014E-308,0.0,0.0,0.0,4.5,69.04533583315884,488.73110367388676,0.0,
ID3056 → ID4282,139,3056,4282,185.93459748435785,0.9696783159151774,13.635783713610225,13.635783713610225,9.5,32.3511326793127,468.9373286316627,0.0,
ID4631 → ID4660,140,4631,4660,2.2250738585072014E-308,0.0,0.0,0.0,7.5,592.794462192067,648.4105795994435,0.0,
ID5944 → ID5726,140,5944,5726,2.2250738585072014E-308,0.0,0.0,0.0,16.5,599.144554561005,650.2217728505997,0.0,
ID5427 → ID4200,140,5427,4200,9.3943196101488,0.0,3.0650154339168996,3.0650154339168996,3.5,592.3761070270255,643.6566269110348,0.0,
ID5075 → ID5489,140,5075,5489,2.2250738585072014E-308,NaN,0.0,0.0,0.5,592.0978350087154,642.1495951972468,0.0,
ID4656 → ID4343,140,4656,4343,2.2250738585072014E-308,0.0,0.0,0.0,10.5,593.695174806197,650.418767155067,0.0,
ID3346 → ID4112,140,3346,4112,2.2250738585072014E-308,0.0,0.0,0.0,13.5,596.6699755524338,651.2230276980085,0.0,
ID3632 → ID4656,140,3632,4656,1.5419791143542627,1.3829198884024496,1.2417645164660902,1.2417645164660902,9.5,593.9218992889271,649.8407612835404,0.0,
ID4343 → ID3346,140,4343,3346,9.496274500743814,0.0,1.5408012932191981,3.0816025864383962,12.0,595.1825751793153,650.8208974265378,0.0,
ID4112 → ID2476,140,4112,2476,1.5102963854221245,0.0,1.2289411643451953,1.2289411643451953,14.5,597.0640143380153,650.7515327014148,0.0,
ID4200 → ID4595,140,4200,4595,2.2250738585072014E-308,0.0,0.0,0.0,4.5,592.6543790453354,645.1636586248228,0.0,
ID5489 → ID4821,140,5489,4821,2.2250738585072014E-308,0.0,0.0,0.0,1.5,592.0978350087154,642.1495951972468,0.0,
ID2476 → ID5944,140,2476,5944,2.84768189161696,0.8401159163605489,1.6875075974990335,1.6875075974990335,15.5,598.301303842301,650.2509052777103,0.0,
ID4595 → ID4602,140,4595,4602,3.4220247089448805,0.0,1.8498715384979791,1.8498715384979791,5.5,592.1146083097892,645.9147603025497,0.0,
ID4660 → ID3632,140,4660,3632,2.559957199168021,0.0,1.5999866246841006,1.5999866246841006,8.5,593.4715429818622,648.8366675057287,0.0,
ID4602 → ID4631,140,4602,4631,4.5315237790334075,1.233206245857375,2.128737602203101,2.128737602203101,6.5,592.1846498831551,647.5382207898601,0.0,
ID4821 → ID5427,140,4821,5427,2.2250738585072014E-308,0.0,0.0,0.0,2.5,592.0978350087154,642.1495951972468,0.0,
ID2320 → ID5899,141,2320,5899,199.07199257077696,0.861317147675128,14.109287457939786,14.109287457939786,15.5,553.6105839389617,470.24979376624583,0.0,
ID4379 → ID4378,141,4379,4378,2.2250738585072014E-308,0.0,0.0,0.0,7.5,602.2890501429669,484.426537103495,0.0,
ID5019 → ID5420,141,5019,5420,2.2250738585072014E-308,NaN,0.0,0.0,0.5,610.7904565519186,475.8786625061687,0.0,
ID3883 → ID4326,141,3883,4326,2.2250738585072014E-308,0.0,0.0,0.0,4.5,610.6479295109252,481.0282279616712,0.0,
ID5351 → ID3883,141,5351,3883,26.538338337918535,0.0,5.151537473213073,5.151537473213073,3.5,610.7191930314219,478.45344523392,0.0,
ID4311 → ID4379,141,4311,4379,43.23080241750721,1.8049073046883477,6.575013491811801,6.575013491811801,6.5,602.8372583072767,481.18506083287986,0.0,
ID4326 → ID4311,141,4326,4311,62.2583942992647,0.0,7.890398868198281,7.890398868198281,5.5,607.0166979912558,479.48590626196795,0.0,
ID2352 → ID2839,141,2352,2839,32.34464776551596,2.7126273532635823,5.687235511697749,5.687235511697749,12.5,563.475232084813,486.5091343515151,0.0,
ID4378 → ID3162,141,4378,3162,128.36472741432553,0.0,11.329815859683048,11.329815859683048,8.5,596.8949635434553,486.15714728795353,0.0,
ID5899 → ID5681,141,5899,5681,2.2250738585072014E-308,0.0,0.0,0.0,16.5,546.8641116310929,468.1874869166587,0.0,
ID2839 → ID3644,141,2839,3644,2.2250738585072014E-308,0.0,0.0,0.0,13.5,566.13793958804,485.5110608604146,0.0,
ID4604 → ID5351,141,4604,5351,2.2250738585072014E-308,0.0,0.0,0.0,2.5,610.7904565519186,475.8786625061687,0.0,
ID3644 → ID2320,141,3644,2320,207.6311637427199,0.0,14.409412331622685,14.409412331622685,14.5,563.2474979174352,478.9115807381238,0.0,
ID5420 → ID4604,141,5420,4604,2.2250738585072014E-308,0.0,0.0,0.0,1.5,610.7904565519186,475.8786625061687,0.0,
ID3963 → ID2352,141,3963,2352,451.1375430310462,0.0,21.23999865892289,21.23999865892289,11.5,571.4062622907929,488.2536039213078,0.0,
ID3162 → ID4377,141,3162,4377,91.5037461441383,0.19392301624661193,9.565759046941247,9.565759046941247,9.5,586.7504384719718,488.443878736206,0.0,
ID4377 → ID3963,141,4377,3963,2.2250738585072014E-308,0.0,0.0,0.0,10.5,582.0,489.0,0.0,
ID5038 → ID5443,142,5038,5443,2.2250738585072014E-308,NaN,0.0,0.0,0.5,475.9257731605142,495.94174813370637,0.0,
ID4397 → ID4387,142,4397,4387,15.04936319644938,0.6877436771104115,3.879350873077786,3.879350873077786,6.5,473.24281374043005,488.62057889537016,0.0,
ID5905 → ID5687,142,5905,5687,2.2250738585072014E-308,0.0,0.0,0.0,16.5,479.34846279490574,497.817410596501,0.0,
ID5443 → ID4675,142,5443,4675,2.2250738585072014E-308,0.0,0.0,0.0,1.5,475.9257731605142,495.94174813370637,0.0,
ID2353 → ID5905,142,2353,5905,5.64432727882159,0.2463379096525252,2.375779299266157,2.375779299266157,15.5,478.239482545039,497.3916822498868,0.0,
ID5375 → ID4039,142,5375,4039,6.670667050704641,0.0,2.5827634523325287,2.5827634523325287,3.5,475.9310580931028,497.2331190456305,0.0,
ID2356 → ID2846,142,2356,2846,1.4021880855251572,0.3155218011636393,1.1841402305154392,1.1841402305154392,12.5,471.2777366533578,492.164846745113,0.0,
ID4388 → ID3132,142,4388,3132,18.13533280664295,0.0,4.2585599451743015,4.2585599451743015,8.5,475.8122442642987,486.0181122589558,0.0,
ID4387 → ID4388,142,4387,4388,2.2250738585072014E-308,0.0,0.0,0.0,7.5,473.8196277618356,486.76865384725875,0.0,
ID4039 → ID4459,142,4039,4459,2.2250738585072014E-308,0.0,0.0,0.0,4.5,475.93634302569143,498.5244899575546,0.0,
ID4459 → ID4397,142,4459,4397,75.52962411428898,0.0,8.690778107528057,8.690778107528057,5.5,474.301171372358,494.4984969505181,0.0,
ID3132 → ID4370,142,3132,4370,43.020624756791676,2.75341544225067,6.559010958733921,6.559010958733921,9.5,474.5266362586425,485.17591771890943,0.0,
ID3953 → ID2356,142,3953,2356,42.4506498731749,0.0,6.515416323856435,6.515416323856435,11.5,471.3464286920571,488.34049804312554,0.0,
ID4370 → ID3953,142,4370,3953,2.2250738585072014E-308,0.0,0.0,0.0,10.5,471.2484117505231,485.084264767166,0.0,
ID3654 → ID2353,142,3654,2353,54.152293729772424,0.0,7.35882420837544,7.35882420837544,14.5,474.12076498414837,494.8494580372068,0.0,
ID4675 → ID5375,142,4675,5375,2.2250738585072014E-308,0.0,0.0,0.0,2.5,475.9257731605142,495.94174813370637,0.0,
ID2846 → ID3654,142,2846,3654,2.2250738585072014E-308,0.0,0.0,0.0,13.5,471.1110276731245,492.73296217114085,0.0,
ID2550 → ID3359,143,2550,3359,37.71806183763478,0.686963036034348,6.141503222960546,6.141503222960546,12.5,256.0628237373149,656.5411904224437,0.0,
ID3694 → ID4712,143,3694,4712,505.98080939337126,2.7024778197128825,22.494017191097086,22.494017191097086,9.5,259.4235865497645,667.3877196663707,0.0,
ID3359 → ID4131,143,3359,4131,2.2250738585072014E-308,0.0,0.0,0.0,13.5,256.6551172704427,653.5281016700131,0.0,
ID4670 → ID4709,143,4670,4709,2.2250738585072014E-308,0.0,0.0,0.0,7.5,254.42417573053115,664.6110823656562,0.0,
ID4261 → ID4633,143,4261,4633,2.2250738585072014E-308,0.0,0.0,0.0,4.5,273.18924003074875,664.1546644343481,0.0,
ID4422 → ID2550,143,4422,2550,400.65180536667935,0.0,20.016288501285132,20.016288501285132,11.5,260.20589592347073,668.3712663499985,0.0,
ID5089 → ID5506,143,5089,5506,2.2250738585072014E-308,NaN,0.0,0.0,0.5,273.69352680062894,658.8247478209149,0.0,
ID4633 → ID4651,143,4633,4651,9.244589153802433,0.0,3.040491597390533,3.040491597390533,5.5,273.49427712262593,665.6439930283896,0.0,
ID5447 → ID4261,143,5447,4261,28.662316252427114,0.0,5.353719851881224,5.353719851881224,3.5,273.44138341568885,661.4897061276315,0.0,
ID4131 → ID2465,143,4131,2465,35.05776609906743,0.0,5.9209598967623,5.9209598967623,14.5,257.6776260682834,650.7498077181237,0.0,
ID4712 → ID4422,143,4712,4422,2.2250738585072014E-308,0.0,0.0,0.0,10.5,264.9412616427544,677.1882535251225,0.0,
ID4709 → ID3694,143,4709,3694,49.60372071546275,0.0,7.042990892757334,7.042990892757334,8.5,254.16504359365285,661.0991340866375,0.0,
ID5506 → ID4839,143,5506,4839,2.2250738585072014E-308,0.0,0.0,0.0,1.5,273.69352680062894,658.8247478209149,0.0,
ID4651 → ID4670,143,4651,4670,381.75768214151026,1.9022687259206796,19.538620272207304,19.538620272207304,6.5,264.11174497251716,665.8722019940437,0.0,
ID4839 → ID5447,143,4839,5447,2.2250738585072014E-308,0.0,0.0,0.0,2.5,273.69352680062894,658.8247478209149,0.0,
ID3999 → ID4425,144,3999,4425,2.2250738585072014E-308,0.0,0.0,0.0,4.5,613.0947488959833,492.95730454391037,0.0,
ID4010 → ID2362,144,4010,2362,71.13200107446868,0.0,8.43397895862141,8.43397895862141,11.5,583.3787357452517,495.94435061311043,0.0,
ID5438 → ID4653,144,5438,4653,2.2250738585072014E-308,0.0,0.0,0.0,1.5,612.0373912631501,487.3167015018526,0.0,
ID2851 → ID3664,144,2851,3664,2.2250738585072014E-308,0.0,0.0,0.0,13.5,574.211207163955,493.7245001227963,0.0,
ID5369 → ID3999,144,5369,3999,32.93440784178203,0.0,5.738850742246398,5.738850742246398,3.5,612.5660700795668,490.13700302288146,0.0,
ID4417 → ID4010,144,4417,4010,2.2250738585072014E-308,0.0,0.0,0.0,10.5,587.5949523797065,496.0250820194153,0.0,
ID4425 → ID4396,144,4425,4396,44.698664380382404,0.0,3.342852987359091,6.685705974718182,6.0,610.064436578909,491.5459671086798,0.0,
ID4395 → ID3213,144,4395,3213,110.13032611080331,0.0,10.494299696063731,10.494299696063731,8.5,602.1852578798096,492.13989183510495,0.0,
ID5034 → ID5438,144,5034,5438,2.2250738585072014E-308,NaN,0.0,0.0,0.5,612.0373912631501,487.3167015018526,0.0,
ID3664 → ID2342,144,3664,2342,366.0751293117777,0.0,19.133089904972948,19.133089904972948,14.5,571.106399110359,484.6758013611915,0.0,
ID4653 → ID5369,144,4653,5369,2.2250738585072014E-308,0.0,0.0,0.0,2.5,612.0373912631501,487.3167015018526,0.0,
ID2362 → ID2851,144,2362,2851,29.091320450511624,0.38866517213157753,5.393637033626904,5.393637033626904,12.5,576.6868631373759,494.7940596648009,0.0,
ID2342 → ID5900,144,2342,5900,235.12487238376164,0.8019437767588662,15.333782063918923,15.333782063918923,15.5,561.0594762309977,472.3731419603298,0.0,
ID5900 → ID5682,144,5900,5682,2.2250738585072014E-308,0.0,0.0,0.0,16.5,554.1173614052326,469.1191813210731,0.0,
ID3213 → ID4417,144,3213,4417,98.42976546158489,0.20149591284915608,9.92117762473714,9.92117762473714,9.5,592.4656719387456,495.085118008088,0.0,
ID4396 → ID4395,144,4396,4395,2.2250738585072014E-308,0.0,0.0,0.0,7.5,607.0341242618347,490.13462967344924,0.0,
ID4340 → ID3915,145,4340,3915,2.2250738585072014E-308,0.0,0.0,0.0,10.5,25.112744606219753,482.4985369355386,0.0,
ID3152 → ID4340,145,3152,4340,92.89174133896884,0.5838016333850232,9.638036176471266,9.638036176471266,9.5,29.464650891241966,484.5682825771879,0.0,
ID4015 → ID4432,145,4015,4432,2.2250738585072014E-308,0.0,0.0,0.0,4.5,73.20920582281452,493.9119585692086,0.0,
ID2350 → ID2854,145,2350,2854,49.97683137211576,0.7778580506866816,7.06942935265045,7.06942935265045,12.5,7.920053159864568,491.4961850011041,0.0,
ID4598 → ID5349,145,4598,5349,2.2250738585072014E-308,0.0,0.0,0.0,2.5,81.69365168588888,474.18787601745936,0.0,
ID4371 → ID3152,145,4371,3152,154.96269637827626,0.0,12.448401358338197,12.448401358338197,8.5,39.97997502215841,485.77029868062755,0.0,
ID4369 → ID4371,145,4369,4371,2.2250738585072014E-308,0.0,0.0,0.0,7.5,46.14339286805264,484.90256914241786,0.0,
ID4358 → ID4369,145,4358,4369,217.3868442879954,0.08268266225518849,14.744044366726362,14.744044366726362,6.5,53.03942188150125,487.508618819165,0.0,
ID4432 → ID4358,145,4432,4358,190.61198178576734,0.0,13.806229817939702,13.806229817939702,5.5,66.57232835888219,492.01331353256035,0.0,
ID5349 → ID4015,145,5349,4015,461.0252541116581,0.0,21.471498646150856,21.471498646150856,3.5,77.4514287543517,484.049917293334,0.0,
ID2854 → ID3670,145,2854,3670,2.2250738585072014E-308,0.0,0.0,0.0,13.5,6.41776560619742,494.6957693411592,0.0,
ID5018 → ID5418,145,5018,5418,2.2250738585072014E-308,NaN,0.0,0.0,0.5,81.69365168588888,474.18787601745936,0.0,
ID3915 → ID2350,145,3915,2350,279.8063172807597,0.0,16.727412151338882,16.727412151338882,11.5,17.267542659875733,485.39756879829383,0.0,
ID5418 → ID4598,145,5418,4598,2.2250738585072014E-308,0.0,0.0,0.0,1.5,81.69365168588888,474.18787601745936,0.0,
ID4721 → ID4755,146,4721,4755,2.2250738585072014E-308,0.0,0.0,0.0,7.5,274.2010302869026,673.5284445664795,0.0,
ID2468 → ID5942,146,2468,5942,46.20580924115095,0.031210895388199784,6.7974855087120964,6.7974855087120964,15.5,279.4828808209173,644.51445843081,0.0,
ID4755 → ID3714,146,4755,3714,63.27096375525435,0.0,7.954304731103426,7.954304731103426,8.5,274.9510578323708,669.6226540421615,0.0,
ID4847 → ID5464,146,4847,5464,2.2250738585072014E-308,0.0,0.0,0.0,2.5,273.08472718497023,675.3805832984268,0.0,
ID5516 → ID4847,146,5516,4847,2.2250738585072014E-308,0.0,0.0,0.0,1.5,273.08472718497023,675.3805832984268,0.0,
ID3369 → ID4139,146,3369,4139,2.2250738585072014E-308,0.0,0.0,0.0,13.5,275.374473100121,653.735148739752,0.0,
ID4706 → ID4414,146,4706,4414,2.2250738585072014E-308,0.0,0.0,0.0,10.5,278.7451268260241,674.944900872309,0.0,
ID4139 → ID2468,146,4139,2468,44.84867616648812,0.0,6.696915421780995,6.696915421780995,14.5,276.70505853413636,650.6624119393723,0.0,
ID4698 → ID4721,146,4698,4721,87.3031786642669,1.1567309186154646,9.343617001154687,9.343617001154687,6.5,272.9953725751261,678.0420001657938,0.0,
ID5102 → ID5516,146,5102,5516,2.2250738585072014E-308,NaN,0.0,0.0,0.5,273.08472718497023,675.3805832984268,0.0,
ID2534 → ID3369,146,2534,3369,11.041568683655349,0.3502240875419372,3.3228855959324495,3.3228855959324495,12.5,276.1041867391434,655.2277673031963,0.0,
ID4702 → ID4698,146,4702,4698,17.209148038678975,0.0,4.148391018054949,4.148391018054949,5.5,269.7397622583498,682.8717540050211,0.0,
ID3714 → ID4706,146,3714,4706,94.42286175368005,2.6332432915365356,9.717142674350319,9.717142674350319,9.5,277.22310610193153,670.3308821950761,0.0,
ID4373 → ID4702,146,4373,4702,2.2250738585072014E-308,0.0,0.0,0.0,4.5,267.68980965335,683.1879522449343,0.0,
ID5942 → ID5724,146,5942,5724,2.2250738585072014E-308,0.0,0.0,0.0,16.5,280.9301176736829,641.4392417226275,0.0,
ID4414 → ID2534,146,4414,2534,335.7857337268223,0.0,18.32445725599594,18.32445725599594,11.5,277.789513602095,665.8326433694748,0.0,
ID5464 → ID4373,146,5464,4373,90.0601450398731,0.0,9.490002373017253,9.490002373017253,3.5,270.38726841916014,679.2842677716806,0.0,
ID2860 → ID3685,147,2860,3685,2.2250738585072014E-308,0.0,0.0,0.0,13.5,718.0569955496848,493.6375591453031,0.0,
ID4310 → ID3880,147,4310,3880,2.2250738585072014E-308,0.0,0.0,0.0,10.5,738.2692195260122,471.2701356688067,0.0,
ID4272 → ID4281,147,4272,4281,2.2250738585072014E-308,0.0,0.0,0.0,7.5,740.3391685340157,469.65134744403497,0.0,
ID2340 → ID2860,147,2340,2860,901.140975665091,0.6916995996936941,30.019010237932413,30.019010237932413,12.5,728.0811033687553,482.46605493378706,0.0,
ID4494 → ID5316,147,4494,5316,2.2250738585072014E-308,0.0,0.0,0.0,2.5,750.8100615934566,426.53032835881555,0.0,
ID4998 → ID5386,147,4998,5386,2.2250738585072014E-308,NaN,0.0,0.0,0.5,750.8100615934566,426.53032835881555,0.0,
ID2363 → ID5912,147,2363,5912,292.0282567936107,0.06865570579343343,17.088834272518728,17.088834272518728,15.5,703.4206999314517,510.4737833225529,0.0,
ID3041 → ID4310,147,3041,4310,31.004825459408554,2.7972433325090837,5.568197685015193,5.568197685015193,9.5,740.99160748807,470.6872032980337,0.0,
ID5386 → ID4494,147,5386,4494,2.2250738585072014E-308,0.0,0.0,0.0,1.5,750.8100615934566,426.53032835881555,0.0,
ID5316 → ID3780,147,5316,3780,27.594965965563038,0.0,5.2530910867376965,5.2530910867376965,3.5,748.360725993626,427.4787463103504,0.0,
ID3685 → ID2363,147,3685,2363,189.79867534140234,0.0,13.776744003624454,13.776744003624454,14.5,713.6758316540711,498.9531091408465,0.0,
ID3880 → ID2340,147,3880,2340,0.02749482983028171,0.0,0.16581565013677602,0.16581565013677602,11.5,738.1872153569191,471.28234319553883,0.0,
ID4281 → ID3041,147,4281,3041,11.59459639537174,0.0,3.405083904307167,3.405083904307167,8.5,742.0265819920717,469.87780918564783,0.0,
ID5912 → ID5694,147,5912,5694,2.2250738585072014E-308,0.0,0.0,0.0,16.5,697.546732104446,516.678907508716,0.0,
ID4245 → ID4272,147,4245,4272,142.38798219157547,0.3830106196006173,11.932643554199357,11.932643554199357,6.5,739.4992240862139,463.7444456442332,0.0,
ID3780 → ID4224,147,3780,4224,2.2250738585072014E-308,0.0,0.0,0.0,4.5,745.9113903937955,428.42716426188525,0.0,
ID4224 → ID4245,147,4224,4245,917.5635375978037,0.0,30.291311255833804,30.291311255833804,5.5,742.2853350161038,443.1323540531584,0.0,
ID5328 → ID3810,148,5328,3810,24.93449285527258,0.0,4.993444988709957,4.993444988709957,3.5,69.7723271051762,447.66215131265005,0.0,
ID4325 → ID3898,148,4325,3898,2.2250738585072014E-308,0.0,0.0,0.0,10.5,78.7503923005555,476.89376628750705,0.0,
ID3690 → ID2365,148,3690,2365,129.95030202917644,0.0,11.399574642466991,11.399574642466991,14.5,62.12522314607834,500.7330868973759,0.0,
ID5004 → ID5398,148,5004,5398,2.2250738585072014E-308,NaN,0.0,0.0,0.5,68.36799041186252,449.72648211599306,0.0,
ID4536 → ID5328,148,4536,5328,2.2250738585072014E-308,0.0,0.0,0.0,2.5,68.36799041186252,449.72648211599306,0.0,
ID4259 → ID4186,148,4259,4186,79.86773954218596,0.0,8.936875267238877,8.936875267238877,5.5,75.63605492008914,445.313627423275,0.0,
ID2995 → ID4325,148,2995,4325,685.8548224585923,0.6751999942477598,26.188830108628224,26.188830108628224,9.5,87.6026716821904,467.2448878364056,0.0,
ID4186 → ID4202,148,4186,4202,372.28680770896295,0.6049734429644124,19.2947352329324,19.2947352329324,6.5,88.36347088154018,450.00049731962764,0.0,
ID2349 → ID2866,148,2349,2866,126.78578328449221,1.1235730967631468,11.259919328507296,11.259919328507296,12.5,63.88445696019248,489.6842767838432,0.0,
ID5915 → ID5697,148,5915,5697,2.2250738585072014E-308,0.0,0.0,0.0,16.5,53.38413444505255,523.2819340873081,0.0,
ID2365 → ID5915,148,2365,5915,342.06943845875026,0.0713452023362035,18.49511931453134,18.49511931453134,15.5,56.87099733272889,514.7169386513938,0.0,
ID4228 → ID2995,148,4228,2995,6.918901006907292,0.0,2.6303803920549766,2.6303803920549766,8.5,96.54322339260864,456.28378484365817,0.0,
ID3810 → ID4259,148,3810,4259,2.2250738585072014E-308,0.0,0.0,0.0,4.5,71.1766637984899,445.597820509307,0.0,
ID3898 → ID2349,148,3898,2349,272.5113655868312,0.0,16.507918269328545,16.507918269328545,11.5,71.31336007459451,480.47404463796045,0.0,
ID5398 → ID4536,148,5398,4536,2.2250738585072014E-308,0.0,0.0,0.0,1.5,68.36799041186252,449.72648211599306,0.0,
ID4202 → ID4228,148,4202,4228,2.2250738585072014E-308,0.0,0.0,0.0,7.5,96.63149572139199,454.9715603020122,0.0,
ID2866 → ID3690,148,2866,3690,2.2250738585072014E-308,0.0,0.0,0.0,13.5,63.892586071751445,495.3142305792724,0.0,
ID4419 → ID4428,149,4419,4428,2.2250738585072014E-308,0.0,0.0,0.0,7.5,464.3255780784395,493.2454521750503,0.0,
ID4004 → ID2360,149,4004,2360,17.93507617025597,0.0,4.234982428565197,4.234982428565197,11.5,418.759293090995,495.39018717600345,0.0,
ID4022 → ID4443,149,4022,4443,2.2250738585072014E-308,0.0,0.0,0.0,4.5,474.0,495.0,0.0,
ID5902 → ID5684,149,5902,5684,2.2250738585072014E-308,0.0,0.0,0.0,16.5,440.30995731455835,488.56113917979826,0.0,
ID2360 → ID2870,149,2360,2870,222.97488217257458,0.18160832316830125,14.932343492318095,14.932343492318095,12.5,428.3006813838486,495.92732090052084,0.0,
ID4665 → ID5373,149,4665,5373,2.2250738585072014E-308,0.0,0.0,0.0,2.5,472.99733918347783,491.02694651383115,0.0,
ID2870 → ID3700,149,2870,3700,2.2250738585072014E-308,0.0,0.0,0.0,13.5,435.7658727326103,496.0483112700418,0.0,
ID2348 → ID5902,149,2348,5902,43.00690514060261,2.1293224020773582,6.55796501520118,6.55796501520118,15.5,437.3106538502177,487.23603351837164,0.0,
ID4365 → ID4419,149,4365,4419,70.07985090643054,1.547122695283252,8.371370909619914,8.371370909619914,6.5,468.258243083772,491.8122359727833,0.0,
ID4443 → ID4365,149,4443,4365,24.62627182334641,0.0,4.962486455734304,4.962486455734304,5.5,473.0954540445523,492.6895098852582,0.0,
ID4428 → ID3118,149,4428,3118,2355.288068715016,0.0,48.531310189557175,48.531310189557175,8.5,440.47476660269194,488.7777000414709,0.0,
ID5037 → ID5441,149,5037,5441,2.2250738585072014E-308,NaN,0.0,0.0,0.5,472.99733918347783,491.02694651383115,0.0,
ID3700 → ID2348,149,3700,2348,104.88217772127567,0.0,10.241200013732554,10.241200013732554,14.5,435.0386115592437,490.97961956349343,0.0,
ID4409 → ID4004,149,4409,4004,2.2250738585072014E-308,0.0,0.0,0.0,10.5,416.6830961469032,494.974043821007,0.0,
ID3118 → ID4409,149,3118,4409,113.72643930436823,1.7615168689717935,10.664259904201895,10.664259904201895,9.5,416.6535256369238,489.64199586444926,0.0,
ID5373 → ID4022,149,5373,4022,16.790482716947356,0.0,4.097619152257486,4.097619152257486,3.5,473.4986695917389,493.0134732569156,0.0,
ID5441 → ID4665,149,5441,4665,2.2250738585072014E-308,0.0,0.0,0.0,1.5,472.99733918347783,491.02694651383115,0.0,
ID4153 → ID2481,150,4153,2481,2.088037787203248,0.0,1.4450044246310279,1.4450044246310279,14.5,603.8382192003232,658.9197081043204,0.0,
ID3673 → ID4674,150,3673,4674,3.8579223867877555,0.616543497099149,1.9641594606313806,1.9641594606313806,9.5,603.0782120702199,658.0429361365815,0.0,
ID4606 → ID4623,150,4606,4623,2.666936120502299,0.0,1.6330756628222403,1.6330756628222403,5.5,603.3164705698755,653.4085255852987,0.0,
ID4674 → ID4367,150,4674,4367,2.2250738585072014E-308,0.0,0.0,0.0,10.5,602.7827007533992,658.9795009545882,0.0,
ID5497 → ID4833,150,5497,4833,2.2250738585072014E-308,0.0,0.0,0.0,1.5,602.003358435381,650.7029976633222,0.0,
ID5946 → ID5728,150,5946,5728,2.2250738585072014E-308,0.0,0.0,0.0,16.5,604.0,656.0,0.0,
ID4691 → ID3673,150,4691,3673,3.582826800735056,0.0,1.892835650746006,1.892835650746006,8.5,604.1279450826385,656.5346578115862,0.0,
ID4367 → ID2538,150,4367,2538,0.3593231294718308,0.0,0.5994356758417293,0.5994356758417293,11.5,602.4971750498917,658.88836449095,0.0,
ID4833 → ID5433,150,4833,5433,2.2250738585072014E-308,0.0,0.0,0.0,2.5,602.003358435381,650.7029976633222,0.0,
ID4623 → ID4652,150,4623,4652,4.972649336448827,0.41190567151671686,2.2299437967017974,2.2299437967017974,6.5,604.1992579050257,655.081582968367,0.0,
ID2538 → ID3382,150,2538,3382,0.914429836991211,2.7009420843722385,0.9562582480644081,0.9562582480644081,12.5,602.6856389100417,658.7344478330506,0.0,
ID2481 → ID5946,150,2481,5946,10.301723502387157,2.082955129913115,3.209629807686107,3.209629807686107,15.5,604.2584049634736,657.5838742849257,0.0,
ID5433 → ID4218,150,5433,4218,4.902041656007988,0.0,2.214055477174858,2.214055477174858,3.5,602.5599752716585,651.6599136008916,0.0,
ID3382 → ID4153,150,3382,4153,2.2250738585072014E-308,0.0,0.0,0.0,13.5,603.1596284736993,658.6716676387894,0.0,
ID4652 → ID4691,150,4652,4691,2.2250738585072014E-308,0.0,0.0,0.0,7.5,604.8821667782363,655.9629443045976,0.0,
ID4218 → ID4606,150,4218,4606,2.2250738585072014E-308,0.0,0.0,0.0,4.5,603.1165921079361,652.616829538461,0.0,
ID5081 → ID5497,150,5081,5497,2.2250738585072014E-308,NaN,0.0,0.0,0.5,602.003358435381,650.7029976633222,0.0,
ID2525 → ID3391,151,2525,3391,269.6363172422371,0.7050673492209223,16.42060648216859,16.42060648216859,12.5,366.50735170468386,654.6212354515396,0.0,
ID5510 → ID4841,151,5510,4841,2.2250738585072014E-308,0.0,0.0,0.0,1.5,334.72023294227665,665.6678780083915,0.0,
ID4161 → ID2485,151,4161,2485,0.6972995218124047,0.0,0.8350446226474396,0.8350446226474396,14.5,373.3247553354454,658.5000728857985,0.0,
ID4841 → ID5451,151,4841,5451,2.2250738585072014E-308,0.0,0.0,0.0,2.5,334.72023294227665,665.6678780083915,0.0,
ID4269 → ID4639,151,4269,4639,2.2250738585072014E-308,0.0,0.0,0.0,4.5,336.94282621567424,666.271944005029,0.0,
ID5947 → ID5729,151,5947,5729,2.2250738585072014E-308,0.0,0.0,0.0,16.5,371.4699534699169,656.6961936564477,0.0,
ID5451 → ID4269,151,5451,4269,5.304816587245849,0.0,2.3032187449840382,2.3032187449840382,3.5,335.83152957897545,665.9699110067103,0.0,
ID3391 → ID4161,151,3391,4161,2.2250738585072014E-308,0.0,0.0,0.0,13.5,373.7422699626518,658.5026059712249,0.0,
ID3702 → ID4662,151,3702,4662,65.81510150440332,2.5347261037692874,8.11265070765427,8.11265070765427,9.5,349.2600877334649,656.9613027012201,0.0,
ID4703 → ID3702,151,4703,3702,2.557721822468927,0.0,1.5992879110619598,1.5992879110619598,8.5,349.7284149674906,660.3590975311376,0.0,
ID2485 → ID5947,151,2485,5947,5.3106425356747895,0.891272524712725,2.3044831385095423,2.3044831385095423,15.5,372.1885970890779,657.5968667284099,0.0,
ID4664 → ID4703,151,4664,4703,2.2250738585072014E-308,0.0,0.0,0.0,7.5,350.1820700707182,659.7005935425902,0.0,
ID5092 → ID5510,151,5092,5510,2.2250738585072014E-308,NaN,0.0,0.0,0.5,334.72023294227665,665.6678780083915,0.0,
ID4351 → ID2525,151,4351,2525,105.22891352158797,0.0,10.258114520787334,10.258114520787334,11.5,354.25892452469134,651.8224344073049,0.0,
ID4645 → ID4664,151,4645,4664,43.10378590667415,1.72594943537459,6.565347356132358,6.565347356132358,6.5,350.7100927571709,662.940522325644,0.0,
ID4639 → ID4645,151,4639,4645,204.36366506080392,0.0,14.295582011964534,14.295582011964534,5.5,344.0904708296489,666.2261975568633,0.0,
ID4662 → ID4351,151,4662,4351,2.2250738585072014E-308,0.0,0.0,0.0,10.5,349.2454156026668,652.9050038827554,0.0,
ID4170 → ID2496,152,4170,2496,9.409734359752743,0.0,3.0675290316071573,3.0675290316071573,14.5,459.9567216519988,659.6112460627924,0.0,
ID5948 → ID5730,152,5948,5730,2.2250738585072014E-308,0.0,0.0,0.0,16.5,461.00547842686086,657.0484094557602,0.0,
ID3400 → ID4170,152,3400,4170,2.2250738585072014E-308,0.0,0.0,0.0,13.5,458.7489288052708,658.6659048390372,0.0,
ID2564 → ID3400,152,2564,3400,231.87783046619595,NaN,15.22753527220331,15.22753527220331,12.5,454.91401676194266,665.2433593038348,0.0,
ID2496 → ID5948,152,2496,5948,12.332604164582065,2.2802019559393187,3.511780768297199,3.511780768297199,15.5,461.0849964627938,658.8024983711539,0.0,
ID4027 → ID2364,153,4027,2364,152.63710289682052,0.0,12.354638922154727,12.354638922154727,11.5,750.1823930851483,496.89654224655703,0.0,
ID2897 → ID3711,153,2897,3711,2.2250738585072014E-308,0.0,0.0,0.0,13.5,735.1782743894498,499.966982087969,0.0,
ID3265 → ID4435,153,3265,4435,81.29875885128322,2.094211269717736,9.016582437447306,9.016582437447306,9.5,759.8476489564316,500.4065334933383,0.0,
ID2364 → ID2897,153,2364,2897,92.86486827948391,0.5164920311926281,9.636641960739432,9.636641960739432,12.5,739.6117613439486,498.08007708395843,0.0,
ID4345 → ID3265,153,4345,3265,599.4119696810227,0.0,24.482891366850907,24.482891366850907,8.5,765.187880020507,491.1065772867553,0.0,
ID3711 → ID2357,153,3711,2357,108.80915783066673,0.0,10.43116282255563,10.43116282255563,14.5,730.0344440669041,500.829130028015,0.0,
ID4435 → ID4027,153,4435,4027,2.2250738585072014E-308,0.0,0.0,0.0,10.5,756.3195378718491,497.5999124131662,0.0,
ID4328 → ID4349,153,4328,4349,25.87802975467302,NaN,5.087045287263818,5.087045287263818,6.5,766.3314255331411,481.4540814210072,0.0,
ID4349 → ID4345,153,4349,4345,2.2250738585072014E-308,0.0,0.0,0.0,7.5,767.0,479.0,0.0,
ID2498 → ID5956,154,2498,5956,5.625604079013295,0.5466913155645311,2.3718355927452675,2.3718355927452675,15.5,382.0489430224836,664.4727099742549,0.0,
ID4427 → ID3411,154,4427,3411,835.6334392058482,0.0,14.45366250475851,28.90732500951702,12.0,369.48282640037917,671.3040668983158,0.0,
ID4717 → ID4427,154,4717,4427,2.2250738585072014E-308,0.0,0.0,0.0,10.5,357.69483602887317,679.6677767691053,0.0,
ID3815 → ID4717,154,3815,4717,47.68237697708692,NaN,6.905242716739718,6.905242716739718,9.5,355.1352041382267,681.9848608911556,0.0,
ID4179 → ID2498,154,4179,2498,0.34944900767765685,0.0,0.5911421213867752,0.5911421213867752,14.5,381.49027437011216,663.1383484780988,0.0,
ID3411 → ID4179,154,3411,4179,2.2250738585072014E-308,0.0,0.0,0.0,13.5,381.2708167718852,662.9403570275261,0.0,
ID5956 → ID5738,154,5956,5738,2.2250738585072014E-308,0.0,0.0,0.0,16.5,382.3881540766281,665.6090800198385,0.0,
ID2904 → ID3721,155,2904,3721,2.2250738585072014E-308,0.0,0.0,0.0,13.5,236.77538404119696,501.2300020000923,0.0,
ID2366 → ID2904,155,2366,2904,21.05676926120568,0.5849888013756058,4.588765548729383,4.588765548729383,12.5,238.07765716272706,499.3410136379679,0.0,
ID2367 → ID5909,155,2367,5909,40.18863136643943,1.1049973577407748,6.339450399398944,6.339450399398944,15.5,233.39486040935296,507.016103892186,0.0,
ID4588 → ID5345,155,4588,5345,2.2250738585072014E-308,0.0,0.0,0.0,2.5,267.2603676950611,473.25504428601255,0.0,
ID3921 → ID4361,155,3921,4361,2.2250738585072014E-308,0.0,0.0,0.0,4.5,262.0,484.0,0.0,
ID4438 → ID3247,155,4438,3247,151.06808929470378,0.0,12.29097592930292,12.29097592930292,8.5,244.9666965697054,495.1434981715838,0.0,
ID5414 → ID4588,155,5414,4588,2.2250738585072014E-308,0.0,0.0,0.0,1.5,267.2603676950611,473.25504428601255,0.0,
ID3995 → ID2366,155,3995,2366,28.80047266318659,0.0,5.36660718361113,5.36660718361113,11.5,241.86959423421297,496.4511798421788,0.0,
ID4361 → ID4350,155,4361,4350,222.9560493784051,0.0,14.931712874898349,14.931712874898349,5.5,254.88889414702484,486.2740241626649,0.0,
ID5345 → ID3921,155,5345,3921,143.12554158279423,0.0,11.963508748807527,11.963508748807527,3.5,264.6301838475306,478.6275221430063,0.0,
ID5015 → ID5414,155,5015,5414,2.2250738585072014E-308,NaN,0.0,0.0,0.5,267.2603676950611,473.25504428601255,0.0,
ID3247 → ID4401,155,3247,4401,44.875813793413634,3.0798639026951427,6.698941244212673,6.698941244212673,9.5,247.68337444691556,495.86167917886536,0.0,
ID3721 → ID2367,155,3721,2367,21.62051196696379,0.0,4.64978622809305,4.64978622809305,14.5,236.56079503606986,503.54497058532615,0.0,
ID4401 → ID3995,155,4401,3995,2.2250738585072014E-308,0.0,0.0,0.0,10.5,244.3592581841687,495.45033440851415,0.0,
ID4430 → ID4438,155,4430,4438,2.2250738585072014E-308,0.0,0.0,0.0,7.5,238.9259024297484,494.013972393951,0.0,
ID4350 → ID4430,155,4350,4430,108.23220927854999,0.24367062796560576,10.403471020700254,10.403471020700254,6.5,243.35184536189905,491.2810103596404,0.0,
ID5909 → ID5691,155,5909,5691,2.2250738585072014E-308,0.0,0.0,0.0,16.5,230.44351478776315,508.172268613812,0.0,
ID4450 → ID2574,156,4450,2574,81.86488975371483,0.0,9.047921847237344,9.047921847237344,11.5,556.1047070202028,679.9754489323606,0.0,
ID2501 → ID5952,156,2501,5952,30.427278651775847,1.6057726950336308,5.516092697895481,5.516092697895481,15.5,549.8103499827491,661.7827074935602,0.0,
ID4187 → ID2501,156,4187,2501,0.3830677436499503,0.0,0.6189246671849089,0.6189246671849089,14.5,548.9282887187128,664.4027955141838,0.0,
ID3423 → ID4187,156,3423,4187,2.2250738585072014E-308,0.0,0.0,0.0,13.5,548.628264491964,664.326950941034,0.0,
ID2574 → ID3423,156,2574,3423,207.12422167765575,0.9739865710868132,14.391810924190734,14.391810924190734,12.5,550.2564142390602,671.3362436172208,0.0,
ID5952 → ID5734,156,5952,5734,2.2250738585072014E-308,0.0,0.0,0.0,16.5,550.3923870200366,659.0867748997869,0.0,
ID4735 → ID4450,156,4735,4450,2.2250738585072014E-308,NaN,0.0,0.0,10.5,560.324850054249,681.6053615713137,0.0,
ID4363 → ID3945,157,4363,3945,2.2250738585072014E-308,0.0,0.0,0.0,10.5,406.9012204935636,483.74823364552475,0.0,
ID3945 → ID2354,157,3945,2354,99.04717859805064,0.0,9.95224490243536,9.95224490243536,11.5,409.8657172945568,487.74492644913295,0.0,
ID5359 → ID3874,157,5359,3874,4.103926370733333,0.0,2.025814989265637,2.025814989265637,3.5,393.76100388742736,480.01569189231293,0.0,
ID5025 → ID5430,157,5025,5430,2.2250738585072014E-308,NaN,0.0,0.0,0.5,394.0,481.0,0.0,
ID4293 → ID4352,157,4293,4352,46.91906957026565,1.3465545313265144,6.8497495990923385,6.8497495990923385,6.5,407.3060551961802,477.2828059421373,0.0,
ID5430 → ID4625,157,5430,4625,2.2250738585072014E-308,0.0,0.0,0.0,1.5,394.0,481.0,0.0,
ID4354 → ID3172,157,4354,3172,192.84581070630753,0.0,13.886893486532815,13.886893486532815,8.5,403.84721224909083,484.52049554749317,0.0,
ID2354 → ID2914,157,2354,2914,164.55436010840708,0.10886899585644966,12.827874340996917,12.827874340996917,12.5,417.1883910354918,496.4474543313708,0.0,
ID2914 → ID3731,157,2914,3731,2.2250738585072014E-308,0.0,0.0,0.0,13.5,421.5465679754336,501.15328941000047,0.0,
ID4625 → ID5359,157,4625,5359,2.2250738585072014E-308,0.0,0.0,0.0,2.5,394.0,481.0,0.0,
ID3874 → ID4316,157,3874,4316,2.2250738585072014E-308,0.0,0.0,0.0,4.5,393.5220077748547,479.03138378462586,0.0,
ID4352 → ID4354,157,4352,4354,2.2250738585072014E-308,0.0,0.0,0.0,7.5,409.22038696451324,480.1227181367865,0.0,
ID3172 → ID4363,157,3172,4363,97.746719134154,3.00597474171461,9.88669404473275,9.88669404473275,9.5,402.687629013616,486.3332533018623,0.0,
ID3731 → ID2346,157,3731,2346,223.20534465998185,0.0,14.940058388774183,14.940058388774183,14.5,420.7554703745566,493.72526808862006,0.0,
ID4316 → ID4293,157,4316,4293,161.94439050380535,0.0,12.725737326528682,12.725737326528682,5.5,399.45686560135096,476.737138766057,0.0,
ID2921 → ID3738,158,2921,3738,2.2250738585072014E-308,0.0,0.0,0.0,13.5,466.80734759590155,501.86765504210905,0.0,
ID4550 → ID5332,158,4550,5332,2.2250738585072014E-308,0.0,0.0,0.0,2.5,503.2428354064661,457.211920523723,0.0,
ID4410 → ID4418,158,4410,4418,2.2250738585072014E-308,0.0,0.0,0.0,7.5,482.72330691614417,491.7943791660411,0.0,
ID5332 → ID3829,158,5332,3829,1.82249282120247,0.0,1.3499973411834818,1.3499973411834818,3.5,503.62196188964447,457.77038835185044,0.0,
ID4277 → ID4252,158,4277,4252,2.489134469616403,0.0,1.5776991061721506,1.5776991061721506,5.5,503.993666702409,459.11767081993617,0.0,
ID3829 → ID4277,158,3829,4277,2.2250738585072014E-308,0.0,0.0,0.0,4.5,504.00108837282284,458.32885617997795,0.0,
ID3973 → ID2368,158,3973,2368,26.108788102355344,0.0,5.109675929288994,5.109675929288994,11.5,478.362502467187,495.8280599756721,0.0,
ID2368 → ID2921,158,2368,2921,135.3739579873906,1.0785480397593599,11.63503149920062,11.63503149920062,12.5,472.3509791952911,500.1036714290623,0.0,
ID3738 → ID2351,158,3738,2351,60.27445470621359,0.0,7.763662454422757,7.763662454422757,14.5,466.7144886757535,497.986934632507,0.0,
ID5006 → ID5401,158,5006,5401,2.2250738585072014E-308,NaN,0.0,0.0,0.5,503.2428354064661,457.211920523723,0.0,
ID3203 → ID4384,158,3203,4384,23.11606285950473,2.144935876024399,4.807916685998701,4.807916685998701,9.5,481.2299143422275,493.1704235311046,0.0,
ID2351 → ID5903,158,2351,5903,5.492200929160045,0.06669940346951733,2.343544522547,2.343544522547,15.5,466.67173785026876,492.935513829491,0.0,
ID4418 → ID3203,158,4418,3203,2.334055252287299,0.0,1.5277615168236496,1.5277615168236496,8.5,483.17637073045285,492.40939704646075,0.0,
ID4384 → ID3973,158,4384,3973,2.2250738585072014E-308,0.0,0.0,0.0,10.5,478.8303941396935,493.31643213532874,0.0,
ID5903 → ID5685,158,5903,5685,2.2250738585072014E-308,0.0,0.0,0.0,16.5,466.72184594493217,491.76481343607725,0.0,
ID5401 → ID4550,158,5401,4550,2.2250738585072014E-308,0.0,0.0,0.0,1.5,503.2428354064661,457.211920523723,0.0,
ID4252 → ID4410,158,4252,4410,1468.9503023330217,0.5786885129972673,38.326887459497954,38.326887459497954,6.5,493.35477597406964,475.8504323129677,0.0,
ID5957 → ID5739,159,5957,5739,2.2250738585072014E-308,0.0,0.0,0.0,16.5,536.1816593423781,666.4627861544839,0.0,
ID4196 → ID2509,159,4196,2509,7.806245979281237,0.0,2.7939659946536994,2.7939659946536994,14.5,536.5395141907072,667.4266350484345,0.0,
ID2509 → ID5957,159,2509,5957,5.1775492751709935,2.8408154894253936,2.275422878317565,2.275422878317565,15.5,536.1148056223119,667.5985316800775,0.0,
ID3435 → ID4196,159,3435,4196,2.2250738585072014E-308,NaN,0.0,0.0,13.5,537.0310764791689,666.1189928911978,0.0,
ID4441 → ID4035,160,4441,4035,2.2250738585072014E-308,0.0,0.0,0.0,10.5,132.75258535174842,500.4992455423081,0.0,
ID2930 → ID3748,160,2930,3748,2.2250738585072014E-308,0.0,0.0,0.0,13.5,131.70757761150998,502.51340101440377,0.0,
ID3911 → ID4353,160,3911,4353,2.2250738585072014E-308,0.0,0.0,0.0,4.5,131.90842917300043,482.6258952027373,0.0,
ID2372 → ID2930,160,2372,2930,2.6131903947677495,1.470124885194529,1.6165365429732015,1.6165365429732015,12.5,132.4488986065735,502.1913128572636,0.0,
ID5422 → ID4610,160,5422,4610,2.2250738585072014E-308,0.0,0.0,0.0,1.5,134.68626715336617,478.76017391563295,0.0,
ID4353 → ID4405,160,4353,4405,112.5001533826458,0.0,10.606608948323013,10.606608948323013,5.5,130.72600532074284,487.7957029534447,0.0,
ID3748 → ID2359,160,3748,2359,0.12828860870792308,0.0,0.35817399222713403,0.35817399222713403,14.5,131.53771997798037,502.5701507854051,0.0,
ID4610 → ID5353,160,4610,5353,2.2250738585072014E-308,0.0,0.0,0.0,2.5,134.68626715336617,478.76017391563295,0.0,
ID4445 → ID4454,160,4445,4454,2.2250738585072014E-308,0.0,0.0,0.0,7.5,132.34173018188457,496.4033462205391,0.0,
ID5906 → ID5688,160,5906,5688,2.2250738585072014E-308,0.0,0.0,0.0,16.5,132.29059199431575,503.15033490753063,0.0,
ID5353 → ID3911,160,5353,3911,22.660184914734156,0.0,4.760271516913101,4.760271516913101,3.5,133.2973481631833,480.6930345591851,0.0,
ID2359 → ID5906,160,2359,5906,1.1254135266767484,2.3031469524057258,1.0608550922141762,1.0608550922141762,15.5,131.82922716938327,502.88861773196857,0.0,
ID4035 → ID2372,160,4035,2372,2.068366629524031,0.0,1.438181709494329,1.438181709494329,11.5,132.97140247669273,501.18423512121575,0.0,
ID3256 → ID4441,160,3256,4441,0.2421869679236418,0.09421880321781294,0.49212495153532076,0.49212495153532076,9.5,132.707819946739,500.25728934690227,0.0,
ID4405 → ID4445,160,4405,4445,19.64834926003087,0.9080254654619021,4.432645853215759,4.432645853215759,6.5,130.94265582518491,494.6844284623455,0.0,
ID5020 → ID5422,160,5020,5422,2.2250738585072014E-308,NaN,0.0,0.0,0.5,134.68626715336617,478.76017391563295,0.0,
ID4454 → ID3256,160,4454,3256,13.149698933636545,0.0,3.6262513610664864,3.6262513610664864,8.5,132.50239236180707,498.20933968601776,0.0,
ID4253 → ID4628,161,4253,4628,2.2250738585072014E-308,0.0,0.0,0.0,4.5,202.90688096219515,662.8914035848487,0.0,
ID5955 → ID5737,161,5955,5737,2.2250738585072014E-308,0.0,0.0,0.0,16.5,200.63006031542218,665.9644302910466,0.0,
ID4628 → ID4641,161,4628,4641,12.10317580493032,0.0,3.4789618860991163,3.4789618860991163,5.5,202.16776050134655,664.4660447806732,0.0,
ID4694 → ID4399,161,4694,4399,2.2250738585072014E-308,0.0,0.0,0.0,10.5,199.00434263566868,668.5585166931006,0.0,
ID4399 → ID2555,161,4399,2555,24.124227952331125,0.0,4.911642083084956,4.911642083084956,11.5,196.63700747069743,669.2118016269337,0.0,
ID4718 → ID3740,161,4718,3740,1.2946796275537624,0.0,1.1378398953955529,1.1378398953955529,8.5,199.50163611390263,669.6941462845662,0.0,
ID4681 → ID4718,161,4681,4718,2.2250738585072014E-308,0.0,0.0,0.0,7.5,200.01090757639162,669.4405472222991,0.0,
ID4205 → ID2506,161,4205,2506,15.680566954870581,0.0,3.959869562860699,3.959869562860699,14.5,198.11023854829892,666.9516742379069,0.0,
ID3740 → ID4694,161,3740,4694,1.9300997244589049,2.0414359623016116,1.3892802900994834,1.3892802900994834,9.5,198.99835364354118,669.253131019967,0.0,
ID5504 → ID4838,161,5504,4838,2.2250738585072014E-308,0.0,0.0,0.0,1.5,202.96729281832256,657.6277521342639,0.0,
ID2506 → ID5955,161,2506,5955,1.042849781645605,0.9472796243725438,1.021200167276526,1.021200167276526,15.5,200.1369550212596,665.8319175962577,0.0,
ID2555 → ID3446,161,2555,3446,8.081437687613832,2.786787545950764,2.842786957830965,2.842786957830965,12.5,195.4231498376135,669.0345150675558,0.0,
ID5087 → ID5504,161,5087,5504,2.2250738585072014E-308,NaN,0.0,0.0,0.5,202.96729281832256,657.6277521342639,0.0,
ID3446 → ID4205,161,3446,4205,2.2250738585072014E-308,0.0,0.0,0.0,13.5,196.57662736950084,668.203943574345,0.0,
ID4641 → ID4681,161,4641,4681,13.569021830483281,0.04378826048781192,3.6836153206440114,3.6836153206440114,6.5,200.7197738084448,667.7406165993984,0.0,
ID5445 → ID4253,161,5445,4253,27.709676185604255,0.0,5.263998117933198,5.263998117933198,3.5,202.93708689025885,660.2595778595563,0.0,
ID4838 → ID5445,161,4838,5445,2.2250738585072014E-308,0.0,0.0,0.0,2.5,202.96729281832256,657.6277521342639,0.0,
ID2963 → ID2199,162,2963,2199,66.8976349125352,0.0,8.179097438748068,8.179097438748068,11.5,450.8565014702125,141.68070106842595,0.0,
ID2741 → ID2058,162,2741,2058,4.606840981403217,0.0,2.146355278467015,2.146355278467015,14.5,452.42821077283554,142.9842358485314,0.0,
ID3408 → ID2963,162,3408,2963,2.2250738585072014E-308,0.0,0.0,0.0,10.5,447.8589842237963,138.8987414918736,0.0,
ID2199 → ID2426,162,2199,2426,1.1085011899294677,2.93325972365949,1.0528538312270452,1.0528538312270452,12.5,453.4024397150322,144.1921025129633,0.0,
ID2531 → ID3408,162,2531,3408,14.643887339876837,NaN,3.8267332465010986,3.8267332465010986,9.5,449.72897308971517,139.30385070715846,0.0,
ID2426 → ID2741,162,2426,2741,2.2250738585072014E-308,0.0,0.0,0.0,13.5,452.95086071343565,143.9215443809483,0.0,
ID2058 → ID5802,162,2058,5802,3.849236857058499,1.5502704672694976,1.96194721056875,1.96194721056875,15.5,452.7523528480808,141.55169757532235,0.0,
ID5802 → ID5584,162,5802,5584,2.2250738585072014E-308,0.0,0.0,0.0,16.5,453.5991448639262,141.05646783453017,0.0,
ID2939 → ID3756,163,2939,3756,2.2250738585072014E-308,0.0,0.0,0.0,13.5,481.55776979519345,504.37304547515316,0.0,
ID2369 → ID5910,163,2369,5910,1.133346172907846,0.1733889378462114,1.06458732516776,1.06458732516776,15.5,480.53013945127867,509.4277851697698,0.0,
ID4054 → ID4476,163,4054,4476,2.2250738585072014E-308,0.0,0.0,0.0,4.5,477.9151814069237,508.4153471512608,0.0,
ID4491 → ID3276,163,4491,3276,27.435208590012184,0.0,5.237862979308659,5.237862979308659,8.5,480.45514369166034,506.74373223088,0.0,
ID3756 → ID2369,163,3756,2369,21.464791383786935,0.0,4.633011049391846,4.633011049391846,14.5,481.1367520241248,506.6509703822542,0.0,
ID2387 → ID2939,163,2387,2939,33.60471811265373,2.5863628943804837,5.7969576600708175,5.7969576600708175,12.5,480.24607438379905,506.9577378506382,0.0,
ID5910 → ID5692,163,5910,5692,2.2250738585072014E-308,0.0,0.0,0.0,16.5,480.34454464950113,509.92667505018443,0.0,
ID4685 → ID5379,163,4685,5379,2.2250738585072014E-308,0.0,0.0,0.0,2.5,477.99432601913736,506.1709127235511,0.0,
ID5379 → ID4054,163,5379,4054,5.043749769930919,0.0,2.2458294169261652,2.2458294169261652,3.5,477.9547537130305,507.293129937406,0.0,
ID4057 → ID2387,163,4057,2387,12.137005780189924,0.0,3.483820572330028,3.483820572330028,11.5,478.78543398254624,507.80689951909335,0.0,
ID5446 → ID4685,163,5446,4685,2.2250738585072014E-308,0.0,0.0,0.0,1.5,477.99432601913736,506.1709127235511,0.0,
ID4476 → ID4437,163,4476,4437,19.513289235986896,0.0,4.417384886557532,4.417384886557532,5.5,478.72100839700636,506.3589023620551,0.0,
ID5041 → ID5446,163,5041,5446,2.2250738585072014E-308,NaN,0.0,0.0,0.5,477.99432601913736,506.1709127235511,0.0,
ID4458 → ID4057,163,4458,4057,2.2250738585072014E-308,0.0,0.0,0.0,10.5,478.63648899268776,506.0713688120635,0.0,
ID4478 → ID4491,163,4478,4491,2.2250738585072014E-308,0.0,0.0,0.0,7.5,478.8953091321696,508.84747135313864,0.0,
ID4437 → ID4478,163,4437,4478,21.055975673670737,2.9061932285657663,4.588679077215003,4.588679077215003,6.5,479.2110722596293,506.5749644629941,0.0,
ID3276 → ID4458,163,3276,4458,13.463026073956282,2.6095545997018896,3.6691996503265236,3.6691996503265236,9.5,480.3257336219194,505.3556809603425,0.0,
ID2201 → ID2430,164,2201,2430,5.820032574347235,2.291196994768446,2.4124743676041898,2.4124743676041898,12.5,65.93298538033272,147.570226205361,0.0,
ID2925 → ID3412,164,2925,3412,2.2250738585072014E-308,0.0,0.0,0.0,4.5,67.05575981039016,159.6615252687469,0.0,
ID2059 → ID5805,164,2059,5805,2.1288606903342644,3.0120918072511693,1.4590615786642676,1.4590615786642676,15.5,67.28148206372077,148.1182043387868,0.0,
ID2544 → ID3464,164,2544,3464,26.45836422085616,1.3227361198898921,5.143769456425527,5.143769456425527,9.5,63.967202028674166,144.91205834394015,0.0,
ID4916 → ID5225,164,4916,5225,2.2250738585072014E-308,NaN,0.0,0.0,0.5,66.95873256313213,158.29041912875505,0.0,
ID3464 → ID3008,164,3464,3008,2.2250738585072014E-308,0.0,0.0,0.0,10.5,64.84452583989477,147.32967989941145,0.0,
ID5805 → ID5587,164,5805,5587,2.2250738585072014E-308,0.0,0.0,0.0,16.5,66.56846775393561,147.96384836505996,0.0,
ID3396 → ID2544,164,3396,2544,1.1674014320003494,0.0,1.0804635264553586,1.0804635264553586,8.5,62.552348002357334,142.54839627196048,0.0,
ID2430 → ID2746,164,2430,2746,2.2250738585072014E-308,0.0,0.0,0.0,13.5,67.0791952620669,147.94600679373897,0.0,
ID5146 → ID2925,164,5146,2925,1.8893463338338652,0.0,1.374534951841482,1.374534951841482,3.5,67.00724618676114,158.97597219875098,0.0,
ID3708 → ID5146,164,3708,5146,2.2250738585072014E-308,0.0,0.0,0.0,2.5,66.95873256313213,158.29041912875505,0.0,
ID2746 → ID2059,164,2746,2059,0.9444133252256189,0.0,0.9718093049696628,0.9718093049696628,14.5,67.53684581778641,148.10928355312632,0.0,
ID3008 → ID2201,164,3008,2201,0.021623413063771843,0.0,0.1470490158544825,0.1470490158544825,11.5,64.81565066924665,147.2620627581972,0.0,
ID3412 → ID3295,164,3412,3295,316.4263609638759,0.0,8.894188565629186,17.788377131258372,6.0,64.53528879882563,151.1319405120995,0.0,
ID3295 → ID3396,164,3295,3396,2.2250738585072014E-308,0.0,0.0,0.0,7.5,62.014817787261094,142.6023557554521,0.0,
ID5225 → ID3708,164,5225,3708,2.2250738585072014E-308,0.0,0.0,0.0,1.5,66.95873256313213,158.29041912875505,0.0,
ID2202 → ID2434,165,2202,2434,118.61329900845782,0.3179108447483013,10.890973281045998,10.890973281045998,12.5,256.64208742145723,149.95780567858023,0.0,
ID5207 → ID3607,165,5207,3607,2.2250738585072014E-308,0.0,0.0,0.0,1.5,328.0,122.0,0.0,
ID3321 → ID2519,165,3321,2519,180.3953238148163,0.0,13.431132633356588,13.431132633356588,8.5,283.21148703523863,131.8282492304501,0.0,
ID3267 → ID3223,165,3267,3223,159.8398962147104,0.0,12.64278039889606,12.64278039889606,5.5,312.7930736173063,127.10548750326973,0.0,
ID2982 → ID2202,165,2982,2202,76.38372202704724,0.0,8.73977814518465,8.73977814518465,11.5,263.78497649989697,143.40525590389706,0.0,
ID3223 → ID3217,165,3223,3217,345.4921127598614,0.25154566596102246,18.587418130548993,18.587418130548993,6.5,297.30927315760096,127.72632747655099,0.0,
ID3217 → ID3321,165,3217,3321,2.2250738585072014E-308,0.0,0.0,0.0,7.5,288.0332113560793,127.15387167536127,0.0,
ID2519 → ID3430,165,2519,3430,154.64165015539203,0.49051960964335567,12.43549959412134,12.43549959412134,9.5,272.41306752858213,138.2171317271161,0.0,
ID3607 → ID5121,165,3607,5121,2.2250738585072014E-308,0.0,0.0,0.0,2.5,328.0,122.0,0.0,
ID5815 → ID5597,165,5815,5597,2.2250738585072014E-308,0.0,0.0,0.0,16.5,225.57558310995339,172.25964293365158,0.0,
ID5121 → ID2843,165,5121,2843,96.29062382385536,0.0,9.81277859853443,9.81277859853443,3.5,323.5004061377449,123.95609586439937,0.0,
ID3430 → ID2982,165,3430,2982,2.2250738585072014E-308,0.0,0.0,0.0,10.5,266.43637234276616,139.93163666869327,0.0,
ID2434 → ID2751,165,2434,2751,2.2250738585072014E-308,0.0,0.0,0.0,13.5,252.15059418588675,153.03673621805964,0.0,
ID2751 → ID2061,165,2751,2061,118.80107249709206,0.0,10.899590473824787,10.899590473824787,14.5,247.50987386107474,155.89400466732195,0.0,
ID2061 → ID5815,165,2061,5815,481.5436332043773,0.11124273422489368,21.94410246978393,21.94410246978393,15.5,234.22236832310807,165.5054580251179,0.0,
ID2843 → ID3267,165,2843,3267,2.2250738585072014E-308,0.0,0.0,0.0,4.5,319.00081227548986,125.91219172879876,0.0,
ID4907 → ID5207,165,4907,5207,2.2250738585072014E-308,NaN,0.0,0.0,0.5,328.0,122.0,0.0,
ID2581 → ID3458,166,2581,3458,384.81564236553083,2.0919427336694185,19.616718440287887,19.616718440287887,12.5,562.0912080508397,676.7547131779825,0.0,
ID4723 → ID4434,166,4723,4434,2.2250738585072014E-308,0.0,0.0,0.0,10.5,570.2721291161153,680.0103978781981,0.0,
ID4219 → ID2512,166,4219,2512,15.696418248869055,0.0,3.961870549231645,3.961870549231645,14.5,557.1753158097993,669.4629179546034,0.0,
ID4779 → ID4723,166,4779,4723,2.2656887250437294,0.0,0.7526102452537651,1.5052204905075302,9.0,569.882616818255,680.6543717527277,0.0,
ID4743 → ID4779,166,4743,4779,2.2250738585072014E-308,NaN,0.0,0.0,7.5,569.4931045203948,681.2983456272572,0.0,
ID5959 → ID5741,166,5959,5741,2.2250738585072014E-308,0.0,0.0,0.0,16.5,557.3542695361442,669.6820344554845,0.0,
ID3458 → ID4219,166,3458,4219,2.2250738585072014E-308,0.0,0.0,0.0,13.5,558.1841498545438,667.758113440185,0.0,
ID4434 → ID2581,166,4434,2581,51.224009291577346,0.0,7.157095031615644,7.157095031615644,11.5,568.1351976816254,682.8808553969891,0.0,
ID2512 → ID5959,166,2512,5959,3.618108662718514,3.001502971190998,1.9021326617033087,1.9021326617033087,15.5,556.7603756505994,670.4248784622532,0.0,
ID2380 → ID2948,167,2380,2948,23.71656735319507,2.201429514213765,4.869965847230868,4.869965847230868,12.5,155.25328620389752,507.95003350097113,0.0,
ID3323 → ID4464,167,3323,4464,21.21667387800107,NaN,4.606156084850042,4.606156084850042,9.5,148.98176620934714,509.5478929228268,0.0,
ID2948 → ID3765,167,2948,3765,2.2250738585072014E-308,0.0,0.0,0.0,13.5,154.768479527083,505.56380125652913,0.0,
ID4464 → ID4065,167,4464,4065,2.2250738585072014E-308,0.0,0.0,0.0,10.5,149.00094763591264,507.24489475904653,0.0,
ID4065 → ID2380,167,4065,2380,54.94570062487263,0.0,7.41253671996791,7.41253671996791,11.5,152.36952025831232,508.79058025222986,0.0,
ID5908 → ID5690,167,5908,5690,2.2250738585072014E-308,0.0,0.0,0.0,16.5,150.7230526819966,507.16776308310807,0.0,
ID3765 → ID2361,167,3765,2361,7.130280488075991,0.0,2.670258505852194,2.670258505852194,14.5,153.6307794195886,504.8650820086003,0.0,
ID2361 → ID5908,167,2361,5908,12.141398166777313,1.5887193073125174,3.4844509132397476,3.4844509132397476,15.5,151.6080659970454,505.66706292188974,0.0,
ID5796 → ID5578,168,5796,5578,2.2250738585072014E-308,0.0,0.0,0.0,16.5,601.5461889678402,129.70826628819404,0.0,
ID3384 → ID2523,168,3384,2523,110.59102446347322,0.0,10.516226721760672,10.516226721760672,8.5,589.9154764483451,140.44498090327937,0.0,
ID2756 → ID2056,168,2756,2056,170.8819015114189,0.0,13.072180442122841,13.072180442122841,14.5,591.6509831955445,146.8475541288912,0.0,
ID2056 → ID5796,168,2056,5796,182.61331482385307,0.34340157207885535,13.513449405087254,13.513449405087254,15.5,597.5381524429165,135.14784089663917,0.0,
ID2437 → ID2756,168,2437,2756,2.2250738585072014E-308,0.0,0.0,0.0,13.5,589.7718504730964,153.1076927526981,0.0,
ID3388 → ID3299,168,3388,3299,105.58051146686127,0.0,10.275237781524147,10.275237781524147,5.5,589.2891728977463,152.3579643509734,0.0,
ID2203 → ID2437,168,2203,2437,250.38938670403547,1.0121108237142442,15.823696998616835,15.823696998616835,12.5,582.3549946062626,150.35313367244197,0.0,
ID3299 → ID3282,168,3299,3282,70.57666608578363,1.1439263905509778,8.400991970343956,8.400991970343956,6.5,591.5017840446109,144.80724516923988,0.0,
ID5166 → ID2908,168,5166,2908,1125.4071142099738,0.0,33.54708801386454,33.54708801386454,3.5,597.0953449041145,172.7581118690096,0.0,
ID2523 → ID3348,168,2523,3348,407.2698387232359,0.39839397684614974,20.180927598186262,20.180927598186262,9.5,577.6166185977002,131.72680145731533,0.0,
ID4926 → ID5242,168,4926,5242,2.2250738585072014E-308,NaN,0.0,0.0,0.5,603.7683195921094,188.14717250849873,0.0,
ID3872 → ID5166,168,3872,5166,2.2250738585072014E-308,0.0,0.0,0.0,2.5,603.7683195921094,188.14717250849873,0.0,
ID2908 → ID3388,168,2908,3388,2.2250738585072014E-308,0.0,0.0,0.0,4.5,590.4223702161197,157.36905122952047,0.0,
ID2915 → ID2203,168,2915,2203,540.3306880580061,0.0,23.245014262374763,23.245014262374763,11.5,572.5940077739938,136.21491428315562,0.0,
ID3282 → ID3384,168,3282,3384,2.2250738585072014E-308,0.0,0.0,0.0,7.5,594.8475925098488,142.26761286605347,0.0,
ID5242 → ID3872,168,5242,3872,2.2250738585072014E-308,0.0,0.0,0.0,1.5,603.7683195921094,188.14717250849873,0.0,
ID3348 → ID2915,168,3348,2915,2.2250738585072014E-308,0.0,0.0,0.0,10.5,570.2498768085587,124.83125397412539,0.0,
ID2762 → ID2060,169,2762,2060,193.75227770401668,0.0,13.919492724378165,13.919492724378165,14.5,235.00655404679912,154.45270424888236,0.0,
ID3199 → ID3206,169,3199,3206,534.4613770427169,0.010279642983345431,23.118420729857757,23.118420729857757,6.5,281.45413143105566,122.47976342765999,0.0,
ID3451 → ID2998,169,3451,2998,2.2250738585072014E-308,0.0,0.0,0.0,10.5,247.12752939693286,144.55982852256128,0.0,
ID5203 → ID3583,169,5203,3583,2.2250738585072014E-308,0.0,0.0,0.0,1.5,314.0785152667047,119.77359922458615,0.0,
ID3206 → ID3312,169,3206,3312,2.2250738585072014E-308,0.0,0.0,0.0,7.5,270.67146116691634,126.64502047081164,0.0,
ID3312 → ID2511,169,3312,2511,80.91328264803637,0.0,8.995181079224386,8.995181079224386,8.5,266.2351422758894,127.38488218703094,0.0,
ID4905 → ID5203,169,4905,5203,2.2250738585072014E-308,NaN,0.0,0.0,0.5,314.0785152667047,119.77359922458615,0.0,
ID2833 → ID3243,169,2833,3243,2.2250738585072014E-308,0.0,0.0,0.0,4.5,305.2444856613212,113.13545933034865,0.0,
ID3583 → ID5115,169,3583,5115,2.2250738585072014E-308,0.0,0.0,0.0,2.5,314.0785152667047,119.77359922458615,0.0,
ID5808 → ID5590,169,5808,5590,2.2250738585072014E-308,0.0,0.0,0.0,16.5,229.92678605699575,156.07241569512402,0.0,
ID2441 → ID2762,169,2441,2762,2.2250738585072014E-308,0.0,0.0,0.0,13.5,241.96595548628324,154.38341478279375,0.0,
ID3243 → ID3199,169,3243,3199,196.02237055181655,0.0,14.00079892548338,14.00079892548338,5.5,298.74064367825815,115.7249828574285,0.0,
ID2204 → ID2441,169,2204,2441,28.56456300171044,0.09278050912023444,5.344582584422327,5.344582584422327,12.5,243.32132621520094,152.08034923061754,0.0,
ID2060 → ID5808,169,2060,5808,5.936830221700259,2.441923953741294,2.4365611467189283,2.4365611467189283,15.5,228.9869693321554,155.2972047050475,0.0,
ID2998 → ID2204,169,2998,2204,33.228418015386744,0.0,5.764409598162395,5.764409598162395,11.5,245.90211317052575,147.1685561005013,0.0,
ID5115 → ID2833,169,5115,2833,122.10498032425917,0.0,11.050112231296982,11.050112231296982,3.5,309.661500464013,116.4545292774674,0.0,
ID2511 → ID3451,169,2511,3451,485.3588737241766,0.6767865044529239,22.03086184705847,22.03086184705847,9.5,254.4631763908977,136.34228621290575,0.0,
ID5918 → ID5700,170,5918,5700,2.2250738585072014E-308,0.0,0.0,0.0,16.5,127.40062373128576,526.8441775518224,0.0,
ID5377 → ID4031,170,5377,4031,13.038415509524288,0.0,3.610874618361082,3.610874618361082,3.5,136.41458708269343,499.4679889891913,0.0,
ID4451 → ID4413,170,4451,4413,49.43051186503864,0.0,7.030683598700673,7.030683598700673,5.5,139.74422628432424,500.52007192822816,0.0,
ID2955 → ID3775,170,2955,3775,2.2250738585072014E-308,0.0,0.0,0.0,13.5,140.83541174253173,506.7608158827942,0.0,
ID3775 → ID5918,170,3775,5918,583.8349448361116,0.0,12.08133834511011,24.16267669022022,15.0,134.11801773690874,516.8024967173083,0.0,
ID4474 → ID3224,170,4474,3224,20.064500048284355,0.0,4.479341474846984,4.479341474846984,8.5,148.06899709927208,498.43142678957236,0.0,
ID4679 → ID5377,170,4679,5377,2.2250738585072014E-308,0.0,0.0,0.0,2.5,135.4646456041035,501.00331145194485,0.0,
ID3224 → ID4426,170,3224,4426,1.5495041823370785,1.8103757415753123,1.2447908187069339,1.2447908187069339,9.5,149.0112988139848,496.4682632034907,0.0,
ID4031 → ID4451,170,4031,4451,2.2250738585072014E-308,0.0,0.0,0.0,4.5,137.36452856128335,497.93266652643786,0.0,
ID4463 → ID4474,170,4463,4474,2.2250738585072014E-308,0.0,0.0,0.0,7.5,147.69855845144187,500.64025005553657,0.0,
ID4413 → ID4463,170,4413,4463,37.16375960903412,1.2438576581007088,6.096208625779971,6.096208625779971,6.5,144.91124122940352,501.8738636927775,0.0,
ID5040 → ID5444,170,5040,5444,2.2250738585072014E-308,NaN,0.0,0.0,0.5,135.4646456041035,501.00331145194485,0.0,
ID2374 → ID2955,170,2374,2955,28.316867182086867,1.3775569841435198,5.32135952385167,5.32135952385167,12.5,143.47685598196796,507.0801732460583,0.0,
ID4019 → ID2374,170,4019,2374,126.18747879207888,0.0,11.233320025356656,11.233320025356656,11.5,147.8507310511357,502.0567267463478,0.0,
ID4426 → ID4019,170,4426,4019,2.2250738585072014E-308,0.0,0.0,0.0,10.5,149.5831618808673,496.7139228833733,0.0,
ID5444 → ID4679,170,5444,4679,2.2250738585072014E-308,0.0,0.0,0.0,1.5,135.4646456041035,501.00331145194485,0.0,
ID5810 → ID5592,171,5810,5592,2.2250738585072014E-308,0.0,0.0,0.0,16.5,755.7508877874706,159.5721349990517,0.0,
ID2445 → ID2767,171,2445,2767,2.2250738585072014E-308,0.0,0.0,0.0,13.5,760.3177276447507,159.17927463296903,0.0,
ID3046 → ID2210,171,3046,2210,24.02694779467103,0.0,4.901729061736382,4.901729061736382,11.5,765.08356936934,162.5277534442887,0.0,
ID3505 → ID3046,171,3505,3046,2.2250738585072014E-308,NaN,0.0,0.0,10.5,767.0,161.0,0.0,
ID2210 → ID2445,171,2210,2445,31.896784592842735,1.7149892904400938,5.6477238417651705,5.6477238417651705,12.5,761.7424331917153,161.6173907607732,0.0,
ID2062 → ID5810,171,2062,5810,82.24715150396159,2.9780763731431574,9.069021529578679,9.069021529578679,15.5,760.2713990480848,159.9281768767148,0.0,
ID2767 → ID2062,171,2767,2062,21.23921202181283,0.0,4.608601959576552,4.608601959576552,14.5,762.5548189767248,159.73174669367344,0.0,
ID3496 → ID3036,172,3496,3036,2.2250738585072014E-308,0.0,0.0,0.0,10.5,268.55428965167323,157.21249055324267,0.0,
ID2065 → ID5817,172,2065,5817,38.326119950849645,0.3791383624166328,6.190809313074475,6.190809313074475,15.5,230.80019942186289,177.44123247255413,0.0,
ID3328 → ID3429,172,3328,3429,2.2250738585072014E-308,NaN,0.0,0.0,7.5,273.55044387805583,147.3586473042018,0.0,
ID2559 → ID3496,172,2559,3496,15.375415624254892,1.3480068359621777,3.921149783450626,3.921149783450626,9.5,267.5711238664361,155.51624795714895,0.0,
ID2208 → ID2448,172,2208,2448,216.02989015968464,0.0859065353185511,14.697955305405056,14.697955305405056,12.5,259.20282134132424,168.6819106507525,0.0,
ID3036 → ID2208,172,3036,2208,55.70009506169593,0.0,7.463249631473942,7.463249631473942,11.5,266.32158402149275,160.20248208071973,0.0,
ID5817 → ID5599,172,5817,5599,2.2250738585072014E-308,0.0,0.0,0.0,16.5,228.039071212481,178.84041115988038,0.0,
ID3429 → ID2559,172,3429,2559,90.22535641029697,0.0,9.498702880409354,9.498702880409354,8.5,270.06920097962745,150.5893263326285,0.0,
ID2448 → ID2775,172,2448,2775,2.2250738585072014E-308,0.0,0.0,0.0,13.5,254.3167642913362,174.17134769330823,0.0,
ID2775 → ID2065,172,2775,2065,434.2876922334132,0.0,20.839570346660537,20.839570346660537,14.5,243.93904596129047,175.10670073926804,0.0,
ID2568 → ID3472,173,2568,3472,1.761347363755211,3.1050766675253736,1.3271576258136073,1.3271576258136073,12.5,180.55278336194706,674.4841049199084,0.0,
ID4844 → ID5457,173,4844,5457,2.2250738585072014E-308,0.0,0.0,0.0,2.5,185.33527521709365,672.050334824105,0.0,
ID5513 → ID4844,173,5513,4844,2.2250738585072014E-308,0.0,0.0,0.0,1.5,185.33527521709365,672.050334824105,0.0,
ID5457 → ID4275,173,5457,4275,11.536277643654145,0.0,3.396509626609962,3.396509626609962,3.5,186.77025468773172,671.14209293465,0.0,
ID4657 → ID4727,173,4657,4727,30.19893684258459,1.8170828026095374,5.49535593411242,5.49535593411242,6.5,187.20451653916768,672.7294862366341,0.0,
ID4727 → ID4762,173,4727,4762,2.2250738585072014E-308,0.0,0.0,0.0,7.5,185.90207811850314,675.1488639192258,0.0,
ID5098 → ID5513,173,5098,5513,2.2250738585072014E-308,NaN,0.0,0.0,0.5,185.33527521709365,672.050334824105,0.0,
ID3472 → ID4226,173,3472,4226,2.2250738585072014E-308,0.0,0.0,0.0,13.5,180.94683968901913,673.9501981377514,0.0,
ID4275 → ID4643,173,4275,4643,2.2250738585072014E-308,0.0,0.0,0.0,4.5,188.20523415836976,670.2338510451949,0.0,
ID4643 → ID4657,173,4643,4657,0.09685064969077123,0.0,0.31120837021322423,0.31120837021322423,5.5,188.356094559101,670.2719797996186,0.0,
ID4762 → ID3749,173,4762,3749,18.078782553724373,0.0,4.251915163044105,4.251915163044105,8.5,185.40558653454727,673.0816939345627,0.0,
ID2504 → ID5954,173,2504,5954,15.116866073564395,0.03225181809573482,3.8880414187048467,3.8880414187048467,15.5,186.06839297520827,663.8934438617766,0.0,
ID5954 → ID5736,173,5954,5736,2.2250738585072014E-308,0.0,0.0,0.0,16.5,186.9040447582597,662.1381938465726,0.0,
ID4684 → ID4383,173,4684,4383,2.2250738585072014E-308,0.0,0.0,0.0,10.5,186.72674849290547,666.7673340347167,0.0,
ID4383 → ID2568,173,4383,2568,111.21258784363667,0.0,10.5457378994377,10.5457378994377,11.5,183.44273776389025,670.8926728683911,0.0,
ID4226 → ID2504,173,4226,2504,87.28392468619012,0.0,9.342586616467097,9.342586616467097,14.5,183.089790440588,669.7994460073661,0.0,
ID3749 → ID4684,173,3749,4684,21.342486575518727,0.6400948978836835,4.619792914787277,4.619792914787277,9.5,185.81792172174843,668.8909289923081,0.0,
ID2450 → ID2780,174,2450,2780,2.2250738585072014E-308,0.0,0.0,0.0,13.5,710.1692938875324,174.81384039802867,0.0,
ID2064 → ID5813,174,2064,5813,21.315174092465785,2.122183439723718,4.616835939522411,4.616835939522411,15.5,710.0277120455861,172.66402729009116,0.0,
ID2212 → ID2450,174,2212,2450,7.402149485492916,NaN,2.7206891563522864,2.7206891563522864,12.5,710.0488043929854,173.4588423710644,0.0,
ID2780 → ID2064,174,2780,2064,4.367532645162088,0.0,2.089864264769865,2.089864264769865,14.5,711.092838975004,174.32501769735146,0.0,
ID5813 → ID5595,174,5813,5595,2.2250738585072014E-308,0.0,0.0,0.0,16.5,708.0390400286964,171.4918595835081,0.0,
ID2965 → ID3784,175,2965,3784,2.2250738585072014E-308,NaN,0.0,0.0,13.5,704.0989957353397,512.9390452715711,0.0,
ID5914 → ID5696,175,5914,5696,2.2250738585072014E-308,0.0,0.0,0.0,16.5,687.0523363534984,519.4029824479275,0.0,
ID2375 → ID5914,175,2375,5914,116.93896769745814,0.3628636319221736,10.81383223919523,10.81383223919523,15.5,692.3385375212165,518.2668402302536,0.0,
ID3784 → ID2375,175,3784,2375,59.48595700413286,0.0,7.7127139843334565,7.7127139843334565,14.5,700.8618672121371,515.0348716420754,0.0,
ID3081 → ID2216,176,3081,2216,0.3163760830836151,0.0,0.5624731843240308,0.5624731843240308,11.5,326.96734290365214,178.4987214460853,0.0,
ID2974 → ID3461,176,2974,3461,2.2250738585072014E-308,0.0,0.0,0.0,4.5,346.2498533237476,170.88006188120133,0.0,
ID3410 → ID3497,176,3410,3497,2.2250738585072014E-308,0.0,0.0,0.0,7.5,337.5084655634274,174.9427517146407,0.0,
ID2216 → ID2455,176,2216,2455,5.2156369145689965,1.3923461774128263,2.2837768968463177,2.2837768968463177,12.5,327.67829924231387,179.49448861004856,0.0,
ID3771 → ID5156,176,3771,5156,2.2250738585072014E-308,0.0,0.0,0.0,2.5,350.0,171.0,0.0,
ID3532 → ID3081,176,3532,3081,2.2250738585072014E-308,0.0,0.0,0.0,10.5,326.69248652783614,178.55828648150205,0.0,
ID5818 → ID5600,176,5818,5600,2.2250738585072014E-308,0.0,0.0,0.0,16.5,333.8402002661627,188.8230550803949,0.0,
ID4921 → ID5234,176,4921,5234,2.2250738585072014E-308,NaN,0.0,0.0,0.5,350.0,171.0,0.0,
ID3497 → ID2605,176,3497,2605,64.8888904879383,0.0,8.055364081650083,8.055364081650083,8.5,333.6079078466971,175.94668005891646,0.0,
ID2455 → ID2783,176,2455,2783,2.2250738585072014E-308,0.0,0.0,0.0,13.5,328.11439920515966,180.54982080942852,0.0,
ID3387 → ID3410,176,3387,3410,24.67647529574962,0.9992398580138425,4.967542178557684,4.967542178557684,6.5,338.8795654037142,172.87171234951438,0.0,
ID5234 → ID3771,176,5234,3771,2.2250738585072014E-308,0.0,0.0,0.0,1.5,350.0,171.0,0.0,
ID2067 → ID5818,176,2067,5818,127.40042598319286,3.065778122979182,11.287179717856576,11.287179717856576,15.5,330.5856801121579,184.21239297360648,0.0,
ID5156 → ID2974,176,5156,2974,14.077985245748092,0.0,3.7520641313479826,3.7520641313479826,3.5,348.1249266618738,170.94003094060065,0.0,
ID3461 → ID3387,176,3461,3387,35.99656021311028,0.0,5.999713344244896,5.999713344244896,5.5,343.2502592838743,170.84036743279466,0.0,
ID2783 → ID2067,176,2783,2067,1.512338257330581,0.0,1.2297716281206772,1.2297716281206772,14.5,327.72277958165637,180.07577583812332,0.0,
ID2605 → ID3532,176,2605,3532,11.674031342930382,0.2379799107685466,3.41672816345263,3.41672816345263,9.5,328.1999183289015,177.75444744234713,0.0,
ID5442 → ID4243,177,5442,4243,52.78999542810719,0.0,7.265672400274265,7.265672400274265,3.5,323.6181439667006,657.4007012757012,0.0,
ID4837 → ID5442,177,4837,5442,2.2250738585072014E-308,0.0,0.0,0.0,2.5,320.74417235285455,655.1785883128134,0.0,
ID4715 → ID3777,177,4715,3777,62.35337836776387,0.0,7.896415539202827,7.896415539202827,8.5,330.31467325732274,668.1282562879488,0.0,
ID5503 → ID4837,177,5503,4837,2.2250738585072014E-308,0.0,0.0,0.0,1.5,320.74417235285455,655.1785883128134,0.0,
ID4699 → ID4407,177,4699,4407,2.2250738585072014E-308,0.0,0.0,0.0,10.5,336.8840177576881,673.2205904158944,0.0,
ID5085 → ID5503,177,5085,5503,2.2250738585072014E-308,NaN,0.0,0.0,0.5,320.74417235285455,655.1785883128134,0.0,
ID2571 → ID3483,177,2571,3483,45.79173273753244,0.9666435121534979,6.766958898761868,6.766958898761868,12.5,343.48140642576186,674.9840167232329,0.0,
ID3483 → ID4234,177,3483,4234,2.2250738585072014E-308,0.0,0.0,0.0,13.5,346.72795888914726,674.0312154391925,0.0,
ID2513 → ID5958,177,2513,5958,12.088655687697056,0.2978030641947407,3.4768744135641505,3.4768744135641505,15.5,353.2813819327073,670.6473886068745,0.0,
ID4676 → ID4715,177,4676,4715,2.2250738585072014E-308,0.0,0.0,0.0,7.5,327.91544674154426,664.9926452282148,0.0,
ID5958 → ID5740,177,5958,5740,2.2250738585072014E-308,0.0,0.0,0.0,16.5,354.6051423332301,669.5205246736812,0.0,
ID4622 → ID4634,177,4622,4634,34.79662757826541,0.0,5.898866635063502,5.898866635063502,5.5,329.17266225094164,660.8531907835543,0.0,
ID4634 → ID4676,177,4634,4676,23.96870521109769,2.0750064893136635,4.895784432662215,4.895784432662215,6.5,329.88432783144043,663.5381062783672,0.0,
ID4243 → ID4622,177,4243,4622,2.2250738585072014E-308,0.0,0.0,0.0,4.5,326.4921155805467,659.622814238589,0.0,
ID4407 → ID2571,177,4407,2571,18.6059955988179,0.0,4.313466772657221,4.313466772657221,11.5,338.5594358600323,674.578704211584,0.0,
ID4234 → ID2513,177,4234,2513,32.443252888004395,0.0,5.695897900068469,5.695897900068469,14.5,349.3427902106659,672.9027339896302,0.0,
ID3777 → ID4699,177,3777,4699,21.218649171046863,0.47894094352502425,4.606370498673209,4.606370498673209,9.5,334.7989587653947,672.2422288817886,0.0,
ID5162 → ID2984,178,5162,2984,15.577544835845028,0.0,3.9468398543448693,3.9468398543448693,3.5,714.7261864931452,173.66255701483152,0.0,
ID3062 → ID2214,178,3062,2214,3.3531633062515986,0.0,1.8311644672862126,1.8311644672862126,11.5,709.8931739643289,171.1889367305605,0.0,
ID5816 → ID5598,178,5816,5598,2.2250738585072014E-308,0.0,0.0,0.0,16.5,712.9522227300347,177.93786510463022,0.0,
ID2566 → ID3513,178,2566,3513,2.5941829392999933,2.4620362603917676,1.6106467456583995,1.6106467456583995,9.5,709.9494290155933,171.07414942590103,0.0,
ID2460 → ID2788,178,2460,2788,2.2250738585072014E-308,0.0,0.0,0.0,13.5,713.9245971610782,186.09642632833533,0.0,
ID2068 → ID5816,178,2068,5816,12.066496209205187,1.3063054683177822,3.4736862565875444,3.4736862565875444,15.5,714.4180110493828,178.86957785819953,0.0,
ID4924 → ID5238,178,4924,5238,2.2250738585072014E-308,NaN,0.0,0.0,0.5,716.6006646236806,174.27958047233207,0.0,
ID3513 → ID3062,178,3513,3062,2.2250738585072014E-308,0.0,0.0,0.0,10.5,709.8580330302192,170.27402911702086,0.0,
ID3853 → ID5162,178,3853,5162,2.2250738585072014E-308,0.0,0.0,0.0,2.5,716.6006646236806,174.27958047233207,0.0,
ID2214 → ID2460,178,2214,2460,211.7626225082312,0.23980365219960376,14.55206591890757,14.55206591890757,12.5,711.9264560297584,179.10013533621773,0.0,
ID2984 → ID3471,178,2984,3471,2.2250738585072014E-308,0.0,0.0,0.0,4.5,712.8517083626099,173.04553355733094,0.0,
ID5238 → ID3853,178,5238,3853,2.2250738585072014E-308,0.0,0.0,0.0,1.5,716.6006646236806,174.27958047233207,0.0,
ID3404 → ID3393,178,3404,3393,5.793233406866918,1.4358627198078093,2.4069136683451937,2.4069136683451937,6.5,710.1826357627484,170.49280945097857,0.0,
ID3471 → ID3404,178,3471,3404,11.112668547922233,0.0,3.3335669406691437,3.3335669406691437,5.5,712.0836546981137,171.5662564685357,0.0,
ID3393 → ID3487,178,3393,3487,2.2250738585072014E-308,0.0,0.0,0.0,7.5,709.0496704918793,170.8986395222167,0.0,
ID2788 → ID2068,178,2788,2068,43.4672069804625,0.0,6.592966478032669,6.592966478032669,14.5,714.9041982649046,182.9488584700521,0.0,
ID3487 → ID2566,178,3487,2566,1.9342415725543272,0.0,1.3907701364906881,1.3907701364906881,8.5,709.5452477464233,171.38645462849894,0.0,
ID3099 → ID2224,179,3099,2224,287.0338364372991,0.0,16.94207296753556,16.94207296753556,11.5,421.00075901835805,187.3050046801328,0.0,
ID3537 → ID3501,179,3537,3501,376.1637686381046,NaN,19.394941831263754,19.394941831263754,6.5,429.7402196544858,201.7821771583176,0.0,
ID2620 → ID3556,179,2620,3556,7.662653135029057,1.9475538472104248,2.7681497674491995,2.7681497674491995,9.5,427.34553719828796,184.1143038309078,0.0,
ID2224 → ID2464,179,2224,2464,21.782357438980462,2.990632994093092,4.667157318859143,4.667157318859143,12.5,415.27397506223315,189.61194306407015,0.0,
ID2793 → ID2072,179,2793,2072,106.78386521072531,0.0,10.33362788234245,10.33362788234245,14.5,413.18266322524596,191.54634130102434,0.0,
ID3556 → ID3099,179,3556,3099,2.2250738585072014E-308,0.0,0.0,0.0,10.5,428.6655971973921,183.69824508202453,0.0,
ID3582 → ID2620,179,3582,2620,104.88438414715586,0.0,10.241307736180758,10.241307736180758,8.5,429.2535979868179,188.5053257515995,0.0,
ID2464 → ID2793,179,2464,2793,2.2250738585072014E-308,0.0,0.0,0.0,13.5,417.2120292851424,188.31212184989923,0.0,
ID3501 → ID3582,179,3501,3582,2.2250738585072014E-308,0.0,0.0,0.0,7.5,432.481718774452,192.48028892340793,0.0,
ID4344 → ID3925,180,4344,3925,2.2250738585072014E-308,0.0,0.0,0.0,10.5,86.63049162328907,483.28962172954914,0.0,
ID2378 → ID5921,180,2378,5921,335.2943058016411,0.4748676957131602,18.31104327452811,18.31104327452811,15.5,64.40263283346405,529.6777599591483,0.0,
ID2370 → ID2976,180,2370,2976,201.91655420828897,0.5798490292037912,14.209734487607042,14.209734487607042,12.5,63.00126090083282,507.3015607475625,0.0,
ID4286 → ID4227,180,4286,4227,1564.0277307995955,0.0,39.54779046672008,39.54779046672008,5.5,38.264526604177206,458.3204391415003,0.0,
ID2976 → ID3793,180,2976,3793,2.2250738585072014E-308,0.0,0.0,0.0,13.5,60.811367874636,514.06051829188,0.0,
ID5404 → ID4559,180,5404,4559,2.2250738585072014E-308,0.0,0.0,0.0,1.5,29.488274004209632,465.52895464382124,0.0,
ID3925 → ID2370,180,3925,2370,757.3105705859435,0.0,27.519276345608063,27.519276345608063,11.5,75.91082277515935,491.91611246639707,0.0,
ID5337 → ID3838,180,5337,3838,77.07907967900016,0.0,8.779469213967332,8.779469213967332,3.5,25.300147189440104,466.84400738160724,0.0,
ID5009 → ID5404,180,5009,5404,2.2250738585072014E-308,NaN,0.0,0.0,0.5,29.488274004209632,465.52895464382124,0.0,
ID4256 → ID3077,180,4256,3077,148.71786919962815,0.0,12.194993612119202,12.194993612119202,8.5,92.6193912575165,466.8102549100328,0.0,
ID3838 → ID4286,180,3838,4286,2.2250738585072014E-308,0.0,0.0,0.0,4.5,21.11202037467057,468.15906011939325,0.0,
ID4230 → ID4256,180,4230,4256,2.2250738585072014E-308,0.0,0.0,0.0,7.5,93.9374308844297,460.85691644814494,0.0,
ID4559 → ID5337,180,4559,5337,2.2250738585072014E-308,0.0,0.0,0.0,2.5,29.488274004209632,465.52895464382124,0.0,
ID3077 → ID4344,180,3077,4344,132.61420619352546,0.199758562784569,11.51582416475371,11.51582416475371,9.5,88.9659216269462,478.0266075507349,0.0,
ID4227 → ID4230,180,4227,4230,1636.9641235398694,0.831625338896912,40.45941328714332,40.45941328714332,6.5,74.67723185905677,454.66936730587616,0.0,
ID3793 → ID2378,180,3793,2378,53.66921811980019,0.0,7.325927799248379,7.325927799248379,14.5,62.53627878005989,517.2919246263264,0.0,
ID5921 → ID5703,180,5921,5703,2.2250738585072014E-308,0.0,0.0,0.0,16.5,64.54407598144434,538.8321889575238,0.0,
ID3105 → ID3625,181,3105,3625,2.2250738585072014E-308,0.0,0.0,0.0,4.5,330.78662281156704,213.0765381772997,0.0,
ID5184 → ID3105,181,5184,3105,22.899110835265727,0.0,4.7853015406832755,4.7853015406832755,3.5,330.0841432875267,210.78933459494846,0.0,
ID4934 → ID5258,181,4934,5258,2.2250738585072014E-308,NaN,0.0,0.0,0.5,329.38166376348624,208.5021310125972,0.0,
ID3625 → ID3473,181,3625,3473,968.038861546788,0.0,31.11332289465058,31.11332289465058,5.5,339.2400726044391,200.0171009005221,0.0,
ID5820 → ID5602,181,5820,5602,2.2250738585072014E-308,0.0,0.0,0.0,16.5,316.9884875095635,193.4608146711092,0.0,
ID3546 → ID2616,181,3546,2616,48.34686389668587,0.0,6.953190914730148,6.953190914730148,8.5,343.4624525790847,183.68672996989596,0.0,
ID3108 → ID2220,181,3108,2220,25.45092705602992,0.0,5.044891183765009,5.044891183765009,11.5,333.3085223651935,189.2511905261323,0.0,
ID2616 → ID3568,181,2616,3568,63.219617819393264,0.8754861560330391,7.951076519528237,7.951076519528237,9.5,337.73860463663146,187.2697087737876,0.0,
ID2797 → ID2069,181,2797,2069,425.49374058979663,0.0,20.627499620404713,20.627499620404713,14.5,320.9472687253136,191.1655261618773,0.0,
ID2069 → ID5820,181,2069,5820,43.528644333187124,2.8164462111861464,6.597624143067497,6.597624143067497,15.5,313.8166482177706,192.55439501645952,0.0,
ID2467 → ID2797,181,2467,2797,2.2250738585072014E-308,0.0,0.0,0.0,13.5,331.2497285246496,190.68307696194478,0.0,
ID2220 → ID2467,181,2220,2467,7.411093706632067,2.1471798034722527,2.7223324019362636,2.7223324019362636,12.5,331.1947819908868,189.3230202333171,0.0,
ID3473 → ID3460,181,3473,3460,13.437288508365713,0.7857252508085457,3.6656907273208024,3.6656907273208024,6.5,347.3092137777403,185.16556178176822,0.0,
ID5258 → ID3952,181,5258,3952,2.2250738585072014E-308,0.0,0.0,0.0,1.5,329.38166376348624,208.5021310125972,0.0,
ID3460 → ID3546,181,3460,3546,2.2250738585072014E-308,0.0,0.0,0.0,7.5,346.92490515816934,183.3734599397919,0.0,
ID3568 → ID3108,181,3568,3108,2.2250738585072014E-308,0.0,0.0,0.0,10.5,335.47720927326293,190.5394175475752,0.0,
ID3952 → ID5184,181,3952,5184,2.2250738585072014E-308,0.0,0.0,0.0,2.5,329.38166376348624,208.5021310125972,0.0,
ID4692 → ID4687,182,4692,4687,158.12115437623126,NaN,12.574623428804191,12.574623428804191,6.5,349.24601332245453,675.3951884617973,0.0,
ID4390 → ID2560,182,4390,2560,40.60972953122012,0.0,6.372576365271751,6.372576365271751,11.5,356.52258349381185,669.190304212447,0.0,
ID2526 → ID5962,182,2526,5962,6.913353614326429,0.09986266747792173,2.6293256957490887,2.6293256957490887,15.5,357.18267693682475,678.2260629144923,0.0,
ID2560 → ID3492,182,2560,3492,156.2435185200117,1.5511897238589192,12.499740738111798,12.499740738111798,12.5,356.23814620507414,676.2552348423264,0.0,
ID3786 → ID4689,182,3786,4689,53.107764180261015,2.7837790036174064,7.2875074051599436,7.2875074051599436,9.5,353.6792452242753,671.2298118825377,0.0,
ID5962 → ID5744,182,5962,5744,2.2250738585072014E-308,0.0,0.0,0.0,16.5,358.23353977580604,677.4361099429619,0.0,
ID4687 → ID4724,182,4687,4724,2.2250738585072014E-308,0.0,0.0,0.0,7.5,351.77883556886394,669.6406163610976,0.0,
ID4689 → ID4390,182,4689,4390,2.2250738585072014E-308,0.0,0.0,0.0,10.5,353.76897294903927,667.5871631236708,0.0,
ID4724 → ID3786,182,4724,3786,30.650763627352305,0.0,5.53631318002805,5.53631318002805,8.5,352.6841765341876,672.256538501251,0.0,
ID3492 → ID4242,182,3492,4242,2.2250738585072014E-308,0.0,0.0,0.0,13.5,353.2000983715638,681.7170243834298,0.0,
ID4242 → ID2526,182,4242,2526,15.89040400278017,0.0,3.986276960119576,3.986276960119576,14.5,354.66595623470363,680.3665201347263,0.0,
ID3593 → ID2630,183,3593,2630,19.95276751272906,0.0,4.466852080909895,4.466852080909895,8.5,97.02100946853034,193.96496777815935,0.0,
ID5246 → ID3892,183,5246,3892,2.2250738585072014E-308,0.0,0.0,0.0,1.5,120.95187287007872,197.114202094765,0.0,
ID3590 → ID3128,183,3590,3128,2.2250738585072014E-308,0.0,0.0,0.0,10.5,96.99658476776666,199.04074188000823,0.0,
ID3512 → ID3593,183,3512,3593,2.2250738585072014E-308,0.0,0.0,0.0,7.5,98.36716157042599,195.74711995929994,0.0,
ID5170 → ID3086,183,5170,3086,437.060485068738,0.0,20.905991606923074,20.905991606923074,3.5,111.15542171879001,200.76038723921374,0.0,
ID4928 → ID5246,183,4928,5246,2.2250738585072014E-308,NaN,0.0,0.0,0.5,120.95187287007872,197.114202094765,0.0,
ID3086 → ID3604,183,3086,3604,2.2250738585072014E-308,0.0,0.0,0.0,4.5,101.3589705675013,204.40657238366248,0.0,
ID2471 → ID2808,183,2471,2808,2.2250738585072014E-308,0.0,0.0,0.0,13.5,113.56977098017946,199.9485784261641,0.0,
ID3892 → ID5170,183,3892,5170,2.2250738585072014E-308,0.0,0.0,0.0,2.5,120.95187287007872,197.114202094765,0.0,
ID2630 → ID3590,183,2630,3590,48.77811622582087,2.6850704950845583,6.984133176409286,6.984133176409286,9.5,96.33572106720067,195.6117787385135,0.0,
ID3493 → ID3512,183,3493,3512,2.4534586679720154,0.7662874152547826,1.5663520255587553,1.5663520255587553,6.5,99.01763307028415,196.18329824264893,0.0,
ID3604 → ID3493,183,3604,3493,63.497889717481236,0.0,7.968556313252812,7.968556313252812,5.5,100.51353756882182,200.5130244548302,0.0,
ID3128 → ID2471,183,3128,2471,275.4946684258457,0.0,8.299016032425858,16.598032064851715,12.0,105.28317787397306,199.49466015308616,0.0,
ID2076 → ID5824,184,2076,5824,8.512514992919751,3.012704633883552,2.917621461553872,2.917621461553872,15.5,69.2780227270078,202.34704953755835,0.0,
ID2804 → ID2076,184,2804,2076,126.78252473787808,0.0,11.259774630865312,11.259774630865312,14.5,73.43916733435333,201.87907408626722,0.0,
ID5824 → ID5606,184,5824,5606,2.2250738585072014E-308,0.0,0.0,0.0,16.5,70.6777107853089,201.93595090258228,0.0,
ID2474 → ID2804,184,2474,2804,2.2250738585072014E-308,NaN,0.0,0.0,13.5,79.0,201.0,0.0,
ID4449 → ID4047,185,4449,4047,2.2250738585072014E-308,0.0,0.0,0.0,10.5,421.63580972002336,502.4944619101486,0.0,
ID4465 → ID3182,185,4465,3182,1079.5051530618605,0.0,32.855823731293974,32.855823731293974,8.5,432.0978030302781,494.7210498957869,0.0,
ID4389 → ID4457,185,4389,4457,419.2891836412788,0.564185789182426,20.47655204474813,20.47655204474813,6.5,456.7448411196191,495.9667488587679,0.0,
ID2355 → ID5904,185,2355,5904,14.688344287911054,0.5077292247882009,3.8325375781472846,3.8325375781472846,15.5,426.4988078598145,497.1479719992143,0.0,
ID2989 → ID3799,185,2989,3799,2.2250738585072014E-308,0.0,0.0,0.0,13.5,428.1277064078683,514.7641153551314,0.0,
ID2384 → ID2989,185,2384,2989,23.158736959208778,0.8909060350137674,4.812352538957301,4.812352538957301,12.5,428.44267949828077,512.378643453784,0.0,
ID3182 → ID4449,185,3182,4449,205.41069569559826,2.2764991675749733,14.332156003044282,14.332156003044282,9.5,419.15854514364946,495.7701898943433,0.0,
ID3799 → ID2355,185,3799,2355,255.75076564544602,0.0,15.992209529813135,15.992209529813135,14.5,427.81181011193877,506.7742529694842,0.0,
ID5904 → ID5686,185,5904,5686,2.2250738585072014E-308,0.0,0.0,0.0,16.5,425.5017019036198,495.5115534145915,0.0,
ID5035 → ID5439,185,5035,5439,2.2250738585072014E-308,NaN,0.0,0.0,0.5,461.0,490.0,0.0,
ID3985 → ID4411,185,3985,4411,2.2250738585072014E-308,0.0,0.0,0.0,4.5,471.9263358810064,492.23540391226817,0.0,
ID5371 → ID3985,185,5371,3985,124.38184643555225,0.0,11.152660957616897,11.152660957616897,3.5,466.46316794050324,491.11770195613406,0.0,
ID4659 → ID5371,185,4659,5371,2.2250738585072014E-308,0.0,0.0,0.0,2.5,461.0,490.0,0.0,
ID4411 → ID4389,185,4411,4389,35.90147967199458,0.0,5.991784347921292,5.991784347921292,5.5,468.950846313482,491.88635985838414,0.0,
ID4047 → ID2384,185,4047,2384,106.95129214536655,0.0,10.341725781771945,10.341725781771945,11.5,425.1967311543583,506.24381673129255,0.0,
ID5439 → ID4659,185,5439,4659,2.2250738585072014E-308,0.0,0.0,0.0,1.5,461.0,490.0,0.0,
ID4457 → ID4465,185,4457,4465,2.2250738585072014E-308,0.0,0.0,0.0,7.5,447.5143254932806,500.39618191303583,0.0,
ID2077 → ID5825,186,2077,5825,16.673792080141595,0.6338043641030018,4.0833554927463265,4.0833554927463265,15.5,108.58997983592144,202.95511198217315,0.0,
ID2478 → ID2800,186,2478,2800,2.2250738585072014E-308,0.0,0.0,0.0,13.5,113.56977098017946,199.9485784261641,0.0,
ID3120 → ID2226,186,3120,2226,44.93498860381785,0.0,6.703356517731833,6.703356517731833,11.5,117.41266725599361,194.89498981944632,0.0,
ID5235 → ID3834,186,5235,3834,2.2250738585072014E-308,0.0,0.0,0.0,1.5,113.82741215485558,173.27058051269935,0.0,
ID2800 → ID2077,186,2800,2077,16.36051617641973,0.0,4.044813490931285,4.044813490931285,14.5,112.09352499148355,201.33090502467985,0.0,
ID5825 → ID5607,186,5825,5607,2.2250738585072014E-308,0.0,0.0,0.0,16.5,106.56268066905527,203.19699234115066,0.0,
ID3834 → ID5157,186,3834,5157,2.2250738585072014E-308,0.0,0.0,0.0,2.5,113.82741215485558,173.27058051269935,0.0,
ID3416 → ID3448,186,3416,3448,19.18843988187644,0.8053691212810354,4.380461149454066,4.380461149454066,6.5,122.4093770664065,181.13856847008492,0.0,
ID3579 → ID3120,186,3579,3120,2.2250738585072014E-308,0.0,0.0,0.0,10.5,118.19460212801005,191.63579896788835,0.0,
ID3479 → ID3416,186,3479,3416,16.9173216946946,0.0,4.113067188205731,4.113067188205731,5.5,123.24239116549231,177.32096863477213,0.0,
ID3448 → ID3539,186,3448,3539,2.2250738585072014E-308,0.0,0.0,0.0,7.5,121.16525820553227,182.94114391385588,0.0,
ID2226 → ID2478,186,2226,2478,12.58934801926191,0.8051041902446975,3.548147124804989,3.548147124804989,12.5,115.10025168207832,199.05137954858418,0.0,
ID2624 → ID3579,186,2624,3579,18.599816952782387,0.6454668795440073,4.312750508988711,4.312750508988711,9.5,119.56461234798483,189.97055837405208,0.0,
ID3539 → ID2624,186,3539,2624,28.82755406585697,0.0,5.369129730771736,5.369129730771736,8.5,121.04994038674594,185.6232308470358,0.0,
ID2994 → ID3479,186,2994,3479,2.2250738585072014E-308,0.0,0.0,0.0,4.5,122.83128640370387,175.3059442432303,0.0,
ID4922 → ID5235,186,4922,5235,2.2250738585072014E-308,NaN,0.0,0.0,0.5,113.82741215485558,173.27058051269935,0.0,
ID5157 → ID2994,186,5157,2994,85.21245700463423,0.0,9.231059365242661,9.231059365242661,3.5,118.32934927927973,174.28826237796483,0.0,
ID5963 → ID5745,187,5963,5745,2.2250738585072014E-308,0.0,0.0,0.0,16.5,186.80714447297103,678.3220521130621,0.0,
ID5507 → ID4522,187,5507,4522,36.0,0.0,6.0,6.0,3.5,183.0,735.0,0.0,
ID4729 → ID4442,187,4729,4442,2.2250738585072014E-308,0.0,0.0,0.0,10.5,196.4364720026882,681.4547462575682,0.0,
ID5136 → ID5536,187,5136,5536,2.2250738585072014E-308,NaN,0.0,0.0,0.5,180.0,735.0,0.0,
ID2522 → ID5963,187,2522,5963,3.5895183412467695,2.848763781284022,1.894602423002454,1.894602423002454,15.5,185.86451541508498,678.2280837963774,0.0,
ID2578 → ID3502,187,2578,3502,42.60007698189448,2.8934069921842465,6.5268734461374756,6.5268734461374756,12.5,194.04585891979104,684.5736422305297,0.0,
ID5536 → ID4867,187,5536,4867,2.2250738585072014E-308,0.0,0.0,0.0,1.5,180.0,735.0,0.0,
ID4251 → ID2522,187,4251,2522,169.86097049398643,0.0,13.033072181722405,13.033072181722405,14.5,190.94365418211402,680.6248091353466,0.0,
ID4798 → ID3825,187,4798,3825,12.851112017809296,0.0,3.5848447689975775,3.5848447689975775,8.5,195.09337243695947,686.6494475978832,0.0,
ID4761 → ID4798,187,4761,4798,2.2250738585072014E-308,0.0,0.0,0.0,7.5,196.26137791193514,688.0090582829247,0.0,
ID4790 → ID4761,187,4790,4761,1826.618238860995,0.48158022469403683,42.738954583155106,42.738954583155106,6.5,190.51209969508787,708.5906121528475,0.0,
ID4442 → ID2578,187,4442,2578,49.14722412506505,0.0,7.010508121745888,7.010508121745888,11.5,193.7813839176206,683.7432639638135,0.0,
ID4522 → ID4818,187,4522,4818,2.2250738585072014E-308,0.0,0.0,0.0,4.5,186.0,735.0,0.0,
ID4867 → ID5507,187,4867,5507,2.2250738585072014E-308,0.0,0.0,0.0,2.5,180.0,735.0,0.0,
ID4818 → ID4790,187,4818,4790,35.49425956085591,0.0,5.957705897478988,5.957705897478988,5.5,185.3814107391203,732.0860830113852,0.0,
ID3825 → ID4729,187,3825,4729,21.01356885961597,1.2894598202252245,4.584055939843663,4.584055939843663,9.5,195.18091948233598,683.372291585205,0.0,
ID3502 → ID4251,187,3502,4251,2.2250738585072014E-308,0.0,0.0,0.0,13.5,196.9654220070291,683.1155027910004,0.0,
ID2073 → ID5826,188,2073,5826,33.568967828719906,2.3386496092746696,5.793873301058619,5.793873301058619,15.5,335.9523432995038,200.97875091089662,0.0,
ID3445 → ID3397,188,3445,3397,34.3769688994006,0.0,5.863187605680088,5.863187605680088,5.5,328.25512077803796,170.60768437450054,0.0,
ID2956 → ID3445,188,2956,3445,2.2250738585072014E-308,0.0,0.0,0.0,4.5,330.9151297454482,169.37537170389,0.0,
ID5826 → ID5608,188,5826,5608,2.2250738585072014E-308,0.0,0.0,0.0,16.5,335.77891797317477,203.87049184212952,0.0,
ID3727 → ID5150,188,3727,5150,2.2250738585072014E-308,0.0,0.0,0.0,2.5,347.07266278974856,166.410375879775,0.0,
ID5229 → ID3727,188,5229,3727,2.2250738585072014E-308,0.0,0.0,0.0,1.5,347.07266278974856,166.410375879775,0.0,
ID2596 → ID3525,188,2596,3525,130.6743402245302,2.856435439566232,11.431287776297568,11.431287776297568,9.5,320.5563159699142,177.3768741356842,0.0,
ID3431 → ID3517,188,3431,3517,2.2250738585072014E-308,0.0,0.0,0.0,7.5,320.67395116421585,179.24133984930918,0.0,
ID2812 → ID2073,188,2812,2073,53.850783735783125,0.0,7.338309324073435,7.338309324073435,14.5,333.338330231681,200.47298632756713,0.0,
ID5150 → ID2956,188,5150,2956,269.8570743146773,0.0,16.42732705934466,16.42732705934466,3.5,338.9938962675984,167.8928737918325,0.0,
ID3397 → ID3431,188,3397,3431,78.99769741304857,0.5501795741899435,8.888064885735734,8.888064885735734,6.5,323.1345314874218,175.54066844721012,0.0,
ID4918 → ID5229,188,4918,5229,2.2250738585072014E-308,NaN,0.0,0.0,0.5,347.07266278974856,166.410375879775,0.0,
ID2482 → ID2812,188,2482,2812,2.2250738585072014E-308,0.0,0.0,0.0,13.5,330.55089183752926,202.85896267547054,0.0,
ID3525 → ID3072,188,3525,3072,2.2250738585072014E-308,0.0,0.0,0.0,10.5,326.173302705224,178.43425063981405,0.0,
ID3072 → ID2482,188,3072,2482,615.72984463602,0.0,12.406952130116606,24.813904260233212,12.0,328.3620972713766,190.64660665764228,0.0,
ID3517 → ID2596,188,3517,2596,41.423050621036154,0.0,6.436074162176517,6.436074162176517,8.5,317.8066401994101,177.78041874043174,0.0,
ID2486 → ID2816,189,2486,2816,2.2250738585072014E-308,0.0,0.0,0.0,13.5,85.53748356031932,204.2677360304238,0.0,
ID2816 → ID2074,189,2816,2074,17.91581515203071,0.0,4.232707780136813,4.232707780136813,14.5,84.15817375908148,202.66260106406835,0.0,
ID3146 → ID2228,189,3146,2228,5.525891061285246,0.0,2.3507213916764456,2.3507213916764456,11.5,89.39941147309514,203.8627706733856,0.0,
ID5823 → ID5605,189,5823,5605,2.2250738585072014E-308,0.0,0.0,0.0,16.5,86.83150635807175,199.81178977185945,0.0,
ID2074 → ID5823,189,2074,5823,17.975619932918406,1.9824630157666039,4.239766495093616,4.239766495093616,15.5,84.8051851579577,200.4346279347862,0.0,
ID3603 → ID3608,189,3603,3608,50.038009142648086,0.0,3.5368774767670454,7.073754953534091,9.0,88.08762765149908,200.6751189778961,0.0,
ID2228 → ID2486,189,2228,2486,25.419010645589946,2.993516505819692,5.041726950717377,5.041726950717377,12.5,88.03035941680287,203.89313941330226,0.0,
ID3608 → ID3146,189,3608,3146,2.2250738585072014E-308,0.0,0.0,0.0,10.5,88.27558767290387,204.20699855059044,0.0,
ID3520 → ID3603,189,3520,3603,2.2250738585072014E-308,NaN,0.0,0.0,7.5,87.89966763009427,197.14323940520177,0.0,
ID3000 → ID3808,190,3000,3808,2.2250738585072014E-308,0.0,0.0,0.0,13.5,721.0234607689633,514.7424171219413,0.0,
ID4337 → ID4338,190,4337,4338,2.2250738585072014E-308,NaN,0.0,0.0,7.5,740.7170645092605,478.7422067867855,0.0,
ID3984 → ID2358,190,3984,2358,112.19160208412612,0.0,10.592053723623485,10.592053723623485,11.5,734.6865090720473,493.24068113597696,0.0,
ID3193 → ID4392,190,3193,4392,6.759541331658104,0.1662636211988187,2.599911793053392,2.599911793053392,9.5,740.1319308915804,492.98370146959746,0.0,
ID4338 → ID3193,190,4338,3193,168.21718788405673,0.0,12.96985689528056,12.96985689528056,8.5,740.5486765305759,485.2249486804327,0.0,
ID3808 → ID2371,190,3808,2371,4.378134439192421,0.0,2.0923992064595183,2.0923992064595183,14.5,720.4577673791508,513.8623463301749,0.0,
ID5907 → ID5689,190,5907,5689,2.2250738585072014E-308,0.0,0.0,0.0,16.5,716.4826634706869,505.72918266538034,0.0,
ID2358 → ID3000,190,2358,3000,578.8578434809504,1.404842022311073,24.05946473803917,24.05946473803917,12.5,725.2564528408942,503.48203351439014,0.0,
ID4392 → ID3984,190,4392,3984,2.2250738585072014E-308,0.0,0.0,0.0,10.5,739.8835732312697,494.25971236511504,0.0,
ID2371 → ID5907,190,2371,5907,64.23143630946,0.13187160947087534,8.014451716085137,8.014451716085137,15.5,718.1873687300126,509.3557291018943,0.0,
ID3639 → ID3174,191,3639,3174,2.2250738585072014E-308,0.0,0.0,0.0,10.5,180.36373403588684,213.36236844543043,0.0,
ID3573 → ID3613,191,3573,3613,94.80114789063235,1.465811406304826,9.736588103161823,9.736588103161823,6.5,172.29248900656353,223.41428307334252,0.0,
ID2232 → ID2490,191,2232,2490,24.94190838096624,0.22620030074298492,4.994187459533957,4.994187459533957,12.5,183.88210168180498,207.15116309564002,0.0,
ID2645 → ID3639,191,2645,3639,20.60622559567425,0.7259214545899738,4.539408066661803,4.539408066661803,9.5,180.6052208281788,215.619189335104,0.0,
ID5812 → ID5594,191,5812,5594,2.2250738585072014E-308,0.0,0.0,0.0,16.5,209.4852018093202,163.09559859411857,0.0,
ID2821 → ID2071,191,2821,2071,102.77151044689846,0.0,10.13762844292976,10.13762844292976,14.5,183.26530229282463,199.9837297813222,0.0,
ID3675 → ID2645,191,3675,2645,40.595487054170604,0.0,6.3714587854093985,6.3714587854093985,8.5,178.9974400570083,220.47005749540864,0.0,
ID5277 → ID4030,191,5277,4030,2.2250738585072014E-308,0.0,0.0,0.0,1.5,163.06349297336075,233.27871566302585,0.0,
ID5202 → ID3159,191,5202,3159,72.18011973116458,0.0,8.495888401524857,8.495888401524857,3.5,165.21404987239634,229.6153654263161,0.0,
ID2490 → ID2821,191,2490,2821,2.2250738585072014E-308,0.0,0.0,0.0,13.5,184.77978479127287,204.8210038456707,0.0,
ID2071 → ID5812,191,2071,5812,1796.4533880605131,1.016742136510954,42.38458903965583,42.38458903965583,15.5,195.6180108018483,179.12102715554613,0.0,
ID3613 → ID3675,191,3613,3675,2.2250738585072014E-308,0.0,0.0,0.0,7.5,177.14817249354584,223.06410476603966,0.0,
ID3669 → ID3573,191,3669,3573,4.79060432633379,0.0,2.188744920344486,2.188744920344486,5.5,167.4007061455066,224.85823828512582,0.0,
ID4030 → ID5202,191,4030,5202,2.2250738585072014E-308,0.0,0.0,0.0,2.5,163.06349297336075,233.27871566302585,0.0,
ID3174 → ID2232,191,3174,2232,21.930506268525885,0.0,4.6830018437457275,4.6830018437457275,11.5,181.67407630411196,211.42184539551988,0.0,
ID3159 → ID3669,191,3159,3669,2.2250738585072014E-308,0.0,0.0,0.0,4.5,167.36460677143194,225.9520151896063,0.0,
ID4943 → ID5277,191,4943,5277,2.2250738585072014E-308,NaN,0.0,0.0,0.5,163.06349297336075,233.27871566302585,0.0,
ID2533 → ID5964,192,2533,5964,10.78971224896736,1.7588657529744172,3.284769740631352,3.284769740631352,15.5,696.6073218381506,690.4219528289348,0.0,
ID4462 → ID2584,192,4462,2584,55.300830388714594,0.0,7.436452809553396,7.436452809553396,11.5,696.7710095737849,687.6296980705745,0.0,
ID4669 → ID4705,192,4669,4705,6.064794554497899,0.07591762982154254,2.4626803597905065,2.4626803597905065,6.5,694.231067814427,673.0258973918852,0.0,
ID4314 → ID4668,192,4314,4668,2.2250738585072014E-308,0.0,0.0,0.0,4.5,682.5738930199744,673.5728038527185,0.0,
ID3516 → ID4262,192,3516,4262,2.2250738585072014E-308,0.0,0.0,0.0,13.5,697.5594177635513,692.0343139561375,0.0,
ID4842 → ID5453,192,4842,5453,2.2250738585072014E-308,0.0,0.0,0.0,2.5,683.5790080016538,667.8177846542966,0.0,
ID2584 → ID3516,192,2584,3516,2.126270590561628,1.185963259335849,1.4581737175527572,1.4581737175527572,12.5,698.0302276587626,691.477622218987,0.0,
ID4668 → ID4669,192,4668,4669,109.03181101262696,0.0,10.441829868975407,10.441829868975407,5.5,687.7869465099873,673.2864019263593,0.0,
ID3800 → ID4747,192,3800,4747,33.835054629188356,0.16890928094992683,5.816790749991644,5.816790749991644,9.5,694.9103603420544,681.4330049822522,0.0,
ID4742 → ID3800,192,4742,3800,30.44949785688822,0.0,5.51810636513,5.51810636513,8.5,695.1209373596835,675.7896695444813,0.0,
ID4705 → ID4742,192,4705,4742,2.2250738585072014E-308,0.0,0.0,0.0,7.5,695.462135628854,673.0517947837704,0.0,
ID5964 → ID5746,192,5964,5746,2.2250738585072014E-308,0.0,0.0,0.0,16.5,695.0467886441858,689.9099330902764,0.0,
ID4262 → ID2533,192,4262,2533,1.5809470811215498,0.0,1.2573571812025213,1.2573571812025213,14.5,697.8636363978334,691.4841432618653,0.0,
ID5453 → ID4314,192,5453,4314,34.13050210060112,0.0,5.842131640129407,5.842131640129407,3.5,683.0764505108141,670.6952942535075,0.0,
ID5094 → ID5511,192,5094,5511,2.2250738585072014E-308,NaN,0.0,0.0,0.5,683.5790080016538,667.8177846542966,0.0,
ID5511 → ID4842,192,5511,4842,2.2250738585072014E-308,0.0,0.0,0.0,1.5,683.5790080016538,667.8177846542966,0.0,
ID4747 → ID4462,192,4747,4462,2.2250738585072014E-308,0.0,0.0,0.0,10.5,695.040981593596,684.3384656593123,0.0,
ID2494 → ID2826,193,2494,2826,2.2250738585072014E-308,0.0,0.0,0.0,13.5,421.88142213119215,205.28527524510685,0.0,
ID3598 → ID3136,193,3598,3136,2.2250738585072014E-308,0.0,0.0,0.0,10.5,432.329838815024,200.60701745812437,0.0,
ID3962 → ID5186,193,3962,5186,2.2250738585072014E-308,0.0,0.0,0.0,2.5,435.68854387215936,210.58752748203352,0.0,
ID5186 → ID3047,193,5186,3047,145.98606258371808,0.0,12.082469225440555,12.082469225440555,3.5,434.70845717709244,204.62632410384867,0.0,
ID2826 → ID2079,193,2826,2079,192.24167754243578,0.0,13.865124505118438,13.865124505118438,14.5,415.6165447269459,208.25373115607695,0.0,
ID2633 → ID3598,193,2633,3598,47.355001611425955,0.5109110967967475,6.881497047258391,6.881497047258391,9.5,433.2387364766636,197.28848533630867,0.0,
ID3572 → ID2633,193,3572,2633,85.44034376544084,0.0,9.243394601846274,9.243394601846274,8.5,437.39219370868557,190.6786131932251,0.0,
ID2230 → ID2494,193,2230,2494,7.8533329100078255,0.11092770801568079,2.8023798654015173,2.8023798654015173,12.5,423.20372504883284,204.821758016192,0.0,
ID3136 → ID2230,193,3136,2230,74.97114022513438,0.0,8.658587657645695,8.658587657645695,11.5,428.42793339074876,202.48262912270076,0.0,
ID3552 → ID3482,193,3552,3482,72.09009438802215,0.0,8.490588577243756,8.490588577243756,5.5,434.620349986306,194.5145911015136,0.0,
ID4935 → ID5260,193,4935,5260,2.2250738585072014E-308,NaN,0.0,0.0,0.5,435.68854387215936,210.58752748203352,0.0,
ID3490 → ID3572,193,3490,3572,2.2250738585072014E-308,0.0,0.0,0.0,7.5,440.6367532790681,187.38727317195725,0.0,
ID3047 → ID3552,193,3047,3552,2.2250738585072014E-308,0.0,0.0,0.0,4.5,433.72837048202547,198.66512072566385,0.0,
ID5827 → ID5609,193,5827,5609,2.2250738585072014E-308,0.0,0.0,0.0,16.5,395.8851112109357,204.73176732372147,0.0,
ID2079 → ID5827,193,2079,5827,223.47368195583647,0.8916057108479233,14.949036154743773,14.949036154743773,15.5,402.61838926681764,207.97697719538428,0.0,
ID5260 → ID3962,193,5260,3962,2.2250738585072014E-308,0.0,0.0,0.0,1.5,435.68854387215936,210.58752748203352,0.0,
ID3482 → ID3490,193,3482,3490,35.12098777915769,0.8328501656132908,5.9262962952553835,5.9262962952553835,6.5,438.07454138482734,188.8756673246603,0.0,
ID2499 → ID2830,194,2499,2830,2.2250738585072014E-308,NaN,0.0,0.0,13.5,767.0,207.0,0.0,
ID5814 → ID5596,194,5814,5596,2.2250738585072014E-308,0.0,0.0,0.0,16.5,757.0985986464194,171.0383538846855,0.0,
ID2830 → ID2066,194,2830,2066,841.0,0.0,29.0,29.0,14.5,767.0,192.5,0.0,
ID2066 → ID5814,194,2066,5814,146.50226539956077,0.9579948260115989,12.103812019341706,12.103812019341706,15.5,762.0492993232097,174.51917694234277,0.0,
ID2636 → ID3629,195,2636,3629,106.98200092479948,0.18891045574663873,10.343210378059585,10.343210378059585,9.5,112.50053501915323,209.76471898971138,0.0,
ID2237 → ID2502,195,2237,2502,10.26770794020724,2.5004270258717667,3.204326440955609,3.204326440955609,12.5,101.82000592411407,213.99050879484327,0.0,
ID3843 → ID5160,195,3843,5160,2.2250738585072014E-308,0.0,0.0,0.0,2.5,118.77118411467067,175.1897710827279,0.0,
ID2836 → ID2080,195,2836,2080,97.4074274833491,0.0,9.869520124268915,9.869520124268915,14.5,97.75073772193963,212.19063404235334,0.0,
ID3504 → ID3545,195,3504,3545,23.77001441300736,1.3987394655619718,4.875450175420457,4.875450175420457,6.5,120.40274925301655,202.82873746341403,0.0,
ID5236 → ID3843,195,5236,3843,2.2250738585072014E-308,0.0,0.0,0.0,1.5,118.77118411467067,175.1897710827279,0.0,
ID3064 → ID3576,195,3064,3576,2.2250738585072014E-308,0.0,0.0,0.0,4.5,120.41166648600105,199.58316737371723,0.0,
ID2502 → ID2836,195,2502,2836,2.2250738585072014E-308,0.0,0.0,0.0,13.5,102.66591207512471,212.62985830014074,0.0,
ID3545 → ID3626,195,3545,3626,2.2250738585072014E-308,0.0,0.0,0.0,7.5,119.09052633109674,204.8831411740902,0.0,
ID3576 → ID3504,195,3576,3504,3.117483061320227,0.0,1.7656395615527614,1.7656395615527614,5.5,121.06331933046872,200.17875056322754,0.0,
ID4923 → ID5236,195,4923,5236,2.2250738585072014E-308,NaN,0.0,0.0,0.5,118.77118411467067,175.1897710827279,0.0,
ID3164 → ID2237,195,3164,2237,59.21876388539272,0.0,7.695372888001771,7.695372888001771,11.5,104.55663285918767,213.94753980462116,0.0,
ID5822 → ID5604,195,5822,5604,2.2250738585072014E-308,0.0,0.0,0.0,16.5,101.0,199.0,0.0,
ID3626 → ID2636,195,3626,2636,9.386743967340426,0.0,3.063779360094396,3.063779360094396,8.5,117.97621521206565,205.9343294169082,0.0,
ID2080 → ID5822,195,2080,5822,229.25647699954573,2.0511819830534614,15.141217817584744,15.141217817584744,15.5,96.91778168437727,205.37570489228295,0.0,
ID3629 → ID3164,195,3629,3164,2.2250738585072014E-308,0.0,0.0,0.0,10.5,108.1391659452719,212.54392031969655,0.0,
ID5160 → ID3064,195,5160,3064,597.7289650198977,0.0,24.44849617092834,24.44849617092834,3.5,119.59142530033586,187.38646922822255,0.0,
ID2373 → ID5911,196,2373,5911,5.7287530789663546,3.0933617836857152,2.393481372178684,2.393481372178684,15.5,215.24964632364149,515.9083175643755,0.0,
ID3816 → ID2373,196,3816,2373,9.661017717192223,0.0,3.1082177718416424,3.1082177718416424,14.5,215.05235689692228,516.2134642893138,0.0,
ID2399 → ID3014,196,2399,3014,10.256708470028666,NaN,3.202609634349567,3.202609634349567,12.5,212.4201068654504,517.5410127280977,0.0,
ID3014 → ID3816,196,3014,3816,2.2250738585072014E-308,0.0,0.0,0.0,13.5,214.0120396425605,517.3680180730655,0.0,
ID5911 → ID5693,196,5911,5693,2.2250738585072014E-308,0.0,0.0,0.0,16.5,214.40661849599888,516.7577246231888,0.0,
ID4784 → ID4815,197,4784,4815,2.2250738585072014E-308,0.0,0.0,0.0,7.5,258.01071072254115,700.1092602906062,0.0,
ID4270 → ID2536,197,4270,2536,30.642319321976824,0.0,5.535550498548163,5.535550498548163,14.5,258.98445010276146,693.872708004674,0.0,
ID4760 → ID4784,197,4760,4784,3.5542245049948487,1.1059727532090506,1.885265102046619,1.885265102046619,6.5,258.9325380148366,700.3062135069496,0.0,
ID4753 → ID4760,197,4753,4760,3.9117556986456563,0.0,1.9778158909882528,1.9778158909882528,5.5,260.47257363541803,699.7313135070017,0.0,
ID2593 → ID3526,197,2593,3526,35.16884461104477,2.752612714827079,5.930332588569107,5.930332588569107,12.5,257.4898399175284,696.5650808785192,0.0,
ID3526 → ID4270,197,3526,4270,2.2250738585072014E-308,0.0,0.0,0.0,13.5,256.2167124894702,693.8871418006671,0.0,
ID5965 → ID5747,197,5965,5747,2.2250738585072014E-308,0.0,0.0,0.0,16.5,262.34344475490127,691.7250696931104,0.0,
ID3879 → ID4781,197,3879,4781,1.8437740228393273,3.021051313802657,1.3578564072976669,1.3578564072976669,9.5,255.76428666732056,696.3771177257163,0.0,
ID2536 → ID5965,197,2536,5965,4.900146391238116,1.2952002545575536,2.2136274282810366,2.2136274282810366,15.5,262.04781623547706,692.7916719508956,0.0,
ID4815 → ID3879,197,4815,3879,25.293882201549945,0.0,5.029302357340424,5.029302357340424,8.5,256.67375342744066,697.9794678731474,0.0,
ID4433 → ID4753,197,4433,4753,2.2250738585072014E-308,NaN,0.0,0.0,4.5,261.0907819637041,698.9594602907104,0.0,
ID4510 → ID2593,197,4510,2593,12.079413740385533,0.0,3.47554509974846,3.47554509974846,11.5,257.4773722739438,698.0737899760577,0.0,
ID4781 → ID4510,197,4781,4510,2.2250738585072014E-308,0.0,0.0,0.0,10.5,256.19177720230095,696.9045599957441,0.0,
ID3515 → ID3533,198,3515,3533,16.991892417808586,0.34788884505482787,4.122122319607775,4.122122319607775,6.5,663.9714881356962,202.43567465305603,0.0,
ID2234 → ID2505,198,2234,2505,77.24978091645447,2.3482281343423788,8.789185452387182,8.789185452387182,12.5,680.004488537073,211.1450411114209,0.0,
ID2841 → ID2081,198,2841,2081,117.36946951351351,0.0,10.833719098883519,10.833719098883519,14.5,681.444521706406,212.41140293326063,0.0,
ID3154 → ID2234,198,3154,2234,36.68575161393987,0.0,6.056876390842055,6.056876390842055,11.5,681.0716452351646,208.19984583165262,0.0,
ID3615 → ID3515,198,3615,3515,30.849935066431563,0.0,5.554271785430703,5.554271785430703,5.5,666.933345463096,206.17061406395797,0.0,
ID2505 → ID2841,198,2505,2841,2.2250738585072014E-308,0.0,0.0,0.0,13.5,676.0726304269383,213.10793108054332,0.0,
ID4933 → ID5256,198,4933,5256,2.2250738585072014E-308,NaN,0.0,0.0,0.5,670.9650237003514,204.4353876044334,0.0,
ID5181 → ID3094,198,5181,3094,24.154126583729532,0.0,4.914684789864914,4.914684789864914,3.5,669.642175009307,206.50628185246603,0.0,
ID3617 → ID2639,198,3617,2639,185.30597635293373,0.0,13.612713776206922,13.612713776206922,8.5,668.4853628175804,204.14726849059178,0.0,
ID2081 → ID5829,198,2081,5829,3.386513809760697,2.6409515525803666,1.8402483011161013,1.8402483011161013,15.5,685.959122581445,211.38068679260522,0.0,
ID2639 → ID3618,198,2639,3618,13.191106209297036,0.45466018991575,3.631956251016391,3.631956251016391,9.5,676.3910288974096,207.20239011174777,0.0,
ID3094 → ID3615,198,3094,3615,2.2250738585072014E-308,0.0,0.0,0.0,4.5,668.3193263182627,208.5771761004987,0.0,
ID3618 → ID3154,198,3618,3154,2.2250738585072014E-308,0.0,0.0,0.0,10.5,678.2069438231215,207.21754052100678,0.0,
ID3533 → ID3617,198,3533,3617,2.2250738585072014E-308,0.0,0.0,0.0,7.5,662.3956116634632,201.10729727869483,0.0,
ID5829 → ID5611,198,5829,5611,2.2250738585072014E-308,0.0,0.0,0.0,16.5,685.1018321770161,211.0464987992325,0.0,
ID5256 → ID3942,198,5256,3942,2.2250738585072014E-308,0.0,0.0,0.0,1.5,670.9650237003514,204.4353876044334,0.0,
ID3942 → ID5181,198,3942,5181,2.2250738585072014E-308,0.0,0.0,0.0,2.5,670.9650237003514,204.4353876044334,0.0,
ID3481 → ID3565,199,3481,3565,2.2250738585072014E-308,0.0,0.0,0.0,7.5,716.1470984566309,184.57587376026777,0.0,
ID3565 → ID2600,199,3565,2600,73.21665413702824,0.0,8.556673076437374,8.556673076437374,8.5,714.2548595175858,180.73874002115747,0.0,
ID2508 → ID2844,199,2508,2844,2.2250738585072014E-308,0.0,0.0,0.0,13.5,690.4775150540358,213.99708240013325,0.0,
ID3462 → ID3481,199,3462,3481,1.6258922771485373,3.097746081035401,1.275104810260136,1.275104810260136,6.5,715.9344075246449,185.17690257549881,0.0,
ID3091 → ID2218,199,3091,2218,12.579263346268284,0.0,3.5467257218832535,3.5467257218832535,11.5,714.386980580315,183.14101737680502,0.0,
ID2600 → ID3543,199,2600,3543,22.916995915743733,3.007472476944225,4.78716992760271,4.78716992760271,9.5,713.1246974886443,179.17063421533118,0.0,
ID2218 → ID2508,199,2218,2508,1445.8291761235678,0.9829904521265372,38.024060489689525,38.024060489689525,12.5,702.6823509079591,199.4197275025641,0.0,
ID2082 → ID5831,199,2082,5831,12.801332245589057,2.8649723449317763,3.577894946136493,3.577894946136493,15.5,689.8165164176116,214.1948073496793,0.0,
ID5831 → ID5613,199,5831,5613,2.2250738585072014E-308,0.0,0.0,0.0,16.5,691.0973026803113,215.4437747674597,0.0,
ID3499 → ID3462,199,3499,3462,24.921219431810616,0.0,4.992115727004996,4.992115727004996,5.5,716.4504738788285,183.39062795886213,0.0,
ID3005 → ID3499,199,3005,3499,2.2250738585072014E-308,NaN,0.0,0.0,4.5,717.179231164998,181.00332452699442,0.0,
ID3543 → ID3091,199,3543,3091,2.2250738585072014E-308,0.0,0.0,0.0,10.5,713.8867743987479,181.43966214861513,0.0,
ID2844 → ID2082,199,2844,2082,4.8756393214852665,0.0,2.208084989642669,2.208084989642669,14.5,689.5066226044739,213.47146116601607,0.0,
ID2510 → ID2849,200,2510,2849,2.2250738585072014E-308,NaN,0.0,0.0,13.5,190.42589492254643,216.20897759658692,0.0,
ID2075 → ID5821,200,2075,5821,59.16826224536474,0.32351411656488627,7.692090889047317,7.692090889047317,15.5,184.47985744787627,197.66104997470188,0.0,
ID5821 → ID5603,200,5821,5603,2.2250738585072014E-308,0.0,0.0,0.0,16.5,184.28945757379734,193.81972032869493,0.0,
ID2849 → ID2075,200,2849,2075,249.4113882134412,0.0,15.792763792745118,15.792763792745118,14.5,187.5480761222508,208.85567860864788,0.0,
ID3931 → ID4368,201,3931,4368,2.2250738585072014E-308,0.0,0.0,0.0,4.5,271.0,484.0,0.0,
ID3026 → ID3822,201,3026,3822,2.2250738585072014E-308,0.0,0.0,0.0,13.5,234.66626099211288,524.2315598292053,0.0,
ID4368 → ID4429,201,4368,4429,854.1427947815735,0.0,29.225721458700956,29.225721458700956,5.5,260.32456796393285,493.9785194061396,0.0,
ID4613 → ID5355,201,4613,5355,2.2250738585072014E-308,0.0,0.0,0.0,2.5,274.85157124643774,479.3802172808753,0.0,
ID4495 → ID4098,201,4495,4098,2.2250738585072014E-308,0.0,0.0,0.0,10.5,229.50605697545257,520.1028953816952,0.0,
ID4471 → ID4483,201,4471,4483,2.2250738585072014E-308,0.0,0.0,0.0,7.5,247.34440873685736,508.04676021146673,0.0,
ID5022 → ID5424,201,5022,5424,2.2250738585072014E-308,NaN,0.0,0.0,0.5,274.85157124643774,479.3802172808753,0.0,
ID5424 → ID4613,201,5424,4613,2.2250738585072014E-308,0.0,0.0,0.0,1.5,274.85157124643774,479.3802172808753,0.0,
ID4429 → ID4471,201,4429,4471,22.037588547945774,0.3059475283742409,4.694421002418272,4.694421002418272,6.5,248.4967723323615,506.0018995118729,0.0,
ID5355 → ID3931,201,5355,3931,36.176993438309324,0.0,6.014731368756989,6.014731368756989,3.5,272.92578562321887,481.69010864043764,0.0,
ID4098 → ID2402,201,4098,2402,38.53903823792709,0.0,6.207981816816726,6.207981816816726,11.5,232.59874428636508,520.3675550809367,0.0,
ID3822 → ID2379,201,3822,2379,22.002400526642063,0.0,4.69067164984313,4.69067164984313,14.5,232.58341026627116,523.153444350455,0.0,
ID2379 → ID5916,201,2379,5916,16.49785873655462,1.0790332074884532,4.061755622456208,4.061755622456208,15.5,228.82600258066114,523.2243822528101,0.0,
ID4483 → ID3333,201,4483,3333,66.82184241856109,0.0,8.174462821406744,8.174462821406744,8.5,244.57373934623968,511.05156498591293,0.0,
ID2402 → ID3026,201,2402,3026,14.006259551651146,1.7629023416139529,3.742493761070437,3.742493761070437,12.5,235.17884629469523,522.4318873046916,0.0,
ID5916 → ID5698,201,5916,5698,2.2250738585072014E-308,0.0,0.0,0.0,16.5,227.15144562089284,524.3734356339157,0.0,
ID3333 → ID4495,201,3333,4495,187.77700032393017,0.3689244594503486,13.703174826438222,13.703174826438222,9.5,235.65456346553728,517.0796325710271,0.0,
ID2516 → ID2855,202,2516,2855,2.2250738585072014E-308,NaN,0.0,0.0,13.5,81.31694085087346,220.71626817226917,0.0,
ID4731 → ID4768,203,4731,4768,2.446948452725238,0.2843645750183073,1.5642724995106314,1.5642724995106314,6.5,253.4265397483437,692.5728935213807,0.0,
ID4420 → ID4739,203,4420,4739,2.2250738585072014E-308,0.0,0.0,0.0,4.5,254.4077633483074,689.7627470775535,0.0,
ID4803 → ID3869,203,4803,3869,46.8828142288349,0.0,6.84710261562034,6.84710261562034,8.5,249.6518927431543,692.6277531860906,0.0,
ID4757 → ID4479,203,4757,4479,2.2250738585072014E-308,0.0,0.0,0.0,10.5,246.37461629571385,692.7226342527366,0.0,
ID4479 → ID2587,203,4479,2587,1.3483500594507205,0.0,1.1611847654231089,1.1611847654231089,11.5,246.3519959647321,693.3027858152519,0.0,
ID5113 → ID5523,203,5113,5523,2.2250738585072014E-308,NaN,0.0,0.0,0.5,253.79921070678532,688.0588394124469,0.0,
ID5523 → ID4854,203,5523,4854,2.2250738585072014E-308,0.0,0.0,0.0,1.5,253.79921070678532,688.0588394124469,0.0,
ID4768 → ID4803,203,4768,4803,2.2250738585072014E-308,0.0,0.0,0.0,7.5,253.02005306146017,693.2411043313559,0.0,
ID4854 → ID5479,203,4854,5479,2.2250738585072014E-308,0.0,0.0,0.0,2.5,253.79921070678532,688.0588394124469,0.0,
ID4276 → ID2529,203,4276,2529,29.28724494108767,0.0,5.411769113800743,5.411769113800743,14.5,252.07744697919054,693.0914288977284,0.0,
ID3869 → ID4757,203,3869,4757,0.5098527439724319,1.8785526941382147,0.7140397355696894,0.7140397355696894,9.5,246.32917436028112,692.3685181467808,0.0,
ID2587 → ID3540,203,2587,3540,13.336256923483258,1.3878901904222,3.651884023827052,3.651884023827052,12.5,248.11055679960418,694.2847556019415,0.0,
ID4739 → ID4731,203,4739,4731,4.918210778821726,0.0,2.2177039430054064,2.2177039430054064,5.5,254.12039489176735,690.8337148944795,0.0,
ID5479 → ID4420,203,5479,4420,3.273637648712588,0.0,1.809319664601197,1.809319664601197,3.5,254.10348702754635,688.9107932450001,0.0,
ID3540 → ID4276,203,3540,4276,2.2250738585072014E-308,0.0,0.0,0.0,13.5,249.89173796545796,694.6865738261158,0.0,
ID2520 → ID2864,204,2520,2864,2.2250738585072014E-308,0.0,0.0,0.0,13.5,334.4054175727158,221.21419598630104,0.0,
ID3650 → ID3183,204,3650,3183,2.2250738585072014E-308,0.0,0.0,0.0,10.5,334.16365980707246,220.2976814841164,0.0,
ID3660 → ID2648,204,3660,2648,21.018520544425073,0.0,4.584596006675515,4.584596006675515,8.5,330.37223961716074,221.73913191696477,0.0,
ID3563 → ID3591,204,3563,3591,58.98026972136068,1.9049078018067538,7.679861308732123,7.679861308732123,6.5,329.2735081560495,219.00728966086555,0.0,
ID2648 → ID3650,204,2648,3650,40.287074386453995,3.1149394944357924,6.347209968675528,6.347209968675528,9.5,331.1805613646475,221.3806829981574,0.0,
ID3591 → ID3660,204,3591,3660,2.2250738585072014E-308,0.0,0.0,0.0,7.5,332.54701631209895,221.0145793217311,0.0,
ID3115 → ID3636,204,3115,3636,2.2250738585072014E-308,NaN,0.0,0.0,4.5,330.78662281156704,213.0765381772997,0.0,
ID3636 → ID3563,204,3636,3563,38.30531061440065,0.0,6.189128421223836,6.189128421223836,5.5,328.3933114057835,215.03826908864986,0.0,
ID2240 → ID2520,204,2240,2520,0.5047549637120607,1.9240630380147856,0.7104610923281167,0.7104610923281167,12.5,334.055235394579,221.15452033763813,0.0,
ID3183 → ID2240,204,3183,2240,0.8457891801504287,0.0,0.919667972776278,0.919667972776278,11.5,333.9343565117573,220.6962630865458,0.0,
ID5834 → ID5616,205,5834,5616,2.2250738585072014E-308,0.0,0.0,0.0,16.5,348.64190975226893,219.6386965259721,0.0,
ID2524 → ID2872,205,2524,2872,2.2250738585072014E-308,NaN,0.0,0.0,13.5,334.9161014524488,221.70118917374234,0.0,
ID2872 → ID5834,205,2872,5834,192.6516894055174,0.0,6.939951177881539,13.879902355763077,15.0,341.7790056023589,220.66994284985722,0.0,
ID4745 → ID4754,206,4745,4754,64.84985118278077,0.0,8.052940530190247,8.052940530190247,5.5,732.9993416405987,693.5049898712789,0.0,
ID2599 → ID3549,206,2599,3549,4.4298896099263265,0.7165428602901898,2.1047302938681542,2.1047302938681542,12.5,701.4446728320028,700.9538021152001,0.0,
ID4812 → ID3899,206,4812,3899,83.44302265782112,0.0,9.134715247768872,9.134715247768872,8.5,729.7137802635741,702.6342840648629,0.0,
ID2540 → ID5967,206,2540,5967,5.210071070984807,2.3667130034374857,2.282558010431456,2.282558010431456,15.5,700.7538785546623,699.1344493892382,0.0,
ID4801 → ID4533,206,4801,4533,2.2250738585072014E-308,0.0,0.0,0.0,10.5,730.6757889904857,714.6938716752026,0.0,
ID5119 → ID5527,206,5119,5527,2.2250738585072014E-308,NaN,0.0,0.0,0.5,729.8763284577741,694.4636872712701,0.0,
ID4754 → ID4778,206,4754,4778,3.3865674444883274,1.0198763305001532,1.8402628737461197,1.8402628737461197,6.5,731.4413422886362,697.8073777587867,0.0,
ID4283 → ID2540,206,4283,2540,1.5139157011180022,0.0,1.230412817357655,1.230412817357655,14.5,701.4474804995095,699.5778150549367,0.0,
ID5967 → ID5749,206,5967,5749,2.2250738585072014E-308,0.0,0.0,0.0,16.5,699.6127961103053,699.1132686686029,0.0,
ID5488 → ID4424,206,5488,4424,46.07402968835803,0.0,6.787785330161674,6.787785330161674,3.5,732.4375058694858,692.236833506914,0.0,
ID4778 → ID4812,206,4778,4812,2.2250738585072014E-308,0.0,0.0,0.0,7.5,731.8826845772725,698.6147555175734,0.0,
ID4424 → ID4745,206,4424,4745,2.2250738585072014E-308,0.0,0.0,0.0,4.5,734.9986832811975,690.0099797425578,0.0,
ID5527 → ID4858,206,5527,4858,2.2250738585072014E-308,0.0,0.0,0.0,1.5,729.8763284577741,694.4636872712701,0.0,
ID3549 → ID4283,206,3549,4283,2.2250738585072014E-308,0.0,0.0,0.0,13.5,701.0,700.0,0.0,
ID3899 → ID4801,206,3899,4801,74.44516620519573,0.8661646002541779,8.628161229670882,8.628161229670882,9.5,729.1103324701807,710.6738421436776,0.0,
ID4533 → ID2599,206,4533,2599,992.1479545586647,0.0,31.498380189442514,31.498380189442514,11.5,716.2825673272456,708.3007379528015,0.0,
ID4858 → ID5488,206,4858,5488,2.2250738585072014E-308,0.0,0.0,0.0,2.5,729.8763284577741,694.4636872712701,0.0,
ID3710 → ID3706,207,3710,3706,73.10219483437038,0.0,4.274991077019061,8.549982154038123,9.0,337.94621733475753,233.6982554262166,0.0,
ID2085 → ID5835,207,2085,5835,1.3790919197618978,2.584815522906102,1.1743474442267492,1.1743474442267492,15.5,337.4818299473876,223.46701941534843,0.0,
ID3658 → ID3710,207,3658,3710,2.2250738585072014E-308,0.0,0.0,0.0,7.5,335.70919468076795,237.34123200507761,0.0,
ID3612 → ID3658,207,3612,3658,6.014045706758168,1.1929136227589714,2.4523551347140096,2.4523551347140096,6.5,336.28069766703936,236.25638373763542,0.0,
ID4940 → ID5271,207,4940,5271,2.2250738585072014E-308,NaN,0.0,0.0,0.5,325.95319019682216,223.20119190201132,0.0,
ID3231 → ID2248,207,3231,2248,12.132425885889322,0.0,3.4831632011562883,3.4831632011562883,11.5,339.1499764000755,228.65332562852205,0.0,
ID3678 → ID3612,207,3678,3612,145.7741179808669,0.0,12.073695291039396,12.073695291039396,5.5,332.9261003266554,230.5857677350966,0.0,
ID2248 → ID2527,207,2248,2527,7.010721282775357,0.2050493005885911,2.647776667843298,2.647776667843298,12.5,337.5647130533864,226.04805342128915,0.0,
ID2527 → ID2878,207,2527,2878,2.2250738585072014E-308,0.0,0.0,0.0,13.5,337.0127132953689,224.8447344328898,0.0,
ID3706 → ID3231,207,3706,3231,2.2250738585072014E-308,0.0,0.0,0.0,10.5,340.1832399887472,230.0552788473556,0.0,
ID3165 → ID3678,207,3165,3678,2.2250738585072014E-308,0.0,0.0,0.0,4.5,329.0,226.0,0.0,
ID5271 → ID4006,207,5271,4006,2.2250738585072014E-308,0.0,0.0,0.0,1.5,325.95319019682216,223.20119190201132,0.0,
ID5196 → ID3165,207,5196,3165,17.116376746107598,0.0,4.137194308478585,4.137194308478585,3.5,327.47659509841105,224.60059595100566,0.0,
ID2878 → ID2085,207,2878,2085,3.688010204291915,0.0,1.920419278254599,1.920419278254599,14.5,337.50889423040627,224.0226596000562,0.0,
ID5835 → ID5617,207,5835,5617,2.2250738585072014E-308,0.0,0.0,0.0,16.5,336.95858472933156,223.7334540634743,0.0,
ID4006 → ID5196,207,4006,5196,2.2250738585072014E-308,0.0,0.0,0.0,2.5,325.95319019682216,223.20119190201132,0.0,
ID4113 → ID2411,208,4113,2411,53.370969496006076,0.0,7.305543750878923,7.305543750878923,11.5,643.721952884963,540.8037420393131,0.0,
ID4496 → ID4509,208,4496,4509,2.2250738585072014E-308,0.0,0.0,0.0,7.5,662.4433567433423,536.9858764408027,0.0,
ID3366 → ID4508,208,3366,4508,28.915133181111305,0.1387274893432061,5.377279347505698,5.377279347505698,9.5,649.6730908378297,538.6824928163778,0.0,
ID4508 → ID4113,208,4508,4113,2.2250738585072014E-308,0.0,0.0,0.0,10.5,647.0627618965668,539.3266714512948,0.0,
ID5385 → ID4071,208,5385,4071,9.078295125818475,0.0,3.0130209301992035,3.0130209301992035,3.5,672.0843669342355,533.201949511076,0.0,
ID2411 → ID3039,208,2411,3039,39.818374426618696,0.2587840731783439,6.310180221405622,6.310180221405622,12.5,637.2651086783831,542.7757048078358,0.0,
ID5923 → ID5705,208,5923,5705,2.2250738585072014E-308,0.0,0.0,0.0,16.5,627.8027957848701,543.2523354492467,0.0,
ID4492 → ID4460,208,4492,4460,18.84915478838716,0.0,4.341561330718151,4.341561330718151,5.5,668.4421152840838,533.6997652393318,0.0,
ID4701 → ID5385,208,4701,5385,2.2250738585072014E-308,0.0,0.0,0.0,2.5,673.5825063857399,533.0433557996602,0.0,
ID3039 → ID3832,208,3039,3832,2.2250738585072014E-308,0.0,0.0,0.0,13.5,634.1490734834069,543.2705969883402,0.0,
ID4071 → ID4492,208,4071,4492,2.2250738585072014E-308,0.0,0.0,0.0,4.5,670.586227482731,533.360543222492,0.0,
ID2394 → ID5923,208,2394,5923,5.15817856037718,0.7098302553459642,2.271162380891595,2.271162380891595,15.5,628.8144414218834,542.7364694344657,0.0,
ID3832 → ID2394,208,3832,2394,19.79069812071659,0.0,4.448673748513886,4.448673748513886,14.5,631.987580271152,542.7456002040124,0.0,
ID5452 → ID4701,208,5452,4701,2.2250738585072014E-308,0.0,0.0,0.0,1.5,673.5825063857399,533.0433557996602,0.0,
ID4509 → ID3366,208,4509,3366,104.33194431549143,0.0,10.214300970477199,10.214300970477199,8.5,657.3633882612173,537.5120953111318,0.0,
ID4460 → ID4496,208,4460,4496,23.542454289115923,0.49580830108073715,4.8520567071207985,4.8520567071207985,6.5,664.3706799143895,535.5124318484873,0.0,
ID5046 → ID5452,208,5046,5452,2.2250738585072014E-308,NaN,0.0,0.0,0.5,673.5825063857399,533.0433557996602,0.0,
ID2651 → ID3659,209,2651,3659,22.703152151145034,NaN,4.764782487285756,4.764782487285756,9.5,185.40557584256374,225.71683774638495,0.0,
ID2083 → ID5830,209,2083,5830,1.6251870044502388,0.11164468417403339,1.274828225468137,1.274828225468137,15.5,191.51459430697707,212.65039499569394,0.0,
ID3659 → ID3189,209,3659,3189,2.2250738585072014E-308,0.0,0.0,0.0,10.5,185.96773946969554,223.4017221781862,0.0,
ID2532 → ID2890,209,2532,2890,2.2250738585072014E-308,0.0,0.0,0.0,13.5,197.1599028065437,226.32310805246937,0.0,
ID2890 → ID2083,209,2890,2083,200.4687594897669,0.0,14.158699074765552,14.158699074765552,14.5,194.48960037093408,219.7666856457891,0.0,
ID5830 → ID5612,209,5830,5612,2.2250738585072014E-308,0.0,0.0,0.0,16.5,191.20989067862965,212.09052675227903,0.0,
ID2244 → ID2532,209,2244,2532,13.963585224941147,0.0941601135415988,3.736788089381193,3.736788089381193,12.5,195.38583206846795,225.73696018500024,0.0,
ID3189 → ID2244,209,3189,2244,61.49038652236157,0.0,7.841580613776891,7.841580613776891,11.5,189.78975040004386,224.27626724785864,0.0,
ID3633 → ID3683,210,3633,3683,5.049784952145048,2.5028748561137535,2.2471726573952986,2.2471726573952986,6.5,163.84527511592296,241.8668981223264,0.0,
ID2663 → ID3725,210,2663,3725,11.724971840670277,1.1193452258964567,3.424174621813303,3.424174621813303,9.5,174.08577391508524,238.5704360884596,0.0,
ID3713 → ID3633,210,3713,3633,0.12467877030454241,0.0,0.3530988109644982,0.3530988109644982,5.5,163.99814934669428,240.8913363312654,0.0,
ID3725 → ID3254,210,3725,3254,2.2250738585072014E-308,0.0,0.0,0.0,10.5,175.52163817065482,239.50292565931022,0.0,
ID2535 → ID2883,210,2535,2883,2.2250738585072014E-308,0.0,0.0,0.0,13.5,197.1599028065437,226.32310805246937,0.0,
ID4948 → ID5286,210,4948,5286,2.2250738585072014E-308,NaN,0.0,0.0,0.5,160.77630293276155,244.337319086667,0.0,
ID5286 → ID4077,210,5286,4077,2.2250738585072014E-308,0.0,0.0,0.0,1.5,160.77630293276155,244.337319086667,0.0,
ID3730 → ID2663,210,3730,2663,107.12215803423413,0.0,10.349983479901509,10.349983479901509,8.5,168.22027298730893,240.31355083454372,0.0,
ID3215 → ID3713,210,3215,3713,2.2250738585072014E-308,0.0,0.0,0.0,4.5,164.09638477664478,241.03803156935638,0.0,
ID3683 → ID3730,210,3683,3730,2.2250738585072014E-308,0.0,0.0,0.0,7.5,163.79063631510218,242.98915515147843,0.0,
ID4077 → ID5212,210,4077,5212,2.2250738585072014E-308,0.0,0.0,0.0,2.5,160.77630293276155,244.337319086667,0.0,
ID3254 → ID2535,210,3254,2535,641.9220886023513,0.0,12.668090706597733,25.336181413195465,12.0,186.34077048859928,232.9130168558898,0.0,
ID2883 → ID2078,210,2883,2078,586.4365102017994,0.0,24.21645123055398,24.21645123055398,14.5,191.8606788918703,215.4360812107369,0.0,
ID5212 → ID3215,210,5212,3215,21.90824157196482,0.0,4.680624057961162,4.680624057961162,3.5,162.43634385470318,242.6876753280117,0.0,
ID4771 → ID4788,211,4771,4788,412.73272037507246,2.7573182915502876,20.31582438334887,20.31582438334887,6.5,256.32889619879853,711.4278383248242,0.0,
ID4789 → ID4771,211,4789,4771,2.1705055753780385,0.0,1.4732635797365108,1.4732635797365108,5.5,254.04268154264477,720.6270314618782,0.0,
ID4480 → ID4789,211,4480,4789,2.2250738585072014E-308,0.0,0.0,0.0,4.5,253.91818484607114,719.9009963619094,0.0,
ID4518 → ID2603,211,4518,2603,0.8662171238417439,0.0,0.930707861706209,0.930707861706209,11.5,259.6645808003222,705.9417380288917,0.0,
ID4291 → ID2543,211,4291,2543,7.950250734184843,0.0,2.8196188987494115,2.8196188987494115,14.5,263.4967714236902,705.8012090826912,0.0,
ID5966 → ID5748,211,5966,5748,2.2250738585072014E-308,0.0,0.0,0.0,16.5,267.0,699.0,0.0,
ID4787 → ID4518,211,4787,4518,2.2250738585072014E-308,0.0,0.0,0.0,10.5,259.1992809428486,705.9346441163271,0.0,
ID4819 → ID3888,211,4819,3888,2.61948422613254,0.0,1.6184820747022626,1.6184820747022626,8.5,258.08606627552274,702.2034753152237,0.0,
ID3888 → ID4787,211,3888,4787,11.48634290739766,0.9878317479865041,3.389150764925877,3.389150764925877,9.5,258.44039966775773,704.4194923294867,0.0,
ID4788 → ID4819,211,4788,4819,2.2250738585072014E-308,0.0,0.0,0.0,7.5,258.49061415837866,701.5026100878013,0.0,
ID4862 → ID5496,211,4862,5496,2.2250738585072014E-308,0.0,0.0,0.0,2.5,256.63986655791496,714.8468724786603,0.0,
ID5125 → ID5531,211,5125,5531,2.2250738585072014E-308,NaN,0.0,0.0,0.5,256.63986655791496,714.8468724786603,0.0,
ID2543 → ID5966,211,2543,5966,39.52175234472384,0.2832156834336702,6.286632830436644,6.286632830436644,15.5,265.70644450951374,701.8648127825766,0.0,
ID3560 → ID4291,211,3560,4291,2.2250738585072014E-308,0.0,0.0,0.0,13.5,262.5806538283529,706.8727926002296,0.0,
ID2603 → ID3560,211,2603,3560,6.859992432483244,0.3452850773269024,2.6191587260956988,2.6191587260956988,12.5,261.35526724307437,706.4108122708429,0.0,
ID5496 → ID4480,211,5496,4480,32.9517195678138,0.0,5.740358836154217,5.740358836154217,3.5,255.27902570199305,717.3739344202849,0.0,
ID5531 → ID4862,211,5531,4862,2.2250738585072014E-308,0.0,0.0,0.0,1.5,256.63986655791496,714.8468724786603,0.0,
ID4062 → ID4484,212,4062,4484,2.2250738585072014E-308,0.0,0.0,0.0,4.5,657.7172029635052,525.2553440610311,0.0,
ID3049 → ID3842,212,3049,3842,2.2250738585072014E-308,0.0,0.0,0.0,13.5,617.1233880665469,543.7711908292181,0.0,
ID4503 → ID4107,212,4503,4107,2.2250738585072014E-308,0.0,0.0,0.0,10.5,625.4972274763468,538.9997038647438,0.0,
ID5448 → ID4690,212,5448,4690,2.2250738585072014E-308,0.0,0.0,0.0,1.5,658.1276560773816,521.5655770363667,0.0,
ID2408 → ID3049,212,2408,3049,16.521983594560876,0.21349502083361965,4.06472429502431,4.06472429502431,12.5,618.7511773914676,542.5543104684947,0.0,
ID5043 → ID5448,212,5043,5448,2.2250738585072014E-308,NaN,0.0,0.0,0.5,658.1276560773816,521.5655770363667,0.0,
ID4107 → ID2408,212,4107,2408,31.66155719426945,0.0,5.626860331860873,5.626860331860873,11.5,622.9380970963675,540.1685669862575,0.0,
ID5381 → ID4062,212,5381,4062,13.782852454991884,0.0,3.712526424820689,3.712526424820689,3.5,657.9224295204434,523.4104605486989,0.0,
ID4690 → ID5381,212,4690,5381,2.2250738585072014E-308,0.0,0.0,0.0,2.5,658.1276560773816,521.5655770363667,0.0,
ID4484 → ID4452,212,4484,4452,57.55285462709576,0.0,7.586359774430406,7.586359774430406,5.5,654.3125506620582,526.9276348141676,0.0,
ID4489 → ID4499,212,4489,4499,2.2250738585072014E-308,0.0,0.0,0.0,7.5,642.4978797366384,531.8160008201978,0.0,
ID4452 → ID4489,212,4452,4489,81.07155328784556,0.09131400649633747,9.00397430515245,9.00397430515245,6.5,646.7028890486249,530.207963193751,0.0,
ID3355 → ID4503,212,3355,4503,190.18291263587918,0.5806098409136042,13.790682094656493,13.790682094656493,9.5,632.1924640104867,537.3506023181772,0.0,
ID4499 → ID3355,212,4499,3355,28.130503670864552,0.0,5.30381972458195,5.30381972458195,8.5,640.6927901406325,533.7587507959042,0.0,
ID2251 → ID2539,213,2251,2539,46.41061288438229,2.3412077504845765,6.812533514367638,6.812533514367638,12.5,199.98113058890712,233.26190680256292,0.0,
ID2658 → ID3716,213,2658,3716,35.274377864899435,NaN,5.9392236752709895,5.9392236752709895,9.5,189.94911143043862,233.9750630097958,0.0,
ID2539 → ID2898,213,2539,2898,2.2250738585072014E-308,0.0,0.0,0.0,13.5,199.0,230.0,0.0,
ID3716 → ID3245,213,3716,3245,2.2250738585072014E-308,0.0,0.0,0.0,10.5,192.10435385384733,231.93214241355025,0.0,
ID2898 → ID2086,213,2898,2086,44.78585880856198,0.0,6.692223756611996,6.692223756611996,14.5,197.39960633608564,227.0614280980988,0.0,
ID3245 → ID2251,213,3245,2251,99.5459664915321,0.0,9.977272497608357,9.977272497608357,11.5,196.53330751583078,234.22797800933807,0.0,
ID2542 → ID2905,214,2542,2905,2.2250738585072014E-308,0.0,0.0,0.0,13.5,310.557487594828,229.87708673120758,0.0,
ID3211 → ID2242,214,3211,2242,27.95237319598438,0.0,5.287000396820902,5.287000396820902,11.5,315.5027414672553,223.88432076945264,0.0,
ID3679 → ID3211,214,3679,3211,2.2250738585072014E-308,0.0,0.0,0.0,10.5,318.12330602486435,224.23178975857192,0.0,
ID3589 → ID3527,214,3589,3527,56.44337027969228,0.0,7.512880291851607,7.512880291851607,5.5,320.69808838862446,206.76132213621744,0.0,
ID5174 → ID3074,214,5174,3074,21.159883713309355,0.0,4.599987360124955,4.599987360124955,3.5,323.10491544975156,201.34681961025345,0.0,
ID3912 → ID5174,214,3912,5174,2.2250738585072014E-308,0.0,0.0,0.0,2.5,324.5610390107836,199.56646147118852,0.0,
ID5250 → ID3912,214,5250,3912,2.2250738585072014E-308,0.0,0.0,0.0,1.5,324.5610390107836,199.56646147118852,0.0,
ID3641 → ID3679,214,3641,3679,166.80900474093983,0.0,6.457728020382629,12.915456040765259,9.0,320.5620658542927,218.25226622574746,0.0,
ID4930 → ID5250,214,4930,5250,2.2250738585072014E-308,NaN,0.0,0.0,0.5,324.5610390107836,199.56646147118852,0.0,
ID2242 → ID2542,214,2242,2542,45.60275964271716,1.35118459875313,6.752981537270568,6.752981537270568,12.5,311.71983225223715,226.7069692557705,0.0,
ID3527 → ID3569,214,3527,3569,14.109042825541263,1.3033199574599934,3.756200583773617,3.756200583773617,6.5,321.3741052861252,211.33410460801974,0.0,
ID3569 → ID3641,214,3569,3641,2.2250738585072014E-308,0.0,0.0,0.0,7.5,323.0008256837211,212.272742692923,0.0,
ID3074 → ID3589,214,3074,3589,2.2250738585072014E-308,0.0,0.0,0.0,4.5,321.64879188871953,203.12717774931838,0.0,
ID2414 → ID3055,215,2414,3055,15.597334239512557,NaN,3.949346052134778,3.949346052134778,12.5,623.5432167698464,556.7462342215772,0.0,
ID5924 → ID5706,215,5924,5706,2.2250738585072014E-308,0.0,0.0,0.0,16.5,625.0499365428244,564.8399032446456,0.0,
ID3055 → ID3852,215,3055,3852,2.2250738585072014E-308,0.0,0.0,0.0,13.5,622.0925901433262,558.0860162748639,0.0,
ID3852 → ID2397,215,3852,2397,10.410105918785757,0.0,3.2264695750596744,3.2264695750596744,14.5,623.5542778373613,558.768654952938,0.0,
ID2397 → ID5924,215,2397,5924,29.03826759776011,1.1275741928645733,5.388716693031849,5.388716693031849,15.5,625.0329510371105,562.1455984378289,0.0,
ID3635 → ID2642,216,3635,2642,378.6008822953707,0.0,19.45766898411448,19.45766898411448,8.5,682.8456538187213,211.60325375833708,0.0,
ID3557 → ID3635,216,3557,3635,2.2250738585072014E-308,NaN,0.0,0.0,7.5,673.9643123466481,207.6318567459152,0.0,
ID2088 → ID5836,216,2088,5836,57.17269811698496,2.81364203270175,7.561262997475023,7.561262997475023,15.5,689.1988633778717,229.06178857942712,0.0,
ID3697 → ID3221,216,3697,3221,2.2250738585072014E-308,0.0,0.0,0.0,10.5,694.6548043042498,223.67025306887433,0.0,
ID5836 → ID5618,216,5836,5618,2.2250738585072014E-308,0.0,0.0,0.0,16.5,692.4037855068382,231.06719344540986,0.0,
ID2642 → ID3697,216,2642,3697,74.11084218851944,0.8032858519713312,8.608765427662636,8.608765427662636,9.5,693.1908997975222,219.62245191981665,0.0,
ID2246 → ID2545,216,2246,2545,87.85599578620568,1.8562024755808977,9.373152926641371,9.373152926641371,12.5,692.8069641480799,228.0662990239811,0.0,
ID2912 → ID2088,216,2912,2088,19.837833553311633,0.0,4.453968292804927,4.453968292804927,14.5,687.4006924251344,228.7827989347935,0.0,
ID2545 → ID2912,216,2545,2912,2.2250738585072014E-308,0.0,0.0,0.0,13.5,688.8074436013634,230.50921415614266,0.0,
ID3221 → ID2246,216,3221,2246,8.444448514601431,0.0,2.9059333293455705,2.9059333293455705,11.5,695.7306444995231,224.64681848034692,0.0,
ID2654 → ID3672,217,2654,3672,56.215037859735546,0.5966900091406736,7.497668828358288,7.497668828358288,9.5,172.72148474872125,226.58287568954944,0.0,
ID3595 → ID3624,217,3595,3624,36.4344613721272,1.5751584737401974,6.036096534361193,6.036096534361193,6.5,158.12527966710184,230.35323696533192,0.0,
ID5200 → ID3191,217,5200,3191,15.132892518212822,0.0,3.890101864760462,3.890101864760462,3.5,153.62032803434607,231.77330379701024,0.0,
ID4942 → ID5275,217,4942,5275,2.2250738585072014E-308,NaN,0.0,0.0,0.5,152.17552609784738,233.07552132639728,0.0,
ID3624 → ID3680,217,3624,3680,2.2250738585072014E-308,0.0,0.0,0.0,7.5,161.07490519365305,229.7142341514498,0.0,
ID2250 → ID2548,217,2250,2548,9.379370240410944,1.1140546597396859,3.06257575259959,3.06257575259959,12.5,181.647662781436,231.7164457884203,0.0,
ID2087 → ID5832,217,2087,5832,111.71646488488437,0.5717221568185296,10.569600980400555,10.569600980400555,15.5,183.17645348287616,222.25399104014218,0.0,
ID5275 → ID4021,217,5275,4021,2.2250738585072014E-308,0.0,0.0,0.0,1.5,152.17552609784738,233.07552132639728,0.0,
ID3672 → ID3201,217,3672,3201,2.2250738585072014E-308,0.0,0.0,0.0,10.5,175.6275501840711,224.2146393942447,0.0,
ID3692 → ID3595,217,3692,3595,0.2838165747326228,0.0,0.5327443802919208,0.5327443802919208,5.5,155.12039205569766,230.7316630234186,0.0,
ID3680 → ID2654,217,3680,2654,76.97894251814529,0.0,8.773764443962767,8.773764443962767,8.5,165.44516225351222,229.332673068152,0.0,
ID2548 → ID2918,217,2548,2918,2.2250738585072014E-308,0.0,0.0,0.0,13.5,183.1745137342391,231.59996090516483,0.0,
ID4021 → ID5200,217,4021,5200,2.2250738585072014E-308,0.0,0.0,0.0,2.5,152.17552609784738,233.07552132639728,0.0,
ID5832 → ID5614,217,5832,5614,2.2250738585072014E-308,0.0,0.0,0.0,16.5,181.81494084134994,217.14758334508048,0.0,
ID3201 → ID2250,217,3201,2250,78.22776219427264,0.0,8.844645962064996,8.844645962064996,11.5,177.87418100635202,228.02378503296023,0.0,
ID3191 → ID3692,217,3191,3692,2.2250738585072014E-308,0.0,0.0,0.0,4.5,155.06512997084474,230.4710862676232,0.0,
ID2918 → ID2087,217,2918,2087,19.832889813205927,0.0,4.453413276713259,4.453413276713259,14.5,183.85623992932074,229.48017982018436,0.0,
ID3743 → ID3278,218,3743,3278,2.2250738585072014E-308,0.0,0.0,0.0,10.5,240.0420744798121,247.4571593861324,0.0,
ID3695 → ID2662,218,3695,2662,71.04419358241658,0.0,8.428771771878544,8.428771771878544,8.5,251.73696972439308,234.21172085250095,0.0,
ID2553 → ID2927,218,2553,2927,2.2250738585072014E-308,0.0,0.0,0.0,13.5,200.0,232.0,0.0,
ID3722 → ID3605,218,3722,3605,137.20167281058374,0.0,11.713311778083249,11.713311778083249,5.5,254.7535308150325,237.09829820452262,0.0,
ID3634 → ID3695,218,3634,3695,2.2250738585072014E-308,0.0,0.0,0.0,7.5,255.25277474186305,231.8878956708797,0.0,
ID5204 → ID3226,218,5204,3226,45.494531396732704,0.0,6.7449634095918345,6.7449634095918345,3.5,253.38549078855056,239.60044863380642,0.0,
ID3226 → ID3722,218,3226,3722,2.2250738585072014E-308,0.0,0.0,0.0,4.5,254.0321363104729,242.91035534218372,0.0,
ID2254 → ID2553,218,2254,2553,2051.044225902561,2.0377420943747433,45.28845576857927,45.28845576857927,12.5,221.9780213976177,237.45230519335615,0.0,
ID4944 → ID5279,218,4944,5279,2.2250738585072014E-308,NaN,0.0,0.0,0.5,252.7388452666282,236.29054192542915,0.0,
ID2662 → ID3743,218,2662,3743,186.17915515403,0.3439606856590044,13.644748262757727,13.644748262757727,9.5,244.1316195933676,241.99635271012727,0.0,
ID4040 → ID5204,218,4040,5204,2.2250738585072014E-308,0.0,0.0,0.0,2.5,252.7388452666282,236.29054192542915,0.0,
ID5279 → ID4040,218,5279,4040,2.2250738585072014E-308,0.0,0.0,0.0,1.5,252.7388452666282,236.29054192542915,0.0,
ID3278 → ID2254,218,3278,2254,36.0448503662587,0.0,6.003736367151601,6.003736367151601,11.5,241.99905863752377,245.18088488642235,0.0,
ID3605 → ID3634,218,3605,3634,0.4113391417215604,2.9113765471684467,0.641357265275416,0.641357265275416,6.5,255.36385003072758,231.58706836887063,0.0,
ID4843 → ID5455,219,4843,5455,2.2250738585072014E-308,0.0,0.0,0.0,2.5,690.8052635529681,669.3420945331505,0.0,
ID4686 → ID4740,219,4686,4740,1.675425816145241,2.6641665749655603,1.2943824072295023,1.2943824072295023,6.5,700.3011405739805,679.0354608731875,0.0,
ID4298 → ID2546,219,4298,2546,0.5153505021094309,0.0,0.7178791695748185,0.7178791695748185,14.5,686.4393548293356,707.747549721676,0.0,
ID5096 → ID5512,219,5096,5512,2.2250738585072014E-308,NaN,0.0,0.0,0.5,690.8052635529681,669.3420945331505,0.0,
ID4502 → ID2590,219,4502,2590,121.42024305581072,0.0,11.019085400150537,11.019085400150537,11.5,694.9478258997189,696.7616534624767,0.0,
ID4775 → ID4502,219,4775,4502,2.2250738585072014E-308,0.0,0.0,0.0,10.5,699.9784749270406,694.5149600860099,0.0,
ID2590 → ID3577,219,2590,3577,88.83925608504379,0.810095830776716,9.425457871373878,9.425457871373878,12.5,688.342536455626,703.4502295005107,0.0,
ID4773 → ID3835,219,4773,3835,37.763641284028466,0.0,6.145212875403786,6.145212875403786,8.5,699.6836920562773,682.1631573767688,0.0,
ID3835 → ID4775,219,3835,4775,86.1772505482143,0.01989655790313597,9.283170285425896,9.283170285425896,9.5,699.8447751440247,689.8753009384997,0.0,
ID3577 → ID4298,219,3577,4298,2.2250738585072014E-308,0.0,0.0,0.0,13.5,686.7678960388549,707.892112162078,0.0,
ID4334 → ID4678,219,4334,4678,2.2250738585072014E-308,0.0,0.0,0.0,4.5,690.141479302483,674.5135767748288,0.0,
ID2546 → ID5969,219,2546,5969,7.434303964186886,2.768083419328318,2.726592005450556,2.726592005450556,15.5,687.0722718606364,708.5695140745943,0.0,
ID4740 → ID4773,219,4740,4773,2.2250738585072014E-308,0.0,0.0,0.0,7.5,699.6563087515457,679.0906729625481,0.0,
ID4678 → ID4686,219,4678,4686,136.68822985280076,0.0,11.691374164434254,11.691374164434254,5.5,695.5437258494493,676.7469127793279,0.0,
ID5969 → ID5751,219,5969,5751,2.2250738585072014E-308,0.0,0.0,0.0,16.5,688.0337301014566,709.5360408679145,0.0,
ID5512 → ID4843,219,5512,4843,2.2250738585072014E-308,0.0,0.0,0.0,1.5,690.8052635529681,669.3420945331505,0.0,
ID5455 → ID4334,219,5455,4334,27.1848381071859,0.0,5.213908141421932,5.213908141421932,3.5,690.4733714277256,671.9278356539896,0.0,
ID2417 → ID3066,220,2417,3066,118.39472465318737,0.7321157040744767,10.880933997281087,10.880933997281087,12.5,115.38896167712153,585.0024576552559,0.0,
ID5387 → ID4080,220,5387,4080,101.19051838231454,0.0,10.059349799182577,10.059349799182577,3.5,98.41697485090347,542.6178724950898,0.0,
ID5454 → ID4707,220,5454,4707,2.2250738585072014E-308,0.0,0.0,0.0,1.5,94.73531719481103,539.1910625355335,0.0,
ID4468 → ID4504,220,4468,4504,99.04180861214826,0.8868121347237214,9.951975111109768,9.951975111109768,6.5,103.39349797535174,559.5888079292465,0.0,
ID4515 → ID3377,220,4515,3377,61.26485884366137,0.0,7.827187160382801,7.827187160382801,8.5,104.10808559393807,566.3109383106371,0.0,
ID4504 → ID4515,220,4504,4515,2.2250738585072014E-308,0.0,0.0,0.0,7.5,100.98999727208341,563.9458294488659,0.0,
ID4120 → ID2417,220,4120,2417,78.03068209396038,0.0,8.833497727059218,8.833497727059218,11.5,113.43086079286219,576.0015598435717,0.0,
ID4500 → ID4468,220,4500,4468,98.08079141904169,0.0,9.903574678823889,9.903574678823889,5.5,103.94781559280798,550.6382344321368,0.0,
ID4707 → ID5387,220,4707,5387,2.2250738585072014E-308,0.0,0.0,0.0,2.5,94.73531719481103,539.1910625355335,0.0,
ID5047 → ID5454,220,5047,5454,2.2250738585072014E-308,NaN,0.0,0.0,0.5,94.73531719481103,539.1910625355335,0.0,
ID3377 → ID4514,220,3377,4514,27.15655696199432,0.14905784302038752,5.21119534866947,5.21119534866947,9.5,109.04527447598852,570.5415263045334,0.0,
ID3066 → ID3863,220,3066,3863,2.2250738585072014E-308,0.0,0.0,0.0,13.5,114.78057680470299,590.4088010600267,0.0,
ID4080 → ID4500,220,4080,4500,2.2250738585072014E-308,0.0,0.0,0.0,4.5,102.0986325069959,546.0446824546462,0.0,
ID4514 → ID4120,220,4514,4120,2.2250738585072014E-308,0.0,0.0,0.0,10.5,110.86437503618433,572.4070054366584,0.0,
ID2558 → ID2935,221,2558,2935,2.2250738585072014E-308,0.0,0.0,0.0,13.5,205.94036774022837,240.02933474133346,0.0,
ID2260 → ID2558,221,2260,2558,1065.295296198992,3.0022845408081507,32.63886174790708,32.63886174790708,12.5,220.4381990347281,247.52177838850042,0.0,
ID3268 → ID2260,221,3268,2260,1939.7865316438943,0.0,44.043007749742685,44.043007749742685,11.5,214.15822433585527,247.7183731465561,0.0,
ID2935 → ID2089,221,2935,2089,712.2668280312062,0.0,26.688327561524087,26.688327561524087,14.5,217.38159264023142,246.89701846988066,0.0,
ID5838 → ID5620,221,5838,5620,2.2250738585072014E-308,0.0,0.0,0.0,16.5,222.2900947295041,253.15968928687866,0.0,
ID3734 → ID3268,221,3734,3268,2.2250738585072014E-308,NaN,0.0,0.0,10.5,193.38041834248276,240.42252425744482,0.0,
ID2089 → ID5838,221,2089,5838,43.04250794497788,2.6933329077405794,6.560678924088411,6.560678924088411,15.5,225.55645613486928,253.46219574265325,0.0,
ID4189 → ID4094,222,4189,4094,208.08051057371048,0.0,14.42499603375025,14.42499603375025,5.5,62.968531656248786,415.7889961166789,0.0,
ID5384 → ID4485,222,5384,4485,2.2250738585072014E-308,0.0,0.0,0.0,1.5,70.59075073042942,425.56958859586615,0.0,
ID4997 → ID5384,222,4997,5384,2.2250738585072014E-308,NaN,0.0,0.0,0.5,70.59075073042942,425.56958859586615,0.0,
ID4134 → ID2901,222,4134,2901,143.3018362414455,0.0,11.970874497773565,11.970874497773565,8.5,60.17285086679166,410.13059799429044,0.0,
ID4190 → ID3758,222,4190,3758,2.2250738585072014E-308,0.0,0.0,0.0,10.5,68.3075433381857,406.57555470474574,0.0,
ID4094 → ID4111,222,4094,4111,61.41176801938836,2.6134209414049545,7.836566085945321,7.836566085945321,6.5,60.391823659824176,412.3372457214822,0.0,
ID3742 → ID4189,222,3742,4189,2.2250738585072014E-308,0.0,0.0,0.0,4.5,64.15341599284922,422.9035007903935,0.0,
ID4111 → ID4134,222,4111,4134,2.2250738585072014E-308,0.0,0.0,0.0,7.5,59.0,416.0,0.0,
ID3758 → ID2327,222,3758,2327,151.5752813081473,0.0,12.311591339390182,12.311591339390182,11.5,66.71893943138502,400.62827314471053,0.0,
ID4485 → ID5313,222,4485,5313,2.2250738585072014E-308,0.0,0.0,0.0,2.5,70.59075073042942,425.56958859586615,0.0,
ID2901 → ID4190,222,2901,4190,53.82349479466066,1.694511127880456,7.33644974048488,7.33644974048488,9.5,64.82662253588451,405.4183753466633,0.0,
ID5313 → ID3742,222,5313,3742,48.547302710146845,0.0,6.967589447588516,6.967589447588516,3.5,67.37208336163931,424.2365446931298,0.0,
ID3212 → ID2840,223,3212,2840,2.2250738585072014E-308,0.0,0.0,0.0,10.5,539.7897313334236,81.50097731066877,0.0,
ID2840 → ID2161,223,2840,2161,186.77033709542917,0.0,13.666394443869574,13.666394443869574,11.5,544.5146598469139,76.56461885364159,0.0,
ID3089 → ID3198,223,3089,3198,2.2250738585072014E-308,0.0,0.0,0.0,7.5,563.4111088771825,77.93556283852477,0.0,
ID2456 → ID3212,223,2456,3212,2.0138864914258,1.1533712649527543,1.4191146857903345,1.4191146857903345,9.5,540.2029123766238,82.07782481945804,0.0,
ID3198 → ID2456,223,3198,2456,541.8827240771991,0.0,23.278374601273153,23.278374601273153,8.5,552.0136011485033,80.29511758338604,0.0,
ID3061 → ID3089,223,3061,3089,14.351391480118682,NaN,3.7883230432631643,3.7883230432631643,6.5,561.7861654121552,76.96221469654526,0.0,
ID3602 → ID3665,224,3602,3665,2.2250738585072014E-308,NaN,0.0,0.0,7.5,332.54701631209895,221.0145793217311,0.0,
ID5425 → ID4182,225,5425,4182,12.468853562584831,0.0,3.531126387228986,3.531126387228986,3.5,468.4280276104638,640.6703475615136,0.0,
ID4816 → ID5425,225,4816,5425,2.2250738585072014E-308,0.0,0.0,0.0,2.5,469.0,639.0,0.0,
ID4182 → ID4583,225,4182,4583,2.2250738585072014E-308,0.0,0.0,0.0,4.5,467.8560552209276,642.3406951230272,0.0,
ID4583 → ID4597,225,4583,4597,18.056833207195513,0.0,4.249333266195476,4.249333266195476,5.5,466.0595090294678,643.4749922991457,0.0,
ID4597 → ID4635,225,4597,4635,102.59179956692151,0.7836020475715095,10.128761008480826,10.128761008480826,6.5,463.1378925347793,649.5471196368353,0.0,
ID4635 → ID4667,225,4635,4667,2.2250738585072014E-308,0.0,0.0,0.0,7.5,462.0128222315506,654.4849497984067,0.0,
ID5487 → ID4816,225,5487,4816,2.2250738585072014E-308,0.0,0.0,0.0,1.5,469.0,639.0,0.0,
ID5074 → ID5487,225,5074,5487,2.2250738585072014E-308,NaN,0.0,0.0,0.5,469.0,639.0,0.0,
ID4667 → ID3684,225,4667,3684,9.225751099340304,0.0,3.037392154355493,3.037392154355493,8.5,462.3295775369834,655.9702456784639,0.0,
ID3803 → ID4254,226,3803,4254,2.2250738585072014E-308,0.0,0.0,0.0,4.5,69.35183970029975,438.39434990837447,0.0,
ID4156 → ID4141,226,4156,4141,868.1690663780024,1.827494764564804,29.464708829004273,29.464708829004273,6.5,83.34135072234386,441.7580353446773,0.0,
ID5395 → ID4529,226,5395,4529,2.2250738585072014E-308,0.0,0.0,0.0,1.5,64.05883998723164,435.75268605868,0.0,
ID5003 → ID5395,226,5003,5395,2.2250738585072014E-308,NaN,0.0,0.0,0.5,64.05883998723164,435.75268605868,0.0,
ID4529 → ID5326,226,4529,5326,2.2250738585072014E-308,0.0,0.0,0.0,2.5,64.05883998723164,435.75268605868,0.0,
ID3861 → ID2347,226,3861,2347,401.6516791959995,0.0,20.04124944198838,20.04124944198838,11.5,86.11092550227713,474.00602152365616,0.0,
ID4254 → ID4156,226,4254,4156,32.8626761020041,0.0,5.732597674876906,5.732597674876906,5.5,69.07408507303096,441.24715929431875,0.0,
ID4288 → ID3861,226,4288,3861,2.2250738585072014E-308,0.0,0.0,0.0,10.5,93.4905304385098,467.22705768069824,0.0,
ID5326 → ID3803,226,5326,3803,34.994233857321646,0.0,5.915592435024716,5.915592435024716,3.5,66.7053398437657,437.07351798352727,0.0,
ID4165 → ID2951,226,4165,2951,112.67393757471282,0.0,10.614798046817134,10.614798046817134,8.5,96.31199863115347,444.4846161938674,0.0,
ID4141 → ID4165,226,4141,4165,2.2250738585072014E-308,0.0,0.0,0.0,7.5,97.88637099892557,439.41610200909156,0.0,
ID2951 → ID4288,226,2951,4288,313.92295427473744,0.23072492866685324,17.717871042389305,17.717871042389305,9.5,94.11407835094558,458.39009402967076,0.0,
ID5195 → ID3536,227,5195,3536,2.2250738585072014E-308,0.0,0.0,0.0,1.5,585.1600607053882,105.61291237286451,0.0,
ID2459 → ID3138,227,2459,3138,231.21142223898275,0.09375363743790056,15.205637843871685,15.205637843871685,9.5,600.5576282042957,75.0366517000019,0.0,
ID2809 → ID3184,227,2809,3184,2.2250738585072014E-308,0.0,0.0,0.0,4.5,595.2924045425133,101.74669667249208,0.0,
ID3138 → ID2781,227,3138,2781,2.2250738585072014E-308,0.0,0.0,0.0,10.5,600.0437931520167,67.45121637308789,0.0,
ID5103 → ID2809,227,5103,2809,117.61201547553259,0.0,10.844907352095387,10.844907352095387,3.5,590.2262326239508,103.6798045226783,0.0,
ID4901 → ID5195,227,4901,5195,2.2250738585072014E-308,NaN,0.0,0.0,0.5,585.1600607053882,105.61291237286451,0.0,
ID3184 → ID3139,227,3184,3139,83.95415327850199,0.0,9.162649904831135,9.162649904831135,5.5,597.7073506389518,97.85355222732667,0.0,
ID3536 → ID5103,227,3536,5103,2.2250738585072014E-308,0.0,0.0,0.0,2.5,585.1600607053882,105.61291237286451,0.0,
ID3251 → ID2459,227,3251,2459,68.09546325654743,0.0,8.251997531297949,8.251997531297949,8.5,601.7344712371223,86.69446793148109,0.0,
ID3144 → ID3251,227,3144,3251,2.2250738585072014E-308,0.0,0.0,0.0,7.5,602.3974792176699,90.76684883604626,0.0,
ID3139 → ID3144,227,3139,3144,15.375274069983842,0.06380094039642775,3.9211317333116775,3.9211317333116775,6.5,601.2598879765301,92.36362830910376,0.0,
ID5309 → ID3770,228,5309,3770,113.7169444177728,0.0,10.663814721654385,10.663814721654385,3.5,483.17032511086063,423.87359782899506,0.0,
ID3770 → ID4214,228,3770,4214,2.2250738585072014E-308,0.0,0.0,0.0,4.5,487.70234958806003,426.68251047315266,0.0,
ID4169 → ID4193,228,4169,4193,2.2250738585072014E-308,0.0,0.0,0.0,7.5,498.62225530426105,443.42397889415855,0.0,
ID4469 → ID5309,228,4469,5309,2.2250738585072014E-308,0.0,0.0,0.0,2.5,478.6383006336612,421.06468518483746,0.0,
ID4995 → ID5380,228,4995,5380,2.2250738585072014E-308,NaN,0.0,0.0,0.5,478.6383006336612,421.06468518483746,0.0,
ID4214 → ID4145,228,4214,4145,140.57759808684898,0.0,11.856542417030733,11.856542417030733,5.5,488.91979366837637,432.48442648711,0.0,
ID4145 → ID4169,228,4145,4169,98.39083062591753,0.819512120646291,9.919215222280316,9.919215222280316,6.5,494.3797465264769,440.855160697613,0.0,
ID5380 → ID4469,228,5380,4469,2.2250738585072014E-308,0.0,0.0,0.0,1.5,478.6383006336612,421.06468518483746,0.0,
ID4211 → ID4239,229,4211,4239,2.2250738585072014E-308,0.0,0.0,0.0,7.5,734.3869176587234,457.76752243200536,0.0,
ID4199 → ID4206,229,4199,4206,513.7102579661837,0.0,22.6651772101209,22.6651772101209,5.5,738.532150860592,434.0365623204465,0.0,
ID4461 → ID5307,229,4461,5307,2.2250738585072014E-308,0.0,0.0,0.0,2.5,745.8798332816485,417.9912040783821,0.0,
ID4206 → ID4211,229,4206,4211,163.5792684375382,0.10341570526509311,12.78981111813377,12.78981111813377,6.5,735.1800764517274,451.4219951695578,0.0,
ID4994 → ID5378,229,4994,5378,2.2250738585072014E-308,NaN,0.0,0.0,0.5,745.8798332816485,417.9912040783821,0.0,
ID4239 → ID3031,229,4239,3031,183.6501597383216,0.0,13.551758547816648,13.551758547816648,8.5,731.9757972151906,464.09990256441677,0.0,
ID5378 → ID4461,229,5378,4461,2.2250738585072014E-308,0.0,0.0,0.0,1.5,745.8798332816485,417.9912040783821,0.0,
ID5307 → ID3753,229,5307,3753,47.986843800002866,0.0,6.927253698256104,6.927253698256104,3.5,743.4854498790505,420.4939304060824,0.0,
ID3753 → ID4199,229,3753,4199,2.2250738585072014E-308,0.0,0.0,0.0,4.5,741.0910664764526,422.9966567337827,0.0,
ID4221 → ID4246,230,4221,4246,2.2250738585072014E-308,0.0,0.0,0.0,7.5,530.0885891737393,458.79711208711643,0.0,
ID4542 → ID5330,230,4542,5330,2.2250738585072014E-308,0.0,0.0,0.0,2.5,527.9793551294848,454.4592916822396,0.0,
ID5005 → ID5399,230,5005,5399,2.2250738585072014E-308,NaN,0.0,0.0,0.5,527.9793551294848,454.4592916822396,0.0,
ID5330 → ID3819,230,5330,3819,19.845468209672628,0.0,4.454825272631086,4.454825272631086,3.5,527.6430378287359,452.2574157262341,0.0,
ID4267 → ID4235,230,4267,4235,6.401884063818557,0.0,2.5301944715413787,2.5301944715413787,5.5,527.6373650260136,451.2766643469526,0.0,
ID4232 → ID3804,230,4232,3804,2.2250738585072014E-308,0.0,0.0,0.0,10.5,546.4128304080236,455.02932687232055,0.0,
ID2985 → ID4232,230,2985,4232,227.12236325714926,1.234312766788029,15.070579393545202,15.070579393545202,9.5,538.877715762448,455.08068923518624,0.0,
ID3819 → ID4267,230,3819,4267,2.2250738585072014E-308,0.0,0.0,0.0,4.5,527.306720527987,450.0555397702286,0.0,
ID5399 → ID4542,230,5399,4542,2.2250738585072014E-308,0.0,0.0,0.0,1.5,527.9793551294848,454.4592916822396,0.0,
ID4246 → ID2985,230,4246,2985,15.0052143420223,0.0,3.873656456375849,3.873656456375849,8.5,530.7155951453058,456.96458184258415,0.0,
ID4235 → ID4221,230,4235,4221,44.17833036816707,0.06029027156991219,6.646678145372098,6.646678145372098,6.5,529.0282993488897,455.6474505053965,0.0,
ID4733 → ID4767,231,4733,4767,2.2250738585072014E-308,0.0,0.0,0.0,7.5,202.375508973993,675.8763659807183,0.0,
ID5462 → ID4346,231,5462,4346,7.760578016529542,0.0,2.7857814014257367,2.7857814014257367,3.5,204.41063676905497,676.5905308545224,0.0,
ID5101 → ID5515,231,5101,5515,2.2250738585072014E-308,NaN,0.0,0.0,0.5,204.14442623756617,675.223316000501,0.0,
ID4846 → ID5462,231,4846,5462,2.2250738585072014E-308,0.0,0.0,0.0,2.5,204.14442623756617,675.223316000501,0.0,
ID4683 → ID4733,231,4683,4733,1.6430375810495774,2.427700640568456,1.2818102749820572,1.2818102749820572,6.5,201.75493232549945,676.0365034797837,0.0,
ID4682 → ID4683,231,4682,4683,15.650736771789598,0.0,3.956101208486658,3.956101208486658,5.5,202.90560148877483,677.0771933436964,0.0,
ID4346 → ID4682,231,4346,4682,2.2250738585072014E-308,0.0,0.0,0.0,4.5,204.67684730054378,677.9577457085438,0.0,
ID5515 → ID4846,231,5515,4846,2.2250738585072014E-308,0.0,0.0,0.0,1.5,204.14442623756617,675.223316000501,0.0,
ID4852 → ID5472,232,4852,5472,2.2250738585072014E-308,0.0,0.0,0.0,2.5,598.1376684387246,683.5947440609898,0.0,
ID4713 → ID4716,232,4713,4716,28.237428531515732,0.0,5.313890150493867,5.313890150493867,5.5,594.594747944011,685.4286474118348,0.0,
ID5472 → ID4391,232,5472,4391,2.0048451872909334,0.0,1.4159255585273307,1.4159255585273307,3.5,597.4436454705899,683.7345418310872,0.0,
ID5110 → ID5520,232,5110,5520,2.2250738585072014E-308,NaN,0.0,0.0,0.5,598.1376684387246,683.5947440609898,0.0,
ID4391 → ID4713,232,4391,4713,2.2250738585072014E-308,0.0,0.0,0.0,4.5,596.7496225024552,683.8743396011845,0.0,
ID4769 → ID4493,232,4769,4493,2.2250738585072014E-308,0.0,0.0,0.0,10.5,584.8536286347397,695.2159147539837,0.0,
ID4756 → ID4793,232,4756,4793,2.2250738585072014E-308,0.0,0.0,0.0,7.5,575.1194399041964,686.8602583582785,0.0,
ID4716 → ID4756,232,4716,4756,300.01247050306296,0.6319615291257338,17.320868064362795,17.320868064362795,6.5,583.7796566448816,686.9216067903819,0.0,
ID4793 → ID3858,232,4793,3858,157.58342600134634,0.0,12.55322372943884,12.55322372943884,8.5,581.2807024909408,688.0580479213988,0.0,
ID3858 → ID4769,232,3858,4769,42.22200659986986,1.7884885866456115,6.497846304728195,6.497846304728195,9.5,586.1477968562125,692.2358761192513,0.0,
ID5520 → ID4852,232,5520,4852,2.2250738585072014E-308,0.0,0.0,0.0,1.5,598.1376684387246,683.5947440609898,0.0,
ID5124 → ID2853,233,5124,2853,531.6070528905523,0.0,23.05660540692303,23.05660540692303,3.5,322.56986357642137,130.71688424746327,0.0,
ID3619 → ID5124,233,3619,5124,2.2250738585072014E-308,0.0,0.0,0.0,2.5,333.32677740920735,126.57073325929898,0.0,
ID4908 → ID5209,233,4908,5209,2.2250738585072014E-308,NaN,0.0,0.0,0.5,333.32677740920735,126.57073325929898,0.0,
ID3290 → ID3248,233,3290,3248,164.35669448153755,0.0,12.820167490385511,12.820167490385511,5.5,305.6674798073785,136.6857729795029,0.0,
ID2853 → ID3290,233,2853,3290,2.2250738585072014E-308,0.0,0.0,0.0,4.5,311.8129497436354,134.86303523562754,0.0,
ID3230 → ID3332,233,3230,3332,2.2250738585072014E-308,0.0,0.0,0.0,7.5,292.84535415155284,132.2862980313162,0.0,
ID3248 → ID3230,233,3248,3230,83.29366238291024,1.03851482197093,9.126536165649608,9.126536165649608,6.5,296.1836820113373,135.39740437734724,0.0,
ID5209 → ID3619,233,5209,3619,2.2250738585072014E-308,0.0,0.0,0.0,1.5,333.32677740920735,126.57073325929898,0.0,
ID4758 → ID4766,234,4758,4766,117.99801923150744,0.0,10.862689318557695,10.862689318557695,5.5,740.2616036872555,703.7498410704791,0.0,
ID5483 → ID4440,234,5483,4440,84.58885697752103,0.0,9.197220067907532,9.197220067907532,3.5,742.8621205096213,694.2353015033432,0.0,
ID4856 → ID5483,234,4856,5483,2.2250738585072014E-308,0.0,0.0,0.0,2.5,743.1762886162734,689.6474356982936,0.0,
ID4795 → ID4823,234,4795,4823,2.2250738585072014E-308,0.0,0.0,0.0,7.5,739.1992567723412,713.4193700445546,0.0,
ID4540 → ID2619,234,4540,2619,221.1676548924415,0.0,14.871706522536057,14.871706522536057,11.5,733.9029751620722,723.780636871076,0.0,
ID4806 → ID4540,234,4806,4540,2.2250738585072014E-308,0.0,0.0,0.0,10.5,739.8466139792646,719.3124077661761,0.0,
ID5116 → ID5525,234,5116,5525,2.2250738585072014E-308,NaN,0.0,0.0,0.5,743.1762886162734,689.6474356982936,0.0,
ID4440 → ID4758,234,4440,4758,2.2250738585072014E-308,0.0,0.0,0.0,4.5,742.5479524029693,698.8231673083927,0.0,
ID4766 → ID4795,234,4766,4795,23.99285597025255,0.6870593042889513,4.898250296815441,4.898250296815441,6.5,738.5872558719414,711.0479424385601,0.0,
ID4823 → ID3909,234,4823,3909,24.76194542710774,0.0,4.97613760130362,4.97613760130362,8.5,737.4277880742436,711.6722624324033,0.0,
ID3909 → ID4806,234,3909,4806,105.6790867316873,2.7691116162593508,10.280033401292396,10.280033401292396,9.5,737.7514666777053,714.6187812932139,0.0,
ID5525 → ID4856,234,5525,4856,2.2250738585072014E-308,0.0,0.0,0.0,1.5,743.1762886162734,689.6474356982936,0.0,
ID5416 → ID4593,235,5416,4593,2.2250738585072014E-308,0.0,0.0,0.0,1.5,393.8700435973938,473.2499408893309,0.0,
ID4593 → ID5347,235,4593,5347,2.2250738585072014E-308,0.0,0.0,0.0,2.5,393.8700435973938,473.2499408893309,0.0,
ID5016 → ID5416,235,5016,5416,2.2250738585072014E-308,NaN,0.0,0.0,0.5,393.8700435973938,473.2499408893309,0.0,
ID4292 → ID4302,235,4292,4302,43.012809743065446,0.0,6.558415185322247,6.558415185322247,5.5,402.96061791681376,472.24222829585995,0.0,
ID5347 → ID3848,235,5347,3848,54.642214490147275,0.0,7.392037235441071,7.392037235441071,3.5,397.1997780015871,471.6457518667814,0.0,
ID4302 → ID4297,235,4302,4297,10.882323760963436,2.9408575984546736,3.298836728448899,3.298836728448899,6.5,403.97274023620344,473.6020206048122,0.0,
ID4297 → ID4303,235,4297,4303,2.2250738585072014E-308,0.0,0.0,0.0,7.5,402.5537570445598,472.7611474621363,0.0,
ID4303 → ID3065,235,4303,3065,7.769227672969292,0.0,2.787333434121094,2.787333434121094,8.5,403.90876667623616,472.4351784201913,0.0,
ID3848 → ID4292,235,3848,4292,2.2250738585072014E-308,0.0,0.0,0.0,4.5,400.5295124057804,470.04156284423186,0.0,
ID4799 → ID4783,236,4799,4783,9.29612129820955,0.0,3.0489541318638347,3.0489541318638347,5.5,615.7407508106792,727.4294392023485,0.0,
ID4863 → ID5498,236,4863,5498,2.2250738585072014E-308,0.0,0.0,0.0,2.5,611.868081881524,726.8607210769648,0.0,
ID4783 → ID4817,236,4783,4817,25.43766117892528,2.478567586614593,5.043576229118113,5.043576229118113,6.5,615.0498629609331,725.9644126405358,0.0,
ID4827 → ID3977,236,4827,3977,68.22319368165395,0.0,8.259733269401256,8.259733269401256,8.5,610.0751244176938,727.7854491563132,0.0,
ID3977 → ID4814,236,3977,4814,20.179531890929876,1.1258391395431733,4.492163386490954,4.492163386490954,9.5,608.1492302328458,732.9212807366004,0.0,
ID5498 → ID4497,236,5498,4497,6.231781631988157,0.0,2.4963536672491253,2.4963536672491253,3.5,613.0508229753561,727.259555520008,0.0,
ID5532 → ID4863,236,5532,4863,2.2250738585072014E-308,0.0,0.0,0.0,1.5,611.868081881524,726.8607210769648,0.0,
ID4814 → ID4553,236,4814,4553,2.2250738585072014E-308,0.0,0.0,0.0,10.5,609.0,735.0,0.0,
ID4497 → ID4799,236,4497,4799,2.2250738585072014E-308,0.0,0.0,0.0,4.5,614.2335640691883,727.6583899630514,0.0,
ID4817 → ID4827,236,4817,4827,2.2250738585072014E-308,0.0,0.0,0.0,7.5,612.851788369696,724.7283368394259,0.0,
ID5126 → ID5532,236,5126,5532,2.2250738585072014E-308,NaN,0.0,0.0,0.5,611.868081881524,726.8607210769648,0.0,
ID4822 → ID4830,237,4822,4830,2.2250738585072014E-308,0.0,0.0,0.0,7.5,194.51968386721296,727.7389181358255,0.0,
ID5131 → ID5534,237,5131,5534,2.2250738585072014E-308,NaN,0.0,0.0,0.5,194.38387963788458,729.987321628687,0.0,
ID5534 → ID4865,237,5534,4865,2.2250738585072014E-308,0.0,0.0,0.0,1.5,194.38387963788458,729.987321628687,0.0,
ID5502 → ID4488,237,5502,4488,42.49423216010111,0.0,6.5187600170662146,6.5187600170662146,3.5,196.79047750869444,727.7891758809626,0.0,
ID4797 → ID4822,237,4797,4822,24.17736395256464,2.1493529156944096,4.917048296749244,4.917048296749244,6.5,196.24691578966326,729.4884926195814,0.0,
ID4794 → ID4797,237,4794,4797,33.384578621335315,0.0,5.777938959640826,5.777938959640826,5.5,198.58561154580894,728.4145486182879,0.0,
ID4488 → ID4794,237,4488,4794,2.2250738585072014E-308,0.0,0.0,0.0,4.5,199.1970753795043,725.5910301332383,0.0,
ID4865 → ID5502,237,4865,5502,2.2250738585072014E-308,0.0,0.0,0.0,2.5,194.38387963788458,729.987321628687,0.0,
ID4861 → ID5494,238,4861,5494,2.2250738585072014E-308,0.0,0.0,0.0,2.5,231.99310730715283,705.9988180031226,0.0,
ID5123 → ID5530,238,5123,5530,2.2250738585072014E-308,NaN,0.0,0.0,0.5,231.99310730715283,705.9988180031226,0.0,
ID4472 → ID4782,238,4472,4782,2.2250738585072014E-308,0.0,0.0,0.0,4.5,241.94449031157774,716.9924326592566,0.0,
ID5530 → ID4861,238,5530,4861,2.2250738585072014E-308,0.0,0.0,0.0,1.5,231.99310730715283,705.9988180031226,0.0,
ID4782 → ID4791,238,4782,4791,1195.9848553050374,0.0,34.58301397080707,34.58301397080707,5.5,225.7382413695709,723.021836365757,0.0,
ID5494 → ID4472,238,5494,4472,219.88958690832158,0.0,14.828674482512643,14.828674482512643,3.5,236.9687988093653,711.4956253311896,0.0,
ID4828 → ID4834,238,4828,4834,2.2250738585072014E-308,0.0,0.0,0.0,7.5,206.0,735.0,0.0,
ID4791 → ID4828,238,4791,4828,47.862715186285484,0.6788207496465367,6.918288457869148,6.918288457869148,6.5,207.76599621378202,732.0256200361287,0.0,
ID4834 → ID3988,238,4834,3988,16.0,0.0,4.0,4.0,8.5,204.0,735.0,0.0,
ID4280 → ID4318,239,4280,4318,15.812803929961103,2.2122376142065985,3.976531645788966,3.976531645788966,6.5,11.22607684755043,475.57579380806834,0.0,
ID5357 → ID3896,239,5357,3896,120.02475644141103,0.0,10.955581063613698,10.955581063613698,3.5,24.293624464706784,480.6906182840836,0.0,
ID5024 → ID5426,239,5024,5426,2.2250738585072014E-308,NaN,0.0,0.0,0.5,29.73479685491299,480.05829547854006,0.0,
ID4318 → ID4321,239,4318,4321,2.2250738585072014E-308,0.0,0.0,0.0,7.5,10.885858114816505,477.5347354091344,0.0,
ID4321 → ID3097,239,4321,3097,26.032801022702802,0.0,5.102234904696451,5.102234904696451,8.5,13.397840191933586,477.9798716803124,0.0,
ID4619 → ID5357,239,4619,5357,2.2250738585072014E-308,0.0,0.0,0.0,2.5,29.73479685491299,480.05829547854006,0.0,
ID4335 → ID4280,239,4335,4280,112.47188232512337,0.0,10.605276155061846,10.605276155061846,5.5,15.209373827392469,477.4698966483147,0.0,
ID5426 → ID4619,239,5426,4619,2.2250738585072014E-308,0.0,0.0,0.0,1.5,29.73479685491299,480.05829547854006,0.0,
ID3896 → ID4335,239,3896,4335,2.2250738585072014E-308,0.0,0.0,0.0,4.5,18.85245207450058,481.32294108962714,0.0,
ID3955 → ID4385,240,3955,4385,2.2250738585072014E-308,0.0,0.0,0.0,4.5,52.797667622344605,486.5194860030451,0.0,
ID4576 → ID5343,240,4576,5343,2.2250738585072014E-308,0.0,0.0,0.0,2.5,62.91667813071711,469.49065338219515,0.0,
ID4385 → ID4319,240,4385,4319,85.04182368781352,0.0,9.221812386283593,9.221812386283593,5.5,48.3407902571662,485.3376653424905,0.0,
ID3811 → ID2335,240,3811,2335,40.5248598783509,0.0,6.365913907550973,6.365913907550973,11.5,18.133660068888833,458.91652079319624,0.0,
ID4330 → ID3021,240,4330,3021,237.34674540251999,0.0,15.406061969319738,15.406061969319738,8.5,30.408753997265446,470.0635911202784,0.0,
ID4319 → ID4327,240,4319,4327,260.5769482082615,0.15521514060496194,16.1423959872214,16.1423959872214,6.5,36.495934250198374,480.90592027657976,0.0,
ID4241 → ID3811,240,4241,3811,2.2250738585072014E-308,0.0,0.0,0.0,10.5,20.322552792663352,456.60568466456346,0.0,
ID4327 → ID4330,240,4327,4330,2.2250738585072014E-308,0.0,0.0,0.0,7.5,29.10795560840896,477.65599587122375,0.0,
ID5343 → ID3955,240,5343,3955,392.37551409747573,0.0,19.808470766252395,19.808470766252395,3.5,57.85717287653085,478.0050696926201,0.0,
ID5012 → ID5410,240,5012,5410,2.2250738585072014E-308,NaN,0.0,0.0,0.5,62.91667813071711,469.49065338219515,0.0,
ID5410 → ID4576,240,5410,4576,2.2250738585072014E-308,0.0,0.0,0.0,1.5,62.91667813071711,469.49065338219515,0.0,
ID3021 → ID4241,240,3021,4241,164.0678699900796,1.2648192304991894,12.808898078682631,12.808898078682631,9.5,26.016052589392643,459.5384355169482,0.0,
ID3304 → ID3406,241,3304,3406,2.2250738585072014E-308,0.0,0.0,0.0,7.5,0.0,145.0,0.0,
ID3266 → ID3304,241,3266,3304,10.58471062189226,2.8674851008186137,3.2534152243284686,3.2534152243284686,6.5,1.1704887456875017,143.87033909880356,0.0,
ID3406 → ID2547,241,3406,2547,4.0,0.0,2.0,2.0,8.5,0.0,144.0,0.0,
ID2859 → ID3301,241,2859,3301,2.2250738585072014E-308,NaN,0.0,0.0,4.5,0.0,144.0,0.0,
ID3301 → ID3266,241,3301,3266,7.06606701710648,0.0,2.658207481952167,2.658207481952167,5.5,1.1704887456875017,143.37033909880356,0.0,
ID3378 → ID3310,242,3378,3310,55.815468778759175,0.0,7.470975088886267,7.470975088886267,5.5,358.4415581356443,151.82712947438898,0.0,
ID2902 → ID3378,242,2902,3378,2.2250738585072014E-308,NaN,0.0,0.0,4.5,360.8831162712886,154.65425894877797,0.0,
ID3310 → ID3319,242,3310,3319,32.886884199904536,0.23592792308210378,5.734708728427673,5.734708728427673,6.5,353.6705306779063,147.32808680626044,0.0,
ID3319 → ID3421,242,3319,3421,2.2250738585072014E-308,0.0,0.0,0.0,7.5,351.3410613558126,145.65617361252086,0.0,
ID2894 → ID3367,243,2894,3367,2.2250738585072014E-308,0.0,0.0,0.0,4.5,457.5303234683047,152.3104195277496,0.0,
ID5223 → ID3698,243,5223,3698,2.2250738585072014E-308,0.0,0.0,0.0,1.5,457.5338773071627,153.292990406815,0.0,
ID4915 → ID5223,243,4915,5223,2.2250738585072014E-308,NaN,0.0,0.0,0.5,457.5338773071627,153.292990406815,0.0,
ID3320 → ID3340,243,3320,3340,4.3275790067081745,0.11504985576967174,2.0802833957680322,2.0802833957680322,6.5,456.2976441711603,148.09087266206987,0.0,
ID3340 → ID3439,243,3340,3439,2.2250738585072014E-308,0.0,0.0,0.0,7.5,456.0947301330843,147.07071549534078,0.0,
ID3367 → ID3320,243,3367,3320,11.296510934535519,0.0,3.3610282555395927,3.3610282555395927,5.5,457.0154408387705,150.7107246782743,0.0,
ID3475 → ID3019,243,3475,3019,2.2250738585072014E-308,0.0,0.0,0.0,10.5,455.6506324203444,146.85896792877807,0.0,
ID3019 → ID2222,243,3019,2222,2302.537689546034,0.0,47.984765181732776,47.984765181732776,11.5,443.5006806160098,167.54744524197963,0.0,
ID3698 → ID5144,243,3698,5144,2.2250738585072014E-308,0.0,0.0,0.0,2.5,457.5338773071627,153.292990406815,0.0,
ID3439 → ID2554,243,3439,2554,2.560647507482803,0.0,1.6002023332950126,1.6002023332950126,8.5,456.8868591478721,146.95805005786343,0.0,
ID2554 → ID3475,243,2554,3475,4.114411523651412,3.0070057139571724,2.0284012235382356,2.0284012235382356,9.5,456.66481029150214,146.8521762745821,0.0,
ID5144 → ID2894,243,5144,2894,0.9654581621579937,0.0,0.9825773059449285,0.9825773059449285,3.5,457.5321003877337,152.8017049672823,0.0,
ID3350 → ID3449,244,3350,3449,2.2250738585072014E-308,0.0,0.0,0.0,7.5,58.37825714480613,152.34807667816813,0.0,
ID4911 → ID5215,244,4911,5215,2.2250738585072014E-308,NaN,0.0,0.0,0.5,61.74339178540401,143.86748506616323,0.0,
ID5215 → ID3646,244,5215,3646,2.2250738585072014E-308,0.0,0.0,0.0,1.5,61.74339178540401,143.86748506616323,0.0,
ID3334 → ID3331,244,3334,3331,32.711167531424316,0.0,5.719367756266799,5.719367756266799,5.5,62.350044900960185,148.18685509451967,0.0,
ID3646 → ID5134,244,3646,5134,2.2250738585072014E-308,0.0,0.0,0.0,2.5,61.74339178540401,143.86748506616323,0.0,
ID3331 → ID3350,244,3331,3350,20.674891197611714,1.407095378597383,4.546965053484765,4.546965053484765,6.5,60.55283562687754,151.6848035634447,0.0,
ID2877 → ID3334,244,2877,3334,2.2250738585072014E-308,0.0,0.0,0.0,4.5,61.97267569297142,145.35217974031806,0.0,
ID5134 → ID2877,244,5134,2877,2.256889385733123,0.0,1.5022947066847845,1.5022947066847845,3.5,61.85803373918772,144.60983240324066,0.0,
ID3876 → ID3894,245,3876,3894,2.2250738585072014E-308,0.0,0.0,0.0,7.5,292.17466394233236,307.26410145754886,0.0,
ID3990 → ID3833,245,3990,3833,7.897522360896145,0.0,2.8102530777309265,2.8102530777309265,5.5,293.64642146253624,304.2990442611661,0.0,
ID4264 → ID5257,245,4264,5257,2.2250738585072014E-308,0.0,0.0,0.0,2.5,293.0414609344834,298.65267893590766,0.0,
ID5257 → ID3518,245,5257,3518,18.26784076985004,0.0,4.2740894667578075,4.2740894667578075,3.5,293.2523959344636,300.7792881191489,0.0,
ID5327 → ID4264,245,5327,4264,2.2250738585072014E-308,0.0,0.0,0.0,1.5,293.0414609344834,298.65267893590766,0.0,
ID3833 → ID3876,245,3833,3876,5.20942385804311,0.94176901906072,2.2824162324263098,2.2824162324263098,6.5,293.00208796648053,306.4781463387455,0.0,
ID4969 → ID5327,245,4969,5327,2.2250738585072014E-308,NaN,0.0,0.0,0.5,293.0414609344834,298.65267893590766,0.0,
ID3518 → ID3990,245,3518,3990,2.2250738585072014E-308,0.0,0.0,0.0,4.5,293.4633309344438,302.9058973023901,0.0,
ID4481 → ID4081,246,4481,4081,2.2250738585072014E-308,0.0,0.0,0.0,10.5,222.53905498255048,510.2623089536739,0.0,
ID4403 → ID4404,246,4403,4404,2.2250738585072014E-308,0.0,0.0,0.0,7.5,229.0546506690649,491.0703284600221,0.0,
ID5437 → ID4649,246,5437,4649,2.2250738585072014E-308,0.0,0.0,0.0,1.5,258.99950406614016,486.83055531570096,0.0,
ID5032 → ID5437,246,5032,5437,2.2250738585072014E-308,NaN,0.0,0.0,0.5,258.99950406614016,486.83055531570096,0.0,
ID3906 → ID4348,246,3906,4348,2.2250738585072014E-308,0.0,0.0,0.0,4.5,254.9293013515245,481.1815873428302,0.0,
ID4348 → ID4342,246,4348,4342,367.95745368919904,0.0,19.18221712131314,19.18221712131314,5.5,246.15403376271536,485.05250999345185,0.0,
ID4342 → ID4403,246,4342,4403,73.9000605824772,0.16303058000719933,8.596514443800883,8.596514443800883,6.5,233.21670842148555,489.99688055204774,0.0,
ID4404 → ID3237,246,4404,3237,24.941874049027312,0.0,4.994184022343121,4.994184022343121,8.5,228.373371287571,493.4726870753433,0.0,
ID5367 → ID3906,246,5367,3906,48.47738929658445,0.0,6.96257059544709,6.96257059544709,3.5,256.9644027088323,484.0060713292656,0.0,
ID4081 → ID2395,246,4081,2395,18.116000974175805,0.0,4.256289578280102,4.256289578280102,11.5,222.64666020776878,512.387731584364,0.0,
ID3237 → ID4481,246,3237,4481,233.5471337343665,0.06759908745670884,15.282248975015637,15.282248975015637,9.5,225.11557344431378,503.0686773221692,0.0,
ID4649 → ID5367,246,4649,5367,2.2250738585072014E-308,0.0,0.0,0.0,2.5,258.99950406614016,486.83055531570096,0.0,
ID2893 → ID2868,247,2893,2868,69.14484485221438,0.7144878334198683,8.315337927722142,8.315337927722142,6.5,688.7387504351507,24.629176756298122,0.0,
ID2892 → ID2893,247,2892,2893,5.175137813313201,0.0,2.2748929234830375,2.2748929234830375,5.5,692.4893981132393,21.214843058198596,0.0,
ID2680 → ID2892,247,2680,2892,2.2250738585072014E-308,0.0,0.0,0.0,4.5,692.7876251925398,20.117188712559603,0.0,
ID2943 → ID2679,247,2943,2679,2.2250738585072014E-308,0.0,0.0,0.0,10.5,660.1611736933788,9.123786277426603,0.0,
ID5017 → ID2680,247,5017,2680,217.79811301921956,0.0,14.75798472079503,14.75798472079503,3.5,698.5019572987846,15.448576838099974,0.0,
ID4871 → ID5135,247,4871,5135,2.2250738585072014E-308,NaN,0.0,0.0,0.5,704.2162894050293,10.779964963640346,0.0,
ID2382 → ID2943,247,2382,2943,305.726095912839,1.2088321309796286,17.48502490455301,17.48502490455301,9.5,668.8991312595738,8.841613370174382,0.0,
ID2993 → ID2382,247,2993,2382,396.5711683396121,0.0,19.91409471554286,19.91409471554286,8.5,681.4617093310655,17.752648285840408,0.0,
ID3205 → ID5017,247,3205,5017,2.2250738585072014E-308,0.0,0.0,0.0,2.5,704.2162894050293,10.779964963640346,0.0,
ID5135 → ID3205,247,5135,3205,2.2250738585072014E-308,0.0,0.0,0.0,1.5,704.2162894050293,10.779964963640346,0.0,
ID2868 → ID2993,247,2868,2993,2.2250738585072014E-308,0.0,0.0,0.0,7.5,685.2863298363625,26.945856108758655,0.0,
ID3381 → ID3477,248,3381,3477,2.2250738585072014E-308,0.0,0.0,0.0,7.5,363.7486898366967,158.74219867385153,0.0,
ID5168 → ID3038,248,5168,3038,9.01474453146906,0.0,3.002456416248046,3.002456416248046,3.5,348.4081963826011,189.05169035790254,0.0,
ID3882 → ID5168,248,3882,5168,2.2250738585072014E-308,0.0,0.0,0.0,2.5,347.09366053317376,189.77672941439377,0.0,
ID4927 → ID5244,248,4927,5244,2.2250738585072014E-308,NaN,0.0,0.0,0.5,347.09366053317376,189.77672941439377,0.0,
ID3038 → ID3535,248,3038,3535,2.2250738585072014E-308,0.0,0.0,0.0,4.5,349.72273223202836,188.3266513014113,0.0,
ID5244 → ID3882,248,5244,3882,2.2250738585072014E-308,0.0,0.0,0.0,1.5,347.09366053317376,189.77672941439377,0.0,
ID3535 → ID3428,248,3535,3428,89.52929231659343,0.0,9.461991984597821,9.461991984597821,5.5,350.4352728851169,183.64962137881676,0.0,
ID3428 → ID3381,248,3428,3381,568.0508756188777,0.4058787247172854,23.833817898500396,23.833817898500396,6.5,357.44825168745103,168.85739506503688,0.0,
ID3866 → ID3895,249,3866,3895,12.073408862535613,NaN,3.474681116668926,3.474681116668926,6.5,734.815178773579,309.07942078990175,0.0,
ID3914 → ID2803,249,3914,2803,240.22431468389675,0.0,15.499171419269379,15.499171419269379,8.5,733.7480572205617,316.1593626364437,0.0,
ID3895 → ID3914,249,3895,3914,2.2250738585072014E-308,0.0,0.0,0.0,7.5,736.546305635824,308.93261478713714,0.0,
ID5331 → ID4279,250,5331,4279,2.2250738585072014E-308,0.0,0.0,0.0,1.5,299.2836032686747,303.19396158131156,0.0,
ID3986 → ID3547,250,3986,3547,2.2250738585072014E-308,0.0,0.0,0.0,10.5,296.0548017693997,310.2207452605135,0.0,
ID3934 → ID2778,250,3934,2778,55.36898093125686,0.0,7.441033592939684,7.441033592939684,8.5,301.9989752119628,313.38350384017883,0.0,
ID3547 → ID2299,250,3547,2299,61.26884787980846,0.0,7.827441975499305,7.827441975499305,11.5,295.745373371426,314.12221498825454,0.0,
ID2778 → ID3986,250,2778,3986,12.194920241715591,0.7337020396228546,3.4921225983226294,3.4921225983226294,9.5,297.1833798114146,311.55305215590613,0.0,
ID4971 → ID5331,250,4971,5331,2.2250738585072014E-308,NaN,0.0,0.0,0.5,299.2836032686747,303.19396158131156,0.0,
ID3891 → ID3917,250,3891,3917,15.976274997600765,2.267189710731997,3.9970332745175847,3.9970332745175847,6.5,307.52876700491936,313.10818167227535,0.0,
ID3551 → ID4024,250,3551,4024,2.2250738585072014E-308,0.0,0.0,0.0,4.5,300.68789407821185,307.8469206595073,0.0,
ID3917 → ID3934,250,3917,3934,2.2250738585072014E-308,0.0,0.0,0.0,7.5,305.68599257049607,313.88164862905893,0.0,
ID4024 → ID3891,250,4024,3891,95.54602698140482,0.0,9.774764804403471,9.774764804403471,5.5,305.0297177587773,310.09081768749957,0.0,
ID5261 → ID3551,250,5261,3551,23.622060861114726,0.0,4.860253168417745,4.860253168417745,3.5,299.98574867344325,305.52044112040943,0.0,
ID4279 → ID5261,250,4279,5261,2.2250738585072014E-308,0.0,0.0,0.0,2.5,299.2836032686747,303.19396158131156,0.0,
ID3943 → ID4376,251,3943,4376,2.2250738585072014E-308,0.0,0.0,0.0,4.5,274.19755450615986,485.94919185661354,0.0,
ID4629 → ID5361,251,4629,5361,2.2250738585072014E-308,0.0,0.0,0.0,2.5,283.51686997979164,482.3395256032841,0.0,
ID4446 → ID3286,251,4446,3286,237.85678100148664,0.0,15.422606167619227,15.422606167619227,8.5,254.8392228082914,501.79965011632237,0.0,
ID4436 → ID4446,251,4436,4446,2.2250738585072014E-308,0.0,0.0,0.0,7.5,257.308418401423,494.4943596790276,0.0,
ID4381 → ID4436,251,4381,4436,69.69969125065484,0.09272436859093357,8.348634094907672,8.348634094907672,6.5,261.1258271656291,492.8054804235371,0.0,
ID3286 → ID4473,251,3286,4473,238.73477726892781,1.2794198765997329,15.45104453650069,15.45104453650069,9.5,244.6491205797287,508.8379292351524,0.0,
ID5432 → ID4629,251,5432,4629,2.2250738585072014E-308,0.0,0.0,0.0,1.5,283.51686997979164,482.3395256032841,0.0,
ID4473 → ID4073,251,4473,4073,2.2250738585072014E-308,0.0,0.0,0.0,10.5,236.92821394429762,508.5709179166876,0.0,
ID5361 → ID3943,251,5361,3943,99.8793313574982,0.0,9.993964746660767,9.993964746660767,3.5,278.8572122429757,484.1443587299488,0.0,
ID4073 → ID2389,251,4073,2389,7.406652051883646,0.0,2.721516498550697,2.721516498550697,11.5,237.4163327015826,509.8411159688659,0.0,
ID4376 → ID4381,251,4376,4381,112.34453130399234,0.0,10.59927031941314,10.59927031941314,5.5,269.57039521799754,488.53289651233007,0.0,
ID5027 → ID5432,251,5027,5432,2.2250738585072014E-308,NaN,0.0,0.0,0.5,283.51686997979164,482.3395256032841,0.0,
ID3434 → ID3376,252,3434,3376,19.71537453535994,0.0,4.440199830566181,4.440199830566181,5.5,710.1454302167849,168.20030402524156,0.0,
ID4917 → ID5227,252,4917,5227,2.2250738585072014E-308,NaN,0.0,0.0,0.5,709.1785730899181,163.44163902180466,0.0,
ID5227 → ID3718,252,5227,3718,2.2250738585072014E-308,0.0,0.0,0.0,1.5,709.1785730899181,163.44163902180466,0.0,
ID3419 → ID3506,252,3419,3506,2.2250738585072014E-308,0.0,0.0,0.0,7.5,710.7528326862441,174.68570583785515,0.0,
ID3376 → ID3419,252,3376,3419,21.464993249369837,0.6769305211157199,4.633032834911688,4.633032834911688,6.5,711.0342168599309,172.3863426087978,0.0,
ID3506 → ID2577,252,3506,2577,0.6174971669009051,0.0,0.7858098796152317,0.7858098796152317,8.5,710.907724225035,174.32462010989542,0.0,
ID2941 → ID3434,252,2941,3434,2.2250738585072014E-308,0.0,0.0,0.0,4.5,708.9752593999524,166.31362867074273,0.0,
ID3718 → ID5148,252,3718,5148,2.2250738585072014E-308,0.0,0.0,0.0,2.5,709.1785730899181,163.44163902180466,0.0,
ID5148 → ID2941,252,5148,2941,8.289661000134897,0.0,2.8791771394158605,2.8791771394158605,3.5,709.0769162449353,164.87763384627368,0.0,
ID2675 → ID2907,253,2675,2907,2.2250738585072014E-308,0.0,0.0,0.0,4.5,446.74389903092066,24.38730702656345,0.0,
ID2917 → ID3020,253,2917,3020,2.2250738585072014E-308,0.0,0.0,0.0,7.5,451.7572584120123,32.9150056639325,0.0,
ID2913 → ID2917,253,2913,2917,68.60426953112507,2.0185622355948647,8.282769436071794,8.282769436071794,6.5,447.6476445530091,33.42700303958047,0.0,
ID4873 → ID5141,253,4873,5141,2.2250738585072014E-308,NaN,0.0,0.0,0.5,435.36287384356683,25.612038255102867,0.0,
ID5141 → ID3227,253,5141,3227,2.2250738585072014E-308,0.0,0.0,0.0,1.5,435.36287384356683,25.612038255102867,0.0,
ID2907 → ID2913,253,2907,2913,101.51243838469874,0.0,10.07533812756171,10.07533812756171,5.5,445.1409648624633,29.16315372089595,0.0,
ID5023 → ID2675,253,5023,2675,131.0277008973419,0.0,11.446733197613279,11.446733197613279,3.5,441.0533864372437,24.99967264083316,0.0,
ID3227 → ID5023,253,3227,5023,2.2250738585072014E-308,0.0,0.0,0.0,2.5,435.36287384356683,25.612038255102867,0.0,
ID3528 → ID2613,254,3528,2613,7.3587079886082725,0.0,2.7126938619402434,2.7126938619402434,8.5,420.59047029069654,181.17512175939896,0.0,
ID3441 → ID3528,254,3441,3528,2.2250738585072014E-308,0.0,0.0,0.0,7.5,419.2661727173562,180.88201267663817,0.0,
ID3437 → ID3441,254,3437,3441,9.897874895672294,NaN,3.1460888251402395,3.1460888251402395,6.5,420.78226337192217,180.4625632147768,0.0,
ID5026 → ID2712,255,5026,2712,97.09892241002156,0.0,9.85387854654306,9.85387854654306,3.5,153.05353951889663,34.593330592641266,0.0,
ID4874 → ID5143,255,4874,5143,2.2250738585072014E-308,NaN,0.0,0.0,0.5,152.31769669669524,29.72165060073702,0.0,
ID2404 → ID3034,255,2404,3034,152.54344512627512,0.43211529434683194,12.350847951710648,12.350847951710648,9.5,187.30286239956683,45.68086172551939,0.0,
ID2969 → ID2962,255,2969,2962,95.19550272296371,0.0,9.75681826841946,9.75681826841946,5.5,155.94454211637543,43.84155739953184,0.0,
ID3234 → ID5026,255,3234,5026,2.2250738585072014E-308,0.0,0.0,0.0,2.5,152.31769669669524,29.72165060073702,0.0,
ID2950 → ID3057,255,2950,3057,2.2250738585072014E-308,0.0,0.0,0.0,7.5,169.69779630569002,42.70982335937073,0.0,
ID3057 → ID2404,255,3057,2404,145.39312015280981,0.0,12.057906955720375,12.057906955720375,8.5,175.72531463154144,42.841363732366155,0.0,
ID3034 → ID2728,255,3034,2728,2.2250738585072014E-308,0.0,0.0,0.0,10.5,192.8528918417408,48.388819345677206,0.0,
ID2962 → ID2950,255,2962,2950,164.85695201610352,1.5566110135321232,12.8396632360862,12.8396632360862,6.5,163.89874909867143,45.46396378694445,0.0,
ID2712 → ID2969,255,2712,2969,2.2250738585072014E-308,0.0,0.0,0.0,4.5,153.789382341098,39.4650105845455,0.0,
ID5143 → ID3234,255,5143,3234,2.2250738585072014E-308,0.0,0.0,0.0,1.5,152.31769669669524,29.72165060073702,0.0,
ID3069 → ID2421,256,3069,2421,464.0289181723317,0.0,21.541330464303538,21.541330464303538,8.5,204.31071491888542,50.45242634988094,0.0,
ID2959 → ID3069,256,2959,3069,2.2250738585072014E-308,0.0,0.0,0.0,7.5,196.29282276664748,43.26072036463904,0.0,
ID2742 → ID3022,256,2742,3022,2.2250738585072014E-308,NaN,0.0,0.0,4.5,177.22015196846235,54.777369391742006,0.0,
ID3116 → ID2771,256,3116,2771,2.2250738585072014E-308,0.0,0.0,0.0,10.5,215.99820470968686,62.48517668686373,0.0,
ID2967 → ID2959,256,2967,2959,223.38659313605265,0.5886884305166324,14.94612301354611,14.94612301354611,6.5,189.23822781467288,45.726351794432986,0.0,
ID3022 → ID2967,256,3022,2967,68.00345356274403,0.0,8.246420651576296,8.246420651576296,5.5,179.70189241558032,51.48467630798447,0.0,
ID2421 → ID3116,256,2421,3116,36.90165724447324,0.19105211948499945,6.074673426981342,6.074673426981342,9.5,214.1634058904051,60.06465451099328,0.0,
ID3216 → ID5021,257,3216,5021,2.2250738585072014E-308,0.0,0.0,0.0,2.5,682.9187797165825,20.242664089975708,0.0,
ID2899 → ID2900,257,2899,2900,14.071372241695876,0.0,3.7511827790306187,3.7511827790306187,5.5,683.4480432141322,23.976405118875235,0.0,
ID4872 → ID5139,257,4872,5139,2.2250738585072014E-308,NaN,0.0,0.0,0.5,682.9187797165825,20.242664089975708,0.0,
ID5021 → ID2669,257,5021,2669,15.542524652396398,0.0,3.9424008741370273,3.9424008741370273,3.5,684.0802312934181,21.835354077941147,0.0,
ID2900 → ID2968,257,2900,2968,569.4500383896043,0.7219869468518836,23.86315231459591,23.86315231459591,6.5,675.3964892804115,34.68355637991583,0.0,
ID2669 → ID2899,257,2669,2899,2.2250738585072014E-308,0.0,0.0,0.0,4.5,685.2416828702536,23.42804406590659,0.0,
ID2968 → ID3078,257,2968,3078,2.2250738585072014E-308,0.0,0.0,0.0,7.5,669.1385750028121,44.84234658798778,0.0,
ID5139 → ID3216,257,5139,3216,2.2250738585072014E-308,0.0,0.0,0.0,1.5,682.9187797165825,20.242664089975708,0.0,
ID3078 → ID2396,257,3078,2396,475.7485252600329,0.0,21.811660304984418,21.811660304984418,8.5,679.5201528504269,41.50169205497782,0.0,
ID3600 → ID4069,258,3600,4069,2.2250738585072014E-308,0.0,0.0,0.0,4.5,455.62304329749566,326.2373782045719,0.0,
ID3982 → ID4025,258,3982,4025,5.556678845975951,2.0408416932243245,2.3572608777935358,2.3572608777935358,6.5,454.15251380917516,322.75325796638094,0.0,
ID5348 → ID4347,258,5348,4347,2.2250738585072014E-308,0.0,0.0,0.0,1.5,456.55086218841063,332.1048686897087,0.0,
ID5276 → ID3600,258,5276,3600,35.288292487510056,0.0,5.940394977399235,5.940394977399235,3.5,456.08695274295314,329.1711234471403,0.0,
ID4979 → ID5348,258,4979,5348,2.2250738585072014E-308,NaN,0.0,0.0,0.5,456.55086218841063,332.1048686897087,0.0,
ID4069 → ID3982,258,4069,3982,17.360973779973946,0.0,4.166650186897617,4.166650186897617,5.5,454.3115216487478,324.61868910228594,0.0,
ID4347 → ID5276,258,4347,5276,2.2250738585072014E-308,0.0,0.0,0.0,2.5,456.55086218841063,332.1048686897087,0.0,
ID4025 → ID4041,258,4025,4041,2.2250738585072014E-308,0.0,0.0,0.0,7.5,455.3050276183504,322.50651593276183,0.0,
ID3006 → ID3114,259,3006,3114,2.2250738585072014E-308,0.0,0.0,0.0,7.5,434.26459688915736,50.215381885967254,0.0,
ID3149 → ID3006,259,3149,3006,2310.986591507289,NaN,48.07272190657909,48.07272190657909,6.5,434.49455091725815,74.250642837781,0.0,
ID5051 → ID2747,260,5051,2747,39.52824327716695,0.0,6.287149057972695,6.287149057972695,3.5,186.54208712725003,57.81704805290336,0.0,
ID5161 → ID3341,260,5161,3341,2.2250738585072014E-308,0.0,0.0,0.0,1.5,183.82130034590378,56.24244330575465,0.0,
ID3341 → ID5051,260,3341,5051,2.2250738585072014E-308,0.0,0.0,0.0,2.5,183.82130034590378,56.24244330575465,0.0,
ID3016 → ID3125,260,3016,3125,2.2250738585072014E-308,0.0,0.0,0.0,7.5,174.0120919786901,55.351013710213536,0.0,
ID4883 → ID5161,260,4883,5161,2.2250738585072014E-308,NaN,0.0,0.0,0.5,183.82130034590378,56.24244330575465,0.0,
ID2747 → ID3033,260,2747,3033,2.2250738585072014E-308,0.0,0.0,0.0,4.5,189.26287390859628,59.39165280005207,0.0,
ID3098 → ID2761,260,3098,2761,2.2250738585072014E-308,0.0,0.0,0.0,10.5,186.01185231444433,61.05980888472513,0.0,
ID3125 → ID2410,260,3125,2410,14.581291406485125,0.0,3.8185457187894354,3.8185457187894354,8.5,175.89275539130074,55.68029775186901,0.0,
ID3033 → ID3002,260,3033,3002,76.19623088966013,0.0,8.729045245023086,8.729045245023086,5.5,185.13873744554073,57.96317243388994,0.0,
ID2410 → ID3098,260,2410,3098,93.37658038016879,0.37659715750227063,9.663155818891093,9.663155818891093,9.5,181.89263555917785,58.53469533912481,0.0,
ID3002 → ID3016,260,3002,3016,50.4362268022787,0.16598461331651038,7.101846717740302,7.101846717740302,6.5,177.51334648058764,55.94285288897068,0.0,
ID5409 → ID4135,261,5409,4135,207.28414312891627,0.0,14.397365839934618,14.397365839934618,3.5,237.53782862723244,607.2863903246409,0.0,
ID5062 → ID5473,261,5062,5473,2.2250738585072014E-308,NaN,0.0,0.0,0.5,243.08775985144658,611.8710712501495,0.0,
ID4590 → ID3514,261,4590,3514,270.10268940409776,0.0,16.434801167160426,16.434801167160426,8.5,221.14677709026472,615.7671262895846,0.0,
ID4560 → ID4590,261,4560,4590,2.2250738585072014E-308,0.0,0.0,0.0,7.5,227.9247299682558,611.1211573772093,0.0,
ID5473 → ID4772,261,5473,4772,2.2250738585072014E-308,0.0,0.0,0.0,1.5,243.08775985144658,611.8710712501495,0.0,
ID4545 → ID4560,261,4545,4560,37.44367586293973,1.4820453294997753,6.119123782286131,6.119123782286131,6.5,230.79952269598402,610.0740252277956,0.0,
ID4135 → ID4551,261,4135,4551,2.2250738585072014E-308,0.0,0.0,0.0,4.5,231.9878974030183,602.7017093991324,0.0,
ID4551 → ID4545,261,4551,4545,42.85195431676484,0.0,6.546140413767859,6.546140413767859,5.5,232.83110641336526,605.8643012387571,0.0,
ID4772 → ID5409,261,4772,5409,2.2250738585072014E-308,0.0,0.0,0.0,2.5,243.08775985144658,611.8710712501495,0.0,
ID4611 → ID4257,262,4611,4257,2.2250738585072014E-308,0.0,0.0,0.0,10.5,728.9591300061196,623.1643744690327,0.0,
ID5478 → ID4792,262,5478,4792,2.2250738585072014E-308,0.0,0.0,0.0,1.5,748.2029790731058,630.7230007795392,0.0,
ID4587 → ID4620,262,4587,4620,2.2250738585072014E-308,0.0,0.0,0.0,7.5,739.8623731002594,631.7500585847105,0.0,
ID3555 → ID4611,262,3555,4611,89.07536371418078,0.7871818861523097,9.437974555707425,9.437974555707425,9.5,733.337101482872,624.9256826979604,0.0,
ID4792 → ID5415,262,4792,5415,2.2250738585072014E-308,0.0,0.0,0.0,2.5,748.2029790731058,630.7230007795392,0.0,
ID5067 → ID5478,262,5067,5478,2.2250738585072014E-308,NaN,0.0,0.0,0.5,748.2029790731058,630.7230007795392,0.0,
ID4257 → ID2473,262,4257,2473,131.75971109956436,0.0,11.478663297595428,11.478663297595428,11.5,734.6534518752151,622.4469999322439,0.0,
ID4620 → ID3555,262,4620,3555,30.245552001660485,0.0,5.499595621648966,5.499595621648966,8.5,738.7887230299418,629.2185247557992,0.0,
ID4569 → ID4566,262,4569,4566,53.05872611064487,0.0,7.284142098466014,7.284142098466014,5.5,744.6454562454946,631.893804947737,0.0,
ID4157 → ID4569,262,4157,4569,2.2250738585072014E-308,0.0,0.0,0.0,4.5,747.9493509246647,633.4264371530013,0.0,
ID5415 → ID4157,262,5415,4157,7.3728954630393835,0.0,2.7153076184917584,2.7153076184917584,3.5,748.0761649988852,632.0747189662702,0.0,
ID4566 → ID4587,262,4566,4587,4.117002400908913,1.1882648685029227,2.0290397731214913,2.0290397731214913,6.5,740.6019673332921,631.0556156635917,0.0,
ID5093 → ID2782,263,5093,2782,238.77491767954785,0.0,15.452343436500104,15.452343436500104,3.5,601.5204976877491,81.93084840083435,0.0,
ID4897 → ID5187,263,4897,5187,2.2250738585072014E-308,NaN,0.0,0.0,0.5,601.0484463664822,89.64258601112537,0.0,
ID3161 → ID2423,263,3161,2423,85.23916418022424,0.0,9.232505845122668,9.232505845122668,8.5,602.5981935863133,64.01951170531046,0.0,
ID3052 → ID3161,263,3052,3161,2.2250738585072014E-308,0.0,0.0,0.0,7.5,601.3504343649824,68.46393382417358,0.0,
ID3101 → ID3032,263,3101,3032,33.55735517597505,0.0,5.792871065022512,5.792871065022512,5.5,600.6370376815623,71.65943740607834,0.0,
ID3147 → ID2785,263,3147,2785,2.2250738585072014E-308,0.0,0.0,0.0,10.5,609.0649919982578,66.77835206973718,0.0,
ID3488 → ID5093,263,3488,5093,2.2250738585072014E-308,0.0,0.0,0.0,2.5,601.0484463664822,89.64258601112537,0.0,
ID3032 → ID3052,263,3032,3052,4.684660397434431,1.759649896613779,2.1644076319941288,2.1644076319941288,6.5,600.3159803595455,68.78184892289346,0.0,
ID2782 → ID3101,263,2782,3101,2.2250738585072014E-308,0.0,0.0,0.0,4.5,601.992549009016,74.21911079054333,0.0,
ID5187 → ID3488,263,5187,3488,2.2250738585072014E-308,0.0,0.0,0.0,1.5,601.0484463664822,89.64258601112537,0.0,
ID2423 → ID3147,263,2423,3147,79.12536047633114,2.2408857114576337,8.89524369965945,8.89524369965945,9.5,606.455472402951,63.17672082809226,0.0,
ID5421 → ID4171,264,5421,4171,40.422991143882065,0.0,6.357907764656709,6.357907764656709,3.5,723.6793881929591,634.9062981791998,0.0,
ID5071 → ID5484,264,5071,5484,2.2250738585072014E-308,NaN,0.0,0.0,0.5,726.7474148530566,634.073855869546,0.0,
ID4573 → ID4601,264,4573,4601,4.498160677268458,1.7877525647596613,2.1208867667248192,2.1208867667248192,6.5,717.0540401260741,634.8977097348754,0.0,
ID5484 → ID4810,264,5484,4810,2.2250738585072014E-308,0.0,0.0,0.0,1.5,726.7474148530566,634.073855869546,0.0,
ID4616 → ID4265,264,4616,4265,2.2250738585072014E-308,0.0,0.0,0.0,10.5,713.7885589277539,626.8614519119635,0.0,
ID4601 → ID4626,264,4601,4626,2.2250738585072014E-308,0.0,0.0,0.0,7.5,716.7381866310949,635.9100223047009,0.0,
ID4626 → ID3566,264,4626,3566,17.38241753510473,0.0,4.16922265357761,4.16922265357761,8.5,715.9331315687668,633.9871362627327,0.0,
ID4579 → ID4573,264,4579,4573,13.941995699168722,0.0,3.7338981907878424,3.7338981907878424,5.5,718.9906275769576,634.8120688269519,0.0,
ID4171 → ID4579,264,4171,4579,2.2250738585072014E-308,0.0,0.0,0.0,4.5,720.6113615328617,635.7387404888535,0.0,
ID4265 → ID2484,264,4265,2484,11.759090287815631,0.0,3.429152998601204,3.429152998601204,11.5,712.0800045122554,626.717874820356,0.0,
ID3566 → ID4616,264,3566,4616,28.863417585667964,0.1445087015561467,5.3724684815890695,5.3724684815890695,9.5,714.4583177170963,629.462851066364,0.0,
ID4810 → ID5421,264,4810,5421,2.2250738585072014E-308,0.0,0.0,0.0,2.5,726.7474148530566,634.073855869546,0.0,
ID3124 → ID3643,265,3124,3643,2.2250738585072014E-308,0.0,0.0,0.0,4.5,679.0101419045376,215.88286583715254,0.0,
ID3580 → ID3651,265,3580,3651,2.2250738585072014E-308,0.0,0.0,0.0,7.5,682.8187826089829,213.6716556494645,0.0,
ID5267 → ID3989,265,5267,3989,2.2250738585072014E-308,0.0,0.0,0.0,1.5,680.7611665806976,215.8910211244317,0.0,
ID5192 → ID3124,265,5192,3124,3.066153925231839,0.0,1.7510436674257552,1.7510436674257552,3.5,679.8856542426176,215.88694348079213,0.0,
ID4938 → ID5267,265,4938,5267,2.2250738585072014E-308,NaN,0.0,0.0,0.5,680.7611665806976,215.8910211244317,0.0,
ID3643 → ID3548,265,3643,3548,7.969217088204352,0.0,2.8229801785000816,2.8229801785000816,5.5,678.3750871617328,214.62230653839174,0.0,
ID3548 → ID3580,265,3548,3580,25.889746715467698,2.0984148386696333,5.08819680392452,5.08819680392452,6.5,680.2794075139554,213.51670144454772,0.0,
ID3651 → ID2627,265,3651,2627,1760.6681346276919,0.0,41.9603161883665,41.9603161883665,8.5,699.4686641046846,200.9065281594622,0.0,
ID3989 → ID5192,265,3989,5192,2.2250738585072014E-308,0.0,0.0,0.0,2.5,680.7611665806976,215.8910211244317,0.0,
ID4116 → ID2895,266,4116,2895,7.9045788602119424,0.0,2.811508289194955,2.811508289194955,8.5,58.603572121985906,404.2347082669212,0.0,
ID4180 → ID3751,266,4180,3751,2.2250738585072014E-308,0.0,0.0,0.0,10.5,55.46176990770657,398.1853340513326,0.0,
ID4155 → ID4072,266,4155,4072,32.64543410185598,0.0,5.713618302079339,5.713618302079339,5.5,58.84220573939989,403.2884875393953,0.0,
ID3751 → ID2325,266,3751,2325,51.46867136201965,0.0,7.174166945508004,7.174166945508004,11.5,56.730078518948616,394.8299561132824,0.0,
ID4431 → ID5298,266,4431,5298,2.2250738585072014E-308,0.0,0.0,0.0,2.5,65.80350294152437,401.45564046775803,0.0,
ID4990 → ID5370,266,4990,5370,2.2250738585072014E-308,NaN,0.0,0.0,0.5,65.80350294152437,401.45564046775803,0.0,
ID5298 → ID3705,266,5298,3705,21.46697501025547,0.0,4.633246702934722,4.633246702934722,3.5,63.743957210162066,402.5163077732743,0.0,
ID4072 → ID4092,266,4072,4092,9.337144919203721,2.3253862852107896,3.055674216797943,3.055674216797943,6.5,56.92879885673369,404.21310301027205,0.0,
ID3705 → ID4155,266,3705,4155,2.2250738585072014E-308,0.0,0.0,0.0,4.5,61.68441147879977,403.5769750787906,0.0,
ID2895 → ID4180,266,2895,4180,38.71377078849382,1.234302581260104,6.222039118206652,6.222039118206652,9.5,57.40565821910549,400.6142722823154,0.0,
ID5370 → ID4431,266,5370,4431,2.2250738585072014E-308,0.0,0.0,0.0,1.5,65.80350294152437,401.45564046775803,0.0,
ID4092 → ID4116,266,4092,4116,2.2250738585072014E-308,0.0,0.0,0.0,7.5,57.85759771346739,405.4262060205441,0.0,
ID3058 → ID2738,267,3058,2738,2.2250738585072014E-308,0.0,0.0,0.0,10.5,596.2264106049016,50.66565882908306,0.0,
ID3156 → ID3080,267,3156,3080,71.44227262246633,0.0,8.452353081980563,8.452353081980563,5.5,602.2498229515827,82.67423177672168,0.0,
ID3178 → ID3058,267,3178,3058,361.8677647418037,0.0,9.511411103797949,19.022822207595897,9.0,598.8716526410816,59.80183066172047,0.0,
ID3070 → ID3178,267,3070,3178,2.2250738585072014E-308,0.0,0.0,0.0,7.5,601.5168946772616,68.93800249435789,0.0,
ID4900 → ID5193,267,4900,5193,2.2250738585072014E-308,NaN,0.0,0.0,0.5,588.0532750924847,98.46498699546795,0.0,
ID5100 → ID2802,267,5100,2802,316.99202427664744,0.0,17.80426983272966,17.80426983272966,3.5,594.7959548889078,92.65256278245073,0.0,
ID2802 → ID3156,267,2802,3156,2.2250738585072014E-308,0.0,0.0,0.0,4.5,601.538634685331,86.84013856943349,0.0,
ID5193 → ID3523,267,5193,3523,2.2250738585072014E-308,0.0,0.0,0.0,1.5,588.0532750924847,98.46498699546795,0.0,
ID3080 → ID3070,267,3080,3070,93.67654513869441,0.31885168879149417,9.678664429491004,9.678664429491004,6.5,602.238952947548,73.72316373918387,0.0,
ID3523 → ID5100,267,3523,5100,2.2250738585072014E-308,0.0,0.0,0.0,2.5,588.0532750924847,98.46498699546795,0.0,
ID4637 → ID4307,268,4637,4307,2.2250738585072014E-308,0.0,0.0,0.0,10.5,736.5108076310225,640.0345097274453,0.0,
ID3616 → ID4637,268,3616,4637,197.3970042399555,NaN,14.049804419989464,14.049804419989464,9.5,730.736860013104,644.0358569962438,0.0,
ID4307 → ID2497,268,4307,2497,3.1714356134237063,0.0,1.7808524962566963,1.7808524962566963,11.5,735.8418025028492,639.4468950221888,0.0,
ID3846 → ID4751,269,3846,4751,414.6979792461408,NaN,20.364134630426623,20.364134630426623,9.5,347.83509818234296,688.7689848242175,0.0,
ID4751 → ID4470,269,4751,4470,2.2250738585072014E-308,0.0,0.0,0.0,10.5,357.8741812907583,690.4693686496712,0.0,
ID4763 → ID4486,270,4763,4486,2.2250738585072014E-308,NaN,0.0,0.0,10.5,251.88576118585775,693.9442104990267,0.0,
ID3242 → ID2856,271,3242,2856,2.2250738585072014E-308,NaN,0.0,0.0,10.5,542.5335436406033,87.74630609503585,0.0,
ID2727 → ID3913,272,2727,3913,4.927080117689216,NaN,2.2197027093034816,2.2197027093034816,9.5,201.87939016068788,290.72310962268364,0.0,
ID3436 → ID2288,272,3436,2288,67.41643332145752,0.0,8.210751081445443,8.210751081445443,11.5,204.55722245923093,293.76362097686,0.0,
ID3913 → ID3436,272,3913,3436,2.2250738585072014E-308,0.0,0.0,0.0,10.5,201.11444491846186,291.5272419537201,0.0,
ID4090 → ID2393,273,4090,2393,31.439210144940237,0.0,5.60706787411569,5.60706787411569,11.5,579.6676728942,512.0415051596383,0.0,
ID3311 → ID4487,273,3311,4487,11.329185252107813,NaN,3.365885507872752,3.365885507872752,9.5,584.0837109249042,511.6792780302178,0.0,
ID4487 → ID4090,273,4487,4090,2.2250738585072014E-308,0.0,0.0,0.0,10.5,582.4689682907127,512.1535169345178,0.0,
ID4140 → ID2419,274,4140,2419,6.411985041528993,0.0,2.5321897720212427,2.5321897720212427,11.5,129.55402923172227,584.7727205350532,0.0,
ID4535 → ID4140,274,4535,4140,2.2250738585072014E-308,NaN,0.0,0.0,10.5,128.45194444587167,584.1494987565675,0.0,
ID4952 → ID5295,275,4952,5295,2.2250738585072014E-308,NaN,0.0,0.0,0.5,684.2119252887153,262.073589424795,0.0,
ID4114 → ID5220,275,4114,5220,2.2250738585072014E-308,0.0,0.0,0.0,2.5,684.2119252887153,262.073589424795,0.0,
ID5295 → ID4114,275,5295,4114,2.2250738585072014E-308,0.0,0.0,0.0,1.5,684.2119252887153,262.073589424795,0.0,
ID4394 → ID4374,276,4394,4374,25.811684935141393,0.0,5.080520144152702,5.080520144152702,5.5,123.458870666199,489.1274989380766,0.0,
ID5434 → ID4636,276,5434,4636,2.2250738585072014E-308,0.0,0.0,0.0,1.5,118.75948829085507,484.092180380055,0.0,
ID5363 → ID3966,276,5363,3966,20.56513149713711,0.0,4.534879435788465,4.534879435788465,3.5,120.56693488602943,485.4612748544712,0.0,
ID5028 → ID5434,276,5028,5434,2.2250738585072014E-308,NaN,0.0,0.0,0.5,118.75948829085507,484.092180380055,0.0,
ID4636 → ID5363,276,4636,5363,2.2250738585072014E-308,0.0,0.0,0.0,2.5,118.75948829085507,484.092180380055,0.0,
ID3966 → ID4394,276,3966,4394,2.2250738585072014E-308,0.0,0.0,0.0,4.5,122.37438148120377,486.8303693288874,0.0,
ID5365 → ID4045,277,5365,4045,297.2204793436851,0.0,17.24008350744523,17.24008350744523,3.5,72.44419018123818,494.8453928119121,0.0,
ID5436 → ID4640,277,5436,4640,2.2250738585072014E-308,0.0,0.0,0.0,1.5,68.5906958663243,487.1346404879915,0.0,
ID5031 → ID5436,277,5031,5436,2.2250738585072014E-308,NaN,0.0,0.0,0.5,68.5906958663243,487.1346404879915,0.0,
ID4467 → ID4421,277,4467,4421,911.0242110220888,0.0,30.183177616382423,30.183177616382423,5.5,61.219129423795806,503.183225422113,0.0,
ID4640 → ID5365,277,4640,5365,2.2250738585072014E-308,0.0,0.0,0.0,2.5,68.5906958663243,487.1346404879915,0.0,
ID4045 → ID4467,277,4045,4467,2.2250738585072014E-308,0.0,0.0,0.0,4.5,76.29768449615207,502.55614513583276,0.0,
ID5224 → ID3287,278,5224,3287,80.52049792288442,0.0,8.9733214543381,8.9733214543381,3.5,245.6185281297104,263.87058497159944,0.0,
ID5299 → ID4133,278,5299,4133,2.2250738585072014E-308,0.0,0.0,0.0,1.5,250.06021818927394,264.50423621281607,0.0,
ID4133 → ID5224,278,4133,5224,2.2250738585072014E-308,0.0,0.0,0.0,2.5,250.06021818927394,264.50423621281607,0.0,
ID3287 → ID3783,278,3287,3783,2.2250738585072014E-308,0.0,0.0,0.0,4.5,241.17683807014683,263.23693373038276,0.0,
ID4954 → ID5299,278,4954,5299,2.2250738585072014E-308,NaN,0.0,0.0,0.5,250.06021818927394,264.50423621281607,0.0,
ID2887 → ID3324,279,2887,3324,2.2250738585072014E-308,0.0,0.0,0.0,4.5,450.81210133293615,144.44441629318743,0.0,
ID5137 → ID2887,279,5137,2887,3.0793492438574095,0.0,1.7548074663214221,1.7548074663214221,3.5,450.4060506664681,145.22220814659372,0.0,
ID5217 → ID3656,279,5217,3656,2.2250738585072014E-308,0.0,0.0,0.0,1.5,450.0,146.0,0.0,
ID3656 → ID5137,279,3656,5137,2.2250738585072014E-308,0.0,0.0,0.0,2.5,450.0,146.0,0.0,
ID3324 → ID3277,279,3324,3277,7.144678095314117,0.0,2.6729530664256185,2.6729530664256185,5.5,451.8770488645741,143.6369162754247,0.0,
ID4912 → ID5217,279,4912,5217,2.2250738585072014E-308,NaN,0.0,0.0,0.5,450.0,146.0,0.0,
ID4183 → ID5239,280,4183,5239,2.2250738585072014E-308,0.0,0.0,0.0,2.5,566.7838173979959,277.81486362677197,0.0,
ID5239 → ID3308,280,5239,3308,152.1388925754177,0.0,12.334459557492485,12.334459557492485,3.5,570.2037330397668,272.6827198108773,0.0,
ID5310 → ID4183,280,5310,4183,2.2250738585072014E-308,0.0,0.0,0.0,1.5,566.7838173979959,277.81486362677197,0.0,
ID3308 → ID3801,280,3308,3801,2.2250738585072014E-308,0.0,0.0,0.0,4.5,573.6236486815376,267.5505759949827,0.0,
ID4960 → ID5310,280,4960,5310,2.2250738585072014E-308,NaN,0.0,0.0,0.5,566.7838173979959,277.81486362677197,0.0,
ID5044 → ID5450,281,5044,5450,2.2250738585072014E-308,NaN,0.0,0.0,0.5,662.5044140110332,526.3548527895017,0.0,
ID4695 → ID5383,281,4695,5383,2.2250738585072014E-308,0.0,0.0,0.0,2.5,662.5044140110332,526.3548527895017,0.0,
ID5450 → ID4695,281,5450,4695,2.2250738585072014E-308,0.0,0.0,0.0,1.5,662.5044140110332,526.3548527895017,0.0,
ID5142 → ID2869,282,5142,2869,45.147702333446915,0.0,6.719203995522603,6.719203995522603,3.5,453.0753960944197,146.92724178161842,0.0,
ID3682 → ID5142,282,3682,5142,2.2250738585072014E-308,0.0,0.0,0.0,2.5,455.33869085590334,149.41006727004944,0.0,
ID4914 → ID5221,282,4914,5221,2.2250738585072014E-308,NaN,0.0,0.0,0.5,455.33869085590334,149.41006727004944,0.0,
ID3356 → ID3342,282,3356,3342,265.85024815160847,0.0,16.304914846499766,16.304914846499766,5.5,445.13810779142887,150.2983345817217,0.0,
ID2869 → ID3356,282,2869,3356,2.2250738585072014E-308,0.0,0.0,0.0,4.5,450.81210133293615,144.44441629318743,0.0,
ID5221 → ID3682,282,5221,3682,2.2250738585072014E-308,0.0,0.0,0.0,1.5,455.33869085590334,149.41006727004944,0.0,
ID5456 → ID4714,283,5456,4714,2.2250738585072014E-308,0.0,0.0,0.0,1.5,44.2971304683447,551.4301769845811,0.0,
ID5049 → ID5456,283,5049,5456,2.2250738585072014E-308,NaN,0.0,0.0,0.5,44.2971304683447,551.4301769845811,0.0,
ID4714 → ID5389,283,4714,5389,2.2250738585072014E-308,0.0,0.0,0.0,2.5,44.2971304683447,551.4301769845811,0.0,
ID4089 → ID4511,283,4089,4511,2.2250738585072014E-308,0.0,0.0,0.0,4.5,42.36258080609647,564.6912259390594,0.0,
ID4511 → ID4482,283,4511,4482,27.743796125208743,0.0,5.267237997775375,5.267237997775375,5.5,40.980192799693555,566.9328665059336,0.0,
ID5389 → ID4089,283,5389,4089,179.59790176877695,0.0,13.4014141704813,13.4014141704813,3.5,43.32985563722058,558.0607014618203,0.0,
ID5129 → ID3185,284,5129,3185,2.2250738585072014E-308,0.0,0.0,0.0,1.5,698.0,0.0,0.0,
ID3185 → ID5008,284,3185,5008,2.2250738585072014E-308,0.0,0.0,0.0,2.5,698.0,0.0,0.0,
ID5008 → ID2660,284,5008,2660,174.84685320968498,0.0,13.222966883785386,13.222966883785386,3.5,694.3153756844561,5.489558903566258,0.0,
ID2660 → ID2886,284,2660,2886,2.2250738585072014E-308,0.0,0.0,0.0,4.5,690.6307513689121,10.979117807132516,0.0,
ID2886 → ID2885,284,2886,2885,17.302536865535174,0.0,4.159631818506918,4.159631818506918,5.5,690.162412767011,13.005516872063485,0.0,
ID4869 → ID5129,284,4869,5129,2.2250738585072014E-308,NaN,0.0,0.0,0.5,698.0,0.0,0.0,
ID4732 → ID5396,285,4732,5396,2.2250738585072014E-308,0.0,0.0,0.0,2.5,81.69413522260993,556.0725250455707,0.0,
ID5053 → ID5461,285,5053,5461,2.2250738585072014E-308,NaN,0.0,0.0,0.5,81.69413522260993,556.0725250455707,0.0,
ID5461 → ID4732,285,5461,4732,2.2250738585072014E-308,0.0,0.0,0.0,1.5,81.69413522260993,556.0725250455707,0.0,
ID4737 → ID5397,286,4737,5397,2.2250738585072014E-308,0.0,0.0,0.0,2.5,91.8183047889804,557.4547916558555,0.0,
ID5055 → ID5463,286,5055,5463,2.2250738585072014E-308,NaN,0.0,0.0,0.5,91.8183047889804,557.4547916558555,0.0,
ID5463 → ID4737,286,5463,4737,2.2250738585072014E-308,0.0,0.0,0.0,1.5,91.8183047889804,557.4547916558555,0.0,
ID4965 → ID5319,287,4965,5319,2.2250738585072014E-308,NaN,0.0,0.0,0.5,133.0817038167031,284.6034066660976,0.0,
ID3438 → ID3920,287,3438,3920,2.2250738585072014E-308,0.0,0.0,0.0,4.5,132.57015832378536,289.5858276809498,0.0,
ID4229 → ID5249,287,4229,5249,2.2250738585072014E-308,0.0,0.0,0.0,2.5,133.0817038167031,284.6034066660976,0.0,
ID5319 → ID4229,287,5319,4229,2.2250738585072014E-308,0.0,0.0,0.0,1.5,133.0817038167031,284.6034066660976,0.0,
ID5249 → ID3438,287,5249,3438,25.086197960565357,0.0,5.0086123787497625,5.0086123787497625,3.5,132.82593107024422,287.0946171735237,0.0,
ID5059 → ID5469,288,5059,5469,2.2250738585072014E-308,NaN,0.0,0.0,0.5,242.03048133302877,585.4064755597476,0.0,
ID5469 → ID4759,288,5469,4759,2.2250738585072014E-308,0.0,0.0,0.0,1.5,242.03048133302877,585.4064755597476,0.0,
ID4759 → ID5405,288,4759,5405,2.2250738585072014E-308,0.0,0.0,0.0,2.5,242.03048133302877,585.4064755597476,0.0,
ID5482 → ID4805,289,5482,4805,2.2250738585072014E-308,0.0,0.0,0.0,1.5,453.875621588677,632.7927095227227,0.0,
ID5070 → ID5482,289,5070,5482,2.2250738585072014E-308,NaN,0.0,0.0,0.5,453.875621588677,632.7927095227227,0.0,
ID4805 → ID5419,289,4805,5419,2.2250738585072014E-308,0.0,0.0,0.0,2.5,453.875621588677,632.7927095227227,0.0,
ID4294 → ID5265,290,4294,5265,2.2250738585072014E-308,0.0,0.0,0.0,2.5,26.81875745390252,308.5399844745715,0.0,
ID4973 → ID5334,290,4973,5334,2.2250738585072014E-308,NaN,0.0,0.0,0.5,26.81875745390252,308.5399844745715,0.0,
ID5334 → ID4294,290,5334,4294,2.2250738585072014E-308,0.0,0.0,0.0,1.5,26.81875745390252,308.5399844745715,0.0,
ID4813 → ID5423,291,4813,5423,2.2250738585072014E-308,0.0,0.0,0.0,2.5,157.04531236588278,635.8277100348222,0.0,
ID5073 → ID5486,291,5073,5486,2.2250738585072014E-308,NaN,0.0,0.0,0.5,157.04531236588278,635.8277100348222,0.0,
ID5486 → ID4813,291,5486,4813,2.2250738585072014E-308,0.0,0.0,0.0,1.5,157.04531236588278,635.8277100348222,0.0,
ID3284 → ID5036,292,3284,5036,2.2250738585072014E-308,0.0,0.0,0.0,2.5,750.8069566990797,36.45216775843933,0.0,
ID5036 → ID2703,292,5036,2703,9.695375538209538,0.0,3.1137397993746263,3.1137397993746263,3.5,752.1095788562645,37.3048220847426,0.0,
ID5151 → ID3284,292,5151,3284,2.2250738585072014E-308,0.0,0.0,0.0,1.5,750.8069566990797,36.45216775843933,0.0,
ID4878 → ID5151,292,4878,5151,2.2250738585072014E-308,NaN,0.0,0.0,0.5,750.8069566990797,36.45216775843933,0.0,
ID2703 → ID2946,292,2703,2946,2.2250738585072014E-308,0.0,0.0,0.0,4.5,753.4122010134492,38.15747641104586,0.0,
ID4829 → ID5429,293,4829,5429,2.2250738585072014E-308,0.0,0.0,0.0,2.5,456.9606739135675,644.8716964456472,0.0,
ID5078 → ID5493,293,5078,5493,2.2250738585072014E-308,NaN,0.0,0.0,0.5,456.9606739135675,644.8716964456472,0.0,
ID5493 → ID4829,293,5493,4829,2.2250738585072014E-308,0.0,0.0,0.0,1.5,456.9606739135675,644.8716964456472,0.0,
ID4831 → ID5431,294,4831,5431,2.2250738585072014E-308,0.0,0.0,0.0,2.5,264.0487606843065,646.7318797460164,0.0,
ID5080 → ID5495,294,5080,5495,2.2250738585072014E-308,NaN,0.0,0.0,0.5,264.0487606843065,646.7318797460164,0.0,
ID5431 → ID4207,294,5431,4207,30.971953258308186,0.0,5.5652451211342155,5.5652451211342155,3.5,263.1502037828353,649.3654294055815,0.0,
ID5495 → ID4831,294,5495,4831,2.2250738585072014E-308,0.0,0.0,0.0,1.5,264.0487606843065,646.7318797460164,0.0,
ID4207 → ID4600,294,4207,4600,2.2250738585072014E-308,0.0,0.0,0.0,4.5,262.25164688136414,651.9989790651466,0.0,
ID5508 → ID4840,295,5508,4840,2.2250738585072014E-308,0.0,0.0,0.0,1.5,583.4194531047573,664.4217134057576,0.0,
ID5090 → ID5508,295,5090,5508,2.2250738585072014E-308,NaN,0.0,0.0,0.5,583.4194531047573,664.4217134057576,0.0,
ID4840 → ID5449,295,4840,5449,2.2250738585072014E-308,0.0,0.0,0.0,2.5,583.4194531047573,664.4217134057576,0.0,
ID4848 → ID5466,296,4848,5466,2.2250738585072014E-308,0.0,0.0,0.0,2.5,728.9651232295253,676.3109655406313,0.0,
ID5466 → ID4364,296,5466,4364,1002.8472448404697,0.0,31.667763496029675,31.667763496029675,3.5,713.2642648856581,678.3591009062591,0.0,
ID5517 → ID4848,296,5517,4848,2.2250738585072014E-308,0.0,0.0,0.0,1.5,728.9651232295253,676.3109655406313,0.0,
ID4364 → ID4697,296,4364,4697,2.2250738585072014E-308,0.0,0.0,0.0,4.5,697.563406541791,680.4072362718867,0.0,
ID4697 → ID4744,296,4697,4744,920.6828859160895,0.0,30.342756729013427,30.342756729013427,5.5,711.0195333022621,687.4146162448266,0.0,
ID5104 → ID5517,296,5104,5517,2.2250738585072014E-308,NaN,0.0,0.0,0.5,728.9651232295253,676.3109655406313,0.0,
ID5468 → ID4412,297,5468,4412,76.24944821505179,0.0,8.732093003115105,8.732093003115105,3.5,733.5003579281242,683.1686205696262,0.0,
ID4734 → ID4748,297,4734,4748,105.96328034776539,0.0,10.293846722570013,10.293846722570013,5.5,729.0575155186389,690.9628896165779,0.0,
ID4849 → ID5468,297,4849,5468,2.2250738585072014E-308,0.0,0.0,0.0,2.5,736.8856848189705,680.4114619060967,0.0,
ID4412 → ID4734,297,4412,4734,2.2250738585072014E-308,0.0,0.0,0.0,4.5,730.1150310372778,685.9257792331557,0.0,
ID5518 → ID4849,297,5518,4849,2.2250738585072014E-308,0.0,0.0,0.0,1.5,736.8856848189705,680.4114619060967,0.0,
ID5105 → ID5518,297,5105,5518,2.2250738585072014E-308,NaN,0.0,0.0,0.5,736.8856848189705,680.4114619060967,0.0,
ID5519 → ID4850,298,5519,4850,2.2250738585072014E-308,0.0,0.0,0.0,1.5,697.0500501085776,682.3888671073188,0.0,
ID4322 → ID4672,298,4322,4672,2.2250738585072014E-308,0.0,0.0,0.0,4.5,690.141479302483,674.5135767748288,0.0,
ID4850 → ID5470,298,4850,5470,2.2250738585072014E-308,0.0,0.0,0.0,2.5,697.0500501085776,682.3888671073188,0.0,
ID5470 → ID4322,298,5470,4322,109.74854840383136,0.0,10.476094138744237,10.476094138744237,3.5,693.5957647055303,678.4512219410738,0.0,
ID4672 → ID4738,298,4672,4738,1575.1811331934534,0.0,39.688551664093936,39.688551664093936,5.5,707.3085696826081,684.4677864962975,0.0,
ID5107 → ID5519,298,5107,5519,2.2250738585072014E-308,NaN,0.0,0.0,0.5,697.0500501085776,682.3888671073188,0.0,
ID3317 → ID5045,299,3317,5045,2.2250738585072014E-308,0.0,0.0,0.0,2.5,767.0,50.0,0.0,
ID5158 → ID3317,299,5158,3317,2.2250738585072014E-308,0.0,0.0,0.0,1.5,767.0,50.0,0.0,
ID4881 → ID5158,299,4881,5158,2.2250738585072014E-308,NaN,0.0,0.0,0.5,767.0,50.0,0.0,
ID4341 → ID5274,300,4341,5274,2.2250738585072014E-308,0.0,0.0,0.0,2.5,298.48698464945534,324.31579967657456,0.0,
ID4978 → ID5346,300,4978,5346,2.2250738585072014E-308,NaN,0.0,0.0,0.5,298.48698464945534,324.31579967657456,0.0,
ID5346 → ID4341,300,5346,4341,2.2250738585072014E-308,0.0,0.0,0.0,1.5,298.48698464945534,324.31579967657456,0.0,
ID5522 → ID4853,301,5522,4853,2.2250738585072014E-308,0.0,0.0,0.0,1.5,27.390719959615254,685.3918025177677,0.0,
ID4406 → ID4726,301,4406,4726,2.2250738585072014E-308,0.0,0.0,0.0,4.5,24.727804506079444,685.791992381739,0.0,
ID5476 → ID4406,301,5476,4406,7.251270639905165,0.0,2.692818345136776,2.692818345136776,3.5,26.05926223284735,685.5918974497533,0.0,
ID5111 → ID5522,301,5111,5522,2.2250738585072014E-308,NaN,0.0,0.0,0.5,27.390719959615254,685.3918025177677,0.0,
ID4726 → ID4710,301,4726,4710,40.429556378359926,0.0,6.358424048328322,6.358424048328322,5.5,21.59399111326602,685.2566394947446,0.0,
ID4853 → ID5476,301,4853,5476,2.2250738585072014E-308,0.0,0.0,0.0,2.5,27.390719959615254,685.3918025177677,0.0,
ID4859 → ID5490,302,4859,5490,2.2250738585072014E-308,0.0,0.0,0.0,2.5,259.96940305875285,694.7276517997908,0.0,
ID5490 → ID4447,302,5490,4447,19.16569375228846,0.0,4.377864062792318,4.377864062792318,3.5,260.5300925112285,696.8435560452506,0.0,
ID4447 → ID4764,302,4447,4764,2.2250738585072014E-308,0.0,0.0,0.0,4.5,261.0907819637041,698.9594602907104,0.0,
ID5528 → ID4859,302,5528,4859,2.2250738585072014E-308,0.0,0.0,0.0,1.5,259.96940305875285,694.7276517997908,0.0,
ID5120 → ID5528,302,5120,5528,2.2250738585072014E-308,NaN,0.0,0.0,0.5,259.96940305875285,694.7276517997908,0.0,
ID5122 → ID5529,303,5122,5529,2.2250738585072014E-308,NaN,0.0,0.0,0.5,262.57893227001625,702.6756906137035,0.0,
ID4860 → ID5492,303,4860,5492,2.2250738585072014E-308,0.0,0.0,0.0,2.5,262.57893227001625,702.6756906137035,0.0,
ID5529 → ID4860,303,5529,4860,2.2250738585072014E-308,0.0,0.0,0.0,1.5,262.57893227001625,702.6756906137035,0.0,
ID5492 → ID4466,303,5492,4466,1.9310933838666173,0.0,1.3896378606912727,1.3896378606912727,3.5,262.7894661350081,703.3378453068517,0.0,
ID4466 → ID4776,303,4466,4776,2.2250738585072014E-308,0.0,0.0,0.0,4.5,263.0,704.0,0.0,
ID4516 → ID4809,304,4516,4809,2.2250738585072014E-308,0.0,0.0,0.0,4.5,174.0,735.0,0.0,
ID5128 → ID5533,304,5128,5533,2.2250738585072014E-308,NaN,0.0,0.0,0.5,173.47313122062363,727.7404622001906,0.0,
ID5533 → ID4864,304,5533,4864,2.2250738585072014E-308,0.0,0.0,0.0,1.5,173.47313122062363,727.7404622001906,0.0,
ID5500 → ID4516,304,5500,4516,52.97847977754358,0.0,7.278631724269582,7.278631724269582,3.5,173.7365656103118,731.3702311000952,0.0,
ID4864 → ID5500,304,4864,5500,2.2250738585072014E-308,0.0,0.0,0.0,2.5,173.47313122062363,727.7404622001906,0.0,
ID4809 → ID4802,304,4809,4802,16.0,0.0,4.0,4.0,5.5,176.0,735.0,0.0,
ID5535 → ID4866,305,5535,4866,2.2250738585072014E-308,0.0,0.0,0.0,1.5,163.0,735.0,0.0,
ID5133 → ID5535,305,5133,5535,2.2250738585072014E-308,NaN,0.0,0.0,0.5,163.0,735.0,0.0,
ID4866 → ID5505,305,4866,5505,2.2250738585072014E-308,0.0,0.0,0.0,2.5,163.0,735.0,0.0,
ID5164 → ID3015,306,5164,3015,18.105886177418114,0.0,4.2551011947329895,4.2551011947329895,3.5,133.0800102612316,181.8760167328452,0.0,
ID3015 → ID3509,306,3015,3509,2.2250738585072014E-308,0.0,0.0,0.0,4.5,131.22991645605754,182.92655205181885,0.0,
ID5240 → ID3862,306,5240,3862,2.2250738585072014E-308,0.0,0.0,0.0,1.5,134.93010406640565,180.8254814138715,0.0,
ID4925 → ID5240,306,4925,5240,2.2250738585072014E-308,NaN,0.0,0.0,0.5,134.93010406640565,180.8254814138715,0.0,
ID3862 → ID5164,306,3862,5164,2.2250738585072014E-308,0.0,0.0,0.0,2.5,134.93010406640565,180.8254814138715,0.0,
ID4884 → ID5163,307,4884,5163,2.2250738585072014E-308,NaN,0.0,0.0,0.5,631.2880570530331,62.02010698277644,0.0,
ID5054 → ID2753,307,5054,2753,169.34639091712253,0.0,13.013315907835425,13.013315907835425,3.5,637.3645772136986,64.34658510781989,0.0,
ID3354 → ID5054,307,3354,5054,2.2250738585072014E-308,0.0,0.0,0.0,2.5,631.2880570530331,62.02010698277644,0.0,
ID5163 → ID3354,307,5163,3354,2.2250738585072014E-308,0.0,0.0,0.0,1.5,631.2880570530331,62.02010698277644,0.0,
ID2753 → ID3042,307,2753,3042,2.2250738585072014E-308,0.0,0.0,0.0,4.5,643.4410973743642,66.67306323286336,0.0,
ID3648 → ID4099,308,3648,4099,2.2250738585072014E-308,0.0,0.0,0.0,4.5,454.03904750095757,345.9416852927523,0.0,
ID5287 → ID3648,308,5287,3648,22.93729138262447,0.0,4.789289235640761,4.789289235640761,3.5,455.7560651868107,344.27250192591583,0.0,
ID5358 → ID4386,308,5358,4386,2.2250738585072014E-308,0.0,0.0,0.0,1.5,457.4730828726639,342.60331855907936,0.0,
ID4386 → ID5287,308,4386,5287,2.2250738585072014E-308,0.0,0.0,0.0,2.5,457.4730828726639,342.60331855907936,0.0,
ID4984 → ID5358,308,4984,5358,2.2250738585072014E-308,NaN,0.0,0.0,0.5,457.4730828726639,342.60331855907936,0.0,
ID4099 → ID4002,308,4099,4002,235.6859350646437,0.0,15.352066149696062,15.352066149696062,5.5,455.2900315728247,338.3682763761484,0.0,
ID4989 → ID5368,309,4989,5368,2.2250738585072014E-308,NaN,0.0,0.0,0.5,736.5416009634479,367.82839024935754,0.0,
ID5368 → ID4423,309,5368,4423,2.2250738585072014E-308,0.0,0.0,0.0,1.5,736.5416009634479,367.82839024935754,0.0,
ID4423 → ID5296,309,4423,5296,2.2250738585072014E-308,0.0,0.0,0.0,2.5,736.5416009634479,367.82839024935754,0.0,
ID3933 → ID5179,310,3933,5179,2.2250738585072014E-308,0.0,0.0,0.0,2.5,767.0,202.0,0.0,
ID5179 → ID3054,310,5179,3054,9.0,0.0,3.0,3.0,3.5,767.0,200.5,0.0,
ID5254 → ID3933,310,5254,3933,2.2250738585072014E-308,0.0,0.0,0.0,1.5,767.0,202.0,0.0,
ID4932 → ID5254,310,4932,5254,2.2250738585072014E-308,NaN,0.0,0.0,0.5,767.0,202.0,0.0,
ID3054 → ID3564,310,3054,3564,2.2250738585072014E-308,0.0,0.0,0.0,4.5,767.0,199.0,0.0,
ID4992 → ID5374,311,4992,5374,2.2250738585072014E-308,NaN,0.0,0.0,0.5,73.27703412376921,412.2237579235198,0.0,
ID5374 → ID4448,311,5374,4448,2.2250738585072014E-308,0.0,0.0,0.0,1.5,73.27703412376921,412.2237579235198,0.0,
ID5303 → ID3726,311,5303,3726,50.53795954997795,0.0,7.109005524683319,7.109005524683319,3.5,69.73636170065072,412.5370128989993,0.0,
ID3726 → ID4173,311,3726,4173,2.2250738585072014E-308,0.0,0.0,0.0,4.5,66.19568927753221,412.8502678744788,0.0,
ID4173 → ID4084,311,4173,4084,61.22082127182175,0.0,7.824373538617756,7.824373538617756,5.5,63.597844638766105,409.92513393723937,0.0,
ID4448 → ID5303,311,4448,5303,2.2250738585072014E-308,0.0,0.0,0.0,2.5,73.27703412376921,412.2237579235198,0.0,
ID5079 → ID2790,312,5079,2790,12.388871207350613,0.0,3.5197828352542735,3.5197828352542735,3.5,538.5251889889487,78.7552108010166,0.0,
ID3122 → ID3068,312,3122,3068,257.67577743762155,0.0,16.05228262390186,16.05228262390186,5.5,546.7634130599388,78.53175155903523,0.0,
ID2790 → ID3122,312,2790,3122,2.2250738585072014E-308,0.0,0.0,0.0,4.5,538.9717252998537,80.45751016507717,0.0,
ID5178 → ID3433,312,5178,3433,2.2250738585072014E-308,0.0,0.0,0.0,1.5,538.0786526780437,77.05291143695604,0.0,
ID4892 → ID5178,312,4892,5178,2.2250738585072014E-308,NaN,0.0,0.0,0.5,538.0786526780437,77.05291143695604,0.0,
ID3433 → ID5079,312,3433,5079,2.2250738585072014E-308,0.0,0.0,0.0,2.5,538.0786526780437,77.05291143695604,0.0,
ID5264 → ID3979,313,5264,3979,2.2250738585072014E-308,0.0,0.0,0.0,1.5,767.0,214.0,0.0,
ID4937 → ID5264,313,4937,5264,2.2250738585072014E-308,NaN,0.0,0.0,0.5,767.0,214.0,0.0,
ID3979 → ID5190,313,3979,5190,2.2250738585072014E-308,0.0,0.0,0.0,2.5,767.0,214.0,0.0,
ID4999 → ID5388,314,4999,5388,2.2250738585072014E-308,NaN,0.0,0.0,0.5,753.588815327888,429.76005378453635,0.0,
ID4501 → ID5318,314,4501,5318,2.2250738585072014E-308,0.0,0.0,0.0,2.5,753.588815327888,429.76005378453635,0.0,
ID5388 → ID4501,314,5388,4501,2.2250738585072014E-308,0.0,0.0,0.0,1.5,753.588815327888,429.76005378453635,0.0,
ID3997 → ID5194,315,3997,5194,2.2250738585072014E-308,0.0,0.0,0.0,2.5,760.2729614504491,217.91917865069811,0.0,
ID5269 → ID3997,315,5269,3997,2.2250738585072014E-308,0.0,0.0,0.0,1.5,760.2729614504491,217.91917865069811,0.0,
ID4939 → ID5269,315,4939,5269,2.2250738585072014E-308,NaN,0.0,0.0,0.5,760.2729614504491,217.91917865069811,0.0,
ID3145 → ID3662,315,3145,3662,2.2250738585072014E-308,0.0,0.0,0.0,4.5,767.0,222.0,0.0,
ID5194 → ID3145,315,5194,3145,61.9061505320621,0.0,7.868046169924405,7.868046169924405,3.5,763.6364807252246,219.95958932534904,0.0,
ID5392 → ID4513,316,5392,4513,2.2250738585072014E-308,0.0,0.0,0.0,1.5,526.4121149960275,435.0037254589092,0.0,
ID5001 → ID5392,316,5001,5392,2.2250738585072014E-308,NaN,0.0,0.0,0.5,526.4121149960275,435.0037254589092,0.0,
ID4513 → ID5322,316,4513,5322,2.2250738585072014E-308,0.0,0.0,0.0,2.5,526.4121149960275,435.0037254589092,0.0,
ID5189 → ID3498,317,5189,3498,2.2250738585072014E-308,0.0,0.0,0.0,1.5,434.1396755203888,96.20259454094953,0.0,
ID3498 → ID5095,317,3498,5095,2.2250738585072014E-308,0.0,0.0,0.0,2.5,434.1396755203888,96.20259454094953,0.0,
ID4898 → ID5189,317,4898,5189,2.2250738585072014E-308,NaN,0.0,0.0,0.5,434.1396755203888,96.20259454094953,0.0,
ID4899 → ID5191,318,4899,5191,2.2250738585072014E-308,NaN,0.0,0.0,0.5,564.1015149613451,97.32589884197141,0.0,
ID3511 → ID5097,318,3511,5097,2.2250738585072014E-308,0.0,0.0,0.0,2.5,564.1015149613451,97.32589884197141,0.0,
ID5191 → ID3511,318,5191,3511,2.2250738585072014E-308,0.0,0.0,0.0,1.5,564.1015149613451,97.32589884197141,0.0,
ID5007 → ID5403,319,5007,5403,2.2250738585072014E-308,NaN,0.0,0.0,0.5,608.9818289611385,463.4567633731579,0.0,
ID4555 → ID5335,319,4555,5335,2.2250738585072014E-308,0.0,0.0,0.0,2.5,608.9818289611385,463.4567633731579,0.0,
ID5403 → ID4555,319,5403,4555,2.2250738585072014E-308,0.0,0.0,0.0,1.5,608.9818289611385,463.4567633731579,0.0,
ID4049 → ID5206,320,4049,5206,2.2250738585072014E-308,0.0,0.0,0.0,2.5,140.04949712545812,241.1020638045783,0.0,
ID5280 → ID4049,320,5280,4049,2.2250738585072014E-308,0.0,0.0,0.0,1.5,140.04949712545812,241.1020638045783,0.0,
ID4945 → ID5280,320,4945,5280,2.2250738585072014E-308,NaN,0.0,0.0,0.5,140.04949712545812,241.1020638045783,0.0,
ID3704 → ID3640,320,3704,3640,71.32457381093366,0.0,8.44538772413284,8.44538772413284,5.5,153.56797985376636,240.50421120135508,0.0,
ID3204 → ID3704,320,3204,3704,2.2250738585072014E-308,0.0,0.0,0.0,4.5,152.83062220537,236.34639360662044,0.0,
ID5206 → ID3204,320,5206,3204,185.97355734009693,0.0,13.637212227581447,13.637212227581447,3.5,146.44005966541405,238.7242287055994,0.0,
ID4571 → ID5341,321,4571,5341,2.2250738585072014E-308,0.0,0.0,0.0,2.5,383.7516472632108,469.0743377571784,0.0,
ID5011 → ID5408,321,5011,5408,2.2250738585072014E-308,NaN,0.0,0.0,0.5,383.7516472632108,469.0743377571784,0.0,
ID5408 → ID4571,321,5408,4571,2.2250738585072014E-308,0.0,0.0,0.0,1.5,383.7516472632108,469.0743377571784,0.0,
ID5341 → ID3854,321,5341,3854,9.05921338752202,0.0,3.0098527185764454,3.0098527185764454,3.5,383.7209335745175,470.57895066959384,0.0,
ID4301 → ID4285,321,4301,4285,22.651012322852964,0.0,4.759307966800737,4.759307966800737,5.5,385.762606591417,473.2531645495173,0.0,
ID3854 → ID4301,321,3854,4301,2.2250738585072014E-308,0.0,0.0,0.0,4.5,383.6902198858242,472.08356358200933,0.0,
ID3550 → ID5106,322,3550,5106,2.2250738585072014E-308,0.0,0.0,0.0,2.5,713.597485176782,106.41024877355038,0.0,
ID2827 → ID3233,322,2827,3233,2.2250738585072014E-308,0.0,0.0,0.0,4.5,710.2511893907781,109.62619829894089,0.0,
ID4902 → ID5197,322,4902,5197,2.2250738585072014E-308,NaN,0.0,0.0,0.5,713.597485176782,106.41024877355038,0.0,
ID5106 → ID2827,322,5106,2827,21.540026837286973,0.0,4.641123445598811,4.641123445598811,3.5,711.92433728378,108.01822353624564,0.0,
ID5197 → ID3550,322,5197,3550,2.2250738585072014E-308,0.0,0.0,0.0,1.5,713.597485176782,106.41024877355038,0.0,
ID5201 → ID3570,323,5201,3570,2.2250738585072014E-308,0.0,0.0,0.0,1.5,730.3496603514927,110.38011961008517,0.0,
ID5112 → ID2813,323,5112,2813,3.4602991962140104,0.0,1.8601879464758422,1.8601879464758422,3.5,730.4456755480658,109.45499481791899,0.0,
ID2813 → ID3195,323,2813,3195,2.2250738585072014E-308,0.0,0.0,0.0,4.5,730.5416907446388,108.52987002575279,0.0,
ID4904 → ID5201,323,4904,5201,2.2250738585072014E-308,NaN,0.0,0.0,0.5,730.3496603514927,110.38011961008517,0.0,
ID3570 → ID5112,323,3570,5112,2.2250738585072014E-308,0.0,0.0,0.0,2.5,730.3496603514927,110.38011961008517,0.0,
ID3195 → ID3187,323,3195,3187,23.22447175571243,0.0,4.819177497842596,4.819177497842596,5.5,731.1165120365738,110.86989105584337,0.0,
ID2664 → ID2911,324,2664,2911,2.2250738585072014E-308,NaN,0.0,0.0,4.5,692.7876251925398,20.117188712559603,0.0,
ID3253 → ID3757,325,3253,3757,2.2250738585072014E-308,NaN,0.0,0.0,4.5,146.06661675969912,254.40167453866835,0.0,
ID4295 → ID4654,326,4295,4654,2.2250738585072014E-308,NaN,0.0,0.0,4.5,15.955883382698223,673.0979633271709,0.0,
ID4654 → ID4728,326,4654,4728,354.40710272249834,0.0,18.825703246426105,18.825703246426105,5.5,11.77067376991886,681.5292026297718,0.0,
ID3372 → ID3860,327,3372,3860,2.2250738585072014E-308,NaN,0.0,0.0,4.5,140.737277337139,286.2371047139129,0.0,
ID4398 → ID4720,328,4398,4720,2.2250738585072014E-308,NaN,0.0,0.0,4.5,34.780215185943426,684.6981284215984,0.0,
ID4720 → ID4704,328,4720,4704,57.57164230616999,0.0,7.587597927287001,7.587597927287001,5.5,31.01423578232224,684.2395330574227,0.0,
ID3993 → ID4416,329,3993,4416,2.2250738585072014E-308,NaN,0.0,0.0,4.5,396.42849594438064,492.9857584269724,0.0,
ID2002 → ID5759,330,2002,5759,39.412279716817174,NaN,6.277920015165626,6.277920015165626,15.5,728.6396898187227,2.8288913269896714,0.0,
ID5759 → ID5541,330,5759,5541,2.2250738585072014E-308,0.0,0.0,0.0,16.5,727.2793796374452,5.657782653979343,0.0,
ID2028 → ID5776,331,2028,5776,91.41168265036146,NaN,9.560945698536388,9.560945698536388,15.5,214.69176687177972,71.77650348797161,0.0,
ID5776 → ID5558,331,5776,5558,2.2250738585072014E-308,0.0,0.0,0.0,16.5,219.2374755305382,73.25618367378154,0.0,
ID5779 → ID5561,332,5779,5561,2.2250738585072014E-308,0.0,0.0,0.0,16.5,237.2239816920034,76.89535385351545,0.0,
ID2034 → ID5779,332,2034,5779,169.73774861607237,NaN,13.028344047348165,13.028344047348165,15.5,233.1119908460017,81.94767692675772,0.0,
ID5781 → ID5563,333,5781,5563,2.2250738585072014E-308,0.0,0.0,0.0,16.5,248.74451002642053,83.26934497875187,0.0,
ID2036 → ID5781,333,2036,5781,338.45544260279416,NaN,18.397158546982034,18.397158546982034,15.5,242.02565464704588,89.5519274924756,0.0,
ID2037 → ID5784,334,2037,5784,197.82799533657,NaN,14.065134031944737,14.065134031944737,15.5,223.27136666675074,96.78023689155478,0.0,
ID5784 → ID5566,334,5784,5566,2.2250738585072014E-308,0.0,0.0,0.0,16.5,229.58107951271268,93.67467371627636,0.0,
ID2051 → ID5803,335,2051,5803,123.748788878763,NaN,11.124243294658877,11.124243294658877,15.5,639.893930217175,137.74979791970085,0.0,
ID5803 → ID5585,335,5803,5585,2.2250738585072014E-308,0.0,0.0,0.0,16.5,635.1876413559645,140.71426117205147,0.0,
ID5806 → ID5588,336,5806,5588,2.2250738585072014E-308,NaN,0.0,0.0,16.5,720.643310011842,152.21502867321408,0.0,
ID5807 → ID5589,337,5807,5589,2.2250738585072014E-308,NaN,0.0,0.0,16.5,0.0,154.0,0.0,
ID5809 → ID5591,338,5809,5591,2.2250738585072014E-308,0.0,0.0,0.0,16.5,745.0532914358348,159.6517507813095,0.0,
ID2063 → ID5809,338,2063,5809,64.62636512310269,NaN,8.039052501576457,8.039052501576457,15.5,748.0294763985771,162.35340108220385,0.0,
ID5811 → ID5593,339,5811,5593,2.2250738585072014E-308,NaN,0.0,0.0,16.5,0.0,163.0,0.0,
ID2070 → ID5819,340,2070,5819,90.87891460550969,NaN,9.533043302403996,9.533043302403996,15.5,395.61364201658375,191.99254658793768,0.0,
ID5819 → ID5601,340,5819,5601,2.2250738585072014E-308,0.0,0.0,0.0,16.5,390.954471233374,190.98663592378207,0.0,
ID5828 → ID5610,341,5828,5610,2.2250738585072014E-308,NaN,0.0,0.0,16.5,767.0,208.0,0.0,
ID2084 → ID5833,342,2084,5833,0.17827465486064814,NaN,0.4222258339569574,0.4222258339569574,15.5,691.2513624018347,215.8968177736004,0.0,
ID5833 → ID5615,342,5833,5615,2.2250738585072014E-308,0.0,0.0,0.0,16.5,691.3122187683058,215.69466642837833,0.0,
ID5846 → ID5628,343,5846,5628,2.2250738585072014E-308,0.0,0.0,0.0,16.5,21.716924394906332,274.56501796438056,0.0,
ID2094 → ID5846,343,2094,5846,24.400707071382662,NaN,4.93970718478157,4.93970718478157,15.5,19.2866931115326,275.0056455590195,0.0,
ID2099 → ID5851,344,2099,5851,83.57881901611236,NaN,9.14214520865384,9.14214520865384,15.5,23.973399943087806,286.6634099090161,0.0,
ID5851 → ID5633,344,5851,5633,2.2250738585072014E-308,0.0,0.0,0.0,16.5,26.153164845207588,290.68128617957433,0.0,
ID2108 → ID5854,345,2108,5854,3.2351970329075077,NaN,1.798665347669629,1.798665347669629,15.5,291.26552364085694,306.01484603472727,0.0,
ID5854 → ID5636,345,5854,5636,2.2250738585072014E-308,0.0,0.0,0.0,16.5,291.69676664956825,306.80404102056065,0.0,
ID5866 → ID5648,346,5866,5648,2.2250738585072014E-308,0.0,0.0,0.0,16.5,23.92112063361435,324.7322131753364,0.0,
ID2133 → ID5866,346,2133,5866,35.47686051527949,NaN,5.95624550495356,5.95624550495356,15.5,22.91658578709938,321.928621751652,0.0,
ID5884 → ID5666,347,5884,5666,2.2250738585072014E-308,0.0,0.0,0.0,16.5,756.9777211416093,392.84378182520817,0.0,
ID2266 → ID5884,347,2266,5884,48.2398941220371,NaN,6.945494519617527,6.945494519617527,15.5,754.4395346312297,390.4736377854848,0.0,
ID5886 → ID5668,348,5886,5668,2.2250738585072014E-308,NaN,0.0,0.0,16.5,68.81920598839417,405.24856419045847,0.0,
ID5892 → ID5674,349,5892,5674,2.2250738585072014E-308,0.0,0.0,0.0,16.5,590.5357621466225,438.6438626064873,0.0,
ID2279 → ID5892,349,2279,5892,7.911576828102195,NaN,2.812752535880502,2.812752535880502,15.5,591.7678810733112,439.3219313032437,0.0,
ID2283 → ID5894,350,2283,5894,70.39455946528386,NaN,8.39014656995239,8.39014656995239,15.5,597.4390533492566,446.23649141164583,0.0,
ID5894 → ID5676,350,5894,5676,2.2250738585072014E-308,0.0,0.0,0.0,16.5,600.9562779976201,443.9500595540858,0.0,
ID5901 → ID5683,351,5901,5683,2.2250738585072014E-308,0.0,0.0,0.0,16.5,428.6903341361597,479.3689002006269,0.0,
ID2344 → ID5901,351,2344,5901,80.54107495588484,NaN,8.974467948345731,8.974467948345731,15.5,433.0782972609013,478.43025843995395,0.0,
ID2383 → ID5913,352,2383,5913,61.983263863050105,NaN,7.87294505652428,7.87294505652428,15.5,713.7557621527258,521.2465322001515,0.0,
ID5913 → ID5695,352,5913,5695,2.2250738585072014E-308,0.0,0.0,0.0,16.5,714.2944244191542,517.3470887874977,0.0,
ID5917 → ID5699,353,5917,5699,2.2250738585072014E-308,0.0,0.0,0.0,16.5,202.93010569480765,524.767569006494,0.0,
ID2386 → ID5917,353,2386,5917,1.438972691977217,NaN,1.1995718786205423,1.1995718786205423,15.5,203.33665138159498,525.2085494794732,0.0,
ID5919 → ID5701,354,5919,5701,2.2250738585072014E-308,NaN,0.0,0.0,16.5,209.26430894640413,531.8918064003617,0.0,
ID5920 → ID5702,355,5920,5702,2.2250738585072014E-308,0.0,0.0,0.0,16.5,220.94958099340536,536.5631322437557,0.0,
ID2390 → ID5920,355,2390,5920,9.044163388358871,NaN,3.00735155716103,3.00735155716103,15.5,220.0682245888861,537.7814309490421,0.0,
ID5922 → ID5704,356,5922,5704,2.2250738585072014E-308,NaN,0.0,0.0,16.5,57.86437898209964,543.132834405629,0.0,
ID5949 → ID5731,357,5949,5731,2.2250738585072014E-308,NaN,0.0,0.0,16.5,557.6109695453555,658.1878243158567,0.0,
ID5951 → ID5733,358,5951,5733,2.2250738585072014E-308,NaN,0.0,0.0,16.5,382.5970445166692,659.351586833819,0.0,
ID5960 → ID5742,359,5960,5742,2.2250738585072014E-308,0.0,0.0,0.0,16.5,563.140161838574,672.6766843619603,0.0,
ID2518 → ID5960,359,2518,5960,20.288367360216668,NaN,4.504261022655844,4.504261022655844,15.5,561.1570851959905,673.7441574856002,0.0,
ID5961 → ID5743,360,5961,5743,2.2250738585072014E-308,NaN,0.0,0.0,16.5,453.79609918812156,675.8302949474431,0.0,
ID5968 → ID5750,361,5968,5750,2.2250738585072014E-308,NaN,0.0,0.0,16.5,676.7326572867779,699.9507105578401,0.0,
ID5973 → ID5755,362,5973,5755,2.2250738585072014E-308,NaN,0.0,0.0,16.5,756.0,735.0,0.0,
