LABEL,ID,TRACK_ID,QUALITY,POSITION_X,POSITION_Y,POSITION_Z,POSITION_T,FRAME,RADIUS,VISIBILITY,MANUAL_SPOT_COLOR,MEAN_INTENSITY_CH1,MEDIAN_INTENSITY_CH1,MIN_INTENSITY_CH1,MAX_INTENSITY_CH1,TOTAL_INTENSITY_CH1,STD_INTENSITY_CH1,CONTRAST_CH1,SNR_CH1
Label,Spot ID,Track ID,Quality,X,Y,Z,T,Frame,Radius,Visibility,Manual spot color,Mean intensity ch1,Median intensity ch1,Min intensity ch1,Max intensity ch1,Sum intensity ch1,Std intensity ch1,Contrast ch1,Signal/Noise ratio ch1
Label,Spot ID,Track ID,Quality,X,Y,Z,T,Frame,R,Visibility,Spot color,Mean ch1,Median ch1,Min ch1,Max ch1,Sum ch1,Std ch1,Ctrst ch1,SNR ch1
,,,(quality),(pixel),(pixel),(pixel),(frame),,(pixel),,,(counts),(counts),(counts),(counts),(counts),(counts),,
ID2256,2256,0,10.201271057128906,335.7338649259446,244.19082424757465,0.0,12.0,12,5.0,1,,123.71134020618557,102.0,45.0,255.0,12000.0,57.75522320587236,0.09820593922475061,0.3830912267760664
ID2945,2945,0,9.252418518066406,335.4183153256806,240.59195461600942,0.0,14.0,14,5.0,1,,124.04123711340206,107.0,52.0,255.0,12032.0,55.558324744844576,0.11921832538410292,0.47563647019546124
ID2562,2562,0,9.252418518066406,335.4183153256806,240.59195461600942,0.0,13.0,13,5.0,1,,124.04123711340206,107.0,52.0,255.0,12032.0,55.558324744844576,0.11921832538410292,0.47563647019546124
ID5619,5619,0,12.18377685546875,346.7728743859082,232.55910128275593,0.0,17.0,17,5.0,1,,199.5257731958763,205.0,123.0,255.0,19354.0,40.767913440879255,0.1716505964508299,1.4340282694339073
ID3288,3288,0,10.222694396972656,335.20302115793294,248.6871543404893,0.0,11.0,11,5.0,1,,124.14432989690722,111.0,0.0,255.0,12042.0,57.46429864321587,0.14990803603305716,0.5632751335727558
ID3752,3752,0,10.222694396972656,335.20302115793294,248.6871543404893,0.0,10.0,10,5.0,1,,124.14432989690722,111.0,0.0,255.0,12042.0,57.46429864321587,0.14990803603305716,0.5632751335727558
ID3736,3736,0,5.763771057128906,337.7352843249879,247.46362906881043,0.0,8.0,8,5.0,1,,129.82474226804123,110.0,60.0,255.0,12593.0,51.216047759564255,0.11811725355064057,0.5355590889939239
ID2683,2683,0,7.0074310302734375,335.2897034647722,251.66001088657575,0.0,9.0,9,5.0,1,,122.5979381443299,115.0,44.0,237.0,11892.0,40.11874556494093,0.15316947783724646,0.8117922666685254
ID5837,5837,0,12.18377685546875,346.7728743859082,232.55910128275593,0.0,16.0,16,5.0,1,,199.5257731958763,205.0,123.0,255.0,19354.0,40.767913440879255,0.1716505964508299,1.4340282694339073
ID3693,3693,0,5.763771057128906,337.7352843249879,247.46362906881043,0.0,7.0,7,5.0,1,,129.82474226804123,110.0,60.0,255.0,12593.0,51.216047759564255,0.11811725355064057,0.5355590889939239
ID4770,4770,1,5.8280181884765625,595.5335822713439,702.8753787992964,0.0,5.0,5,5.0,1,,101.9278350515464,97.0,26.0,218.0,9887.0,38.474625681166046,0.0887325876564759,0.43182752064716057
ID3587,3587,1,11.770477294921875,605.0822628906392,717.849914115249,0.0,13.0,13,5.0,1,,188.90721649484536,188.0,117.0,255.0,18324.0,40.6676269885486,0.159522154749676,1.2781201133734628
ID4548,4548,1,9.695724487304688,613.3920578995618,722.5948547373241,0.0,11.0,11,5.0,1,,192.11340206185568,195.0,100.0,255.0,18635.0,40.535446496620864,0.1179401095358265,0.9999900668734354
ID4774,4774,1,7.4324951171875,592.4408379887211,695.1724453350715,0.0,7.0,7,5.0,1,,131.02061855670104,108.0,51.0,255.0,12709.0,55.89703692606078,0.0834911961083526,0.3612402634947473
ID4455,4455,1,5.8280181884765625,595.5335822713439,702.8753787992964,0.0,4.0,4,5.0,1,,101.9278350515464,97.0,26.0,218.0,9887.0,38.474625681166046,0.0887325876564759,0.43182752064716057
ID4808,4808,1,7.4324951171875,592.4408379887211,695.1724453350715,0.0,8.0,8,5.0,1,,131.02061855670104,108.0,51.0,255.0,12709.0,55.89703692606078,0.0834911961083526,0.3612402634947473
ID4777,4777,1,11.481002807617188,611.1927085535254,725.4255317848538,0.0,6.0,6,5.0,1,,175.8762886597938,176.0,90.0,255.0,17060.0,51.35664873622312,0.1446352233795915,0.8654611481849315
ID4811,4811,1,9.695724487304688,613.3920578995618,722.5948547373241,0.0,10.0,10,5.0,1,,192.11340206185568,195.0,100.0,255.0,18635.0,40.535446496620864,0.1179401095358265,0.9999900668734354
ID5485,5485,1,10.782485961914062,608.7182672268038,692.7399266715198,0.0,3.0,3,5.0,1,,179.62886597938143,183.0,97.0,255.0,17424.0,45.082174874432724,0.14849289624528822,1.0303354181812638
ID2607,2607,1,12.256149291992188,613.842999989106,717.1422093732591,0.0,12.0,12,5.0,1,,181.16494845360825,183.0,90.0,255.0,17573.0,42.2738296734248,0.178362854764467,1.297352365633852
ID4306,4306,1,11.770477294921875,605.0822628906392,717.849914115249,0.0,14.0,14,5.0,1,,188.90721649484536,188.0,117.0,255.0,18324.0,40.6676269885486,0.159522154749676,1.2781201133734628
ID5526,5526,1,10.782485961914062,608.7182672268038,692.7399266715198,0.0,1.0,1,5.0,1,,179.62886597938143,183.0,97.0,255.0,17424.0,45.082174874432724,0.14849289624528822,1.0303354181812638
ID3929,3929,1,9.902542114257812,616.7714915634939,722.3629321573982,0.0,9.0,9,5.0,1,,196.61855670103094,201.0,98.0,255.0,19072.0,47.635867810525454,0.10519203680761786,0.785715888339463
ID4857,4857,1,10.782485961914062,608.7182672268038,692.7399266715198,0.0,2.0,2,5.0,1,,179.62886597938143,183.0,97.0,255.0,17424.0,45.082174874432724,0.14849289624528822,1.0303354181812638
ID5117,5117,1,10.782485961914062,608.7182672268038,692.7399266715198,0.0,0.0,0,5.0,1,,179.62886597938143,183.0,97.0,255.0,17424.0,45.082174874432724,0.14849289624528822,1.0303354181812638
ID3392,3392,2,14.156967163085938,114.88698845553834,579.1339445933489,0.0,9.0,9,5.0,1,,191.89690721649484,203.0,107.0,255.0,18614.0,48.82845919988723,0.1851715992273004,1.2280557768601024
ID4512,4512,2,12.939620971679688,109.11794331354544,574.470602689226,0.0,7.0,7,5.0,1,,185.10309278350516,188.0,88.0,255.0,17955.0,58.45448452572638,0.1556595843608393,0.8530446760061694
ID3873,3873,2,12.574462890625,125.5404200375976,595.171967653271,0.0,14.0,14,5.0,1,,205.08247422680412,217.0,118.0,255.0,19893.0,42.02917392099325,0.1637596998638543,1.3732556983753608
ID4129,4129,2,10.922866821289062,120.64168104896181,583.2225912486941,0.0,11.0,11,5.0,1,,190.35051546391753,192.0,102.0,255.0,18464.0,49.02402498544156,0.13355568350801825,0.9149441895177167
ID2403,2403,2,11.120391845703125,122.47263938905714,594.9722400072044,0.0,15.0,15,5.0,1,,153.4536082474227,155.0,54.0,252.0,14885.0,43.439138606636725,0.21618282466980637,1.2558802100128312
ID3076,3076,2,12.574462890625,125.5404200375976,595.171967653271,0.0,13.0,13,5.0,1,,205.08247422680412,217.0,118.0,255.0,19893.0,42.02917392099325,0.1637596998638543,1.3732556983753608
ID2422,2422,2,8.562667846679688,122.52866558869006,589.3935476770608,0.0,12.0,12,5.0,1,,177.50515463917526,173.0,101.0,254.0,17218.0,38.93962305911877,0.10511123261268213,0.867146264301567
ID5926,5926,2,14.913497924804688,130.33421225746233,597.8388646216634,0.0,16.0,16,5.0,1,,167.35051546391753,166.0,82.0,251.0,16233.0,48.48174940916629,0.26389587955342836,1.441451647375105
ID4490,4490,2,8.384902954101562,92.00976173314596,575.0467937164016,0.0,6.0,6,5.0,1,,108.23711340206185,101.0,37.0,226.0,10499.0,41.821239917623465,0.16303390624615724,0.725595951173562
ID4523,4523,2,12.939620971679688,109.11794331354544,574.470602689226,0.0,8.0,8,5.0,1,,185.10309278350516,188.0,88.0,255.0,17955.0,58.45448452572638,0.1556595843608393,0.8530446760061694
ID5708,5708,2,14.913497924804688,130.33421225746233,597.8388646216634,0.0,17.0,17,5.0,1,,167.35051546391753,166.0,82.0,251.0,16233.0,48.48174940916629,0.26389587955342836,1.441451647375105
ID4526,4526,2,10.922866821289062,120.64168104896181,583.2225912486941,0.0,10.0,10,5.0,1,,190.35051546391753,192.0,102.0,255.0,18464.0,49.02402498544156,0.13355568350801825,0.9149441895177167
ID3712,3712,3,14.406570434570312,251.75083159546756,257.9964965564925,0.0,7.0,7,5.0,1,,203.2577319587629,222.0,75.0,255.0,19716.0,54.46984608296969,0.18609145847896033,1.1709252844466105
ID3649,3649,3,12.723175048828125,254.7085273859966,250.13826243196596,0.0,6.0,6,5.0,1,,192.5463917525773,202.0,83.0,255.0,18677.0,55.48329715226555,0.14906440329496792,0.9003942101110596
ID5282,5282,3,13.338958740234375,264.7569476570487,242.45063355479368,0.0,1.0,1,5.0,1,,218.93814432989691,240.0,126.0,254.0,21237.0,36.958821238696885,0.17135991385697494,1.7332140249078496
ID3236,3236,3,13.148910522460938,265.4729189710879,248.2623245411121,0.0,4.0,4,5.0,1,,216.63917525773195,230.0,134.0,255.0,21014.0,37.618475504899386,0.1695329480889951,1.6695808339525406
ID2567,2567,3,12.039215087890625,234.92020504417786,252.15186121648955,0.0,13.0,13,5.0,1,,229.38144329896906,238.0,157.0,255.0,22250.0,25.15222128153276,0.1596697848552921,2.5113100223437623
ID2090,2090,3,11.299728393554688,237.91129365809292,259.0553643415264,0.0,15.0,15,5.0,1,,228.1443298969072,238.0,159.0,255.0,22130.0,25.28833298624817,0.14302817358115222,2.25779304888422
ID3754,3754,3,14.406570434570312,251.75083159546756,257.9964965564925,0.0,8.0,8,5.0,1,,203.2577319587629,222.0,75.0,255.0,19716.0,54.46984608296969,0.18609145847896033,1.1709252844466105
ID2957,2957,3,12.039215087890625,234.92020504417786,252.15186121648955,0.0,14.0,14,5.0,1,,229.38144329896906,238.0,157.0,255.0,22250.0,25.15222128153276,0.1596697848552921,2.5113100223437623
ID3309,3309,3,15.405624389648438,241.90835498074532,261.5260266873839,0.0,11.0,11,5.0,1,,218.22680412371133,236.0,66.0,255.0,21168.0,45.2008262172457,0.2144508117390849,1.705059268947521
ID5839,5839,3,12.1959228515625,234.81915526871072,254.4916615414234,0.0,16.0,16,5.0,1,,226.60824742268042,242.0,139.0,255.0,21981.0,31.59264046058003,0.15171349628512346,1.889729067732184
ID2257,2257,3,10.279144287109375,242.76049936889456,254.32930198511357,0.0,12.0,12,5.0,1,,230.1958762886598,237.0,168.0,255.0,22329.0,21.67498518610496,0.12872605404544896,2.4224043214044046
ID4946,4946,3,13.338958740234375,264.7569476570487,242.45063355479368,0.0,0.0,0,5.0,1,,218.93814432989691,240.0,126.0,254.0,21237.0,36.958821238696885,0.17135991385697494,1.7332140249078496
ID5621,5621,3,12.1959228515625,234.81915526871072,254.4916615414234,0.0,17.0,17,5.0,1,,226.60824742268042,242.0,139.0,255.0,21981.0,31.59264046058003,0.15171349628512346,1.889729067732184
ID2678,2678,3,7.2905426025390625,241.5832626417192,252.44146465508786,0.0,9.0,9,5.0,1,,144.88659793814432,144.0,33.0,247.0,14054.0,48.29679861040218,0.08278688100438748,0.4587313298606592
ID5208,5208,3,13.338958740234375,264.7569476570487,242.45063355479368,0.0,3.0,3,5.0,1,,218.93814432989691,240.0,126.0,254.0,21237.0,36.958821238696885,0.17135991385697494,1.7332140249078496
ID3769,3769,3,15.405624389648438,241.90835498074532,261.5260266873839,0.0,10.0,10,5.0,1,,218.22680412371133,236.0,66.0,255.0,21168.0,45.2008262172457,0.2144508117390849,1.705059268947521
ID4060,4060,3,13.338958740234375,264.7569476570487,242.45063355479368,0.0,2.0,2,5.0,1,,218.93814432989691,240.0,126.0,254.0,21237.0,36.958821238696885,0.17135991385697494,1.7332140249078496
ID3741,3741,3,13.148910522460938,265.4729189710879,248.2623245411121,0.0,5.0,5,5.0,1,,216.63917525773195,230.0,134.0,255.0,21014.0,37.618475504899386,0.1695329480889951,1.6695808339525406
ID3623,3623,4,11.4013671875,269.07668018498,237.10372888575702,0.0,6.0,6,5.0,1,,227.60824742268042,243.0,152.0,255.0,22078.0,29.915699857067423,0.14253880799234023,1.8983705383766696
ID3175,3175,4,11.106201171875,270.41282389771544,229.27287732247584,0.0,4.0,4,5.0,1,,214.20618556701032,233.0,109.0,255.0,20778.0,38.960433493569774,0.13331842866840735,1.293529859794571
ID3720,3720,4,11.127944946289062,257.10688784666723,241.99702269050997,0.0,8.0,8,5.0,1,,222.24742268041237,238.0,126.0,255.0,21558.0,34.99018640033083,0.1328660921299887,1.489896350998817
ID3688,3688,4,11.106201171875,270.41282389771544,229.27287732247584,0.0,5.0,5,5.0,1,,214.20618556701032,233.0,109.0,255.0,20778.0,38.960433493569774,0.13331842866840735,1.293529859794571
ID2569,2569,4,15.309799194335938,248.28585418056366,262.7090633823588,0.0,13.0,13,5.0,1,,226.51546391752578,242.0,125.0,255.0,21972.0,33.01234409342896,0.2134052262079634,2.4135187568997605
ID2091,2091,4,14.452987670898438,244.33058128162102,264.4234928963978,0.0,15.0,15,5.0,1,,216.36082474226805,232.0,126.0,255.0,20987.0,35.95285847670596,0.19263825483667027,1.9440570178058363
ID4012,4012,4,12.923141479492188,268.6451996483204,224.36903890875746,0.0,2.0,2,5.0,1,,228.28865979381445,242.0,143.0,255.0,22144.0,29.174031961548806,0.17502398470997632,2.331141925709171
ID4941,4941,4,12.923141479492188,268.6451996483204,224.36903890875746,0.0,0.0,0,5.0,1,,228.28865979381445,242.0,143.0,255.0,22144.0,29.174031961548806,0.17502398470997632,2.331141925709171
ID5198,5198,4,12.923141479492188,268.6451996483204,224.36903890875746,0.0,3.0,3,5.0,1,,228.28865979381445,242.0,143.0,255.0,22144.0,29.174031961548806,0.17502398470997632,2.331141925709171
ID5840,5840,4,13.81353759765625,245.3665582895834,261.48374371518435,0.0,16.0,16,5.0,1,,210.83505154639175,219.0,134.0,254.0,20451.0,33.21259814073166,0.19356400676521662,2.0589644543711043
ID2672,2672,4,10.782012939453125,250.50911658946188,248.3325527827118,0.0,9.0,9,5.0,1,,227.51546391752578,239.0,125.0,255.0,22069.0,30.962717299083355,0.12967230768231694,1.6869282280182776
ID3347,3347,4,15.986465454101562,251.4588093405128,272.45163813133405,0.0,11.0,11,5.0,1,,207.02061855670104,221.0,60.0,255.0,20081.0,46.123019239638566,0.2234947379142079,1.6398006917597696
ID2261,2261,4,13.848526000976562,246.44307053572345,265.3925915561728,0.0,12.0,12,5.0,1,,226.83505154639175,238.0,143.0,255.0,22003.0,30.93497225780339,0.18404666467545308,2.279552306677729
ID5622,5622,4,13.81353759765625,245.3665582895834,261.48374371518435,0.0,17.0,17,5.0,1,,210.83505154639175,219.0,134.0,254.0,20451.0,33.21259814073166,0.19356400676521662,2.0589644543711043
ID5273,5273,4,12.923141479492188,268.6451996483204,224.36903890875746,0.0,1.0,1,5.0,1,,228.28865979381445,242.0,143.0,255.0,22144.0,29.174031961548806,0.17502398470997632,2.331141925709171
ID2970,2970,4,15.309799194335938,248.28585418056366,262.7090633823588,0.0,14.0,14,5.0,1,,226.51546391752578,242.0,125.0,255.0,21972.0,33.01234409342896,0.2134052262079634,2.4135187568997605
ID3674,3674,4,11.127944946289062,257.10688784666723,241.99702269050997,0.0,7.0,7,5.0,1,,222.24742268041237,238.0,126.0,255.0,21558.0,34.99018640033083,0.1328660921299887,1.489896350998817
ID3806,3806,4,15.986465454101562,251.4588093405128,272.45163813133405,0.0,10.0,10,5.0,1,,207.02061855670104,221.0,60.0,255.0,20081.0,46.123019239638566,0.2234947379142079,1.6398006917597696
ID3776,3776,5,9.451171875,267.3768339917569,265.0483144089707,0.0,10.0,10,5.0,1,,197.93814432989691,198.0,141.0,255.0,19200.0,32.08835927072754,0.11858437860046524,1.3078884689018893
ID3584,3584,5,10.420883178710938,261.90001464269744,227.13606463686946,0.0,6.0,6,5.0,1,,232.1958762886598,247.0,140.0,255.0,22523.0,31.269540282590285,0.12830388158888384,1.6887941463139666
ID5188,5188,5,14.149810791015625,261.11861783933193,214.08483832289647,0.0,3.0,3,5.0,1,,220.44329896907217,245.0,94.0,255.0,21383.0,45.23571806662781,0.17530227048828734,1.453728733814237
ID3972,3972,5,14.149810791015625,261.11861783933193,214.08483832289647,0.0,2.0,2,5.0,1,,220.44329896907217,245.0,94.0,255.0,21383.0,45.23571806662781,0.17530227048828734,1.453728733814237
ID2981,2981,5,11.431121826171875,265.882045608951,265.9884235785482,0.0,14.0,14,5.0,1,,200.44329896907217,200.0,125.0,255.0,19443.0,37.9146434640158,0.15095111456667526,1.386736693889308
ID3653,3653,5,12.918167114257812,260.2267727414149,220.29828646796835,0.0,5.0,5,5.0,1,,223.08247422680412,243.0,100.0,255.0,21639.0,37.311378431801465,0.16417180574291765,1.6863031538041378
ID4936,4936,5,14.149810791015625,261.11861783933193,214.08483832289647,0.0,0.0,0,5.0,1,,220.44329896907217,245.0,94.0,255.0,21383.0,45.23571806662781,0.17530227048828734,1.453728733814237
ID2667,2667,5,9.62762451171875,256.20309061985563,240.92998569707484,0.0,9.0,9,5.0,1,,230.08247422680412,242.0,154.0,255.0,22318.0,26.622229943184067,0.11461268473417034,1.7773698504840774
ID2572,2572,5,11.431121826171875,265.882045608951,265.9884235785482,0.0,13.0,13,5.0,1,,200.44329896907217,200.0,125.0,255.0,19443.0,37.9146434640158,0.15095111456667526,1.386736693889308
ID2092,2092,5,10.878387451171875,260.73998206792356,266.8736995923795,0.0,15.0,15,5.0,1,,194.62886597938143,194.0,110.0,255.0,18879.0,36.08101982218539,0.14946070738252465,1.4027857542742113
ID5262,5262,5,14.149810791015625,261.11861783933193,214.08483832289647,0.0,1.0,1,5.0,1,,220.44329896907217,245.0,94.0,255.0,21383.0,45.23571806662781,0.17530227048828734,1.453728733814237
ID5841,5841,5,10.136093139648438,263.617675638515,263.61379905061597,0.0,16.0,16,5.0,1,,193.3298969072165,200.0,112.0,255.0,18753.0,39.82140380537742,0.13588324129442403,1.1615680418403185
ID3701,3701,5,10.146026611328125,262.0920505046235,231.74271412703627,0.0,8.0,8,5.0,1,,238.68041237113403,250.0,167.0,255.0,23152.0,23.30975582229134,0.12532265987538946,2.2806654887339923
ID5623,5623,5,10.136093139648438,263.617675638515,263.61379905061597,0.0,17.0,17,5.0,1,,193.3298969072165,200.0,112.0,255.0,18753.0,39.82140380537742,0.13588324129442403,1.1615680418403185
ID2264,2264,5,10.820343017578125,264.4424423025565,267.49799444667696,0.0,12.0,12,5.0,1,,193.2680412371134,192.0,138.0,243.0,18747.0,28.58121303989065,0.14946250310862116,1.7585180335207546
ID3322,3322,5,9.451171875,267.3768339917569,265.0483144089707,0.0,11.0,11,5.0,1,,197.93814432989691,198.0,141.0,255.0,19200.0,32.08835927072754,0.11858437860046524,1.3078884689018893
ID3645,3645,5,10.146026611328125,262.0920505046235,231.74271412703627,0.0,7.0,7,5.0,1,,238.68041237113403,250.0,167.0,255.0,23152.0,23.30975582229134,0.12532265987538946,2.2806654887339923
ID3135,3135,5,12.918167114257812,260.2267727414149,220.29828646796835,0.0,4.0,4,5.0,1,,223.08247422680412,243.0,100.0,255.0,21639.0,37.311378431801465,0.16417180574291765,1.6863031538041378
ID5216,5216,6,13.395294189453125,267.46694507585624,247.50347367093326,0.0,3.0,3,5.0,1,,193.10309278350516,203.0,72.0,255.0,18731.0,52.64651866776236,0.17086949265784895,1.0705466742397198
ID4096,4096,6,13.395294189453125,267.46694507585624,247.50347367093326,0.0,2.0,2,5.0,1,,193.10309278350516,203.0,72.0,255.0,18731.0,52.64651866776236,0.17086949265784895,1.0705466742397198
ID3746,3746,6,10.590301513671875,263.9051603683816,257.0498684621274,0.0,8.0,8,5.0,1,,209.11340206185568,209.0,148.0,255.0,20284.0,32.136387828759034,0.12933601770170727,1.4904283706877792
ID3750,3750,6,13.418060302734375,270.17798258483833,250.8084340936448,0.0,5.0,5,5.0,1,,201.57731958762886,209.0,96.0,255.0,19553.0,45.942635212192066,0.17605959068435476,1.3136695078953067
ID2280,2280,6,10.203811645507812,266.47527474046126,283.60870655091685,0.0,12.0,12,5.0,1,,188.29896907216494,180.0,130.0,255.0,18265.0,36.42176688592665,0.13066978340659363,1.1949681026045187
ID3402,3402,6,5.2812347412109375,263.91442617450156,280.01547026167765,0.0,11.0,11,5.0,1,,147.57731958762886,144.0,72.0,233.0,14315.0,38.13376539989047,0.0609850261511368,0.4448912692259376
ID5290,5290,6,13.395294189453125,267.46694507585624,247.50347367093326,0.0,1.0,1,5.0,1,,193.10309278350516,203.0,72.0,255.0,18731.0,52.64651866776236,0.17086949265784895,1.0705466742397198
ID3244,3244,6,13.418060302734375,270.17798258483833,250.8084340936448,0.0,4.0,4,5.0,1,,201.57731958762886,209.0,96.0,255.0,19553.0,45.942635212192066,0.17605959068435476,1.3136695078953067
ID3661,3661,6,13.093093872070312,264.7510862234867,251.79938178222824,0.0,6.0,6,5.0,1,,229.96907216494844,238.0,122.0,255.0,22307.0,29.105574211340052,0.1711521210920871,2.309363159565378
ID2575,2575,6,10.667877197265625,271.0,270.0,0.0,13.0,13,5.0,1,,201.94845360824743,208.0,118.0,255.0,19589.0,39.22673703770721,0.13559899290079208,1.229475301709546
ID2991,2991,6,10.667877197265625,271.0,270.0,0.0,14.0,14,5.0,1,,201.94845360824743,208.0,118.0,255.0,19589.0,39.22673703770721,0.13559899290079208,1.229475301709546
ID2095,2095,6,11.077362060546875,271.6600462896818,275.0258529308616,0.0,15.0,15,5.0,1,,206.24742268041237,211.0,150.0,255.0,20006.0,32.17045452476382,0.14129654124826357,1.58742917864246
ID5843,5843,6,10.579940795898438,273.1606142309141,269.23141102196536,0.0,16.0,16,5.0,1,,208.6701030927835,214.0,132.0,255.0,20241.0,33.24646649441503,0.12525040019432523,1.3972518008835417
ID4950,4950,6,13.395294189453125,267.46694507585624,247.50347367093326,0.0,0.0,0,5.0,1,,193.10309278350516,203.0,72.0,255.0,18731.0,52.64651866776236,0.17086949265784895,1.0705466742397198
ID3703,3703,6,10.590301513671875,263.9051603683816,257.0498684621274,0.0,7.0,7,5.0,1,,209.11340206185568,209.0,148.0,255.0,20284.0,32.136387828759034,0.12933601770170727,1.4904283706877792
ID5625,5625,6,10.579940795898438,273.1606142309141,269.23141102196536,0.0,17.0,17,5.0,1,,208.6701030927835,214.0,132.0,255.0,20241.0,33.24646649441503,0.12525040019432523,1.3972518008835417
ID3867,3867,6,5.2812347412109375,263.91442617450156,280.01547026167765,0.0,10.0,10,5.0,1,,147.57731958762886,144.0,72.0,233.0,14315.0,38.13376539989047,0.0609850261511368,0.4448912692259376
ID2686,2686,6,11.534500122070312,262.36394467148506,260.3780049659085,0.0,9.0,9,5.0,1,,228.36082474226805,239.0,146.0,255.0,22151.0,27.641373566558663,0.14672798293101702,2.1141924373079886
ID2436,2436,7,15.94451904296875,182.93022590995335,604.4550358928935,0.0,12.0,12,5.0,1,,219.94845360824743,240.0,123.0,255.0,21335.0,39.270263117174245,0.21562105520520244,1.9869184880271105
ID2405,2405,7,13.197052001953125,151.27954044309362,603.1388935432043,0.0,15.0,15,5.0,1,,195.91752577319588,198.0,112.0,255.0,19004.0,44.07419646249304,0.19012553275065594,1.4202557340796282
ID5927,5927,7,13.52685546875,159.8620664372849,597.8626561583837,0.0,16.0,16,5.0,1,,190.38144329896906,195.0,112.0,255.0,18467.0,48.43325374913936,0.16177139083173192,1.094692156654946
ID3884,3884,7,15.342803955078125,172.08574227213262,596.9118700009634,0.0,14.0,14,5.0,1,,210.5257731958763,221.0,117.0,255.0,20421.0,36.82817444552052,0.23900004822132367,2.2053714111398612
ID5709,5709,7,13.52685546875,159.8620664372849,597.8626561583837,0.0,17.0,17,5.0,1,,190.38144329896906,195.0,112.0,255.0,18467.0,48.43325374913936,0.16177139083173192,1.094692156654946
ID3087,3087,7,15.342803955078125,172.08574227213262,596.9118700009634,0.0,13.0,13,5.0,1,,210.5257731958763,221.0,117.0,255.0,20421.0,36.82817444552052,0.23900004822132367,2.2053714111398612
ID3936,3936,8,9.882858276367188,616.7714915634939,722.3629321573982,0.0,9.0,9,5.0,1,,196.61855670103094,201.0,98.0,255.0,19072.0,47.635867810525454,0.10519203680761786,0.785715888339463
ID4708,4708,8,8.327117919921875,610.2627968647234,683.0636220992706,0.0,5.0,5,5.0,1,,164.93814432989691,166.0,104.0,242.0,15999.0,32.26447169907821,0.12947628722048626,1.1720325178180147
ID5481,5481,8,10.717987060546875,609.0217703126234,690.3347641001851,0.0,3.0,3,5.0,1,,197.0,198.0,101.0,255.0,19109.0,41.437201482082095,0.16989075760597402,1.3807983132062813
ID4524,4524,8,14.381881713867188,609.3152054143627,712.399410342772,0.0,11.0,11,5.0,1,,179.97938144329896,181.0,89.0,255.0,17458.0,48.952778985944555,0.1990501383634517,1.2206763759712433
ID4749,4749,8,15.048294067382812,589.0827487577611,685.6179739138395,0.0,7.0,7,5.0,1,,199.01030927835052,210.0,74.0,255.0,19304.0,47.65511839538699,0.19328137547210525,1.3528298044994833
ID3599,3599,8,10.685531616210938,606.2317373093633,727.9870897009241,0.0,13.0,13,5.0,1,,199.4536082474227,208.0,113.0,255.0,19347.0,39.414469799215425,0.12998227767990161,1.1642030021479983
ID2610,2610,8,5.596763610839844,597.2650871610772,721.0139763391129,0.0,12.0,12,5.0,1,,118.6082474226804,116.0,40.0,218.0,11505.0,31.984552489258693,0.08883842967472641,0.6051207402666214
ID4786,4786,8,15.048294067382812,589.0827487577611,685.6179739138395,0.0,8.0,8,5.0,1,,199.01030927835052,210.0,74.0,255.0,19304.0,47.65511839538699,0.19328137547210525,1.3528298044994833
ID4722,4722,8,10.586563110351562,604.167912921161,688.0492032233433,0.0,6.0,6,5.0,1,,163.24742268041237,159.0,107.0,233.0,15835.0,32.19505362106468,0.17171627368834624,1.4861962807157072
ID5971,5971,8,14.764984130859375,612.4760917273809,727.5997871670673,0.0,16.0,16,5.0,1,,223.15463917525773,240.0,97.0,255.0,21646.0,36.845211189907246,0.1974686718990689,1.9975097617615059
ID5524,5524,8,10.717987060546875,609.0217703126234,690.3347641001851,0.0,1.0,1,5.0,1,,197.0,198.0,101.0,255.0,19109.0,41.437201482082095,0.16989075760597402,1.3807983132062813
ID2551,2551,8,15.368728637695312,608.5076436686578,726.4176967852135,0.0,15.0,15,5.0,1,,205.90721649484536,221.0,126.0,255.0,19973.0,44.087290892195405,0.21140326310256702,1.6300881788009371
ID4855,4855,8,10.717987060546875,609.0217703126234,690.3347641001851,0.0,2.0,2,5.0,1,,197.0,198.0,101.0,255.0,19109.0,41.437201482082095,0.16989075760597402,1.3807983132062813
ID5753,5753,8,14.764984130859375,612.4760917273809,727.5997871670673,0.0,17.0,17,5.0,1,,223.15463917525773,240.0,97.0,255.0,21646.0,36.845211189907246,0.1974686718990689,1.9975097617615059
ID5114,5114,8,10.717987060546875,609.0217703126234,690.3347641001851,0.0,0.0,0,5.0,1,,197.0,198.0,101.0,255.0,19109.0,41.437201482082095,0.16989075760597402,1.3807983132062813
ID4315,4315,8,10.685531616210938,606.2317373093633,727.9870897009241,0.0,14.0,14,5.0,1,,199.4536082474227,208.0,113.0,255.0,19347.0,39.414469799215425,0.12998227767990161,1.1642030021479983
ID4796,4796,8,14.381881713867188,609.3152054143627,712.399410342772,0.0,10.0,10,5.0,1,,179.97938144329896,181.0,89.0,255.0,17458.0,48.952778985944555,0.1990501383634517,1.2206763759712433
ID4382,4382,8,8.327117919921875,610.2627968647234,683.0636220992706,0.0,4.0,4,5.0,1,,164.93814432989691,166.0,104.0,242.0,15999.0,32.26447169907821,0.12947628722048626,1.1720325178180147
ID2098,2098,9,7.204002380371094,767.0,279.0,0.0,15.0,15,5.0,1,,109.11340206185567,108.0,19.0,205.0,10584.0,42.60352007382033,0.26707297107811523,1.0796697160319864
ID5842,5842,9,13.545364379882812,767.0,264.0,0.0,16.0,16,5.0,1,,150.93814432989691,150.0,31.0,255.0,14641.0,51.29140896895521,0.338444530176835,1.4882349354871214
ID2579,2579,9,9.217826843261719,767.0,272.0,0.0,13.0,13,5.0,1,,115.44329896907216,102.0,27.0,242.0,11198.0,46.74887901333504,0.3239022565412875,1.2083300451410184
ID2999,2999,9,9.217826843261719,767.0,272.0,0.0,14.0,14,5.0,1,,115.44329896907216,102.0,27.0,242.0,11198.0,46.74887901333504,0.3239022565412875,1.2083300451410184
ID5624,5624,9,13.545364379882812,767.0,264.0,0.0,17.0,17,5.0,1,,150.93814432989691,150.0,31.0,255.0,14641.0,51.29140896895521,0.338444530176835,1.4882349354871214
ID2265,2265,9,8.430831909179688,767.0,272.0,0.0,12.0,12,5.0,1,,125.4639175257732,138.0,16.0,183.0,12170.0,43.24495680029977,0.2817733144146051,1.2755632749162713
ID3009,3009,10,11.820648193359375,8.737060661550132,272.96458193549256,0.0,14.0,14,5.0,1,,221.39175257731958,229.0,145.0,255.0,21475.0,31.098484924587748,0.14587811001090867,1.8126080628786563
ID3809,3809,10,14.796646118164062,16.087491296110816,303.8875755914692,0.0,6.0,6,5.0,1,,226.42268041237114,238.0,141.0,255.0,21963.0,29.67421546686421,0.2050303464320678,2.5965150172226283
ID3969,3969,10,14.2740478515625,21.526935058570633,301.9451347545275,0.0,5.0,5,5.0,1,,209.72164948453607,215.0,139.0,255.0,20343.0,31.643437401524377,0.20013154963533278,2.2104276850207643
ID3845,3845,10,11.065963745117188,0.0,277.0,0.0,10.0,10,5.0,1,,150.72164948453607,143.0,51.0,255.0,14620.0,57.01237845635682,0.32070612758349626,1.2839187454855767
ID2759,2759,10,12.651290893554688,8.695624398156609,306.8631633585248,0.0,9.0,9,5.0,1,,228.44329896907217,239.0,154.0,255.0,22159.0,25.508972715564923,0.17269559590365022,2.637615083841611
ID3495,3495,10,14.2740478515625,21.526935058570633,301.9451347545275,0.0,4.0,4,5.0,1,,209.72164948453607,215.0,139.0,255.0,20343.0,31.643437401524377,0.20013154963533278,2.2104276850207643
ID4972,4972,10,12.572784423828125,26.586684394525815,303.5732253124515,0.0,0.0,0,5.0,1,,208.77319587628867,212.0,151.0,255.0,20251.0,30.422204457517257,0.16270462548063372,1.9206337389452794
ID2093,2093,10,11.464950561523438,7.697643044283379,274.34831170332194,0.0,15.0,15,5.0,1,,208.0,224.0,104.0,255.0,20176.0,43.76142707910701,0.13863186061237415,1.157394927724483
ID3885,3885,10,12.5108642578125,12.392761863315872,305.9243313408515,0.0,8.0,8,5.0,1,,225.8556701030928,237.0,153.0,255.0,21908.0,26.719994733470685,0.16729920662699224,2.4229046115868234
ID5263,5263,10,12.572784423828125,26.586684394525815,303.5732253124515,0.0,3.0,3,5.0,1,,208.77319587628867,212.0,151.0,255.0,20251.0,30.422204457517257,0.16270462548063372,1.9206337389452794
ID3379,3379,10,11.065963745117188,0.0,277.0,0.0,11.0,11,5.0,1,,150.72164948453607,143.0,51.0,255.0,14620.0,57.01237845635682,0.32070612758349626,1.2839187454855767
ID5333,5333,10,12.572784423828125,26.586684394525815,303.5732253124515,0.0,1.0,1,5.0,1,,208.77319587628867,212.0,151.0,255.0,20251.0,30.422204457517257,0.16270462548063372,1.9206337389452794
ID2582,2582,10,11.820648193359375,8.737060661550132,272.96458193549256,0.0,13.0,13,5.0,1,,221.39175257731958,229.0,145.0,255.0,21475.0,31.098484924587748,0.14587811001090867,1.8126080628786563
ID5847,5847,10,7.940277099609375,5.370264102736461,276.4426379287677,0.0,16.0,16,5.0,1,,144.8556701030928,124.0,80.0,255.0,14051.0,46.59577718946251,0.13405989635055598,0.7349906625361291
ID3865,3865,10,12.5108642578125,12.392761863315872,305.9243313408515,0.0,7.0,7,5.0,1,,225.8556701030928,237.0,153.0,255.0,21908.0,26.719994733470685,0.16729920662699224,2.4229046115868234
ID2267,2267,10,12.487350463867188,0.0,275.0,0.0,12.0,12,5.0,1,,212.8659793814433,226.0,93.0,255.0,20648.0,38.958746575164646,0.32167289427993057,2.6596332913722702
ID5629,5629,10,7.940277099609375,5.370264102736461,276.4426379287677,0.0,17.0,17,5.0,1,,144.8556701030928,124.0,80.0,255.0,14051.0,46.59577718946251,0.13405989635055598,0.7349906625361291
ID4287,4287,10,12.572784423828125,26.586684394525815,303.5732253124515,0.0,2.0,2,5.0,1,,208.77319587628867,212.0,151.0,255.0,20251.0,30.422204457517257,0.16270462548063372,1.9206337389452794
ID2400,2400,11,10.699172973632812,140.0952301467205,592.9011545744778,0.0,15.0,15,5.0,1,,201.0,195.0,124.0,255.0,19497.0,37.81589172116224,0.13579674239628906,1.2709850448647229
ID5056,5056,11,12.676651000976562,103.9214348050799,564.6854749311293,0.0,0.0,0,5.0,1,,185.94845360824743,189.0,103.0,255.0,18037.0,43.96479916128466,0.1906219038581968,1.354304769411283
ID5925,5925,11,10.804443359375,149.2131422379087,594.031149660109,0.0,16.0,16,5.0,1,,184.43298969072166,182.0,116.0,255.0,17890.0,48.728607959564954,0.12960253093995408,0.8685051998064927
ID4101,4101,11,13.806640625,108.01258169965566,568.9273632793713,0.0,4.0,4,5.0,1,,211.88659793814432,223.0,111.0,255.0,20553.0,39.6888618634214,0.18313692799177245,1.6527446261309902
ID4746,4746,11,12.676651000976562,103.9214348050799,564.6854749311293,0.0,2.0,2,5.0,1,,185.94845360824743,189.0,103.0,255.0,18037.0,43.96479916128466,0.1906219038581968,1.354304769411283
ID5707,5707,11,10.804443359375,149.2131422379087,594.031149660109,0.0,17.0,17,5.0,1,,184.43298969072166,182.0,116.0,255.0,17890.0,48.728607959564954,0.12960253093995408,0.8685051998064927
ID3405,3405,11,14.962646484375,128.96179957505996,587.1453171633349,0.0,9.0,9,5.0,1,,202.17525773195877,205.0,110.0,255.0,19611.0,39.90509843921324,0.204053014778535,1.7172242816290748
ID4527,4527,11,13.806640625,108.01258169965566,568.9273632793713,0.0,5.0,5,5.0,1,,211.88659793814432,223.0,111.0,255.0,20553.0,39.6888618634214,0.18313692799177245,1.6527446261309902
ID4528,4528,11,15.52825927734375,121.50592234582017,584.1413743553336,0.0,7.0,7,5.0,1,,222.88659793814432,233.0,131.0,255.0,21620.0,31.531358824939314,0.21240223524473567,2.4767582518599314
ID3893,3893,11,10.819869995117188,134.7981988152791,598.0377153477676,0.0,14.0,14,5.0,1,,201.36082474226805,205.0,115.0,255.0,19532.0,40.370984208703405,0.12933838063706318,1.142454653413566
ID4150,4150,11,12.240646362304688,131.01425260214566,588.0723768821474,0.0,11.0,11,5.0,1,,206.7835051546392,211.0,136.0,255.0,20058.0,37.01216770765048,0.15931157017120381,1.5354953826597537
ID3096,3096,11,10.819869995117188,134.7981988152791,598.0377153477676,0.0,13.0,13,5.0,1,,201.36082474226805,205.0,115.0,255.0,19532.0,40.370984208703405,0.12933838063706318,1.142454653413566
ID2424,2424,11,11.011184692382812,135.7330590236821,593.0168435355391,0.0,12.0,12,5.0,1,,195.37113402061857,202.0,116.0,255.0,18951.0,43.27463642915559,0.13438412330198118,1.0696576167464518
ID5400,5400,11,12.676651000976562,103.9214348050799,564.6854749311293,0.0,3.0,3,5.0,1,,185.94845360824743,189.0,103.0,255.0,18037.0,43.96479916128466,0.1906219038581968,1.354304769411283
ID4537,4537,11,15.52825927734375,121.50592234582017,584.1413743553336,0.0,8.0,8,5.0,1,,222.88659793814432,233.0,131.0,255.0,21620.0,31.531358824939314,0.21240223524473567,2.4767582518599314
ID5465,5465,11,12.676651000976562,103.9214348050799,564.6854749311293,0.0,1.0,1,5.0,1,,185.94845360824743,189.0,103.0,255.0,18037.0,43.96479916128466,0.1906219038581968,1.354304769411283
ID4475,4475,11,14.767471313476562,109.05956253490781,566.7641209231401,0.0,6.0,6,5.0,1,,217.72164948453607,223.0,125.0,255.0,21119.0,34.47485263083116,0.20974776064149486,2.1899373927998416
ID4543,4543,11,12.240646362304688,131.01425260214566,588.0723768821474,0.0,10.0,10,5.0,1,,206.7835051546392,211.0,136.0,255.0,20058.0,37.01216770765048,0.15931157017120381,1.5354953826597537
ID2274,2274,12,16.258255004882812,251.30603198727906,279.2072092750229,0.0,12.0,12,5.0,1,,208.46391752577318,216.0,75.0,255.0,20221.0,39.74739557916291,0.2374852042934979,2.0130230879933495
ID2722,2722,12,12.590347290039062,211.33294815451018,289.02309293375845,0.0,9.0,9,5.0,1,,228.56701030927834,242.0,151.0,255.0,22171.0,30.663804401013987,0.1558823020192732,2.0104843826710086
ID3426,3426,12,12.335540771484375,211.3298728973748,288.69087296431996,0.0,4.0,4,5.0,1,,229.28865979381445,246.0,141.0,255.0,22241.0,32.53554426920612,0.15048544345198056,1.8436049247632367
ID4964,4964,12,13.309814453125,211.66865734822682,283.5556292031062,0.0,0.0,0,5.0,1,,230.5463917525773,249.0,140.0,255.0,22363.0,31.905792518286248,0.1686434648081053,2.0854811560588735
ID5317,5317,12,13.309814453125,211.66865734822682,283.5556292031062,0.0,1.0,1,5.0,1,,230.5463917525773,249.0,140.0,255.0,22363.0,31.905792518286248,0.1686434648081053,2.0854811560588735
ID3910,3910,12,12.335540771484375,211.3298728973748,288.69087296431996,0.0,5.0,5,5.0,1,,229.28865979381445,246.0,141.0,255.0,22241.0,32.53554426920612,0.15048544345198056,1.8436049247632367
ID3018,3018,12,18.21044921875,251.51493843697105,277.6766345955446,0.0,14.0,14,5.0,1,,210.1958762886598,217.0,129.0,255.0,20389.0,35.76912052060925,0.293550289715625,2.667135752311527
ID3467,3467,12,11.1563720703125,212.786638240857,292.25609990848346,0.0,11.0,11,5.0,1,,230.0721649484536,242.0,162.0,255.0,22317.0,25.9065819430605,0.1410119749906497,2.1950769573864735
ID3790,3790,12,12.598861694335938,209.9142465907354,285.86262485775524,0.0,7.0,7,5.0,1,,227.20618556701032,242.0,143.0,255.0,22039.0,31.01879072444432,0.15721863234121744,1.990278630192633
ID3728,3728,12,12.096572875976562,211.97339101547806,286.98392078655957,0.0,6.0,6,5.0,1,,229.39175257731958,246.0,137.0,255.0,22251.0,32.63738803792584,0.14914568047689614,1.8244333027739006
ID2097,2097,12,12.843643188476562,252.9420867271439,278.01014926762724,0.0,15.0,15,5.0,1,,176.61855670103094,169.0,101.0,255.0,17132.0,45.11315479319961,0.19960234257325113,1.3028411200318273
ID3923,3923,12,11.1563720703125,212.786638240857,292.25609990848346,0.0,10.0,10,5.0,1,,230.0721649484536,242.0,162.0,255.0,22317.0,25.9065819430605,0.1410119749906497,2.1950769573864735
ID5844,5844,12,8.066848754882812,254.63223569521642,273.38741522143374,0.0,16.0,16,5.0,1,,146.8762886597938,144.0,55.0,230.0,14247.0,44.18763442505691,0.11710674258389495,0.6968963038694128
ID4217,4217,12,13.309814453125,211.66865734822682,283.5556292031062,0.0,2.0,2,5.0,1,,230.5463917525773,249.0,140.0,255.0,22363.0,31.905792518286248,0.1686434648081053,2.0854811560588735
ID2586,2586,12,18.21044921875,251.51493843697105,277.6766345955446,0.0,13.0,13,5.0,1,,210.1958762886598,217.0,129.0,255.0,20389.0,35.76912052060925,0.293550289715625,2.667135752311527
ID5626,5626,12,8.066848754882812,254.63223569521642,273.38741522143374,0.0,17.0,17,5.0,1,,146.8762886597938,144.0,55.0,230.0,14247.0,44.18763442505691,0.11710674258389495,0.6968963038694128
ID3807,3807,12,12.598861694335938,209.9142465907354,285.86262485775524,0.0,8.0,8,5.0,1,,227.20618556701032,242.0,143.0,255.0,22039.0,31.01879072444432,0.15721863234121744,1.990278630192633
ID5247,5247,12,13.309814453125,211.66865734822682,283.5556292031062,0.0,3.0,3,5.0,1,,230.5463917525773,249.0,140.0,255.0,22363.0,31.905792518286248,0.1686434648081053,2.0854811560588735
ID4832,4832,13,10.9735107421875,621.3455366928266,730.0178079562518,0.0,8.0,8,5.0,1,,225.02061855670104,237.0,138.0,255.0,21827.0,30.73372854774923,0.15364807205522865,1.9502524371990588
ID5537,5537,13,9.850723266601562,621.0,735.0,0.0,1.0,1,5.0,1,,206.49484536082474,222.0,76.0,255.0,20030.0,45.48308378565509,0.2555495613854025,1.8481217894719084
ID4324,4324,13,12.368133544921875,614.0,735.0,0.0,14.0,14,5.0,1,,198.20618556701032,208.0,65.0,255.0,19226.0,47.22793535617316,0.3075950921864579,1.974487366071667
ID4804,4804,13,12.106857299804688,623.8847468326475,732.7762649124957,0.0,5.0,5,5.0,1,,219.09278350515464,225.0,115.0,255.0,21252.0,29.465404316696407,0.2714112743364729,3.1745888735753836
ID4868,4868,13,9.850723266601562,621.0,735.0,0.0,2.0,2,5.0,1,,206.49484536082474,222.0,76.0,255.0,20030.0,45.48308378565509,0.2555495613854025,1.8481217894719084
ID5509,5509,13,9.850723266601562,621.0,735.0,0.0,3.0,3,5.0,1,,206.49484536082474,222.0,76.0,255.0,20030.0,45.48308378565509,0.2555495613854025,1.8481217894719084
ID4807,4807,13,11.2894287109375,621.0,735.0,0.0,6.0,6,5.0,1,,205.83505154639175,218.0,86.0,255.0,19966.0,43.55831350336846,0.3080389980275112,2.2256828616057893
ID4558,4558,13,10.809036254882812,621.0,735.0,0.0,11.0,11,5.0,1,,182.18556701030928,184.0,43.0,255.0,17672.0,49.106671707473375,0.27107755992408045,1.582431721964669
ID5138,5138,13,9.850723266601562,621.0,735.0,0.0,0.0,0,5.0,1,,206.49484536082474,222.0,76.0,255.0,20030.0,45.48308378565509,0.2555495613854025,1.8481217894719084
ID5972,5972,13,10.360610961914062,621.0,735.0,0.0,16.0,16,5.0,1,,209.46391752577318,229.0,77.0,255.0,20318.0,45.830316989155335,0.27019165925460426,1.9444153370835946
ID4820,4820,13,10.809036254882812,621.0,735.0,0.0,10.0,10,5.0,1,,182.18556701030928,184.0,43.0,255.0,17672.0,49.106671707473375,0.27107755992408045,1.582431721964669
ID3958,3958,13,10.01153564453125,621.1970016237295,725.5305292502293,0.0,9.0,9,5.0,1,,204.4742268041237,215.0,101.0,255.0,19834.0,41.59429367501057,0.12484431717892944,1.0912171333701532
ID4505,4505,13,12.106857299804688,623.8847468326475,732.7762649124957,0.0,4.0,4,5.0,1,,219.09278350515464,225.0,115.0,255.0,21252.0,29.465404316696407,0.2714112743364729,3.1745888735753836
ID3610,3610,13,12.368133544921875,614.0,735.0,0.0,13.0,13,5.0,1,,198.20618556701032,208.0,65.0,255.0,19226.0,47.22793535617316,0.3075950921864579,1.974487366071667
ID5754,5754,13,10.360610961914062,621.0,735.0,0.0,17.0,17,5.0,1,,209.46391752577318,229.0,77.0,255.0,20318.0,45.830316989155335,0.27019165925460426,1.9444153370835946
ID4826,4826,13,10.9735107421875,621.3455366928266,730.0178079562518,0.0,7.0,7,5.0,1,,225.02061855670104,237.0,138.0,255.0,21827.0,30.73372854774923,0.15364807205522865,1.9502524371990588
ID2556,2556,13,12.619125366210938,618.0,735.0,0.0,15.0,15,5.0,1,,206.04123711340208,223.0,64.0,255.0,19986.0,46.42622227922789,0.315615592270404,2.129365613638092
ID2623,2623,13,13.970535278320312,617.0,735.0,0.0,12.0,12,5.0,1,,192.81443298969072,210.0,43.0,255.0,18703.0,51.02620443966906,0.33578278170332954,1.8997604933101238
ID2096,2096,14,11.744918823242188,17.53173847148713,275.88213824992073,0.0,15.0,15,5.0,1,,222.04123711340208,231.0,126.0,255.0,21538.0,31.786369433877496,0.14465197155158563,1.7655239123517443
ID5632,5632,14,10.681015014648438,28.903961005290054,285.97863555288836,0.0,17.0,17,5.0,1,,223.35051546391753,229.0,166.0,255.0,21665.0,23.755719152234946,0.142327738054461,2.3428667958441953
ID3029,3029,14,11.678131103515625,16.324709094489815,279.68228852803014,0.0,14.0,14,5.0,1,,195.04123711340208,198.0,122.0,255.0,18919.0,39.249181925066175,0.166360332598285,1.417564629627154
ID5850,5850,14,10.681015014648438,28.903961005290054,285.97863555288836,0.0,16.0,16,5.0,1,,223.35051546391753,229.0,166.0,255.0,21665.0,23.755719152234946,0.142327738054461,2.3428667958441953
ID2588,2588,14,11.678131103515625,16.324709094489815,279.68228852803014,0.0,13.0,13,5.0,1,,195.04123711340208,198.0,122.0,255.0,18919.0,39.249181925066175,0.166360332598285,1.417564629627154
ID2269,2269,14,11.582000732421875,9.705307479468578,276.8239803083497,0.0,12.0,12,5.0,1,,192.46391752577318,190.0,120.0,255.0,18669.0,38.84264780701483,0.165810903132663,1.409468785118151
ID2272,2272,15,11.317962646484375,524.6803117164012,277.05454641989445,0.0,12.0,12,5.0,1,,195.3298969072165,210.0,75.0,255.0,18947.0,49.1027243069492,0.16602639417569612,1.1328225431831545
ID3300,3300,15,9.517059326171875,525.9461331670863,260.6028387183162,0.0,11.0,11,5.0,1,,161.5979381443299,152.0,95.0,247.0,15675.0,38.92531839781319,0.13854846656826658,1.010377899185572
ID5222,5222,15,11.865257263183594,531.2558679258034,263.0201128032282,0.0,3.0,3,5.0,1,,122.62886597938144,108.0,46.0,255.0,11895.0,53.96166069296114,0.21899886277859817,0.8165371716594418
ID2702,2702,15,6.286598205566406,526.3853087864949,272.96493037111145,0.0,9.0,9,5.0,1,,107.5979381443299,104.0,66.0,160.0,10437.0,23.26910496139607,0.11661829984449036,0.9658645596063048
ID3791,3791,15,10.538116455078125,519.8823140764631,299.52263571428887,0.0,6.0,6,5.0,1,,218.36082474226805,229.0,133.0,255.0,21181.0,33.35453041661229,0.1288530270827896,1.494538525644768
ID3760,3760,15,9.517059326171875,525.9461331670863,260.6028387183162,0.0,10.0,10,5.0,1,,161.5979381443299,152.0,95.0,247.0,15675.0,38.92531839781319,0.13854846656826658,1.010377899185572
ID5297,5297,15,11.865257263183594,531.2558679258034,263.0201128032282,0.0,1.0,1,5.0,1,,122.62886597938144,108.0,46.0,255.0,11895.0,53.96166069296114,0.21899886277859817,0.8165371716594418
ID3859,3859,15,10.556732177734375,520.9512950834774,300.1141923213512,0.0,8.0,8,5.0,1,,213.37113402061857,221.0,120.0,255.0,20697.0,38.04419567742585,0.12780707872889216,1.2711515943406577
ID2102,2102,15,12.752426147460938,522.8466585050353,287.5316643181016,0.0,15.0,15,5.0,1,,206.38144329896906,217.0,122.0,255.0,20019.0,34.135893651627015,0.17172472519540596,1.772134170994326
ID5849,5849,15,12.824813842773438,532.4850190169059,283.53817991844653,0.0,16.0,16,5.0,1,,202.3298969072165,212.0,134.0,255.0,19626.0,37.25132034837953,0.16985979079048424,1.5772667785210672
ID3961,3961,15,10.785568237304688,524.0,300.0,0.0,5.0,5,5.0,1,,228.16494845360825,242.0,137.0,255.0,22132.0,30.284649718810773,0.1269771556964362,1.6977230686499492
ID4953,4953,15,11.865257263183594,531.2558679258034,263.0201128032282,0.0,0.0,0,5.0,1,,122.62886597938144,108.0,46.0,255.0,11895.0,53.96166069296114,0.21899886277859817,0.8165371716594418
ID4123,4123,15,11.865257263183594,531.2558679258034,263.0201128032282,0.0,2.0,2,5.0,1,,122.62886597938144,108.0,46.0,255.0,11895.0,53.96166069296114,0.21899886277859817,0.8165371716594418
ID3836,3836,15,10.556732177734375,520.9512950834774,300.1141923213512,0.0,7.0,7,5.0,1,,213.37113402061857,221.0,120.0,255.0,20697.0,38.04419567742585,0.12780707872889216,1.2711515943406577
ID3037,3037,15,8.59942626953125,517.9929269729633,279.736929134788,0.0,14.0,14,5.0,1,,149.8659793814433,134.0,56.0,255.0,14537.0,54.62402342109106,0.11966425442217282,0.5864432501110086
ID3486,3486,15,10.785568237304688,524.0,300.0,0.0,4.0,4,5.0,1,,228.16494845360825,242.0,137.0,255.0,22132.0,30.284649718810773,0.1269771556964362,1.6977230686499492
ID2591,2591,15,8.59942626953125,517.9929269729633,279.736929134788,0.0,13.0,13,5.0,1,,149.8659793814433,134.0,56.0,255.0,14537.0,54.62402342109106,0.11966425442217282,0.5864432501110086
ID5631,5631,15,12.824813842773438,532.4850190169059,283.53817991844653,0.0,17.0,17,5.0,1,,202.3298969072165,212.0,134.0,255.0,19626.0,37.25132034837953,0.16985979079048424,1.5772667785210672
ID2594,2594,16,11.014907836914062,530.4098818318957,279.95062454683807,0.0,13.0,13,5.0,1,,184.27835051546393,193.0,96.0,255.0,17875.0,42.40645152077915,0.14223529761005652,1.082241510699543
ID2275,2275,16,12.526519775390625,529.3795220514846,278.90445217113097,0.0,12.0,12,5.0,1,,203.8556701030928,223.0,81.0,255.0,19774.0,47.326655123971825,0.15501014828759566,1.1561689761988854
ID2692,2692,16,14.108047485351562,540.7697534961318,261.55601379115757,0.0,9.0,9,5.0,1,,203.02061855670104,216.0,75.0,255.0,19693.0,46.25202233899328,0.18474064933602907,1.3689216487021647
ID3335,3335,16,12.648666381835938,536.6703814721017,268.9834464838734,0.0,11.0,11,5.0,1,,195.17525773195877,194.0,103.0,255.0,18932.0,48.82942468201558,0.16403300410974103,1.1265204872351773
ID3048,3048,16,11.014907836914062,530.4098818318957,279.95062454683807,0.0,14.0,14,5.0,1,,184.27835051546393,193.0,96.0,255.0,17875.0,42.40645152077915,0.14223529761005652,1.082241510699543
ID5288,5288,16,11.569671630859375,535.7961980195328,245.6811547012481,0.0,1.0,1,5.0,1,,180.02061855670104,185.0,83.0,255.0,17462.0,45.13313162685187,0.1523173508265925,1.0544695739830876
ID5865,5865,16,12.052886962890625,523.3580078872839,317.8992662230543,0.0,16.0,16,5.0,1,,232.29896907216494,242.0,138.0,255.0,22533.0,25.50578567879813,0.15470745221435547,2.440494523481307
ID3785,3785,16,12.648666381835938,536.6703814721017,268.9834464838734,0.0,10.0,10,5.0,1,,195.17525773195877,194.0,103.0,255.0,18932.0,48.82942468201558,0.16403300410974103,1.1265204872351773
ID3723,3723,16,13.467376708984375,543.8885005344348,258.8788471555411,0.0,7.0,7,5.0,1,,212.11340206185568,222.0,95.0,255.0,20575.0,39.171066141737974,0.18217693699094048,1.6689511553030665
ID3275,3275,16,12.666259765625,537.2950542053661,254.70749192779078,0.0,4.0,4,5.0,1,,209.1340206185567,224.0,97.0,255.0,20286.0,42.5577129872824,0.173165168052711,1.4507005639364694
ID5647,5647,16,12.052886962890625,523.3580078872839,317.8992662230543,0.0,17.0,17,5.0,1,,232.29896907216494,242.0,138.0,255.0,22533.0,25.50578567879813,0.15470745221435547,2.440494523481307
ID3667,3667,16,12.292831420898438,538.4765025279384,254.46058717577924,0.0,6.0,6,5.0,1,,181.38144329896906,207.0,76.0,255.0,17594.0,56.988932276906695,0.1580035848759347,0.8685390822950642
ID3764,3764,16,13.467376708984375,543.8885005344348,258.8788471555411,0.0,8.0,8,5.0,1,,212.11340206185568,222.0,95.0,255.0,20575.0,39.171066141737974,0.18217693699094048,1.6689511553030665
ID4949,4949,16,11.569671630859375,535.7961980195328,245.6811547012481,0.0,0.0,0,5.0,1,,180.02061855670104,185.0,83.0,255.0,17462.0,45.13313162685187,0.1523173508265925,1.0544695739830876
ID3766,3766,16,12.622222900390625,537.2950542053661,254.70749192779078,0.0,5.0,5,5.0,1,,209.1340206185567,224.0,97.0,255.0,20286.0,42.5577129872824,0.173165168052711,1.4507005639364694
ID4087,4087,16,11.569671630859375,535.7961980195328,245.6811547012481,0.0,2.0,2,5.0,1,,180.02061855670104,185.0,83.0,255.0,17462.0,45.13313162685187,0.1523173508265925,1.0544695739830876
ID5214,5214,16,11.569671630859375,535.7961980195328,245.6811547012481,0.0,3.0,3,5.0,1,,180.02061855670104,185.0,83.0,255.0,17462.0,45.13313162685187,0.1523173508265925,1.0544695739830876
ID3106,3106,17,11.183395385742188,140.7118195239534,604.9276483894454,0.0,13.0,13,5.0,1,,188.340206185567,180.0,104.0,255.0,18269.0,45.72765542634322,0.13919935521038962,1.0065412914922942
ID2418,2418,17,14.711013793945312,152.30297595869362,618.3112561182256,0.0,15.0,15,5.0,1,,188.89690721649484,197.0,70.0,255.0,18323.0,49.54721749168551,0.19780780002858797,1.259191690035817
ID3491,3491,17,10.565093994140625,145.93383487697886,614.3762102573517,0.0,9.0,9,5.0,1,,177.37113402061857,167.0,98.0,255.0,17205.0,49.56210741492873,0.12284787733695306,0.7830868087015762
ID4596,4596,17,10.338958740234375,147.0,612.0,0.0,8.0,8,5.0,1,,182.36082474226805,179.0,95.0,255.0,17689.0,50.11947924023866,0.12811748322572478,0.8264356865374348
ID4565,4565,17,10.338958740234375,147.0,612.0,0.0,7.0,7,5.0,1,,182.36082474226805,179.0,95.0,255.0,17689.0,50.11947924023866,0.12811748322572478,0.8264356865374348
ID4168,4168,17,10.237106323242188,129.7007831321551,600.4155005824392,0.0,11.0,11,5.0,1,,158.7422680412371,153.0,56.0,253.0,15398.0,50.20131936150423,0.1436435731808573,0.7943336331918112
ID5929,5929,17,8.623275756835938,137.33894594415517,618.1440768768763,0.0,16.0,16,5.0,1,,126.4639175257732,124.0,11.0,255.0,12267.0,58.08974053416369,0.1581908503952931,0.5947006607422328
ID4554,4554,17,10.237106323242188,129.7007831321551,600.4155005824392,0.0,10.0,10,5.0,1,,158.7422680412371,153.0,56.0,253.0,15398.0,50.20131936150423,0.1436435731808573,0.7943336331918112
ID4507,4507,17,17.1326904296875,120.89572326535179,579.0920142002734,0.0,6.0,6,5.0,1,,207.18556701030928,218.0,113.0,255.0,20097.0,37.50647996705238,0.26348858935945235,2.3039533175738582
ID2428,2428,17,12.707321166992188,135.93959957774166,600.1344901418562,0.0,12.0,12,5.0,1,,180.71134020618555,183.0,69.0,255.0,17529.0,53.76374993952839,0.16745853339166764,0.9642544889339183
ID3901,3901,17,11.183395385742188,140.7118195239534,604.9276483894454,0.0,14.0,14,5.0,1,,188.340206185567,180.0,104.0,255.0,18269.0,45.72765542634322,0.13919935521038962,1.0065412914922942
ID5711,5711,17,8.623275756835938,137.33894594415517,618.1440768768763,0.0,17.0,17,5.0,1,,126.4639175257732,124.0,11.0,255.0,12267.0,58.08974053416369,0.1581908503952931,0.5947006607422328
ID2597,2597,18,12.10296630859375,506.53910127439167,286.0926109802185,0.0,13.0,13,5.0,1,,127.68041237113403,123.0,27.0,240.0,12385.0,52.29215731345232,0.24888250079015095,0.9731739941416258
ID2101,2101,18,5.40484619140625,509.47081408360185,287.2896582940805,0.0,15.0,15,5.0,1,,125.62886597938144,111.0,41.0,214.0,12186.0,46.28181779139191,0.06464238282357868,0.3296268897601662
ID5848,5848,18,9.730743408203125,519.8627179767354,282.9009154027018,0.0,16.0,16,5.0,1,,148.77319587628867,147.0,53.0,255.0,14431.0,52.983587308288044,0.13920663958006593,0.6862316920946486
ID3053,3053,18,12.10296630859375,506.53910127439167,286.0926109802185,0.0,14.0,14,5.0,1,,127.68041237113403,123.0,27.0,240.0,12385.0,52.29215731345232,0.24888250079015095,0.9731739941416258
ID5630,5630,18,9.730743408203125,519.8627179767354,282.9009154027018,0.0,17.0,17,5.0,1,,148.77319587628867,147.0,53.0,255.0,14431.0,52.983587308288044,0.13920663958006593,0.6862316920946486
ID5970,5970,19,15.479461669921875,760.1673551210117,718.569478344102,0.0,16.0,16,5.0,1,,173.8659793814433,178.0,60.0,255.0,16865.0,51.944206619935684,0.25232898828984207,1.348826849702684
ID2549,2549,19,6.888908386230469,767.0,721.0,0.0,15.0,15,5.0,1,,114.25773195876289,118.0,37.0,150.0,11083.0,25.692199833848512,0.32315110391629465,2.172253490384482
ID3622,3622,19,5.603065490722656,740.0,735.0,0.0,13.0,13,5.0,1,,124.85567010309278,113.0,41.0,232.0,12111.0,43.92464894820865,0.2595467258847053,1.1714701791338509
ID2615,2615,19,13.252639770507812,743.1638502135343,727.2961739821209,0.0,12.0,12,5.0,1,,222.2680412371134,244.0,112.0,255.0,21560.0,41.63645124365125,0.16944326325608733,1.546957782376104
ID4567,4567,19,8.25140380859375,747.0,735.0,0.0,11.0,11,5.0,1,,166.8659793814433,157.0,53.0,255.0,16186.0,47.45735560874172,0.2550172795144088,1.4289405658115042
ID4824,4824,19,8.25140380859375,747.0,735.0,0.0,10.0,10,5.0,1,,166.8659793814433,157.0,53.0,255.0,16186.0,47.45735560874172,0.2550172795144088,1.4289405658115042
ID5752,5752,19,15.479461669921875,760.1673551210117,718.569478344102,0.0,17.0,17,5.0,1,,173.8659793814433,178.0,60.0,255.0,16865.0,51.944206619935684,0.25232898828984207,1.348826849702684
ID3947,3947,19,12.77862548828125,742.3804443945914,722.9826870722065,0.0,9.0,9,5.0,1,,188.23711340206185,183.0,107.0,255.0,18259.0,46.553905402741684,0.17777913097182782,1.2206637692209845
ID4333,4333,19,5.603065490722656,740.0,735.0,0.0,14.0,14,5.0,1,,124.85567010309278,113.0,41.0,232.0,12111.0,43.92464894820865,0.2595467258847053,1.1714701791338509
ID3264,3264,20,12.622222900390625,537.2950542053661,254.70749192779078,0.0,4.0,4,5.0,1,,209.1340206185567,224.0,97.0,255.0,20286.0,42.5577129872824,0.173165168052711,1.4507005639364694
ID4068,4068,20,10.43310546875,545.4031434302004,242.93870183718775,0.0,2.0,2,5.0,1,,184.61855670103094,185.0,109.0,255.0,17908.0,43.349702829375765,0.1100917431192661,0.8447245150713354
ID5284,5284,20,10.43310546875,545.4031434302004,242.93870183718775,0.0,1.0,1,5.0,1,,184.61855670103094,185.0,109.0,255.0,17908.0,43.349702829375765,0.1100917431192661,0.8447245150713354
ID2278,2278,20,14.1265869140625,588.175487838281,279.54629021430316,0.0,12.0,12,5.0,1,,198.96907216494844,198.0,107.0,255.0,19300.0,40.12362500454259,0.2232073103924023,1.8097715384586288
ID3817,3817,20,14.631378173828125,595.5117709965722,272.9491942157221,0.0,10.0,10,5.0,1,,207.5979381443299,221.0,122.0,255.0,20137.0,39.528381099801365,0.19820169257948417,1.7374864789722906
ID2602,2602,20,14.966278076171875,580.3170368227527,291.2105641736345,0.0,13.0,13,5.0,1,,199.41237113402062,205.0,113.0,255.0,19343.0,43.61282126501515,0.20015284578029768,1.525081741410572
ID2707,2707,20,16.350509643554688,593.1282208065275,274.5459578873881,0.0,9.0,9,5.0,1,,191.48453608247422,198.0,102.0,255.0,18574.0,52.33090096564636,0.22287486998224829,1.3337811432697357
ID4947,4947,20,10.43310546875,545.4031434302004,242.93870183718775,0.0,0.0,0,5.0,1,,184.61855670103094,185.0,109.0,255.0,17908.0,43.349702829375765,0.1100917431192661,0.8447245150713354
ID3063,3063,20,14.966278076171875,580.3170368227527,291.2105641736345,0.0,14.0,14,5.0,1,,199.41237113402062,205.0,113.0,255.0,19343.0,43.61282126501515,0.20015284578029768,1.525081741410572
ID3737,3737,20,17.669952392578125,583.3847905804729,277.0981613196433,0.0,7.0,7,5.0,1,,215.4536082474227,233.0,89.0,255.0,20899.0,45.30429997494641,0.2510554302908969,1.9086988434135475
ID5210,5210,20,10.43310546875,545.4031434302004,242.93870183718775,0.0,3.0,3,5.0,1,,184.61855670103094,185.0,109.0,255.0,17908.0,43.349702829375765,0.1100917431192661,0.8447245150713354
ID3357,3357,20,14.631378173828125,595.5117709965722,272.9491942157221,0.0,11.0,11,5.0,1,,207.5979381443299,221.0,122.0,255.0,20137.0,39.528381099801365,0.19820169257948417,1.7374864789722906
ID3773,3773,20,17.669952392578125,583.3847905804729,277.0981613196433,0.0,8.0,8,5.0,1,,215.4536082474227,233.0,89.0,255.0,20899.0,45.30429997494641,0.2510554302908969,1.9086988434135475
ID3677,3677,20,12.5799560546875,547.1511718677102,257.5918303263178,0.0,6.0,6,5.0,1,,209.39175257731958,218.0,117.0,255.0,20311.0,37.40698372324982,0.14419401750696212,1.4108617076956744
ID3774,3774,20,12.666259765625,537.2950542053661,254.70749192779078,0.0,5.0,5,5.0,1,,209.1340206185567,224.0,97.0,255.0,20286.0,42.5577129872824,0.173165168052711,1.4507005639364694
ID3073,3073,21,14.307418823242188,255.57901963376943,296.78484066081245,0.0,14.0,14,5.0,1,,144.20618556701032,134.0,72.0,251.0,13988.0,45.85142176647168,0.25237682177624265,1.267580424605018
ID3329,3329,21,5.506050109863281,250.96439437550637,274.05402144422874,0.0,4.0,4,5.0,1,,105.25773195876289,100.0,45.0,245.0,10210.0,44.48063210322449,0.10372612644882005,0.4447745103045376
ID3907,3907,21,8.168815612792969,254.29266204195298,290.86420373084275,0.0,10.0,10,5.0,1,,122.52577319587628,115.0,56.0,235.0,11885.0,34.812920489233456,0.17766961412517313,1.0619563807654735
ID3814,3814,21,5.3009796142578125,250.60168572089293,285.4657444553181,0.0,8.0,8,5.0,1,,102.22680412371135,104.0,38.0,173.0,9916.0,28.608166504018566,0.11082789342190463,0.7130287749091075
ID2697,2697,21,11.415496826171875,253.46512466536402,263.0658067293401,0.0,9.0,9,5.0,1,,199.8659793814433,210.0,66.0,255.0,19387.0,46.98351414458661,0.13036489002651916,0.981217664273431
ID2604,2604,21,14.307418823242188,255.57901963376943,296.78484066081245,0.0,13.0,13,5.0,1,,144.20618556701032,134.0,72.0,251.0,13988.0,45.85142176647168,0.25237682177624265,1.267580424605018
ID3824,3824,21,5.506050109863281,250.96439437550637,274.05402144422874,0.0,5.0,5,5.0,1,,105.25773195876289,100.0,45.0,245.0,10210.0,44.48063210322449,0.10372612644882005,0.4447745103045376
ID2292,2292,21,15.823150634765625,254.19281482582855,301.50511161776035,0.0,12.0,12,5.0,1,,148.61855670103094,137.0,74.0,255.0,14416.0,48.2459936374188,0.28481537060977796,1.3657288365935634
ID2100,2100,21,9.360366821289062,269.5513552454361,283.4603776368867,0.0,15.0,15,5.0,1,,187.82474226804123,190.0,112.0,250.0,18219.0,35.69839232761935,0.11915988263551618,1.12039734708561
ID5845,5845,21,10.987319946289062,277.3364588015728,272.8668567633739,0.0,16.0,16,5.0,1,,202.8762886597938,204.0,134.0,255.0,19679.0,31.331645920418453,0.1473565897265789,1.6632181858246753
ID3798,3798,21,5.3009796142578125,250.60168572089293,285.4657444553181,0.0,7.0,7,5.0,1,,102.22680412371135,104.0,38.0,173.0,9916.0,28.608166504018566,0.11082789342190463,0.7130287749091075
ID3447,3447,21,8.168815612792969,254.29266204195298,290.86420373084275,0.0,11.0,11,5.0,1,,122.52577319587628,115.0,56.0,235.0,11885.0,34.812920489233456,0.17766961412517313,1.0619563807654735
ID5627,5627,21,10.987319946289062,277.3364588015728,272.8668567633739,0.0,17.0,17,5.0,1,,202.8762886597938,204.0,134.0,255.0,19679.0,31.331645920418453,0.1473565897265789,1.6632181858246753
ID4546,4546,22,14.529296875,249.37047241357985,595.5788932432645,0.0,5.0,5,5.0,1,,182.8041237113402,182.0,105.0,255.0,17732.0,48.67293891699853,0.22075144075830722,1.3583281937550709
ID4547,4547,22,7.08453369140625,234.70225516314022,606.1832874096683,0.0,7.0,7,5.0,1,,165.57731958762886,159.0,63.0,255.0,16061.0,51.835644720345506,0.08792608362351198,0.516322057846483
ID4197,4197,22,8.781173706054688,217.47134567883657,609.7314467228093,0.0,11.0,11,5.0,1,,151.24742268041237,145.0,51.0,251.0,14671.0,43.53016935792804,0.14804802858215702,0.8961283010298827
ID5061,5061,22,15.202743530273438,254.54825754121958,598.661615083982,0.0,0.0,0,5.0,1,,182.84536082474227,183.0,60.0,255.0,17736.0,53.32434954404537,0.21968879928377497,1.235228360920515
ID5928,5928,22,12.66058349609375,173.39583736131377,612.0937428274,0.0,16.0,16,5.0,1,,164.2680412371134,160.0,90.0,255.0,15934.0,46.22646145695791,0.21316491743623858,1.248786834240912
ID4585,4585,22,7.08453369140625,234.70225516314022,606.1832874096683,0.0,8.0,8,5.0,1,,165.57731958762886,159.0,63.0,255.0,16061.0,51.835644720345506,0.08792608362351198,0.516322057846483
ID2412,2412,22,11.933441162109375,188.74182977760023,608.1237074627434,0.0,15.0,15,5.0,1,,152.37113402061857,133.0,86.0,255.0,14780.0,50.82328854054607,0.18212105471828222,0.9237791094946203
ID3117,3117,22,10.814102172851562,193.70192749858813,604.5163342628241,0.0,13.0,13,5.0,1,,149.48453608247422,140.0,47.0,251.0,14500.0,49.810288721738566,0.1637286212406227,0.8444619650050744
ID3918,3918,22,10.814102172851562,193.70192749858813,604.5163342628241,0.0,14.0,14,5.0,1,,149.48453608247422,140.0,47.0,251.0,14500.0,49.810288721738566,0.1637286212406227,0.8444619650050744
ID5710,5710,22,12.66058349609375,173.39583736131377,612.0937428274,0.0,17.0,17,5.0,1,,164.2680412371134,160.0,90.0,255.0,15934.0,46.22646145695791,0.21316491743623858,1.248786834240912
ID2454,2454,22,9.988784790039062,204.7253814987023,608.125280763535,0.0,12.0,12,5.0,1,,141.5979381443299,126.0,27.0,250.0,13735.0,51.550674865008325,0.13382853252959723,0.6484162708018066
ID3480,3480,22,9.09759521484375,221.7121390352299,607.7498585094156,0.0,9.0,9,5.0,1,,156.02061855670104,155.0,87.0,250.0,15134.0,44.44401426266611,0.12287963969620688,0.7683258318325991
ID4539,4539,22,9.152511596679688,244.13373323050436,601.0415882692485,0.0,6.0,6,5.0,1,,147.7319587628866,129.0,49.0,255.0,14330.0,54.41765864280591,0.13000747072983349,0.6246713592708252
ID4765,4765,22,15.202743530273438,254.54825754121958,598.661615083982,0.0,2.0,2,5.0,1,,182.84536082474227,183.0,60.0,255.0,17736.0,53.32434954404537,0.21968879928377497,1.235228360920515
ID4126,4126,22,14.529296875,249.37047241357985,595.5788932432645,0.0,4.0,4,5.0,1,,182.8041237113402,182.0,105.0,255.0,17732.0,48.67293891699853,0.22075144075830722,1.3583281937550709
ID4575,4575,22,8.781173706054688,217.47134567883657,609.7314467228093,0.0,10.0,10,5.0,1,,151.24742268041237,145.0,51.0,251.0,14671.0,43.53016935792804,0.14804802858215702,0.8961283010298827
ID5407,5407,22,15.202743530273438,254.54825754121958,598.661615083982,0.0,3.0,3,5.0,1,,182.84536082474227,183.0,60.0,255.0,17736.0,53.32434954404537,0.21968879928377497,1.235228360920515
ID5471,5471,22,15.202743530273438,254.54825754121958,598.661615083982,0.0,1.0,1,5.0,1,,182.84536082474227,183.0,60.0,255.0,17736.0,53.32434954404537,0.21968879928377497,1.235228360920515
ID3297,3297,23,10.8095703125,544.2201532901097,265.3009869062204,0.0,4.0,4,5.0,1,,163.50515463917526,157.0,77.0,255.0,15860.0,47.26501606882468,0.11850645463231736,0.7330357326759483
ID5218,5218,23,13.034927368164062,547.8381402922873,254.56168223883617,0.0,3.0,3,5.0,1,,195.5979381443299,209.0,66.0,255.0,18973.0,48.92525331943755,0.1683703223381175,1.1522486593833963
ID5859,5859,23,11.897186279296875,522.0769264850728,315.9399576722549,0.0,16.0,16,5.0,1,,221.7422680412371,239.0,93.0,255.0,21509.0,39.1355226399547,0.1457236892448603,1.4413106901535946
ID3877,3877,23,13.514312744140625,541.8260123751998,280.64223913404993,0.0,10.0,10,5.0,1,,184.27835051546393,178.0,113.0,255.0,17875.0,42.928414800116464,0.20564510192363378,1.4643953591972785
ID3687,3687,23,11.353988647460938,546.4016514956996,269.2577620086911,0.0,6.0,6,5.0,1,,160.16494845360825,148.0,79.0,255.0,15536.0,51.34760632451848,0.1493931635138959,0.8108478795331661
ID4104,4104,23,13.034927368164062,547.8381402922873,254.56168223883617,0.0,2.0,2,5.0,1,,195.5979381443299,209.0,66.0,255.0,18973.0,48.92525331943755,0.1683703223381175,1.1522486593833963
ID5641,5641,23,11.897186279296875,522.0769264850728,315.9399576722549,0.0,17.0,17,5.0,1,,221.7422680412371,239.0,93.0,255.0,21509.0,39.1355226399547,0.1457236892448603,1.4413106901535946
ID2282,2282,23,13.8638916015625,536.2428465284855,287.5294618898099,0.0,12.0,12,5.0,1,,194.63917525773195,207.0,94.0,245.0,18880.0,41.253834560915436,0.19880769355611008,1.5648747902493307
ID3788,3788,23,13.332260131835938,548.8280648210393,279.18930185188253,0.0,8.0,8,5.0,1,,163.83505154639175,164.0,35.0,255.0,15892.0,58.862247453335755,0.1997026556769076,0.9266381956195815
ID5292,5292,23,13.034927368164062,547.8381402922873,254.56168223883617,0.0,1.0,1,5.0,1,,195.5979381443299,209.0,66.0,255.0,18973.0,48.92525331943755,0.1683703223381175,1.1522486593833963
ID2608,2608,23,11.620452880859375,527.2541394598081,297.2865111866822,0.0,13.0,13,5.0,1,,158.58762886597938,157.0,97.0,247.0,15383.0,42.688003920236866,0.18270785167224318,1.1478184062840466
ID3088,3088,23,11.620452880859375,527.2541394598081,297.2865111866822,0.0,14.0,14,5.0,1,,158.58762886597938,157.0,97.0,247.0,15383.0,42.688003920236866,0.18270785167224318,1.1478184062840466
ID3792,3792,23,10.8095703125,544.2201532901097,265.3009869062204,0.0,5.0,5,5.0,1,,163.50515463917526,157.0,77.0,255.0,15860.0,47.26501606882468,0.11850645463231736,0.7330357326759483
ID3414,3414,23,13.514312744140625,541.8260123751998,280.64223913404993,0.0,11.0,11,5.0,1,,184.27835051546393,178.0,113.0,255.0,17875.0,42.928414800116464,0.20564510192363378,1.4643953591972785
ID3767,3767,23,13.332260131835938,548.8280648210393,279.18930185188253,0.0,7.0,7,5.0,1,,163.83505154639175,164.0,35.0,255.0,15892.0,58.862247453335755,0.1997026556769076,0.9266381956195815
ID4951,4951,23,13.034927368164062,547.8381402922873,254.56168223883617,0.0,0.0,0,5.0,1,,195.5979381443299,209.0,66.0,255.0,18973.0,48.92525331943755,0.1683703223381175,1.1522486593833963
ID2104,2104,23,11.749465942382812,522.67962938762,300.2285885395517,0.0,15.0,15,5.0,1,,180.340206185567,181.0,113.0,255.0,17493.0,46.41095564760234,0.15457469651964537,1.0404432898612699
ID2717,2717,23,11.646636962890625,548.0477071129854,277.6464323149159,0.0,9.0,9,5.0,1,,170.44329896907217,162.0,82.0,251.0,16533.0,46.10946420208586,0.13895466191635678,0.9019584607372323
ID2289,2289,24,12.057449340820312,215.17633004542398,296.1228010112269,0.0,12.0,12,5.0,1,,226.61855670103094,239.0,119.0,255.0,21982.0,35.016199613824305,0.14737315682764993,1.66253254974651
ID3457,3457,24,10.490341186523438,201.11444491846186,291.5272419537201,0.0,11.0,11,5.0,1,,183.36082474226805,171.0,109.0,255.0,17786.0,48.71305984346205,0.1270453885023424,0.8486109641933065
ID5635,5635,24,11.4698486328125,213.19402166601006,298.8655609865361,0.0,17.0,17,5.0,1,,216.24742268041237,225.0,125.0,255.0,20976.0,31.231004536035936,0.14904002204233335,1.7962332554606155
ID2612,2612,24,12.813003540039062,214.33323082719943,302.29146802959997,0.0,13.0,13,5.0,1,,213.63917525773195,232.0,104.0,255.0,20723.0,45.626012675293566,0.1555953301061709,1.260924699073277
ID3897,3897,24,10.46893310546875,201.11444491846186,291.5272419537201,0.0,10.0,10,5.0,1,,183.36082474226805,171.0,109.0,255.0,17786.0,48.71305984346205,0.1270453885023424,0.8486109641933065
ID2106,2106,24,11.732223510742188,211.89354468110218,303.85600031883666,0.0,15.0,15,5.0,1,,203.35051546391753,212.0,107.0,255.0,19725.0,46.77139466710959,0.1426109837892891,1.0852993284976278
ID5853,5853,24,11.4698486328125,213.19402166601006,298.8655609865361,0.0,16.0,16,5.0,1,,216.24742268041237,225.0,125.0,255.0,20976.0,31.231004536035936,0.14904002204233335,1.7962332554606155
ID3103,3103,24,12.813003540039062,214.33323082719943,302.29146802959997,0.0,14.0,14,5.0,1,,213.63917525773195,232.0,104.0,255.0,20723.0,45.626012675293566,0.1555953301061709,1.260924699073277
ID3812,3812,25,12.53070068359375,584.8827033883492,269.8692216999425,0.0,5.0,5,5.0,1,,228.44329896907217,246.0,119.0,255.0,22159.0,34.23021602332415,0.15216028161188036,1.762735628545773
ID3782,3782,25,12.467941284179688,602.3136362898739,281.76391952762333,0.0,7.0,7,5.0,1,,185.20618556701032,187.0,111.0,255.0,17965.0,43.59184225678248,0.1586159763253093,1.1632891450556653
ID3112,3112,25,12.071197509765625,595.6162715565514,302.09236875019906,0.0,14.0,14,5.0,1,,191.0721649484536,190.0,137.0,253.0,18534.0,33.47954830398964,0.1772838869448987,1.7188417544633054
ID3368,3368,25,6.9296875,616.7728174599723,275.8901157565008,0.0,11.0,11,5.0,1,,150.09278350515464,146.0,101.0,198.0,14559.0,24.819801601672637,0.104185892510729,1.1411907010097913
ID5864,5864,25,15.4439697265625,613.1655537777585,321.08281713478243,0.0,16.0,16,5.0,1,,218.46391752577318,229.0,150.0,255.0,21191.0,35.40893891839265,0.20763859820318933,2.12162147699786
ID2122,2122,25,12.73779296875,602.82787351401,312.8859984160462,0.0,15.0,15,5.0,1,,212.22680412371133,217.0,138.0,255.0,20586.0,33.52626618123441,0.1642817423344733,1.786389898130428
ID5226,5226,25,14.010208129882812,581.6451804981683,264.72980299316487,0.0,3.0,3,5.0,1,,221.18556701030928,239.0,154.0,255.0,21455.0,33.839797175104835,0.18571195992705422,2.0474801583603566
ID2286,2286,25,11.687179565429688,600.5546889671497,293.0380077575342,0.0,12.0,12,5.0,1,,198.72164948453607,204.0,113.0,255.0,19276.0,43.62356546543996,0.13315547697948357,1.07059091272853
ID5646,5646,25,15.4439697265625,613.1655537777585,321.08281713478243,0.0,17.0,17,5.0,1,,218.46391752577318,229.0,150.0,255.0,21191.0,35.40893891839265,0.20763859820318933,2.12162147699786
ID4143,4143,25,14.010208129882812,581.6451804981683,264.72980299316487,0.0,2.0,2,5.0,1,,221.18556701030928,239.0,154.0,255.0,21455.0,33.839797175104835,0.18571195992705422,2.0474801583603566
ID3696,3696,25,13.291000366210938,584.1601368074897,272.6437953682508,0.0,6.0,6,5.0,1,,237.44329896907217,247.0,147.0,255.0,23032.0,23.601275156301117,0.17823897198125913,3.0438533884874523
ID3826,3826,25,6.9296875,616.7728174599723,275.8901157565008,0.0,10.0,10,5.0,1,,150.09278350515464,146.0,101.0,198.0,14559.0,24.819801601672637,0.104185892510729,1.1411907010097913
ID5300,5300,25,14.010208129882812,581.6451804981683,264.72980299316487,0.0,1.0,1,5.0,1,,221.18556701030928,239.0,154.0,255.0,21455.0,33.839797175104835,0.18571195992705422,2.0474801583603566
ID3797,3797,25,12.467941284179688,602.3136362898739,281.76391952762333,0.0,8.0,8,5.0,1,,185.20618556701032,187.0,111.0,255.0,17965.0,43.59184225678248,0.1586159763253093,1.1632891450556653
ID2614,2614,25,12.071197509765625,595.6162715565514,302.09236875019906,0.0,13.0,13,5.0,1,,191.0721649484536,190.0,137.0,253.0,18534.0,33.47954830398964,0.1772838869448987,1.7188417544633054
ID3318,3318,25,12.53070068359375,584.8827033883492,269.8692216999425,0.0,4.0,4,5.0,1,,228.44329896907217,246.0,119.0,255.0,22159.0,34.23021602332415,0.15216028161188036,1.762735628545773
ID2713,2713,25,15.825698852539062,608.6302817327535,276.02165609043806,0.0,9.0,9,5.0,1,,186.46391752577318,188.0,105.0,255.0,18087.0,49.784967162050634,0.22500221443823837,1.3758671245551952
ID4955,4955,25,14.010208129882812,581.6451804981683,264.72980299316487,0.0,0.0,0,5.0,1,,221.18556701030928,239.0,154.0,255.0,21455.0,33.839797175104835,0.18571195992705422,2.0474801583603566
ID2432,2432,26,5.1933441162109375,4.1260205725527275,602.9848889301768,0.0,12.0,12,5.0,1,,136.18556701030928,124.0,72.0,255.0,13210.0,42.04024111315531,0.08241279469720829,0.4932846545875333
ID4160,4160,26,6.85797119140625,5.961240601433678,598.6604202539019,0.0,11.0,11,5.0,1,,139.18556701030928,124.0,77.0,249.0,13501.0,42.889229877894756,0.08038395877048994,0.4829111287906157
ID4549,4549,26,6.85797119140625,5.961240601433678,598.6604202539019,0.0,10.0,10,5.0,1,,139.18556701030928,124.0,77.0,249.0,13501.0,42.889229877894756,0.08038395877048994,0.4829111287906157
ID4517,4517,26,11.332870483398438,26.0,589.0,0.0,6.0,6,5.0,1,,191.48453608247422,205.0,80.0,255.0,18574.0,52.44145811483146,0.12804029356324556,0.8289168965163812
ID4519,4519,26,14.49017333984375,23.85234857878212,567.5042967043881,0.0,5.0,5,5.0,1,,219.1958762886598,231.0,132.0,255.0,21262.0,33.158281763151365,0.19091370215704379,2.119469468981899
ID4520,4520,26,8.425125122070312,34.18948821559463,581.3462335002476,0.0,7.0,7,5.0,1,,141.98969072164948,131.0,82.0,237.0,13773.0,39.28355647441243,0.13061482221940765,0.8351294497004846
ID5932,5932,26,9.779022216796875,9.347172191535288,621.8374166985772,0.0,16.0,16,5.0,1,,149.57731958762886,150.0,53.0,240.0,14509.0,44.122187127421704,0.1441136177464762,0.8540328495218708
ID2415,2415,26,8.91595458984375,9.578270434327324,610.8452423179834,0.0,15.0,15,5.0,1,,147.5257731958763,139.0,79.0,240.0,14310.0,44.43185155932274,0.12679433112342284,0.7472375146436667
ID5393,5393,26,11.866500854492188,27.0,555.0,0.0,3.0,3,5.0,1,,224.04123711340208,243.0,134.0,255.0,21732.0,34.21528579139653,0.14534554211711834,1.6618926693310914
ID5714,5714,26,9.779022216796875,9.347172191535288,621.8374166985772,0.0,17.0,17,5.0,1,,149.57731958762886,150.0,53.0,240.0,14509.0,44.122187127421704,0.1441136177464762,0.8540328495218708
ID4530,4530,26,8.425125122070312,34.18948821559463,581.3462335002476,0.0,8.0,8,5.0,1,,141.98969072164948,131.0,82.0,237.0,13773.0,39.28355647441243,0.13061482221940765,0.8351294497004846
ID5460,5460,26,11.866500854492188,27.0,555.0,0.0,1.0,1,5.0,1,,224.04123711340208,243.0,134.0,255.0,21732.0,34.21528579139653,0.14534554211711834,1.6618926693310914
ID4725,4725,26,11.866500854492188,27.0,555.0,0.0,2.0,2,5.0,1,,224.04123711340208,243.0,134.0,255.0,21732.0,34.21528579139653,0.14534554211711834,1.6618926693310914
ID3127,3127,26,5.223297119140625,4.39027173928697,606.6854357699239,0.0,13.0,13,5.0,1,,143.9278350515464,133.0,83.0,251.0,13961.0,39.551719153186106,0.09304030160105056,0.6195043462540423
ID3415,3415,26,7.0424041748046875,16.155365432611053,591.0215869912389,0.0,9.0,9,5.0,1,,136.4020618556701,119.0,68.0,233.0,13231.0,43.70966230752418,0.07985779980725898,0.4615558402952651
ID3928,3928,26,5.223297119140625,4.39027173928697,606.6854357699239,0.0,14.0,14,5.0,1,,143.9278350515464,133.0,83.0,251.0,13961.0,39.551719153186106,0.09304030160105056,0.6195043462540423
ID5052,5052,26,11.866500854492188,27.0,555.0,0.0,0.0,0,5.0,1,,224.04123711340208,243.0,134.0,255.0,21732.0,34.21528579139653,0.14534554211711834,1.6618926693310914
ID4095,4095,26,14.49017333984375,23.85234857878212,567.5042967043881,0.0,4.0,4,5.0,1,,219.1958762886598,231.0,132.0,255.0,21262.0,33.158281763151365,0.19091370215704379,2.119469468981899
ID5637,5637,27,13.323013305664062,594.6807943848576,307.14433381423623,0.0,17.0,17,5.0,1,,197.2577319587629,202.0,95.0,255.0,19134.0,46.295310766524445,0.1702405104600028,1.2396948927810487
ID3813,3813,27,5.017478942871094,597.5885774987631,297.40937729411723,0.0,7.0,7,5.0,1,,126.4020618556701,111.0,72.0,215.0,12261.0,34.80411248264301,0.07562982297982324,0.5107211451776822
ID3719,3719,27,13.167617797851562,591.7309937930094,279.8834366100105,0.0,6.0,6,5.0,1,,217.1443298969072,235.0,126.0,255.0,21063.0,39.45751662936608,0.15951434967008615,1.5141620981057613
ID2284,2284,27,11.739288330078125,593.5237277671944,288.50201410172895,0.0,12.0,12,5.0,1,,210.53608247422682,214.0,143.0,255.0,20422.0,31.12744697732952,0.1546768285446802,1.8120819706281153
ID2732,2732,27,13.87158203125,605.1730415364177,289.88789323969166,0.0,9.0,9,5.0,1,,186.37113402061857,192.0,77.0,255.0,18078.0,37.36874796862036,0.21785264068110607,1.784301262270361
ID5230,5230,27,14.117294311523438,589.5812629547441,275.6251952968527,0.0,3.0,3,5.0,1,,203.01030927835052,214.0,102.0,255.0,19692.0,48.640367075900556,0.1865376374450344,1.3123092739233153
ID3855,3855,27,12.66571044921875,602.9701764559311,277.87531918355734,0.0,10.0,10,5.0,1,,211.61855670103094,221.0,120.0,255.0,20527.0,37.6722276404673,0.1607667948427958,1.5560151435818785
ID3121,3121,27,9.772293090820312,584.7190607721061,302.41303423030155,0.0,14.0,14,5.0,1,,193.2577319587629,197.0,104.0,255.0,18746.0,38.40336312055329,0.10838208313514247,0.9841597797816564
ID3349,3349,27,13.06500244140625,589.4253503783359,279.26623288198266,0.0,4.0,4,5.0,1,,211.72164948453607,218.0,125.0,255.0,20537.0,40.08317972979265,0.1668414800244777,1.510515801350097
ID3830,3830,27,5.017478942871094,597.5885774987631,297.40937729411723,0.0,8.0,8,5.0,1,,126.4020618556701,111.0,72.0,215.0,12261.0,34.80411248264301,0.07562982297982324,0.5107211451776822
ID2103,2103,27,13.778472900390625,586.9575322181832,299.3616014403056,0.0,15.0,15,5.0,1,,208.93814432989691,217.0,100.0,255.0,20267.0,40.213185657036476,0.1972838480215758,1.7122755547124806
ID5304,5304,27,14.117294311523438,589.5812629547441,275.6251952968527,0.0,1.0,1,5.0,1,,203.01030927835052,214.0,102.0,255.0,19692.0,48.640367075900556,0.1865376374450344,1.3123092739233153
ID2618,2618,27,9.772293090820312,584.7190607721061,302.41303423030155,0.0,13.0,13,5.0,1,,193.2577319587629,197.0,104.0,255.0,18746.0,38.40336312055329,0.10838208313514247,0.9841597797816564
ID3389,3389,27,12.66571044921875,602.9701764559311,277.87531918355734,0.0,11.0,11,5.0,1,,211.61855670103094,221.0,120.0,255.0,20527.0,37.6722276404673,0.1607667948427958,1.5560151435818785
ID4957,4957,27,14.117294311523438,589.5812629547441,275.6251952968527,0.0,0.0,0,5.0,1,,203.01030927835052,214.0,102.0,255.0,19692.0,48.640367075900556,0.1865376374450344,1.3123092739233153
ID4158,4158,27,14.117294311523438,589.5812629547441,275.6251952968527,0.0,2.0,2,5.0,1,,203.01030927835052,214.0,102.0,255.0,19692.0,48.640367075900556,0.1865376374450344,1.3123092739233153
ID5855,5855,27,13.323013305664062,594.6807943848576,307.14433381423623,0.0,16.0,16,5.0,1,,197.2577319587629,202.0,95.0,255.0,19134.0,46.295310766524445,0.1702405104600028,1.2396948927810487
ID3839,3839,27,13.06500244140625,589.4253503783359,279.26623288198266,0.0,5.0,5,5.0,1,,211.72164948453607,218.0,125.0,255.0,20537.0,40.08317972979265,0.1668414800244777,1.510515801350097
ID5634,5634,28,13.512451171875,706.2275886671554,298.1325434313496,0.0,17.0,17,5.0,1,,174.5979381443299,174.0,83.0,255.0,16936.0,49.886258084811956,0.19478850495469516,1.1411965916501814
ID2105,2105,28,13.85137939453125,706.8857229163111,302.14841493672714,0.0,15.0,15,5.0,1,,173.89690721649484,176.0,87.0,255.0,16868.0,51.59345980356152,0.2005499459428739,1.126080708194679
ID3130,3130,28,13.216293334960938,707.4138589745464,302.86464986175656,0.0,14.0,14,5.0,1,,170.97938144329896,154.0,104.0,255.0,16585.0,48.43681007711734,0.19148660121073893,1.134612153362271
ID5852,5852,28,13.512451171875,706.2275886671554,298.1325434313496,0.0,16.0,16,5.0,1,,174.5979381443299,174.0,83.0,255.0,16936.0,49.886258084811956,0.19478850495469516,1.1411965916501814
ID2622,2622,28,13.216293334960938,707.4138589745464,302.86464986175656,0.0,13.0,13,5.0,1,,170.97938144329896,154.0,104.0,255.0,16585.0,48.43681007711734,0.19148660121073893,1.134612153362271
ID2880,2880,29,14.612579345703125,0.0,12.0,0.0,6.0,6,5.0,1,,199.17525773195877,208.0,60.0,255.0,19320.0,47.25066364376942,0.32755486032465325,2.080123123168591
ID2114,2114,29,12.04290771484375,5.678239752183657,5.284396423098714,0.0,12.0,12,5.0,1,,200.1958762886598,204.0,93.0,255.0,19419.0,42.582918909086885,0.18831009591343822,1.4900248563844625
ID5538,5538,29,15.3187255859375,0.0,0.0,0.0,17.0,17,5.0,1,,190.8659793814433,209.0,62.0,255.0,18514.0,55.60868278762381,0.5029019846597591,2.2970402455737817
ID2003,2003,29,8.4610595703125,13.357593050656279,3.206201599759688,0.0,15.0,15,5.0,1,,227.98969072164948,243.0,137.0,255.0,22115.0,34.03230537707298,0.18297203055421937,2.072354587003624
ID2676,2676,29,11.415008544921875,5.544593742703452,2.008359861044886,0.0,11.0,11,5.0,1,,204.77319587628867,216.0,119.0,255.0,19863.0,39.113484768320625,0.276005402898245,2.264861574897539
ID2983,2983,29,8.947113037109375,0.0,7.0,0.0,8.0,8,5.0,1,,149.75257731958763,144.0,50.0,255.0,14526.0,43.69497275808622,0.2513292871318063,1.376715869060293
ID2552,2552,29,12.067550659179688,7.0,0.0,0.0,14.0,14,5.0,1,,215.4536082474227,227.0,77.0,255.0,20899.0,41.67233810199033,0.2808749847635544,2.2674734844250435
ID2936,2936,29,11.415008544921875,5.544593742703452,2.008359861044886,0.0,10.0,10,5.0,1,,204.77319587628867,216.0,119.0,255.0,19863.0,39.113484768320625,0.276005402898245,2.264861574897539
ID2377,2377,29,15.938980102539062,4.0,0.0,0.0,9.0,9,5.0,1,,200.2577319587629,216.0,57.0,255.0,19425.0,51.9052177753105,0.40287327763411623,2.215941497182661
ID5756,5756,29,15.3187255859375,0.0,0.0,0.0,16.0,16,5.0,1,,190.8659793814433,209.0,62.0,255.0,18514.0,55.60868278762381,0.5029019846597591,2.2970402455737817
ID2861,2861,29,8.947113037109375,0.0,7.0,0.0,7.0,7,5.0,1,,149.75257731958763,144.0,50.0,255.0,14526.0,43.69497275808622,0.2513292871318063,1.376715869060293
ID2111,2111,29,12.067550659179688,7.0,0.0,0.0,13.0,13,5.0,1,,215.4536082474227,227.0,77.0,255.0,20899.0,41.67233810199033,0.2808749847635544,2.2674734844250435
ID2000,2000,30,5.768196105957031,593.0,0.0,0.0,15.0,15,5.0,1,,116.1340206185567,116.0,31.0,218.0,11265.0,48.52418401898073,0.20942576692769233,0.8288617794860124
ID2113,2113,30,10.218231201171875,608.0,0.0,0.0,13.0,13,5.0,1,,161.76288659793815,167.0,42.0,247.0,15691.0,61.32474575227162,0.24625340518702746,1.0424350711645265
ID5539,5539,30,6.22039794921875,588.0,0.0,0.0,17.0,17,5.0,1,,135.09278350515464,129.0,37.0,253.0,13104.0,48.28239035314074,0.22589425997375684,1.0311588343442966
ID2557,2557,30,10.218231201171875,608.0,0.0,0.0,14.0,14,5.0,1,,161.76288659793815,167.0,42.0,247.0,15691.0,61.32474575227162,0.24625340518702746,1.0424350711645265
ID5757,5757,30,6.22039794921875,588.0,0.0,0.0,16.0,16,5.0,1,,135.09278350515464,129.0,37.0,253.0,13104.0,48.28239035314074,0.22589425997375684,1.0311588343442966
ID3456,3456,31,14.310958862304688,201.57202055337018,608.4295585002334,0.0,9.0,9,5.0,1,,201.1443298969072,200.0,122.0,255.0,19511.0,43.04841985357923,0.19264308209954706,1.509466573069275
ID3137,3137,31,11.210357666015625,177.68300523270136,607.7460097114632,0.0,13.0,13,5.0,1,,180.01030927835052,176.0,100.0,255.0,17461.0,40.83413983353901,0.15576770826296896,1.1882582443514154
ID3938,3938,31,11.210357666015625,177.68300523270136,607.7460097114632,0.0,14.0,14,5.0,1,,180.01030927835052,176.0,100.0,255.0,17461.0,40.83413983353901,0.15576770826296896,1.1882582443514154
ID5716,5716,31,6.691070556640625,171.98598461182857,623.7798738298584,0.0,17.0,17,5.0,1,,140.1443298969072,120.0,75.0,237.0,13594.0,47.53792119866027,0.08852046403246441,0.4794821282360337
ID2409,2409,31,12.669326782226562,171.7313132067072,608.281541713537,0.0,15.0,15,5.0,1,,185.36082474226805,187.0,101.0,255.0,17980.0,46.50900127193353,0.17260622260206138,1.173316529569933
ID4570,4570,31,15.258026123046875,204.4544381653948,608.8208767553365,0.0,10.0,10,5.0,1,,204.84536082474227,211.0,110.0,255.0,19870.0,41.17071678951192,0.22522883193184026,1.829255951996819
ID2444,2444,31,7.8673858642578125,197.07582707131544,607.4687920695399,0.0,12.0,12,5.0,1,,152.6701030927835,146.0,96.0,252.0,14809.0,44.02904383507468,0.10389357171962724,0.6526888791755939
ID4188,4188,31,15.258026123046875,204.4544381653948,608.8208767553365,0.0,11.0,11,5.0,1,,204.84536082474227,211.0,110.0,255.0,19870.0,41.17071678951192,0.22522883193184026,1.829255951996819
ID5934,5934,31,6.691070556640625,171.98598461182857,623.7798738298584,0.0,16.0,16,5.0,1,,140.1443298969072,120.0,75.0,237.0,13594.0,47.53792119866027,0.08852046403246441,0.4794821282360337
ID2112,2112,32,14.009811401367188,153.39704185256002,309.75352235404665,0.0,15.0,15,5.0,1,,181.30927835051546,173.0,109.0,255.0,17587.0,42.91400335378648,0.2270753345886169,1.5636866576326438
ID2626,2626,32,13.497604370117188,151.54325542283627,304.05225841434657,0.0,13.0,13,5.0,1,,178.02061855670104,179.0,100.0,255.0,17268.0,44.793037819659,0.19603432862783957,1.3028015578486096
ID3779,3779,32,12.387451171875,163.75454460841908,277.8118098897985,0.0,8.0,8,5.0,1,,161.7835051546392,150.0,87.0,251.0,15693.0,45.341580163825085,0.17686313213324226,1.0724546555509042
ID3140,3140,32,13.497604370117188,151.54325542283627,304.05225841434657,0.0,14.0,14,5.0,1,,178.02061855670104,179.0,100.0,255.0,17268.0,44.793037819659,0.19603432862783957,1.3028015578486096
ID2735,2735,32,8.7991943359375,169.63677350951494,291.45721767453983,0.0,9.0,9,5.0,1,,176.01030927835052,176.0,141.0,221.0,17073.0,20.645063395680907,0.15039750448568295,2.2291771367400735
ID3759,3759,32,12.387451171875,163.75454460841908,277.8118098897985,0.0,7.0,7,5.0,1,,161.7835051546392,150.0,87.0,251.0,15693.0,45.341580163825085,0.17686313213324226,1.0724546555509042
ID3407,3407,32,11.676528930664062,150.97799706380442,288.06430674426906,0.0,4.0,4,5.0,1,,188.49484536082474,194.0,102.0,255.0,18284.0,44.33469383360607,0.1536553794662512,1.1325501301468774
ID4175,4175,32,13.729461669921875,153.75278415247584,276.5776484228358,0.0,2.0,2,5.0,1,,202.8556701030928,216.0,113.0,255.0,19677.0,47.576471270541916,0.18038801851889782,1.3031902290227646
ID3890,3890,32,11.676528930664062,150.97799706380442,288.06430674426906,0.0,5.0,5,5.0,1,,188.49484536082474,194.0,102.0,255.0,18284.0,44.33469383360607,0.1536553794662512,1.1325501301468774
ID2291,2291,32,14.146438598632812,150.99759118629885,300.3646753969315,0.0,12.0,12,5.0,1,,185.72164948453607,193.0,79.0,255.0,18015.0,46.88944050193171,0.19425971108088094,1.2885504717437781
ID5237,5237,32,13.729461669921875,153.75278415247584,276.5776484228358,0.0,3.0,3,5.0,1,,202.8556701030928,216.0,113.0,255.0,19677.0,47.576471270541916,0.18038801851889782,1.3031902290227646
ID3484,3484,32,16.112411499023438,149.03946303899332,296.63204269523237,0.0,11.0,11,5.0,1,,201.11340206185568,210.0,96.0,255.0,19508.0,44.192259005551485,0.23950806541188507,1.7587155028059571
ID3932,3932,32,16.112411499023438,149.03946303899332,296.63204269523237,0.0,10.0,10,5.0,1,,201.11340206185568,210.0,96.0,255.0,19508.0,44.192259005551485,0.23950806541188507,1.7587155028059571
ID5308,5308,32,13.729461669921875,153.75278415247584,276.5776484228358,0.0,1.0,1,5.0,1,,202.8556701030928,216.0,113.0,255.0,19677.0,47.576471270541916,0.18038801851889782,1.3031902290227646
ID3709,3709,32,11.527557373046875,154.40050665213747,279.92622203774965,0.0,6.0,6,5.0,1,,179.2680412371134,180.0,86.0,255.0,17389.0,50.04071581054388,0.1693504233271289,1.0376501777395237
ID4959,4959,32,13.729461669921875,153.75278415247584,276.5776484228358,0.0,0.0,0,5.0,1,,202.8556701030928,216.0,113.0,255.0,19677.0,47.576471270541916,0.18038801851889782,1.3031902290227646
ID2628,2628,33,10.809127807617188,0.0,305.0,0.0,13.0,13,5.0,1,,191.5979381443299,200.0,61.0,255.0,18585.0,49.791787264947615,0.2815076403072924,1.6905658739537452
ID3150,3150,33,10.809127807617188,0.0,305.0,0.0,14.0,14,5.0,1,,191.5979381443299,200.0,61.0,255.0,18585.0,49.791787264947615,0.2815076403072924,1.6905658739537452
ID2110,2110,33,8.928451538085938,0.0,309.0,0.0,15.0,15,5.0,1,,176.58762886597938,170.0,65.0,255.0,17129.0,51.88022113831846,0.2487679134382512,1.3561292538599552
ID2287,2287,33,9.052078247070312,0.0,295.0,0.0,12.0,12,5.0,1,,160.93814432989691,164.0,51.0,252.0,15611.0,52.393505965472016,0.2457012307548931,1.211727496045445
ID5760,5760,34,14.31927490234375,741.554877505501,11.623215376593636,0.0,16.0,16,5.0,1,,221.8762886597938,238.0,125.0,255.0,21522.0,40.293779951118275,0.1822127474059975,1.697407030543769
ID2561,2561,34,10.15191650390625,748.0,0.0,0.0,14.0,14,5.0,1,,137.81443298969072,142.0,43.0,229.0,13368.0,42.43606217419606,0.2930747730475156,1.4721240899111454
ID2005,2005,34,10.551040649414062,748.6319126890667,6.816133103346704,0.0,15.0,15,5.0,1,,172.37113402061857,173.0,91.0,245.0,16720.0,43.02066353984948,0.13258231578628102,0.9380656951072549
ID5542,5542,34,14.31927490234375,741.554877505501,11.623215376593636,0.0,17.0,17,5.0,1,,221.8762886597938,238.0,125.0,255.0,21522.0,40.293779951118275,0.1822127474059975,1.697407030543769
ID2119,2119,34,10.15191650390625,748.0,0.0,0.0,13.0,13,5.0,1,,137.81443298969072,142.0,43.0,229.0,13368.0,42.43606217419606,0.2930747730475156,1.4721240899111454
ID2115,2115,35,12.23846435546875,8.720164597275572,311.74390032169305,0.0,15.0,15,5.0,1,,208.69072164948454,218.0,123.0,255.0,20243.0,39.5309374690524,0.1502354430430739,1.3790552920186787
ID2293,2293,35,11.241851806640625,10.946133867560714,306.22567501048457,0.0,12.0,12,5.0,1,,209.89690721649484,223.0,124.0,255.0,20360.0,41.29050650979052,0.12897205543394144,1.1614439434803494
ID3158,3158,35,11.29718017578125,10.253723069945357,307.9145560745694,0.0,14.0,14,5.0,1,,215.90721649484536,222.0,129.0,255.0,20943.0,34.24667942365204,0.14127193111771053,1.5607934408184523
ID2631,2631,35,11.29718017578125,10.253723069945357,307.9145560745694,0.0,13.0,13,5.0,1,,215.90721649484536,222.0,129.0,255.0,20943.0,34.24667942365204,0.14127193111771053,1.5607934408184523
ID5540,5540,36,11.508499145507812,600.7732196926611,5.990695631328508,0.0,17.0,17,5.0,1,,199.72164948453607,202.0,110.0,255.0,19373.0,40.73996355649073,0.15688823428486118,1.3296381721955568
ID2565,2565,36,14.787933349609375,621.0738177350199,10.663211956287638,0.0,14.0,14,5.0,1,,203.17525773195877,207.0,113.0,255.0,19708.0,42.24950944224045,0.1977253001119662,1.5877574683222622
ID4870,4870,36,7.274085998535156,724.0,0.0,0.0,0.0,0,5.0,1,,105.41237113402062,97.0,25.0,236.0,10225.0,44.09619044801366,0.2727029529978162,1.0244323762418401
ID2120,2120,36,14.540557861328125,638.2742722635495,12.054917344198955,0.0,12.0,12,5.0,1,,209.8041237113402,217.0,118.0,255.0,20351.0,39.60551286733372,0.1929223882865843,1.713400204863004
ID2121,2121,36,14.787933349609375,621.0738177350199,10.663211956287638,0.0,13.0,13,5.0,1,,203.17525773195877,207.0,113.0,255.0,19708.0,42.24950944224045,0.1977253001119662,1.5877574683222622
ID2857,2857,36,14.099517822265625,699.0,0.0,0.0,7.0,7,5.0,1,,182.95876288659792,179.0,64.0,255.0,17747.0,45.34794131806801,0.3625004117984923,2.146829215284988
ID5132,5132,36,7.274085998535156,724.0,0.0,0.0,1.0,1,5.0,1,,105.41237113402062,97.0,25.0,236.0,10225.0,44.09619044801366,0.2727029529978162,1.0244323762418401
ID2381,2381,36,12.458160400390625,675.0,0.0,0.0,9.0,9,5.0,1,,209.04123711340208,217.0,81.0,255.0,20277.0,41.35741507622234,0.3212975823662819,2.4581896923294484
ID2926,2926,36,13.124588012695312,652.0,0.0,0.0,10.0,10,5.0,1,,207.88659793814432,229.0,60.0,255.0,20165.0,49.28338045778801,0.3244393969879788,2.066605081860081
ID2671,2671,36,13.124588012695312,652.0,0.0,0.0,11.0,11,5.0,1,,207.88659793814432,229.0,60.0,255.0,20165.0,49.28338045778801,0.3244393969879788,2.066605081860081
ID2001,2001,36,12.770233154296875,608.0,0.0,0.0,15.0,15,5.0,1,,219.28865979381445,235.0,81.0,255.0,21271.0,41.902654739608124,0.30060474880617066,2.4191073007828634
ID5014,5014,36,7.274085998535156,724.0,0.0,0.0,3.0,3,5.0,1,,105.41237113402062,97.0,25.0,236.0,10225.0,44.09619044801366,0.2727029529978162,1.0244323762418401
ID2873,2873,36,5.982841491699219,714.0,0.0,0.0,5.0,5,5.0,1,,112.01030927835052,108.0,28.0,251.0,10865.0,42.63202406577733,0.281818816124006,1.1553016229253084
ID2874,2874,36,7.2318878173828125,708.0,0.0,0.0,6.0,6,5.0,1,,104.20618556701031,97.0,37.0,247.0,10108.0,41.13264572907436,0.297847870783614,1.1628067936695026
ID2973,2973,36,14.099517822265625,699.0,0.0,0.0,8.0,8,5.0,1,,182.95876288659792,179.0,64.0,255.0,17747.0,45.34794131806801,0.3625004117984923,2.146829215284988
ID3197,3197,36,7.274085998535156,724.0,0.0,0.0,2.0,2,5.0,1,,105.41237113402062,97.0,25.0,236.0,10225.0,44.09619044801366,0.2727029529978162,1.0244323762418401
ID5758,5758,36,11.508499145507812,600.7732196926611,5.990695631328508,0.0,16.0,16,5.0,1,,199.72164948453607,202.0,110.0,255.0,19373.0,40.73996355649073,0.15688823428486118,1.3296381721955568
ID2655,2655,36,5.982841491699219,714.0,0.0,0.0,4.0,4,5.0,1,,112.01030927835052,108.0,28.0,251.0,10865.0,42.63202406577733,0.281818816124006,1.1553016229253084
ID5856,5856,37,15.482879638671875,715.6938546009854,306.8321997753249,0.0,16.0,16,5.0,1,,221.7835051546392,240.0,115.0,255.0,21513.0,36.57276616672453,0.2147804350171256,2.144363263142234
ID3169,3169,37,12.272689819335938,713.7254533012128,308.7883497110683,0.0,14.0,14,5.0,1,,181.2164948453608,186.0,111.0,255.0,17578.0,41.3423780772939,0.17269542978010075,1.2910048658421258
ID3905,3905,37,5.2428436279296875,749.4083909454845,306.8469595013288,0.0,8.0,8,5.0,1,,144.8041237113402,150.0,91.0,202.0,14046.0,34.87108376316786,0.045608618130840196,0.36226238352931023
ID3361,3361,37,13.277908325195312,752.5569962070717,282.480981786685,0.0,4.0,4,5.0,1,,174.1237113402062,169.0,91.0,255.0,16890.0,50.59773087220225,0.19703114316696316,1.1328862292069255
ID3747,3747,37,13.784835815429688,742.091002606989,293.37353561151724,0.0,6.0,6,5.0,1,,163.30927835051546,152.0,63.0,255.0,15841.0,55.87082587405341,0.21837165233118197,1.047785149374067
ID3621,3621,37,10.934005737304688,710.4385756454255,322.6392953668413,0.0,11.0,11,5.0,1,,182.41237113402062,174.0,104.0,255.0,17694.0,43.47694613655407,0.14176126482898657,1.0418555928459179
ID5638,5638,37,15.482879638671875,715.6938546009854,306.8321997753249,0.0,17.0,17,5.0,1,,221.7835051546392,240.0,115.0,255.0,21513.0,36.57276616672453,0.2147804350171256,2.144363263142234
ID4167,4167,37,15.840774536132812,755.1072467031228,275.10404061281747,0.0,2.0,2,5.0,1,,178.93814432989691,179.0,75.0,255.0,17357.0,58.47877364782843,0.22641203749781336,1.1297901310773417
ID3849,3849,37,13.277908325195312,752.5569962070717,282.480981786685,0.0,5.0,5,5.0,1,,174.1237113402062,169.0,91.0,255.0,16890.0,50.59773087220225,0.19703114316696316,1.1328862292069255
ID2634,2634,37,12.272689819335938,713.7254533012128,308.7883497110683,0.0,13.0,13,5.0,1,,181.2164948453608,186.0,111.0,255.0,17578.0,41.3423780772939,0.17269542978010075,1.2910048658421258
ID3886,3886,37,5.2428436279296875,749.4083909454845,306.8469595013288,0.0,7.0,7,5.0,1,,144.8041237113402,150.0,91.0,202.0,14046.0,34.87108376316786,0.045608618130840196,0.36226238352931023
ID4048,4048,37,10.934005737304688,710.4385756454255,322.6392953668413,0.0,10.0,10,5.0,1,,182.41237113402062,174.0,104.0,255.0,17694.0,43.47694613655407,0.14176126482898657,1.0418555928459179
ID5232,5232,37,15.840774536132812,755.1072467031228,275.10404061281747,0.0,3.0,3,5.0,1,,178.93814432989691,179.0,75.0,255.0,17357.0,58.47877364782843,0.22641203749781336,1.1297901310773417
ID2810,2810,37,14.25701904296875,730.9498088052994,323.3861104857502,0.0,9.0,9,5.0,1,,202.96907216494844,218.0,109.0,255.0,19688.0,50.16399223385724,0.18191536771278496,1.2455202110614574
ID5306,5306,37,15.840774536132812,755.1072467031228,275.10404061281747,0.0,1.0,1,5.0,1,,178.93814432989691,179.0,75.0,255.0,17357.0,58.47877364782843,0.22641203749781336,1.1297901310773417
ID2109,2109,37,14.060409545898438,717.1678429777625,308.41038695856673,0.0,15.0,15,5.0,1,,209.62886597938143,217.0,95.0,255.0,20334.0,35.29409759070584,0.21735251263395566,2.12093474630705
ID2302,2302,37,10.943878173828125,719.0503269174172,320.7485833395599,0.0,12.0,12,5.0,1,,171.50515463917526,172.0,100.0,255.0,16636.0,43.447795233508934,0.12654820064137057,0.8868407208024044
ID4958,4958,37,15.840774536132812,755.1072467031228,275.10404061281747,0.0,0.0,0,5.0,1,,178.93814432989691,179.0,75.0,255.0,17357.0,58.47877364782843,0.22641203749781336,1.1297901310773417
ID2117,2117,38,8.038330078125,21.092118591628516,9.719043751365076,0.0,12.0,12,5.0,1,,161.4020618556701,165.0,122.0,187.0,15656.0,15.148335850442475,0.14836117721165093,2.753061529225475
ID2006,2006,38,11.326751708984375,12.406198347114092,16.34621067071197,0.0,15.0,15,5.0,1,,164.20618556701032,158.0,75.0,255.0,15928.0,51.439474576180686,0.13549157306546397,0.7618182178854992
ID2570,2570,38,11.310150146484375,7.793157511880506,13.212201258604232,0.0,14.0,14,5.0,1,,156.91752577319588,144.0,84.0,255.0,15221.0,51.126613687469714,0.1195579324438482,0.6555204477933743
ID2124,2124,38,11.310150146484375,7.793157511880506,13.212201258604232,0.0,13.0,13,5.0,1,,156.91752577319588,144.0,84.0,255.0,15221.0,51.126613687469714,0.1195579324438482,0.6555204477933743
ID2469,2469,39,9.33551025390625,724.7020808604512,620.0390953752499,0.0,12.0,12,5.0,1,,190.39175257731958,194.0,116.0,255.0,18468.0,37.946112202325516,0.13119904940795402,1.1638647037551972
ID5413,5413,39,14.642486572265625,739.2586595246299,627.4731997985584,0.0,3.0,3,5.0,1,,203.96907216494844,215.0,68.0,255.0,19785.0,48.654276449645096,0.19618551999603856,1.3751235083800242
ID5477,5477,39,14.642486572265625,739.2586595246299,627.4731997985584,0.0,1.0,1,5.0,1,,203.96907216494844,215.0,68.0,255.0,19785.0,48.654276449645096,0.19618551999603856,1.3751235083800242
ID4614,4614,39,10.806121826171875,735.2261500471243,627.5013690972056,0.0,8.0,8,5.0,1,,219.49484536082474,218.0,151.0,255.0,21291.0,25.012548397146343,0.16722902499247982,2.514501844975683
ID4582,4582,39,10.806121826171875,735.2261500471243,627.5013690972056,0.0,7.0,7,5.0,1,,219.49484536082474,218.0,151.0,255.0,21291.0,25.012548397146343,0.16722902499247982,2.514501844975683
ID5065,5065,39,14.642486572265625,739.2586595246299,627.4731997985584,0.0,0.0,0,5.0,1,,203.96907216494844,215.0,68.0,255.0,19785.0,48.654276449645096,0.19618551999603856,1.3751235083800242
ID3148,3148,39,9.945632934570312,726.4050562890477,621.1387667664173,0.0,13.0,13,5.0,1,,190.8556701030928,188.0,105.0,255.0,18513.0,40.33479414298158,0.10963417849791977,0.9350209877017321
ID3949,3949,39,9.945632934570312,726.4050562890477,621.1387667664173,0.0,14.0,14,5.0,1,,190.8556701030928,188.0,105.0,255.0,18513.0,40.33479414298158,0.10963417849791977,0.9350209877017321
ID4561,4561,39,11.832061767578125,735.1402657296817,626.1326850968687,0.0,6.0,6,5.0,1,,208.659793814433,219.0,124.0,255.0,20240.0,37.61617742572617,0.15939141953482805,1.5252076183147578
ID4785,4785,39,14.642486572265625,739.2586595246299,627.4731997985584,0.0,2.0,2,5.0,1,,203.96907216494844,215.0,68.0,255.0,19785.0,48.654276449645096,0.19618551999603856,1.3751235083800242
ID4563,4563,39,13.386093139648438,738.4983352198178,626.779619757894,0.0,5.0,5,5.0,1,,211.7835051546392,222.0,124.0,255.0,20543.0,36.81859437502439,0.18325932308319223,1.781726609808966
ID4148,4148,39,13.386093139648438,738.4983352198178,626.779619757894,0.0,4.0,4,5.0,1,,211.7835051546392,222.0,124.0,255.0,20543.0,36.81859437502439,0.18325932308319223,1.781726609808966
ID3544,3544,39,8.896697998046875,727.159116147507,626.6626965511692,0.0,9.0,9,5.0,1,,173.72164948453607,183.0,72.0,245.0,16851.0,37.91705373466569,0.12524896319063578,1.0199405864304423
ID2425,2425,39,9.672607421875,732.1415107724443,621.0243204598437,0.0,15.0,15,5.0,1,,215.89690721649484,216.0,152.0,255.0,20942.0,25.809593071215172,0.12799933354563667,1.8984279740464978
ID4249,4249,39,6.9043426513671875,719.1105688571316,622.8849558886099,0.0,11.0,11,5.0,1,,170.08247422680412,171.0,93.0,253.0,16498.0,35.43558419368539,0.07098160023369705,0.6362294091368711
ID4605,4605,39,6.9043426513671875,719.1105688571316,622.8849558886099,0.0,10.0,10,5.0,1,,170.08247422680412,171.0,93.0,253.0,16498.0,35.43558419368539,0.07098160023369705,0.6362294091368711
ID5314,5314,40,12.387191772460938,167.09852057066,280.87235980197937,0.0,1.0,1,5.0,1,,180.7319587628866,181.0,96.0,255.0,17531.0,45.96001782888705,0.1686548415902414,1.1350037934710113
ID4962,4962,40,12.387191772460938,167.09852057066,280.87235980197937,0.0,0.0,0,5.0,1,,180.7319587628866,181.0,96.0,255.0,17531.0,45.96001782888705,0.1686548415902414,1.1350037934710113
ID2116,2116,40,12.92852783203125,157.95428294211177,313.11166578381244,0.0,15.0,15,5.0,1,,184.79381443298968,180.0,93.0,255.0,17925.0,48.253224880210915,0.16692528704919157,1.0956457610845225
ID5863,5863,40,11.686294555664062,157.72275438985218,319.39670281973696,0.0,16.0,16,5.0,1,,178.97938144329896,175.0,103.0,255.0,17361.0,46.04277435653432,0.15543618961056863,1.0458699600666717
ID4201,4201,40,12.387191772460938,167.09852057066,280.87235980197937,0.0,2.0,2,5.0,1,,180.7319587628866,181.0,96.0,255.0,17531.0,45.96001782888705,0.1686548415902414,1.1350037934710113
ID3755,3755,40,13.1109619140625,161.90278104185558,294.6789041989529,0.0,6.0,6,5.0,1,,207.31958762886597,218.0,108.0,255.0,20110.0,37.20902287297414,0.17921910440498334,1.6936039690702798
ID3181,3181,40,12.506195068359375,158.63592318661097,310.983805166764,0.0,14.0,14,5.0,1,,197.06185567010309,202.0,95.0,255.0,19115.0,41.14375571117223,0.16454776541278446,1.3535157493321173
ID5645,5645,40,11.686294555664062,157.72275438985218,319.39670281973696,0.0,17.0,17,5.0,1,,178.97938144329896,175.0,103.0,255.0,17361.0,46.04277435653432,0.15543618961056863,1.0458699600666717
ID2638,2638,40,12.506195068359375,158.63592318661097,310.983805166764,0.0,13.0,13,5.0,1,,197.06185567010309,202.0,95.0,255.0,19115.0,41.14375571117223,0.16454776541278446,1.3535157493321173
ID3823,3823,40,10.7109375,163.07086555907563,292.29915851912955,0.0,8.0,8,5.0,1,,194.2680412371134,193.0,102.0,255.0,18844.0,39.276136590788575,0.14393534587325726,1.2447111265432762
ID3956,3956,40,13.542694091796875,160.18996991955393,306.27738886082324,0.0,10.0,10,5.0,1,,209.05154639175257,221.0,126.0,255.0,20278.0,38.79604015822701,0.1766073441505207,1.6176076222315565
ID2294,2294,40,13.367828369140625,160.0165774294762,307.87690051636923,0.0,12.0,12,5.0,1,,213.88659793814432,223.0,107.0,255.0,20747.0,34.97942141717631,0.17606176814019256,1.8307787955956627
ID2744,2744,40,10.602554321289062,161.85497855799633,301.5245325834189,0.0,9.0,9,5.0,1,,178.84536082474227,180.0,102.0,252.0,17348.0,48.72634900778907,0.13444357226219708,0.869963332105368
ID3386,3386,40,11.53070068359375,161.9186689872035,285.6858899077581,0.0,4.0,4,5.0,1,,180.42268041237114,180.0,103.0,255.0,17501.0,47.27068221326213,0.1574515508347612,1.0384207973854267
ID5243,5243,40,12.387191772460938,167.09852057066,280.87235980197937,0.0,3.0,3,5.0,1,,180.7319587628866,181.0,96.0,255.0,17531.0,45.96001782888705,0.1686548415902414,1.1350037934710113
ID3805,3805,40,10.7109375,163.07086555907563,292.29915851912955,0.0,7.0,7,5.0,1,,194.2680412371134,193.0,102.0,255.0,18844.0,39.276136590788575,0.14393534587325726,1.2447111265432762
ID3870,3870,40,11.53070068359375,161.9186689872035,285.6858899077581,0.0,5.0,5,5.0,1,,180.42268041237114,180.0,103.0,255.0,17501.0,47.27068221326213,0.1574515508347612,1.0384207973854267
ID3519,3519,40,13.542694091796875,160.18996991955393,306.27738886082324,0.0,11.0,11,5.0,1,,209.05154639175257,221.0,126.0,255.0,20278.0,38.79604015822701,0.1766073441505207,1.6176076222315565
ID2640,2640,41,13.749008178710938,297.61323143740805,311.21024512978863,0.0,13.0,13,5.0,1,,230.5463917525773,238.0,150.0,255.0,22363.0,25.525730734951818,0.18136876759193638,2.7732381024093637
ID3904,3904,41,5.13763427734375,274.72017788513637,311.2101016020039,0.0,7.0,7,5.0,1,,103.97938144329896,100.0,46.0,231.0,10086.0,41.3465988578674,0.054639952977080956,0.26058147127745784
ID2769,2769,41,6.240684509277344,274.4494399811833,309.45458102759295,0.0,9.0,9,5.0,1,,118.18556701030928,104.0,47.0,216.0,11464.0,36.719752262039655,0.09305076180147005,0.5479921005700892
ID3924,3924,41,5.13763427734375,274.72017788513637,311.2101016020039,0.0,8.0,8,5.0,1,,103.97938144329896,100.0,46.0,231.0,10086.0,41.3465988578674,0.054639952977080956,0.26058147127745784
ID3541,3541,41,12.704147338867188,290.75189164785644,307.13669484443045,0.0,11.0,11,5.0,1,,204.09278350515464,215.0,110.0,255.0,19797.0,46.381588138107745,0.14790171776473146,1.133915107618829
ID5861,5861,41,13.221755981445312,295.7674911763388,316.62001324598776,0.0,16.0,16,5.0,1,,211.69072164948454,230.0,124.0,255.0,20534.0,42.10338486609039,0.15922492971696783,1.3812050599163312
ID2295,2295,41,14.415451049804688,293.7120495885646,307.76404548505474,0.0,12.0,12,5.0,1,,230.96907216494844,245.0,143.0,255.0,22404.0,29.239475887433784,0.19467862829887184,2.5744319974816325
ID3975,3975,41,12.704147338867188,290.75189164785644,307.13669484443045,0.0,10.0,10,5.0,1,,204.09278350515464,215.0,110.0,255.0,19797.0,46.381588138107745,0.14790171776473146,1.133915107618829
ID3194,3194,41,13.749008178710938,297.61323143740805,311.21024512978863,0.0,14.0,14,5.0,1,,230.5463917525773,238.0,150.0,255.0,22363.0,25.525730734951818,0.18136876759193638,2.7732381024093637
ID5643,5643,41,13.221755981445312,295.7674911763388,316.62001324598776,0.0,17.0,17,5.0,1,,211.69072164948454,230.0,124.0,255.0,20534.0,42.10338486609039,0.15922492971696783,1.3812050599163312
ID2125,2125,41,13.291595458984375,296.612063343464,314.69950762145976,0.0,15.0,15,5.0,1,,212.70103092783506,228.0,134.0,255.0,20632.0,41.71185007196534,0.16066923386136103,1.4117714268347141
ID2689,2689,42,12.489456176757812,445.0834795624787,25.695150618967098,0.0,11.0,11,5.0,1,,183.89690721649484,179.0,103.0,255.0,17838.0,46.26947439909368,0.17017247165309746,1.155977243094607
ID3010,3010,42,10.859695434570312,443.9980557555619,31.473201754756193,0.0,8.0,8,5.0,1,,204.04123711340208,207.0,116.0,255.0,19792.0,37.217804186351565,0.12831087633658717,1.246900771545554
ID5763,5763,42,13.096221923828125,439.1619884802343,29.6546485506655,0.0,16.0,16,5.0,1,,220.2164948453608,235.0,117.0,255.0,21361.0,34.63777646471038,0.17098061619610092,1.8566370301791857
ID3270,3270,42,5.9528045654296875,429.0167974218513,36.02662456100213,0.0,2.0,2,5.0,1,,131.89690721649484,132.0,46.0,244.0,12794.0,48.502251781077675,0.0568256229030378,0.2924445799620459
ID2919,2919,42,14.45623779296875,436.6851288856947,25.8627888702063,0.0,5.0,5,5.0,1,,218.0721649484536,239.0,119.0,255.0,21153.0,41.26697817835114,0.19571857541906806,1.7299383739468785
ID5545,5545,42,13.096221923828125,439.1619884802343,29.6546485506655,0.0,17.0,17,5.0,1,,220.2164948453608,235.0,117.0,255.0,21361.0,34.63777646471038,0.17098061619610092,1.8566370301791857
ID5033,5033,42,5.9528045654296875,429.0167974218513,36.02662456100213,0.0,3.0,3,5.0,1,,131.89690721649484,132.0,46.0,244.0,12794.0,48.502251781077675,0.0568256229030378,0.2924445799620459
ID2123,2123,42,13.181610107421875,444.4476879322768,21.65463746196839,0.0,12.0,12,5.0,1,,197.2164948453608,207.0,116.0,255.0,19130.0,41.2508148414781,0.19464334751982595,1.5579086753803533
ID2891,2891,42,10.859695434570312,443.9980557555619,31.473201754756193,0.0,7.0,7,5.0,1,,204.04123711340208,207.0,116.0,255.0,19792.0,37.217804186351565,0.12831087633658717,1.246900771545554
ID2573,2573,42,13.229644775390625,446.82072691631686,24.800892274879253,0.0,14.0,14,5.0,1,,210.7835051546392,223.0,122.0,255.0,20446.0,38.62998263550277,0.17027980746384613,1.5878721945766308
ID4877,4877,42,5.9528045654296875,429.0167974218513,36.02662456100213,0.0,0.0,0,5.0,1,,131.89690721649484,132.0,46.0,244.0,12794.0,48.502251781077675,0.0568256229030378,0.2924445799620459
ID2129,2129,42,13.229644775390625,446.82072691631686,24.800892274879253,0.0,13.0,13,5.0,1,,210.7835051546392,223.0,122.0,255.0,20446.0,38.62998263550277,0.17027980746384613,1.5878721945766308
ID2961,2961,42,12.489456176757812,445.0834795624787,25.695150618967098,0.0,10.0,10,5.0,1,,183.89690721649484,179.0,103.0,255.0,17838.0,46.26947439909368,0.17017247165309746,1.155977243094607
ID2388,2388,42,8.830429077148438,443.46026623996306,26.636960960934793,0.0,9.0,9,5.0,1,,167.18556701030928,160.0,91.0,255.0,16217.0,47.25822897851302,0.11569819059810293,0.733721379957425
ID2009,2009,42,15.912704467773438,444.5645351613971,25.991264974206313,0.0,15.0,15,5.0,1,,214.90721649484536,225.0,123.0,255.0,20846.0,38.34114480397952,0.21948489916276662,2.0176421290406945
ID2906,2906,42,11.866500854492188,436.32355521384375,30.194836838420052,0.0,6.0,6,5.0,1,,197.39175257731958,209.0,110.0,255.0,19147.0,45.88925906939601,0.1593722340368446,1.1825995744863447
ID5149,5149,42,5.9528045654296875,429.0167974218513,36.02662456100213,0.0,1.0,1,5.0,1,,131.89690721649484,132.0,46.0,244.0,12794.0,48.502251781077675,0.0568256229030378,0.2924445799620459
ID2687,2687,42,14.45623779296875,436.6851288856947,25.8627888702063,0.0,4.0,4,5.0,1,,218.0721649484536,239.0,119.0,255.0,21153.0,41.26697817835114,0.19571857541906806,1.7299383739468785
ID5857,5857,43,11.53558349609375,222.99473649722182,308.41036971213117,0.0,16.0,16,5.0,1,,217.71134020618555,226.0,146.0,255.0,21118.0,30.19897858471603,0.15314532623701133,1.91486648085652
ID3202,3202,43,11.002395629882812,223.0,312.0,0.0,14.0,14,5.0,1,,216.90721649484536,221.0,130.0,255.0,21040.0,31.206664110085928,0.14358053192216447,1.7453617533499541
ID2754,2754,43,12.151214599609375,215.1314166275011,302.94149865410543,0.0,9.0,9,5.0,1,,202.7319587628866,211.0,96.0,255.0,19665.0,42.90602994333409,0.15999977109119504,1.3034528873329505
ID3781,3781,43,13.237106323242188,215.56462861064176,300.07336977581355,0.0,6.0,6,5.0,1,,214.76288659793815,233.0,108.0,255.0,20832.0,42.222815020406,0.17159146054518165,1.48991508395626
ID5253,5253,43,12.85662841796875,217.2767717634457,295.9721954014089,0.0,3.0,3,5.0,1,,221.3298969072165,243.0,94.0,255.0,21469.0,37.11124089855968,0.1626518610902193,1.668683405167222
ID2118,2118,43,12.288345336914062,225.085483364901,312.7320088219486,0.0,15.0,15,5.0,1,,215.94845360824743,228.0,118.0,255.0,20947.0,34.486824517373236,0.16264369184887567,1.7519329108292363
ID5639,5639,43,11.53558349609375,222.99473649722182,308.41036971213117,0.0,17.0,17,5.0,1,,217.71134020618555,226.0,146.0,255.0,21118.0,30.19897858471603,0.15314532623701133,1.91486648085652
ID4967,4967,43,12.85662841796875,217.2767717634457,295.9721954014089,0.0,0.0,0,5.0,1,,221.3298969072165,243.0,94.0,255.0,21469.0,37.11124089855968,0.1626518610902193,1.668683405167222
ID3530,3530,43,12.6651611328125,215.31865862295857,305.5168532371116,0.0,11.0,11,5.0,1,,194.84536082474227,207.0,104.0,255.0,18900.0,47.89253164773048,0.16012160984165716,1.1230489907658443
ID3850,3850,43,12.017929077148438,214.83372931132715,299.62510668665004,0.0,8.0,8,5.0,1,,204.68041237113403,221.0,84.0,255.0,19854.0,45.09008261057167,0.15374329970932388,1.20979630548335
ID5323,5323,43,12.85662841796875,217.2767717634457,295.9721954014089,0.0,1.0,1,5.0,1,,221.3298969072165,243.0,94.0,255.0,21469.0,37.11124089855968,0.1626518610902193,1.668683405167222
ID3980,3980,43,13.8668212890625,216.01957336132895,302.27085182961656,0.0,5.0,5,5.0,1,,224.93814432989691,244.0,120.0,255.0,21819.0,33.79836486213426,0.18290437355594696,2.0581255614583767
ID2643,2643,43,11.002395629882812,223.0,312.0,0.0,13.0,13,5.0,1,,216.90721649484536,221.0,130.0,255.0,21040.0,31.206664110085928,0.14358053192216447,1.7453617533499541
ID3827,3827,43,12.017929077148438,214.83372931132715,299.62510668665004,0.0,7.0,7,5.0,1,,204.68041237113403,221.0,84.0,255.0,19854.0,45.09008261057167,0.15374329970932388,1.20979630548335
ID3508,3508,43,13.8668212890625,216.01957336132895,302.27085182961656,0.0,4.0,4,5.0,1,,224.93814432989691,244.0,120.0,255.0,21819.0,33.79836486213426,0.18290437355594696,2.0581255614583767
ID4247,4247,43,12.85662841796875,217.2767717634457,295.9721954014089,0.0,2.0,2,5.0,1,,221.3298969072165,243.0,94.0,255.0,21469.0,37.11124089855968,0.1626518610902193,1.668683405167222
ID2296,2296,43,12.53790283203125,217.99554681299483,308.9306325207526,0.0,12.0,12,5.0,1,,202.37113402061857,211.0,82.0,255.0,19630.0,46.67670716116267,0.15982581580497576,1.1949026074755387
ID3965,3965,43,12.6651611328125,215.31865862295857,305.5168532371116,0.0,10.0,10,5.0,1,,194.84536082474227,207.0,104.0,255.0,18900.0,47.89253164773048,0.16012160984165716,1.1230489907658443
ID2576,2576,44,13.556869506835938,603.7510915330242,32.20228240295844,0.0,14.0,14,5.0,1,,196.2680412371134,202.0,91.0,255.0,19038.0,51.514058652290366,0.18052208800495603,1.165225678078304
ID5761,5761,44,16.040664672851562,627.1025020340783,17.097388175793544,0.0,16.0,16,5.0,1,,226.63917525773195,239.0,132.0,255.0,21984.0,32.8741874319764,0.2186576673541084,2.473961491321494
ID2132,2132,44,13.556869506835938,603.7510915330242,32.20228240295844,0.0,13.0,13,5.0,1,,196.2680412371134,202.0,91.0,255.0,19038.0,51.514058652290366,0.18052208800495603,1.165225678078304
ID2135,2135,44,7.28363037109375,589.2605918897137,38.79199951419845,0.0,12.0,12,5.0,1,,148.48453608247422,138.0,83.0,255.0,14403.0,47.98982387836289,0.10804949761059131,0.6034282758129811
ID5543,5543,44,16.040664672851562,627.1025020340783,17.097388175793544,0.0,17.0,17,5.0,1,,226.63917525773195,239.0,132.0,255.0,21984.0,32.8741874319764,0.2186576673541084,2.473961491321494
ID2008,2008,44,11.376571655273438,610.0973591972729,25.45673159300778,0.0,15.0,15,5.0,1,,171.71134020618555,169.0,66.0,255.0,16656.0,52.82931611230142,0.14952280776841984,0.8455588434101379
ID2714,2714,44,9.924545288085938,590.2655544864518,41.04201831637421,0.0,11.0,11,5.0,1,,155.04123711340208,150.0,62.0,255.0,15039.0,52.3306629213403,0.10756948463399077,0.5754917346325563
ID3007,3007,44,9.924545288085938,590.2655544864518,41.04201831637421,0.0,10.0,10,5.0,1,,155.04123711340208,150.0,62.0,255.0,15039.0,52.3306629213403,0.10756948463399077,0.5754917346325563
ID3040,3040,45,10.418624877929688,430.05177397587033,37.26081044894779,0.0,8.0,8,5.0,1,,173.49484536082474,185.0,82.0,255.0,16829.0,46.591783009306,0.15405407445514285,0.9941553903881458
ID5764,5764,45,12.72882080078125,447.772842896542,35.64387987773569,0.0,16.0,16,5.0,1,,198.88659793814432,214.0,60.0,255.0,19292.0,47.84695137638078,0.1670572089301414,1.190020160244145
ID2693,2693,45,13.082916259765625,444.20643910179336,35.04774554629222,0.0,4.0,4,5.0,1,,219.4020618556701,245.0,72.0,255.0,21282.0,43.7258647222038,0.15418383281869452,1.3405905209314628
ID5030,5030,45,12.17694091796875,444.09880967624935,34.90126858879196,0.0,3.0,3,5.0,1,,217.71134020618555,237.0,126.0,255.0,21118.0,38.31801109435095,0.1460220168290137,1.4478830017036723
ID5546,5546,45,12.72882080078125,447.772842896542,35.64387987773569,0.0,17.0,17,5.0,1,,198.88659793814432,214.0,60.0,255.0,19292.0,47.84695137638078,0.1670572089301414,1.190020160244145
ID2954,2954,45,8.097930908203125,434.32259467589523,45.866265087031536,0.0,6.0,6,5.0,1,,122.19587628865979,120.0,53.0,214.0,11853.0,35.501654649014185,0.21985372218889854,1.2406921027423043
ID4876,4876,45,12.17694091796875,444.09880967624935,34.90126858879196,0.0,0.0,0,5.0,1,,217.71134020618555,237.0,126.0,255.0,21118.0,38.31801109435095,0.1460220168290137,1.4478830017036723
ID2126,2126,45,11.824432373046875,447.9964035361145,26.936080678939938,0.0,12.0,12,5.0,1,,205.15463917525773,214.0,117.0,255.0,19900.0,39.26813280887611,0.15386704047123947,1.3933522363820539
ID2990,2990,45,10.148529052734375,449.05758426663516,39.645038552468336,0.0,10.0,10,5.0,1,,209.64948453608247,228.0,110.0,255.0,20336.0,44.30153337195598,0.11945541951838576,1.0099598075423581
ID2928,2928,45,13.082916259765625,444.20643910179336,35.04774554629222,0.0,5.0,5,5.0,1,,219.4020618556701,245.0,72.0,255.0,21282.0,43.7258647222038,0.15418383281869452,1.3405905209314628
ID2706,2706,45,10.148529052734375,449.05758426663516,39.645038552468336,0.0,11.0,11,5.0,1,,209.64948453608247,228.0,110.0,255.0,20336.0,44.30153337195598,0.11945541951838576,1.0099598075423581
ID2580,2580,45,11.208969116210938,458.6398812001209,35.21026556728355,0.0,14.0,14,5.0,1,,230.20618556701032,240.0,152.0,255.0,22330.0,26.58592129944355,0.13703796029171694,2.0871861851830564
ID2932,2932,45,10.418624877929688,430.05177397587033,37.26081044894779,0.0,7.0,7,5.0,1,,173.49484536082474,185.0,82.0,255.0,16829.0,46.591783009306,0.15405407445514285,0.9941553903881458
ID2134,2134,45,11.208969116210938,458.6398812001209,35.21026556728355,0.0,13.0,13,5.0,1,,230.20618556701032,240.0,152.0,255.0,22330.0,26.58592129944355,0.13703796029171694,2.0871861851830564
ID3258,3258,45,12.17694091796875,444.09880967624935,34.90126858879196,0.0,2.0,2,5.0,1,,217.71134020618555,237.0,126.0,255.0,21118.0,38.31801109435095,0.1460220168290137,1.4478830017036723
ID2011,2011,45,13.404006958007812,448.64740713526163,32.22422003976837,0.0,15.0,15,5.0,1,,217.1237113402062,230.0,113.0,255.0,21061.0,36.06367566886576,0.17495509883252802,1.7929682311574444
ID5147,5147,45,12.17694091796875,444.09880967624935,34.90126858879196,0.0,1.0,1,5.0,1,,217.71134020618555,237.0,126.0,255.0,21118.0,38.31801109435095,0.1460220168290137,1.4478830017036723
ID2398,2398,45,14.238525390625,440.60737279914633,39.96614366592837,0.0,9.0,9,5.0,1,,222.83505154639175,230.0,154.0,255.0,21615.0,27.63477595212957,0.2165394017287871,2.870571087576034
ID5281,5281,46,13.919113159179688,456.55086218841063,332.1048686897087,0.0,3.0,3,5.0,1,,213.08247422680412,230.0,100.0,255.0,20669.0,44.455190478515554,0.18354491368525855,1.4866641263253935
ID4007,4007,46,13.288726806640625,455.3050276183504,322.50651593276183,0.0,8.0,8,5.0,1,,222.57731958762886,236.0,129.0,255.0,21590.0,32.83761659398993,0.1823177483546283,2.0904222317796637
ID5352,5352,46,13.919113159179688,456.55086218841063,332.1048686897087,0.0,1.0,1,5.0,1,,213.08247422680412,230.0,100.0,255.0,20669.0,44.455190478515554,0.18354491368525855,1.4866641263253935
ID2795,2795,46,13.300033569335938,456.96768174147894,321.90426597955445,0.0,9.0,9,5.0,1,,201.38144329896906,211.0,101.0,255.0,19534.0,48.07209067704313,0.1747824595154726,1.246513043871098
ID3628,3628,46,11.867752075195312,457.5332224557114,333.047697264949,0.0,4.0,4,5.0,1,,192.71134020618555,207.0,109.0,255.0,18693.0,51.19121807068218,0.15253555687558687,0.99645700163728
ID3214,3214,46,13.776596069335938,446.3986594308411,312.2647783294869,0.0,14.0,14,5.0,1,,215.7422680412371,224.0,105.0,255.0,20927.0,39.18951771799538,0.18103951405097177,1.687735027731892
ID4366,4366,46,13.919113159179688,456.55086218841063,332.1048686897087,0.0,2.0,2,5.0,1,,213.08247422680412,230.0,100.0,255.0,20669.0,44.455190478515554,0.18354491368525855,1.4866641263253935
ID5871,5871,46,15.277008056640625,452.0381566763764,330.7989257131967,0.0,16.0,16,5.0,1,,222.76288659793815,238.0,108.0,255.0,21608.0,34.82239856156892,0.20566235818470172,2.182444758663969
ID3983,3983,46,13.288726806640625,455.3050276183504,322.50651593276183,0.0,7.0,7,5.0,1,,222.57731958762886,236.0,129.0,255.0,21590.0,32.83761659398993,0.1823177483546283,2.0904222317796637
ID3601,3601,46,13.420257568359375,452.4916266115493,324.1366692515389,0.0,11.0,11,5.0,1,,218.68041237113403,232.0,120.0,255.0,21212.0,34.012726292200966,0.1819567475073628,1.9795433486881597
ID5653,5653,46,15.277008056640625,452.0381566763764,330.7989257131967,0.0,17.0,17,5.0,1,,222.76288659793815,238.0,108.0,255.0,21608.0,34.82239856156892,0.20566235818470172,2.182444758663969
ID4981,4981,46,13.919113159179688,456.55086218841063,332.1048686897087,0.0,0.0,0,5.0,1,,213.08247422680412,230.0,100.0,255.0,20669.0,44.455190478515554,0.18354491368525855,1.4866641263253935
ID2646,2646,46,13.776596069335938,446.3986594308411,312.2647783294869,0.0,13.0,13,5.0,1,,215.7422680412371,224.0,105.0,255.0,20927.0,39.18951771799538,0.18103951405097177,1.687735027731892
ID4086,4086,46,11.867752075195312,457.5332224557114,333.047697264949,0.0,5.0,5,5.0,1,,192.71134020618555,207.0,109.0,255.0,18693.0,51.19121807068218,0.15253555687558687,0.99645700163728
ID2136,2136,46,13.870147705078125,453.0004271886736,323.1707896589705,0.0,15.0,15,5.0,1,,218.56701030927834,232.0,108.0,255.0,21201.0,38.79537859518378,0.17324432823232755,1.6638155349996695
ID3992,3992,46,12.774765014648438,455.0,324.0,0.0,6.0,6,5.0,1,,214.8556701030928,231.0,108.0,255.0,20841.0,41.27246602627513,0.16381950069673254,1.4655355722992423
ID4029,4029,46,13.420257568359375,452.4916266115493,324.1366692515389,0.0,10.0,10,5.0,1,,218.68041237113403,232.0,120.0,255.0,21212.0,34.012726292200966,0.1819567475073628,1.9795433486881597
ID4544,4544,47,14.046478271484375,8.455563690407212,592.8282108908146,0.0,8.0,8,5.0,1,,194.35051546391753,203.0,94.0,255.0,18852.0,48.9046779538849,0.18420277303469276,1.236332765946002
ID4580,4580,47,12.919723510742188,12.383031924913158,615.63376108595,0.0,10.0,10,5.0,1,,209.44329896907217,226.0,115.0,255.0,20316.0,45.10588678140327,0.1568495259407298,1.2591271182178492
ID4204,4204,47,12.919723510742188,12.383031924913158,615.63376108595,0.0,11.0,11,5.0,1,,209.44329896907217,226.0,115.0,255.0,20316.0,45.10588678140327,0.1568495259407298,1.2591271182178492
ID4110,4110,47,13.262496948242188,9.798117647215207,573.0635596438215,0.0,4.0,4,5.0,1,,171.5257731958763,172.0,95.0,255.0,16638.0,49.97355400265582,0.19130698119349937,1.1023671846266827
ID5391,5391,47,15.379241943359375,17.873980592068598,554.8111161284248,0.0,3.0,3,5.0,1,,205.39175257731958,214.0,105.0,255.0,19923.0,45.31959581246076,0.20407730195022863,1.5362691262519728
ID4719,4719,47,15.379241943359375,17.873980592068598,554.8111161284248,0.0,2.0,2,5.0,1,,205.39175257731958,214.0,105.0,255.0,19923.0,45.31959581246076,0.20407730195022863,1.5362691262519728
ID4498,4498,47,15.665374755859375,14.603774445198862,577.4035274817988,0.0,6.0,6,5.0,1,,228.44329896907217,240.0,152.0,255.0,22159.0,28.836091777552582,0.21512629269064729,2.8050725266031047
ID5458,5458,47,15.379241943359375,17.873980592068598,554.8111161284248,0.0,1.0,1,5.0,1,,205.39175257731958,214.0,105.0,255.0,19923.0,45.31959581246076,0.20407730195022863,1.5362691262519728
ID4531,4531,47,13.262496948242188,9.798117647215207,573.0635596438215,0.0,5.0,5,5.0,1,,171.5257731958763,172.0,95.0,255.0,16638.0,49.97355400265582,0.19130698119349937,1.1023671846266827
ID3444,3444,47,13.297576904296875,10.75044358756219,605.1069199616034,0.0,9.0,9,5.0,1,,222.60824742268042,239.0,125.0,255.0,21593.0,36.67610390892338,0.17938132311936705,1.8463372376210532
ID4534,4534,47,14.046478271484375,8.455563690407212,592.8282108908146,0.0,7.0,7,5.0,1,,194.35051546391753,203.0,94.0,255.0,18852.0,48.9046779538849,0.18420277303469276,1.236332765946002
ID3959,3959,47,13.347198486328125,8.6761316641306,621.6598070340989,0.0,14.0,14,5.0,1,,202.659793814433,208.0,104.0,255.0,19658.0,42.901992620277895,0.17220458974461383,1.387910410121558
ID3160,3160,47,13.347198486328125,8.6761316641306,621.6598070340989,0.0,13.0,13,5.0,1,,202.659793814433,208.0,104.0,255.0,19658.0,42.901992620277895,0.17220458974461383,1.387910410121558
ID5050,5050,47,15.379241943359375,17.873980592068598,554.8111161284248,0.0,0.0,0,5.0,1,,205.39175257731958,214.0,105.0,255.0,19923.0,45.31959581246076,0.20407730195022863,1.5362691262519728
ID2463,2463,47,12.84735107421875,8.234922614132529,619.2280809126881,0.0,12.0,12,5.0,1,,190.2577319587629,192.0,104.0,255.0,18455.0,47.200211499904725,0.1696877858258182,1.1695236113427283
ID2977,2977,48,13.579055786132812,467.3900087596211,49.61449676839318,0.0,6.0,6,5.0,1,,187.70103092783506,197.0,61.0,255.0,18207.0,57.05281999830903,0.17725132479123265,0.9906947010138739
ID5762,5762,48,10.717788696289062,462.7945481084464,24.731500686917137,0.0,16.0,16,5.0,1,,170.3298969072165,162.0,82.0,255.0,16522.0,51.97670184192394,0.14617593929162953,0.8358662056153152
ID2978,2978,48,13.044387817382812,465.2524291984125,46.254145562282005,0.0,7.0,7,5.0,1,,176.0721649484536,164.0,81.0,255.0,17079.0,60.73580894309803,0.1703160002930154,0.8437779783388509
ID3330,3330,48,15.391204833984375,475.80347701656376,52.015748623953364,0.0,2.0,2,5.0,1,,190.64948453608247,197.0,102.0,255.0,18493.0,53.56013778087701,0.20578714691282662,1.2149867488512138
ID3011,3011,48,15.231887817382812,471.6454520283758,52.30036967015888,0.0,5.0,5,5.0,1,,191.36082474226805,198.0,101.0,255.0,18562.0,53.255904517521635,0.21034838948587128,1.248947143410386
ID2695,2695,48,6.5711517333984375,469.9978963836311,33.6545749410053,0.0,11.0,11,5.0,1,,172.18556701030928,185.0,107.0,223.0,16702.0,30.34946797203481,0.08187785182228398,0.8587443017441365
ID5159,5159,48,15.391204833984375,475.80347701656376,52.015748623953364,0.0,1.0,1,5.0,1,,190.64948453608247,197.0,102.0,255.0,18493.0,53.56013778087701,0.20578714691282662,1.2149867488512138
ID5544,5544,48,10.717788696289062,462.7945481084464,24.731500686917137,0.0,17.0,17,5.0,1,,170.3298969072165,162.0,82.0,255.0,16522.0,51.97670184192394,0.14617593929162953,0.8358662056153152
ID3085,3085,48,13.044387817382812,465.2524291984125,46.254145562282005,0.0,8.0,8,5.0,1,,176.0721649484536,164.0,81.0,255.0,17079.0,60.73580894309803,0.1703160002930154,0.8437779783388509
ID2128,2128,48,10.478561401367188,467.7376895297557,36.45616132558345,0.0,12.0,12,5.0,1,,215.5979381443299,231.0,119.0,255.0,20913.0,39.127904523129466,0.12382052346320661,1.2141817070076053
ID2737,2737,48,15.231887817382812,471.6454520283758,52.30036967015888,0.0,4.0,4,5.0,1,,191.36082474226805,198.0,101.0,255.0,18562.0,53.255904517521635,0.21034838948587128,1.248947143410386
ID4882,4882,48,15.391204833984375,475.80347701656376,52.015748623953364,0.0,0.0,0,5.0,1,,190.64948453608247,197.0,102.0,255.0,18493.0,53.56013778087701,0.20578714691282662,1.2149867488512138
ID2583,2583,48,13.423538208007812,471.5449131939437,35.48293230929009,0.0,14.0,14,5.0,1,,217.64948453608247,237.0,118.0,255.0,21112.0,40.43540147494349,0.1852082738950342,1.6822540739849488
ID2391,2391,48,8.187362670898438,475.28414819556156,32.56089251108736,0.0,9.0,9,5.0,1,,150.88659793814432,147.0,77.0,247.0,14636.0,46.01061387709447,0.10345665720921206,0.6149301644101746
ID5048,5048,48,15.391204833984375,475.80347701656376,52.015748623953364,0.0,3.0,3,5.0,1,,190.64948453608247,197.0,102.0,255.0,18493.0,53.56013778087701,0.20578714691282662,1.2149867488512138
ID2137,2137,48,13.423538208007812,471.5449131939437,35.48293230929009,0.0,13.0,13,5.0,1,,217.64948453608247,237.0,118.0,255.0,21112.0,40.43540147494349,0.1852082738950342,1.6822540739849488
ID2971,2971,48,6.5711517333984375,469.9978963836311,33.6545749410053,0.0,10.0,10,5.0,1,,172.18556701030928,185.0,107.0,223.0,16702.0,30.34946797203481,0.08187785182228398,0.8587443017441365
ID2012,2012,48,13.0164794921875,467.75571032313616,33.91634318127556,0.0,15.0,15,5.0,1,,217.31958762886597,236.0,137.0,255.0,21080.0,37.73607535451338,0.1578782002493681,1.5704764452280031
ID3840,3840,49,10.580245971679688,518.3243114824262,299.36063686866373,0.0,8.0,8,5.0,1,,194.72164948453607,198.0,108.0,255.0,18888.0,44.40268907679871,0.12599093131778388,0.9813848666036258
ID5858,5858,49,12.4486083984375,513.2481006743894,311.4936001974232,0.0,16.0,16,5.0,1,,177.23711340206185,169.0,88.0,255.0,17192.0,54.955241863241994,0.17592714414145968,0.9650014761728556
ID3940,3940,49,10.977615356445312,516.7561131744757,297.1035445670625,0.0,5.0,5,5.0,1,,197.16494845360825,200.0,115.0,255.0,19125.0,44.37404468745664,0.13154000817940834,1.0330435710967418
ID3941,3941,49,11.85430908203125,518.4438193339582,301.2824257862098,0.0,10.0,10,5.0,1,,191.2577319587629,197.0,103.0,255.0,18552.0,45.649999623611606,0.15093815282928522,1.0988926350555042
ID3494,3494,49,11.85430908203125,518.4438193339582,301.2824257862098,0.0,11.0,11,5.0,1,,191.2577319587629,197.0,103.0,255.0,18552.0,45.649999623611606,0.15093815282928522,1.0988926350555042
ID3463,3463,49,10.977615356445312,516.7561131744757,297.1035445670625,0.0,4.0,4,5.0,1,,197.16494845360825,200.0,115.0,255.0,19125.0,44.37404468745664,0.13154000817940834,1.0330435710967418
ID5255,5255,49,10.441009521484375,516.8949820616691,296.5126533224806,0.0,3.0,3,5.0,1,,207.0,212.0,129.0,255.0,20079.0,36.55874268443414,0.13476860138072103,1.344901570389502
ID5640,5640,49,12.4486083984375,513.2481006743894,311.4936001974232,0.0,17.0,17,5.0,1,,177.23711340206185,169.0,88.0,255.0,17192.0,54.955241863241994,0.17592714414145968,0.9650014761728556
ID4968,4968,49,10.441009521484375,516.8949820616691,296.5126533224806,0.0,0.0,0,5.0,1,,207.0,212.0,129.0,255.0,20079.0,36.55874268443414,0.13476860138072103,1.344901570389502
ID3821,3821,49,10.580245971679688,518.3243114824262,299.36063686866373,0.0,7.0,7,5.0,1,,194.72164948453607,198.0,108.0,255.0,18888.0,44.40268907679871,0.12599093131778388,0.9813848666036258
ID5325,5325,49,10.441009521484375,516.8949820616691,296.5126533224806,0.0,1.0,1,5.0,1,,207.0,212.0,129.0,255.0,20079.0,36.55874268443414,0.13476860138072103,1.344901570389502
ID2127,2127,49,10.567916870117188,513.4946569907951,315.71117984908847,0.0,15.0,15,5.0,1,,166.1958762886598,154.0,60.0,255.0,16121.0,56.28214621723189,0.11737436829019476,0.6203748060286463
ID2739,2739,49,10.841552734375,517.7180018758253,300.13044349434625,0.0,9.0,9,5.0,1,,194.1958762886598,198.0,108.0,255.0,18837.0,44.04108857439685,0.1290764730333006,1.0081744481463442
ID2649,2649,49,13.129531860351562,517.1109220946051,312.1095657989755,0.0,13.0,13,5.0,1,,196.96907216494844,211.0,51.0,255.0,19106.0,53.657566569607134,0.1591541203513587,1.0080307141744296
ID3225,3225,49,13.129531860351562,517.1109220946051,312.1095657989755,0.0,14.0,14,5.0,1,,196.96907216494844,211.0,51.0,255.0,19106.0,53.657566569607134,0.1591541203513587,1.0080307141744296
ID2297,2297,49,12.357925415039062,521.4391137923604,310.4518819733953,0.0,12.0,12,5.0,1,,210.64948453608247,224.0,90.0,255.0,20433.0,40.44081097653535,0.16642959111816585,1.4864234829050549
ID3772,3772,49,10.6336669921875,516.9050743166473,298.6195207449912,0.0,6.0,6,5.0,1,,202.55670103092783,205.0,120.0,255.0,19648.0,39.4538150542729,0.13302828985943824,1.205565638001431
ID4255,4255,49,10.441009521484375,516.8949820616691,296.5126533224806,0.0,2.0,2,5.0,1,,207.0,212.0,129.0,255.0,20079.0,36.55874268443414,0.13476860138072103,1.344901570389502
ID5766,5766,50,15.7054443359375,623.6586122733897,41.545615487024435,0.0,16.0,16,5.0,1,,150.91752577319588,137.0,46.0,255.0,14639.0,58.03549023785158,0.286551514093196,1.1583813109910912
ID2585,2585,50,15.114913940429688,612.5566239119653,36.245380663814004,0.0,14.0,14,5.0,1,,209.06185567010309,223.0,81.0,255.0,20279.0,45.32723942642681,0.19699261434484588,1.5181126523664756
ID3017,3017,50,11.662628173828125,597.095152182815,41.93354575170143,0.0,10.0,10,5.0,1,,186.63917525773195,183.0,104.0,255.0,18104.0,43.10021886231416,0.16075200627951824,1.1994172366532165
ID2138,2138,50,15.750381469726562,604.247068320306,39.92692021534862,0.0,12.0,12,5.0,1,,211.5979381443299,226.0,123.0,254.0,20525.0,35.90631902192797,0.23009718431924073,2.204664057371266
ID2010,2010,50,12.971420288085938,622.7807613747102,28.057886918490315,0.0,15.0,15,5.0,1,,204.94845360824743,212.0,120.0,255.0,19880.0,41.578081949813765,0.1798611495576495,1.5028535254826283
ID2139,2139,50,15.114913940429688,612.5566239119653,36.245380663814004,0.0,13.0,13,5.0,1,,209.06185567010309,223.0,81.0,255.0,20279.0,45.32723942642681,0.19699261434484588,1.5181126523664756
ID5548,5548,50,15.7054443359375,623.6586122733897,41.545615487024435,0.0,17.0,17,5.0,1,,150.91752577319588,137.0,46.0,255.0,14639.0,58.03549023785158,0.286551514093196,1.1583813109910912
ID2719,2719,50,11.662628173828125,597.095152182815,41.93354575170143,0.0,11.0,11,5.0,1,,186.63917525773195,183.0,104.0,255.0,18104.0,43.10021886231416,0.16075200627951824,1.1994172366532165
ID2752,2752,51,11.467010498046875,760.6116284161955,56.16396801315977,0.0,11.0,11,5.0,1,,234.27835051546393,243.0,176.0,255.0,22725.0,21.771896194808683,0.15524209381014223,2.8920272775623683
ID5765,5765,51,14.43756103515625,704.8034338816174,35.82507109419611,0.0,16.0,16,5.0,1,,221.4536082474227,238.0,129.0,255.0,21481.0,37.441070536065055,0.1882798275490888,1.8743451466442247
ID3083,3083,51,11.467010498046875,760.6116284161955,56.16396801315977,0.0,10.0,10,5.0,1,,234.27835051546393,243.0,176.0,255.0,22725.0,21.771896194808683,0.15524209381014223,2.8920272775623683
ID2427,2427,51,9.589019775390625,767.0,60.0,0.0,9.0,9,5.0,1,,134.5979381443299,137.0,42.0,204.0,13056.0,34.883036646835485,0.323576189527809,1.8866082496709553
ID5547,5547,51,14.43756103515625,704.8034338816174,35.82507109419611,0.0,17.0,17,5.0,1,,221.4536082474227,238.0,129.0,255.0,21481.0,37.441070536065055,0.1882798275490888,1.8743451466442247
ID2141,2141,51,13.043838500976562,724.0151832475306,39.65718097594636,0.0,13.0,13,5.0,1,,221.60824742268042,233.0,122.0,255.0,21496.0,35.19574924056614,0.16874614855190626,1.8181904679310654
ID2589,2589,51,13.043838500976562,724.0151832475306,39.65718097594636,0.0,14.0,14,5.0,1,,221.60824742268042,233.0,122.0,255.0,21496.0,35.19574924056614,0.16874614855190626,1.8181904679310654
ID2013,2013,51,12.374038696289062,705.7290591822778,37.393435988662546,0.0,15.0,15,5.0,1,,174.04123711340208,173.0,87.0,255.0,16882.0,58.821395895713614,0.15515928907437537,0.7948455314365171
ID4003,4003,52,14.6300048828125,23.017498542431277,322.6769241292275,0.0,7.0,7,5.0,1,,202.70103092783506,210.0,122.0,255.0,19662.0,38.76133300631078,0.21311622976021039,1.8373900513859425
ID3971,3971,52,15.034927368164062,27.189788277737705,321.8592044721814,0.0,6.0,6,5.0,1,,208.28865979381445,216.0,122.0,255.0,20204.0,34.71699834701733,0.22323574829908538,2.1898130034393253
ID5860,5860,52,13.393325805664062,13.41317904960282,317.0091961924958,0.0,16.0,16,5.0,1,,212.46391752577318,225.0,97.0,255.0,20609.0,40.753083179801195,0.17650985760474294,1.5643290270171897
ID3238,3238,52,13.6983642578125,18.370061758149657,317.80415683104104,0.0,14.0,14,5.0,1,,215.08247422680412,224.0,133.0,255.0,20863.0,31.094503166118706,0.18535513108575324,2.1632540545299173
ID3558,3558,52,12.137527465820312,16.514172189380023,314.9054029948216,0.0,11.0,11,5.0,1,,211.28865979381445,224.0,100.0,255.0,20495.0,36.73581323758608,0.15680756948172536,1.5592739634423092
ID2791,2791,52,12.985198974609375,20.60183005270649,321.59217409571016,0.0,9.0,9,5.0,1,,197.41237113402062,200.0,113.0,255.0,19149.0,39.07544854117681,0.1867833778286641,1.5902564242823072
ID5642,5642,52,13.393325805664062,13.41317904960282,317.0091961924958,0.0,17.0,17,5.0,1,,212.46391752577318,225.0,97.0,255.0,20609.0,40.753083179801195,0.17650985760474294,1.5643290270171897
ID4975,4975,52,14.616104125976562,37.50304258126769,319.26570063642674,0.0,0.0,0,5.0,1,,215.83505154639175,231.0,102.0,255.0,20936.0,41.348035123704065,0.19750985475291002,1.7218954088602696
ID2130,2130,52,9.21337890625,14.991007223143852,319.49710895066806,0.0,15.0,15,5.0,1,,201.4742268041237,207.0,101.0,251.0,19543.0,38.66902636033596,0.09564526149977721,0.9096613660156178
ID4052,4052,52,15.228256225585938,34.471142639683556,321.5495585581848,0.0,5.0,5,5.0,1,,208.3298969072165,217.0,88.0,255.0,20208.0,42.62425992746688,0.2251283069254352,1.796276854175808
ID5268,5268,52,14.616104125976562,37.50304258126769,319.26570063642674,0.0,3.0,3,5.0,1,,215.83505154639175,231.0,102.0,255.0,20936.0,41.348035123704065,0.19750985475291002,1.7218954088602696
ID4023,4023,52,14.6300048828125,23.017498542431277,322.6769241292275,0.0,8.0,8,5.0,1,,202.70103092783506,210.0,122.0,255.0,19662.0,38.76133300631078,0.21311622976021039,1.8373900513859425
ID4313,4313,52,14.616104125976562,37.50304258126769,319.26570063642674,0.0,2.0,2,5.0,1,,215.83505154639175,231.0,102.0,255.0,20936.0,41.348035123704065,0.19750985475291002,1.7218954088602696
ID2298,2298,52,13.226150512695312,15.609381041662813,313.2786962240127,0.0,12.0,12,5.0,1,,211.89690721649484,219.0,133.0,255.0,20554.0,32.64534312631821,0.19160144390337602,2.0873781479195173
ID5338,5338,52,14.616104125976562,37.50304258126769,319.26570063642674,0.0,1.0,1,5.0,1,,215.83505154639175,231.0,102.0,255.0,20936.0,41.348035123704065,0.19750985475291002,1.7218954088602696
ID3996,3996,52,12.137527465820312,16.514172189380023,314.9054029948216,0.0,10.0,10,5.0,1,,211.28865979381445,224.0,100.0,255.0,20495.0,36.73581323758608,0.15680756948172536,1.5592739634423092
ID2653,2653,52,13.6983642578125,18.370061758149657,317.80415683104104,0.0,13.0,13,5.0,1,,215.08247422680412,224.0,133.0,255.0,20863.0,31.094503166118706,0.18535513108575324,2.1632540545299173
ID3581,3581,52,15.228256225585938,34.471142639683556,321.5495585581848,0.0,4.0,4,5.0,1,,208.3298969072165,217.0,88.0,255.0,20208.0,42.62425992746688,0.2251283069254352,1.796276854175808
ID2144,2144,53,8.253875732421875,470.092816507665,42.99329558173028,0.0,13.0,13,5.0,1,,182.5463917525773,178.0,89.0,255.0,17707.0,47.49123178250835,0.07580428990890238,0.5416893869588845
ID2592,2592,53,8.253875732421875,470.092816507665,42.99329558173028,0.0,14.0,14,5.0,1,,182.5463917525773,178.0,89.0,255.0,17707.0,47.49123178250835,0.07580428990890238,0.5416893869588845
ID2016,2016,53,15.379791259765625,474.0992106092704,40.89782514601591,0.0,15.0,15,5.0,1,,214.2680412371134,225.0,123.0,255.0,20784.0,38.83043143590193,0.2082381530509786,1.9020544131176444
ID5153,5153,53,9.689834594726562,465.1174946195518,40.27628862857115,0.0,1.0,1,5.0,1,,191.69072164948454,190.0,118.0,255.0,18594.0,42.18470319735339,0.11486654053775303,0.9363684024805475
ID2979,2979,53,5.413421630859375,476.0,35.0,0.0,10.0,10,5.0,1,,139.55670103092783,129.0,69.0,255.0,13537.0,42.847590624640375,0.0635885599430902,0.3894570920460771
ID5767,5767,53,13.954605102539062,476.71121278257283,42.47536876788363,0.0,16.0,16,5.0,1,,185.44329896907217,188.0,96.0,255.0,17988.0,49.42291326571212,0.19600811615071567,1.2298516455533823
ID2920,2920,53,9.0975341796875,461.8631034118345,34.49086624376412,0.0,6.0,6,5.0,1,,191.24742268041237,195.0,123.0,255.0,18551.0,33.31385814236917,0.12154697191986265,1.2443063899671574
ID2698,2698,53,12.576812744140625,461.32328467621124,37.23119294646574,0.0,4.0,4,5.0,1,,199.82474226804123,211.0,113.0,255.0,19383.0,48.13328073980239,0.15015652721474546,1.083979478123397
ID2699,2699,53,5.413421630859375,476.0,35.0,0.0,11.0,11,5.0,1,,139.55670103092783,129.0,69.0,255.0,13537.0,42.847590624640375,0.0635885599430902,0.3894570920460771
ID5549,5549,53,13.954605102539062,476.71121278257283,42.47536876788363,0.0,17.0,17,5.0,1,,185.44329896907217,188.0,96.0,255.0,17988.0,49.42291326571212,0.19600811615071567,1.2298516455533823
ID5039,5039,53,9.689834594726562,465.1174946195518,40.27628862857115,0.0,3.0,3,5.0,1,,191.69072164948454,190.0,118.0,255.0,18594.0,42.18470319735339,0.11486654053775303,0.9363684024805475
ID4879,4879,53,9.689834594726562,465.1174946195518,40.27628862857115,0.0,0.0,0,5.0,1,,191.69072164948454,190.0,118.0,255.0,18594.0,42.18470319735339,0.11486654053775303,0.9363684024805475
ID2392,2392,53,8.23931884765625,475.28414819556156,32.56089251108736,0.0,9.0,9,5.0,1,,150.88659793814432,147.0,77.0,247.0,14636.0,46.01061387709447,0.10345665720921206,0.6149301644101746
ID2938,2938,53,12.576812744140625,461.32328467621124,37.23119294646574,0.0,5.0,5,5.0,1,,199.82474226804123,211.0,113.0,255.0,19383.0,48.13328073980239,0.15015652721474546,1.083979478123397
ID3003,3003,53,5.6397857666015625,473.17291061207567,30.405166770063442,0.0,8.0,8,5.0,1,,141.77319587628867,141.0,97.0,181.0,13752.0,22.885814909130563,0.08667645368645235,0.9882313366676366
ID2875,2875,53,5.6397857666015625,473.17291061207567,30.405166770063442,0.0,7.0,7,5.0,1,,141.77319587628867,141.0,97.0,181.0,13752.0,22.885814909130563,0.08667645368645235,0.9882313366676366
ID3293,3293,53,9.689834594726562,465.1174946195518,40.27628862857115,0.0,2.0,2,5.0,1,,191.69072164948454,190.0,118.0,255.0,18594.0,42.18470319735339,0.11486654053775303,0.9363684024805475
ID2142,2142,53,11.385879516601562,465.78365907862485,45.21519075863358,0.0,12.0,12,5.0,1,,207.83505154639175,218.0,130.0,255.0,20160.0,39.51916212747598,0.13519225631668258,1.252631870950919
ID2944,2944,54,15.23492431640625,767.0,42.0,0.0,7.0,7,5.0,1,,192.8556701030928,196.0,72.0,255.0,18707.0,49.331782708750445,0.36451506274254547,2.088684013961478
ID2145,2145,54,12.943740844726562,730.9804893164371,45.6365989452566,0.0,13.0,13,5.0,1,,223.55670103092783,236.0,129.0,255.0,21685.0,33.38536639013323,0.16043157516508935,1.851534681247759
ID2401,2401,54,14.472091674804688,758.8363603452277,42.42872567397231,0.0,9.0,9,5.0,1,,194.91752577319588,202.0,93.0,255.0,18907.0,49.333404441761715,0.20034832557828824,1.3189193050998693
ID2595,2595,54,12.943740844726562,730.9804893164371,45.6365989452566,0.0,14.0,14,5.0,1,,223.55670103092783,236.0,129.0,255.0,21685.0,33.38536639013323,0.16043157516508935,1.851534681247759
ID2947,2947,54,11.643081665039062,767.0,43.0,0.0,6.0,6,5.0,1,,145.95876288659792,133.0,32.0,255.0,14158.0,52.8297023316771,0.3181574843469962,1.3336960038926873
ID2724,2724,54,12.524093627929688,752.1073309457754,46.72666487299369,0.0,11.0,11,5.0,1,,215.8659793814433,229.0,116.0,255.0,20939.0,37.31695014388551,0.1630770601880998,1.622155336805389
ID5029,5029,54,11.631927490234375,767.0,32.0,0.0,3.0,3,5.0,1,,182.56701030927834,180.0,64.0,255.0,17709.0,54.825083070406514,0.2838621158297147,1.4725228835509607
ID5768,5768,54,11.630218505859375,710.7746967069819,42.86642711730198,0.0,16.0,16,5.0,1,,219.03092783505156,231.0,133.0,255.0,21246.0,34.52186915814121,0.14995685587641144,1.654725332381652
ID2953,2953,54,17.703384399414062,767.0,38.0,0.0,5.0,5,5.0,1,,171.95876288659792,169.0,35.0,255.0,16680.0,54.6643007984822,0.4122419321717977,1.836511164344407
ID3050,3050,54,15.23492431640625,767.0,42.0,0.0,8.0,8,5.0,1,,192.8556701030928,196.0,72.0,255.0,18707.0,49.331782708750445,0.36451506274254547,2.088684013961478
ID4875,4875,54,11.631927490234375,767.0,32.0,0.0,0.0,0,5.0,1,,182.56701030927834,180.0,64.0,255.0,17709.0,54.825083070406514,0.2838621158297147,1.4725228835509607
ID5550,5550,54,11.630218505859375,710.7746967069819,42.86642711730198,0.0,17.0,17,5.0,1,,219.03092783505156,231.0,133.0,255.0,21246.0,34.52186915814121,0.14995685587641144,1.654725332381652
ID3246,3246,54,11.631927490234375,767.0,32.0,0.0,2.0,2,5.0,1,,182.56701030927834,180.0,64.0,255.0,17709.0,54.825083070406514,0.2838621158297147,1.4725228835509607
ID3025,3025,54,12.524093627929688,752.1073309457754,46.72666487299369,0.0,10.0,10,5.0,1,,215.8659793814433,229.0,116.0,255.0,20939.0,37.31695014388551,0.1630770601880998,1.622155336805389
ID2708,2708,54,17.703384399414062,767.0,38.0,0.0,4.0,4,5.0,1,,171.95876288659792,169.0,35.0,255.0,16680.0,54.6643007984822,0.4122419321717977,1.836511164344407
ID5145,5145,54,11.631927490234375,767.0,32.0,0.0,1.0,1,5.0,1,,182.56701030927834,180.0,64.0,255.0,17709.0,54.825083070406514,0.2838621158297147,1.4725228835509607
ID2140,2140,54,12.775833129882812,737.4405706983441,43.47858270373183,0.0,12.0,12,5.0,1,,198.8762886597938,214.0,97.0,255.0,19291.0,49.48047968053469,0.1558832975481914,1.0840883996933086
ID2014,2014,54,11.443267822265625,715.8184918539146,38.885967271540714,0.0,15.0,15,5.0,1,,224.56701030927834,240.0,108.0,255.0,21783.0,32.911151610717646,0.14130720703539487,1.68964172822469
ID2657,2657,55,15.329513549804688,163.39000596554396,320.2819756662282,0.0,13.0,13,5.0,1,,209.55670103092783,228.0,118.0,255.0,20327.0,43.92914965035675,0.20644191788803634,1.6325640118904383
ID3249,3249,55,15.329513549804688,163.39000596554396,320.2819756662282,0.0,14.0,14,5.0,1,,209.55670103092783,228.0,118.0,255.0,20327.0,43.92914965035675,0.20644191788803634,1.6325640118904383
ID3585,3585,55,14.7215576171875,165.62549931264735,321.7023277737283,0.0,11.0,11,5.0,1,,203.7422680412371,201.0,97.0,255.0,19763.0,42.28728097551801,0.2102124738746178,1.6737794400886257
ID3762,3762,55,8.846481323242188,172.47549952608665,299.4644885946164,0.0,6.0,6,5.0,1,,151.60824742268042,146.0,88.0,237.0,14706.0,36.54750239443837,0.11539371518293076,0.8583197044213019
ID3395,3395,55,6.3086700439453125,173.37437209110334,285.73605588152657,0.0,4.0,4,5.0,1,,135.49484536082474,120.0,53.0,243.0,13143.0,41.14990980937368,0.08690120631233408,0.526525750657515
ID4020,4020,55,14.7215576171875,165.62549931264735,321.7023277737283,0.0,10.0,10,5.0,1,,203.7422680412371,201.0,97.0,255.0,19763.0,42.28728097551801,0.2102124738746178,1.6737794400886257
ID3844,3844,55,9.855941772460938,163.5344617762485,302.18446925649965,0.0,7.0,7,5.0,1,,178.76288659793815,173.0,107.0,255.0,17340.0,43.36155487964834,0.11348388898466531,0.8403356344900986
ID3881,3881,55,6.3086700439453125,173.37437209110334,285.73605588152657,0.0,5.0,5,5.0,1,,135.49484536082474,120.0,53.0,243.0,13143.0,41.14990980937368,0.08690120631233408,0.526525750657515
ID2300,2300,55,15.249923706054688,167.49632706631337,321.3263723780181,0.0,12.0,12,5.0,1,,198.72164948453607,218.0,87.0,255.0,19276.0,52.64577821551817,0.20306226188517476,1.2742444324485183
ID2764,2764,55,8.268096923828125,163.9298598454964,309.1502732422143,0.0,9.0,9,5.0,1,,170.5979381443299,172.0,98.0,252.0,16548.0,48.60741108484521,0.08913164321605507,0.5744507758551908
ID3868,3868,55,9.855941772460938,163.5344617762485,302.18446925649965,0.0,8.0,8,5.0,1,,178.76288659793815,173.0,107.0,255.0,17340.0,43.36155487964834,0.11348388898466531,0.8403356344900986
ID3170,3170,56,12.4822998046875,14.692368369359368,626.187658510438,0.0,13.0,13,5.0,1,,200.48453608247422,210.0,105.0,255.0,19447.0,46.81459739450531,0.1457620478726123,1.0896314039741475
ID3970,3970,56,12.4822998046875,14.692368369359368,626.187658510438,0.0,14.0,14,5.0,1,,200.48453608247422,210.0,105.0,255.0,19447.0,46.81459739450531,0.1457620478726123,1.0896314039741475
ID5938,5938,56,13.021728515625,9.00813885388968,632.9702738104764,0.0,16.0,16,5.0,1,,186.48453608247422,189.0,105.0,255.0,18089.0,47.04100901564104,0.18370832614552857,1.2304963482941293
ID5720,5720,56,13.021728515625,9.00813885388968,632.9702738104764,0.0,17.0,17,5.0,1,,186.48453608247422,189.0,105.0,255.0,18089.0,47.04100901564104,0.18370832614552857,1.2304963482941293
ID4589,4589,56,12.980087280273438,12.520056610333013,615.7366300623681,0.0,10.0,10,5.0,1,,213.97938144329896,229.0,124.0,255.0,20756.0,41.10478971012261,0.1570481689821221,1.4131586807319925
ID4222,4222,56,12.980087280273438,12.520056610333013,615.7366300623681,0.0,11.0,11,5.0,1,,213.97938144329896,229.0,124.0,255.0,20756.0,41.10478971012261,0.1570481689821221,1.4131586807319925
ID2431,2431,56,14.329010009765625,11.71971440573715,626.0072110734809,0.0,15.0,15,5.0,1,,195.27835051546393,207.0,98.0,255.0,18942.0,49.99223736992433,0.18743106249744895,1.2331465192159266
ID2147,2147,57,8.852119445800781,445.715547453787,46.87278393623218,0.0,13.0,13,5.0,1,,115.75257731958763,110.0,48.0,207.0,11228.0,41.0028024773498,0.15155977571192175,0.7430954322418973
ID2148,2148,57,5.48223876953125,439.27006001552803,49.759110004758725,0.0,12.0,12,5.0,1,,82.89690721649484,87.0,31.0,130.0,8041.0,21.465323070052268,0.16893289935214717,1.116234774297175
ID2598,2598,57,8.852119445800781,445.715547453787,46.87278393623218,0.0,14.0,14,5.0,1,,115.75257731958763,110.0,48.0,207.0,11228.0,41.0028024773498,0.15155977571192175,0.7430954322418973
ID2015,2015,57,5.4329833984375,422.8058090807181,39.8616451137998,0.0,15.0,15,5.0,1,,101.76288659793815,101.0,27.0,186.0,9871.0,31.179177478686356,0.1303600629139087,0.7528050359206481
ID3937,3937,58,12.61859130859375,446.0423909629762,314.75806477146455,0.0,7.0,7,5.0,1,,202.340206185567,209.0,116.0,255.0,19627.0,39.02400078742626,0.1683092293465276,1.4939309202820614
ID2659,2659,58,10.84539794921875,450.32834708040815,325.6214707054077,0.0,13.0,13,5.0,1,,167.18556701030928,162.0,101.0,255.0,16217.0,47.12778062019859,0.1580591401652906,0.9683685280113324
ID3592,3592,58,13.528106689453125,450.2357876412058,321.9161753078992,0.0,4.0,4,5.0,1,,206.93814432989691,215.0,119.0,255.0,20073.0,40.326742169689574,0.17411187770437292,1.5219357724415077
ID4011,4011,58,12.600662231445312,443.83967170160105,316.3157291701245,0.0,10.0,10,5.0,1,,199.60824742268042,204.0,108.0,255.0,19362.0,40.97396447263568,0.17162014652093227,1.4271904405737734
ID4332,4332,58,14.538604736328125,447.5589075120223,322.3974846992715,0.0,2.0,2,5.0,1,,198.27835051546393,208.0,105.0,255.0,19233.0,44.46036209086538,0.20631639697730741,1.525474005278098
ID3951,3951,58,13.639419555664062,448.02279641144884,320.44416986315,0.0,6.0,6,5.0,1,,205.36082474226805,221.0,105.0,255.0,19920.0,45.76757075316592,0.1700140505306262,1.3040176544770559
ID5873,5873,58,12.397384643554688,456.03312933617093,340.6513235987734,0.0,16.0,16,5.0,1,,182.42268041237114,174.0,94.0,255.0,17695.0,49.14939704859613,0.1668046768537909,1.0612084414314622
ID4977,4977,58,14.538604736328125,447.5589075120223,322.3974846992715,0.0,0.0,0,5.0,1,,198.27835051546393,208.0,105.0,255.0,19233.0,44.46036209086538,0.20631639697730741,1.525474005278098
ID3954,3954,58,12.61859130859375,446.0423909629762,314.75806477146455,0.0,8.0,8,5.0,1,,202.340206185567,209.0,116.0,255.0,19627.0,39.02400078742626,0.1683092293465276,1.4939309202820614
ID5655,5655,58,12.397384643554688,456.03312933617093,340.6513235987734,0.0,17.0,17,5.0,1,,182.42268041237114,174.0,94.0,255.0,17695.0,49.14939704859613,0.1668046768537909,1.0612084414314622
ID2776,2776,58,13.463180541992188,447.2674904890094,311.03185081413267,0.0,9.0,9,5.0,1,,195.2164948453608,194.0,105.0,255.0,18936.0,45.53598092079761,0.1723529412444154,1.2605269394787624
ID5272,5272,58,14.538604736328125,447.5589075120223,322.3974846992715,0.0,3.0,3,5.0,1,,198.27835051546393,208.0,105.0,255.0,19233.0,44.46036209086538,0.20631639697730741,1.525474005278098
ID3578,3578,58,12.600662231445312,443.83967170160105,316.3157291701245,0.0,11.0,11,5.0,1,,199.60824742268042,204.0,108.0,255.0,19362.0,40.97396447263568,0.17162014652093227,1.4271904405737734
ID3260,3260,58,10.84539794921875,450.32834708040815,325.6214707054077,0.0,14.0,14,5.0,1,,167.18556701030928,162.0,101.0,255.0,16217.0,47.12778062019859,0.1580591401652906,0.9683685280113324
ID2301,2301,58,13.8304443359375,446.4021238558099,321.5236283639587,0.0,12.0,12,5.0,1,,219.1340206185567,228.0,146.0,255.0,21256.0,29.402957924465767,0.1945926545635499,2.4280374610106845
ID4061,4061,58,13.528106689453125,450.2357876412058,321.9161753078992,0.0,5.0,5,5.0,1,,206.93814432989691,215.0,119.0,255.0,20073.0,40.326742169689574,0.17411187770437292,1.5219357724415077
ID5342,5342,58,14.538604736328125,447.5589075120223,322.3974846992715,0.0,1.0,1,5.0,1,,198.27835051546393,208.0,105.0,255.0,19233.0,44.46036209086538,0.20631639697730741,1.525474005278098
ID2239,2239,58,11.453643798828125,454.8324221330161,333.85823306891143,0.0,15.0,15,5.0,1,,179.9278350515464,180.0,89.0,253.0,17453.0,48.14047314515277,0.1616404662005357,1.0401509201753234
ID5552,5552,59,20.22344970703125,677.8274625450119,45.5953222149951,0.0,17.0,17,5.0,1,,199.50515463917526,207.0,88.0,255.0,19352.0,43.18133366768086,0.3294823737079979,2.2900115224581827
ID2385,2385,59,5.241973876953125,664.1161974651898,11.141300230771458,0.0,9.0,9,5.0,1,,97.20618556701031,97.0,38.0,174.0,9429.0,35.09123173491548,0.05604806304764555,0.29403715274124514
ID2018,2018,59,18.88262939453125,678.4574132323077,47.170134932845166,0.0,15.0,15,5.0,1,,187.18556701030928,198.0,76.0,255.0,18157.0,57.26279513074405,0.28309748501263504,1.4424679397188487
ID2149,2149,59,18.824539184570312,680.4317394242452,47.6583149840875,0.0,13.0,13,5.0,1,,190.89690721649484,209.0,82.0,255.0,18517.0,55.732150456461994,0.2952095795098982,1.5613975206794357
ID2952,2952,59,10.13787841796875,659.246659613446,15.692814555231973,0.0,10.0,10,5.0,1,,166.98969072164948,165.0,52.0,255.0,16198.0,53.70996471120002,0.13833578338951066,0.7556643513965883
ID2601,2601,59,18.824539184570312,680.4317394242452,47.6583149840875,0.0,14.0,14,5.0,1,,190.89690721649484,209.0,82.0,255.0,18517.0,55.732150456461994,0.2952095795098982,1.5613975206794357
ID5770,5770,59,20.22344970703125,677.8274625450119,45.5953222149951,0.0,16.0,16,5.0,1,,199.50515463917526,207.0,88.0,255.0,19352.0,43.18133366768086,0.3294823737079979,2.2900115224581827
ID2684,2684,59,10.13787841796875,659.246659613446,15.692814555231973,0.0,11.0,11,5.0,1,,166.98969072164948,165.0,52.0,255.0,16198.0,53.70996471120002,0.13833578338951066,0.7556643513965883
ID2143,2143,59,19.477142333984375,681.9833206159735,45.5290828707975,0.0,12.0,12,5.0,1,,191.7422680412371,209.0,70.0,255.0,18599.0,57.94542661535716,0.29509991848029077,1.5079762605384188
ID3104,3104,60,15.736038208007812,680.826180894951,48.708658411901304,0.0,8.0,8,5.0,1,,207.0,219.0,102.0,255.0,20079.0,44.22857296665433,0.21154413129647626,1.634403024654132
ID5057,5057,60,11.549362182617188,644.7324027288389,65.68355602157861,0.0,3.0,3,5.0,1,,187.24742268041237,185.0,116.0,255.0,18163.0,50.02208489920458,0.13607492606456467,0.8967165548181604
ID3043,3043,60,16.737014770507812,681.3623894282279,49.0152667654615,0.0,10.0,10,5.0,1,,195.1340206185567,207.0,101.0,255.0,18928.0,43.04809056595392,0.2768661916923844,1.9657742184651705
ID3363,3363,60,11.549362182617188,644.7324027288389,65.68355602157861,0.0,2.0,2,5.0,1,,187.24742268041237,185.0,116.0,255.0,18163.0,50.02208489920458,0.13607492606456467,0.8967165548181604
ID2980,2980,60,9.769607543945312,687.0,44.0,0.0,5.0,5,5.0,1,,146.82474226804123,123.0,72.0,255.0,14242.0,54.00868184631646,0.17066605651920275,0.7926469491835347
ID2021,2021,60,12.755126953125,650.9934886437018,51.420321024273065,0.0,15.0,15,5.0,1,,175.57731958762886,168.0,103.0,255.0,17031.0,44.30571705292539,0.18168975669163692,1.2186124564378664
ID2150,2150,60,13.0692138671875,651.2097944007493,52.530437433041264,0.0,13.0,13,5.0,1,,175.5979381443299,174.0,104.0,255.0,17033.0,47.33120442552813,0.19809820016666344,1.2268457585825172
ID2152,2152,60,14.846511840820312,665.4726271666614,58.225637257208525,0.0,12.0,12,5.0,1,,163.36082474226805,171.0,70.0,255.0,15846.0,60.26178749959255,0.22778256419745233,1.0058539349826199
ID5771,5771,60,13.537582397460938,655.2789621683506,52.97149117483771,0.0,16.0,16,5.0,1,,162.46391752577318,154.0,67.0,255.0,15759.0,58.742209032288926,0.19441837103788304,0.9003626443641197
ID2733,2733,60,16.737014770507812,681.3623894282279,49.0152667654615,0.0,11.0,11,5.0,1,,195.1340206185567,207.0,101.0,255.0,18928.0,43.04809056595392,0.2768661916923844,1.9657742184651705
ID5165,5165,60,11.549362182617188,644.7324027288389,65.68355602157861,0.0,1.0,1,5.0,1,,187.24742268041237,185.0,116.0,255.0,18163.0,50.02208489920458,0.13607492606456467,0.8967165548181604
ID2606,2606,60,13.0692138671875,651.2097944007493,52.530437433041264,0.0,14.0,14,5.0,1,,175.5979381443299,174.0,104.0,255.0,17033.0,47.33120442552813,0.19809820016666344,1.2268457585825172
ID2416,2416,60,14.565139770507812,687.1146268992197,55.64710997933482,0.0,9.0,9,5.0,1,,212.98969072164948,221.0,120.0,255.0,20660.0,36.031957703475086,0.20766931347626322,2.0329421274946595
ID5553,5553,60,13.537582397460938,655.2789621683506,52.97149117483771,0.0,17.0,17,5.0,1,,162.46391752577318,154.0,67.0,255.0,15759.0,58.742209032288926,0.19441837103788304,0.9003626443641197
ID2996,2996,60,15.736038208007812,680.826180894951,48.708658411901304,0.0,7.0,7,5.0,1,,207.0,219.0,102.0,255.0,20079.0,44.22857296665433,0.21154413129647626,1.634403024654132
ID4885,4885,60,11.549362182617188,644.7324027288389,65.68355602157861,0.0,0.0,0,5.0,1,,187.24742268041237,185.0,116.0,255.0,18163.0,50.02208489920458,0.13607492606456467,0.8967165548181604
ID2937,2937,60,12.382537841796875,686.0695375855715,41.87757358308591,0.0,6.0,6,5.0,1,,166.1443298969072,159.0,89.0,255.0,16116.0,49.18015133388029,0.16620483394070246,0.9629294579141944
ID2718,2718,60,9.769607543945312,687.0,44.0,0.0,4.0,4,5.0,1,,146.82474226804123,123.0,72.0,255.0,14242.0,54.00868184631646,0.17066605651920275,0.7926469491835347
ID2305,2305,61,12.243179321289062,528.1105969980614,324.86253918783086,0.0,12.0,12,5.0,1,,212.79381443298968,221.0,120.0,255.0,20641.0,36.99857490057608,0.16379556638328038,1.6189351132007341
ID4033,4033,61,12.549606323242188,529.4056119811534,313.06941138034085,0.0,5.0,5,5.0,1,,214.04123711340208,226.0,109.0,255.0,20762.0,39.04802532506532,0.16494428468257188,1.5522457827562055
ID3875,3875,61,10.695327758789062,524.7313643663646,301.7536306149045,0.0,8.0,8,5.0,1,,227.4536082474227,239.0,139.0,255.0,22063.0,29.91829868525166,0.1258045052484311,1.6991008010561437
ID5862,5862,61,11.855865478515625,523.3580078872839,317.8992662230543,0.0,16.0,16,5.0,1,,232.29896907216494,242.0,138.0,255.0,22533.0,25.50578567879813,0.15470745221435547,2.440494523481307
ID3271,3271,61,12.4339599609375,526.8042306673985,326.9178207404823,0.0,14.0,14,5.0,1,,216.2577319587629,229.0,112.0,255.0,20977.0,38.32244728140074,0.15353443350460733,1.502185730169684
ID2665,2665,61,12.4339599609375,526.8042306673985,326.9178207404823,0.0,13.0,13,5.0,1,,216.2577319587629,229.0,112.0,255.0,20977.0,38.32244728140074,0.15353443350460733,1.502185730169684
ID3561,3561,61,12.549606323242188,529.4056119811534,313.06941138034085,0.0,4.0,4,5.0,1,,214.04123711340208,226.0,109.0,255.0,20762.0,39.04802532506532,0.16494428468257188,1.5522457827562055
ID3948,3948,61,10.73480224609375,526.0993190728454,304.8613019149484,0.0,10.0,10,5.0,1,,222.75257731958763,236.0,132.0,255.0,21607.0,31.62311619153353,0.13348584996376303,1.6590795027593883
ID5644,5644,61,11.855865478515625,523.3580078872839,317.8992662230543,0.0,17.0,17,5.0,1,,232.29896907216494,242.0,138.0,255.0,22533.0,25.50578567879813,0.15470745221435547,2.440494523481307
ID4974,4974,61,12.702468872070312,528.3987293171779,311.6782021514663,0.0,0.0,0,5.0,1,,211.8659793814433,221.0,112.0,255.0,20551.0,41.44967552797695,0.16364452277662997,1.4376435815097601
ID3856,3856,61,10.695327758789062,524.7313643663646,301.7536306149045,0.0,7.0,7,5.0,1,,227.4536082474227,239.0,139.0,255.0,22063.0,29.91829868525166,0.1258045052484311,1.6991008010561437
ID4304,4304,61,12.702468872070312,528.3987293171779,311.6782021514663,0.0,2.0,2,5.0,1,,211.8659793814433,221.0,112.0,255.0,20551.0,41.44967552797695,0.16364452277662997,1.4376435815097601
ID5266,5266,61,12.702468872070312,528.3987293171779,311.6782021514663,0.0,3.0,3,5.0,1,,211.8659793814433,221.0,112.0,255.0,20551.0,41.44967552797695,0.16364452277662997,1.4376435815097601
ID3507,3507,61,10.73480224609375,526.0993190728454,304.8613019149484,0.0,11.0,11,5.0,1,,222.75257731958763,236.0,132.0,255.0,21607.0,31.62311619153353,0.13348584996376303,1.6590795027593883
ID5336,5336,61,12.702468872070312,528.3987293171779,311.6782021514663,0.0,1.0,1,5.0,1,,211.8659793814433,221.0,112.0,255.0,20551.0,41.44967552797695,0.16364452277662997,1.4376435815097601
ID3802,3802,61,10.68109130859375,524.5897136167604,302.0024075676183,0.0,6.0,6,5.0,1,,227.8762886597938,243.0,140.0,255.0,22104.0,32.57563562054429,0.1233295113894591,1.5360171940722303
ID2749,2749,61,10.384567260742188,524.2747636910501,302.26332332892616,0.0,9.0,9,5.0,1,,218.8041237113402,231.0,124.0,255.0,21224.0,34.69499218645061,0.11995611560922179,1.3509525420429194
ID2238,2238,61,12.168930053710938,527.0846118961244,329.28398523311705,0.0,15.0,15,5.0,1,,219.11340206185568,233.0,124.0,255.0,21254.0,36.56668460060894,0.14297719522439822,1.4991412686492174
ID2017,2017,62,5.82867431640625,447.33495338353487,44.488966364511235,0.0,15.0,15,5.0,1,,131.89690721649484,136.0,48.0,223.0,12794.0,38.718935003884745,0.11912629089615986,0.7252199223602886
ID2611,2611,62,6.1259307861328125,464.2323739875184,52.6614802671954,0.0,14.0,14,5.0,1,,121.77319587628865,119.0,45.0,235.0,11812.0,45.78516525457035,0.048449995272129114,0.24581191521957646
ID2131,2131,62,9.861679077148438,453.5042889517968,38.36078702268512,0.0,12.0,12,5.0,1,,213.96907216494844,215.0,126.0,255.0,20755.0,32.051863443048376,0.1293499751688135,1.5292043275874463
ID2709,2709,62,9.608993530273438,456.6902075426894,41.373156198890854,0.0,11.0,11,5.0,1,,237.64948453608247,247.0,178.0,255.0,23052.0,20.725910332396232,0.11834990812166137,2.426853028926062
ID2997,2997,62,9.608993530273438,456.6902075426894,41.373156198890854,0.0,10.0,10,5.0,1,,237.64948453608247,247.0,178.0,255.0,23052.0,20.725910332396232,0.11834990812166137,2.426853028926062
ID3095,3095,62,6.5658111572265625,449.8297581111302,46.65540505943236,0.0,8.0,8,5.0,1,,141.3298969072165,153.0,67.0,167.0,13709.0,26.899009294599082,0.13849971080528445,1.2783321006314676
ID2986,2986,62,6.5658111572265625,449.8297581111302,46.65540505943236,0.0,7.0,7,5.0,1,,141.3298969072165,153.0,67.0,167.0,13709.0,26.899009294599082,0.13849971080528445,1.2783321006314676
ID2156,2156,62,6.1259307861328125,464.2323739875184,52.6614802671954,0.0,13.0,13,5.0,1,,121.77319587628865,119.0,45.0,235.0,11812.0,45.78516525457035,0.048449995272129114,0.24581191521957646
ID2413,2413,62,5.744758605957031,451.7502132959534,56.33409727577453,0.0,9.0,9,5.0,1,,113.38144329896907,109.0,34.0,204.0,10998.0,41.25718202602453,0.05751498702711952,0.2989282163891619
ID5712,5712,63,15.267608642578125,151.9110803255621,619.2693514180643,0.0,17.0,17,5.0,1,,193.57731958762886,205.0,59.0,255.0,18777.0,52.96084147972491,0.2079465811157979,1.2584432808820072
ID4213,4213,63,11.60711669921875,149.7251970802012,615.4659669278543,0.0,11.0,11,5.0,1,,194.5257731958763,198.0,103.0,255.0,18869.0,48.96344146050558,0.13096493587166622,0.9201128690106617
ID4552,4552,63,12.35693359375,156.0,616.0,0.0,6.0,6,5.0,1,,206.48453608247422,215.0,119.0,255.0,20029.0,41.65486001108342,0.15182987900229872,1.3068349912904151
ID2458,2458,63,12.560989379882812,148.13879986424095,616.0454691086977,0.0,12.0,12,5.0,1,,194.43298969072166,201.0,88.0,255.0,18860.0,49.70117101581857,0.14362254537062386,0.9825920349000491
ID5930,5930,63,15.267608642578125,151.9110803255621,619.2693514180643,0.0,16.0,16,5.0,1,,193.57731958762886,205.0,59.0,255.0,18777.0,52.96084147972491,0.2079465811157979,1.2584432808820072
ID4586,4586,63,11.60711669921875,149.7251970802012,615.4659669278543,0.0,10.0,10,5.0,1,,194.5257731958763,198.0,103.0,255.0,18869.0,48.96344146050558,0.13096493587166622,0.9201128690106617
ID4603,4603,63,11.744064331054688,152.74403078053157,614.4466639125526,0.0,8.0,8,5.0,1,,193.09278350515464,200.0,88.0,255.0,18730.0,54.52122722585267,0.12096830022666624,0.7643788516490366
ID3180,3180,63,15.144760131835938,154.08739103797362,626.038278903333,0.0,13.0,13,5.0,1,,202.84536082474227,211.0,110.0,255.0,19676.0,43.04318088805936,0.20239810696168148,1.5865321583245895
ID4572,4572,63,11.744064331054688,152.74403078053157,614.4466639125526,0.0,7.0,7,5.0,1,,193.09278350515464,200.0,88.0,255.0,18730.0,54.52122722585267,0.12096830022666624,0.7643788516490366
ID3981,3981,63,15.144760131835938,154.08739103797362,626.038278903333,0.0,14.0,14,5.0,1,,202.84536082474227,211.0,110.0,255.0,19676.0,43.04318088805936,0.20239810696168148,1.5865321583245895
ID2429,2429,63,13.481475830078125,153.47424262480072,624.2419627075835,0.0,15.0,15,5.0,1,,190.98969072164948,187.0,73.0,255.0,18526.0,45.58199910723183,0.1897700206455784,1.3366297898102129
ID3503,3503,63,10.700881958007812,152.82630192021023,616.9184637522691,0.0,9.0,9,5.0,1,,191.71134020618555,194.0,94.0,255.0,18596.0,50.09448546723284,0.11137442528559409,0.7670310696869651
ID2818,2818,64,7.053192138671875,552.3779491418334,71.0497038267961,0.0,11.0,11,5.0,1,,148.5979381443299,154.0,80.0,183.0,14414.0,24.156029179160793,0.11909484004827549,1.3093124145537787
ID3171,3171,64,7.053192138671875,552.3779491418334,71.0497038267961,0.0,10.0,10,5.0,1,,148.5979381443299,154.0,80.0,183.0,14414.0,24.156029179160793,0.11909484004827549,1.3093124145537787
ID2022,2022,64,13.755996704101562,558.3051084349482,53.88568440552326,0.0,15.0,15,5.0,1,,205.5257731958763,218.0,94.0,255.0,19936.0,44.1687325264116,0.17941334271651813,1.4156961488937696
ID3208,3208,64,8.123870849609375,585.6597605144717,81.20171743495852,0.0,8.0,8,5.0,1,,123.38144329896907,115.0,37.0,251.0,11968.0,53.303854476593486,0.10854052645430914,0.4532748012781572
ID5769,5769,64,8.807846069335938,560.1343695542032,45.29816539118367,0.0,16.0,16,5.0,1,,157.8556701030928,147.0,77.0,255.0,15312.0,43.81423610224612,0.10626264172957602,0.6921453402965868
ID3082,3082,64,9.117576599121094,587.6811546266262,74.23917768642298,0.0,5.0,5,5.0,1,,127.15463917525773,118.0,24.0,255.0,12334.0,48.51854031497168,0.1329983765157076,0.6152782044862102
ID2157,2157,64,5.875091552734375,551.3984199658184,65.42837813583876,0.0,12.0,12,5.0,1,,150.7835051546392,148.0,45.0,215.0,14626.0,32.13293572674685,0.09739678995240185,0.8329412745173708
ID2158,2158,64,13.58441162109375,552.4492520700126,53.67744473644796,0.0,13.0,13,5.0,1,,190.97938144329896,202.0,98.0,255.0,18525.0,43.33300786290672,0.2068566727953085,1.5108156724446846
ID5551,5551,64,8.807846069335938,560.1343695542032,45.29816539118367,0.0,17.0,17,5.0,1,,157.8556701030928,147.0,77.0,255.0,15312.0,43.81423610224612,0.10626264172957602,0.6921453402965868
ID2451,2451,64,12.00103759765625,564.8250672864216,73.90441018962291,0.0,9.0,9,5.0,1,,206.5257731958763,211.0,110.0,255.0,20033.0,40.82842473477299,0.14653465367678553,1.292988865280652
ID2772,2772,64,9.117576599121094,587.6811546266262,74.23917768642298,0.0,4.0,4,5.0,1,,127.15463917525773,118.0,24.0,255.0,12334.0,48.51854031497168,0.1329983765157076,0.6152782044862102
ID5076,5076,64,6.649421691894531,587.7479981367376,75.07493338351264,0.0,3.0,3,5.0,1,,125.82474226804123,112.0,60.0,247.0,12205.0,38.50514313841679,0.08410268970777908,0.5070102815068717
ID5176,5176,64,6.649421691894531,587.7479981367376,75.07493338351264,0.0,1.0,1,5.0,1,,125.82474226804123,112.0,60.0,247.0,12205.0,38.50514313841679,0.08410268970777908,0.5070102815068717
ID2617,2617,64,13.58441162109375,552.4492520700126,53.67744473644796,0.0,14.0,14,5.0,1,,190.97938144329896,202.0,98.0,255.0,18525.0,43.33300786290672,0.2068566727953085,1.5108156724446846
ID3129,3129,64,12.252120971679688,568.8772438047888,87.82801491627946,0.0,6.0,6,5.0,1,,198.77319587628867,197.0,116.0,255.0,19281.0,37.568965792548106,0.1572370088180594,1.437775356606587
ID4891,4891,64,6.649421691894531,587.7479981367376,75.07493338351264,0.0,0.0,0,5.0,1,,125.82474226804123,112.0,60.0,247.0,12205.0,38.50514313841679,0.08410268970777908,0.5070102815068717
ID3100,3100,64,8.123870849609375,585.6597605144717,81.20171743495852,0.0,7.0,7,5.0,1,,123.38144329896907,115.0,37.0,251.0,11968.0,53.303854476593486,0.10854052645430914,0.4532748012781572
ID3422,3422,64,6.649421691894531,587.7479981367376,75.07493338351264,0.0,2.0,2,5.0,1,,125.82474226804123,112.0,60.0,247.0,12205.0,38.50514313841679,0.08410268970777908,0.5070102815068717
ID3425,3425,65,10.466217041015625,611.7606452817699,287.2286524584052,0.0,11.0,11,5.0,1,,174.37113402061857,174.0,97.0,255.0,16914.0,41.8059304972664,0.13603093204643626,0.9988820539430803
ID5649,5649,65,11.883682250976562,577.1274186797335,326.3139047782158,0.0,17.0,17,5.0,1,,182.82474226804123,185.0,82.0,255.0,17734.0,52.36132683679783,0.16036548966948452,0.9650958167929464
ID2290,2290,65,10.575347900390625,607.162782641468,296.9588959080438,0.0,12.0,12,5.0,1,,177.57731958762886,173.0,111.0,255.0,17225.0,38.349498869918534,0.1694959739120037,1.3422037703878322
ID2162,2162,65,14.72039794921875,580.7879020159788,324.68525934705355,0.0,15.0,15,5.0,1,,205.02061855670104,221.0,44.0,255.0,19887.0,47.13875338240009,0.20067326891929932,1.4538316707403443
ID3283,3283,65,12.221328735351562,585.2256772016477,327.42621635078996,0.0,14.0,14,5.0,1,,221.8659793814433,237.0,94.0,255.0,21521.0,35.797354670067044,0.14864214790816846,1.6040835994708853
ID5867,5867,65,11.883682250976562,577.1274186797335,326.3139047782158,0.0,16.0,16,5.0,1,,182.82474226804123,185.0,82.0,255.0,17734.0,52.36132683679783,0.16036548966948452,0.9650958167929464
ID2670,2670,65,12.221328735351562,585.2256772016477,327.42621635078996,0.0,13.0,13,5.0,1,,221.8659793814433,237.0,94.0,255.0,21521.0,35.797354670067044,0.14864214790816846,1.6040835994708853
ID3887,3887,65,10.466217041015625,611.7606452817699,287.2286524584052,0.0,10.0,10,5.0,1,,174.37113402061857,174.0,97.0,255.0,16914.0,41.8059304972664,0.13603093204643626,0.9988820539430803
ID2815,2815,65,11.581832885742188,591.4047726009026,327.4966443425165,0.0,9.0,9,5.0,1,,241.04123711340208,249.0,180.0,255.0,23381.0,17.493997497816462,0.1587372385766677,3.7750798307616718
ID2176,2176,66,11.253829956054688,651.0982011226057,102.74997610523482,0.0,12.0,12,5.0,1,,170.17525773195877,167.0,87.0,245.0,16507.0,50.25953688714176,0.15601203864543683,0.9139105384450371
ID3173,3173,66,6.1261444091796875,652.8754417627226,98.75662188609265,0.0,5.0,5,5.0,1,,100.94845360824742,97.0,28.0,215.0,9792.0,36.53119988848021,0.11077691350118371,0.5511732665199407
ID2023,2023,66,13.417373657226562,659.7754076957365,54.80473010312385,0.0,15.0,15,5.0,1,,183.93814432989691,185.0,89.0,255.0,17842.0,45.37776952819466,0.18606351998227974,1.2717798382254335
ID5774,5774,66,11.373870849609375,668.9382804979267,62.889176816695844,0.0,16.0,16,5.0,1,,162.04123711340208,166.0,72.0,255.0,15718.0,45.82778395020801,0.1610571778263157,0.9809642173997296
ID2160,2160,66,12.49530029296875,660.2764856860281,54.39064200495776,0.0,13.0,13,5.0,1,,185.5979381443299,188.0,95.0,255.0,18003.0,47.814454708150755,0.1567466120931803,1.0519712289653904
ID2865,2865,66,10.751907348632812,656.1166816253577,92.65651731453842,0.0,11.0,11,5.0,1,,174.16494845360825,174.0,91.0,255.0,16894.0,39.97881741528129,0.1635424270603502,1.2246416412081544
ID3123,3123,66,5.6944732666015625,639.3532206676574,83.61569998530871,0.0,7.0,7,5.0,1,,114.19587628865979,108.0,22.0,214.0,11077.0,48.110038621385485,0.08209058999758147,0.3601425773099117
ID5556,5556,66,11.373870849609375,668.9382804979267,62.889176816695844,0.0,17.0,17,5.0,1,,162.04123711340208,166.0,72.0,255.0,15718.0,45.82778395020801,0.1610571778263157,0.9809642173997296
ID3157,3157,66,6.9988555908203125,651.4134621211624,104.55851401608906,0.0,6.0,6,5.0,1,,104.97938144329896,100.0,42.0,219.0,10183.0,37.12674782121467,0.12979705793832122,0.6496979645034232
ID2806,2806,66,6.1261444091796875,652.8754417627226,98.75662188609265,0.0,4.0,4,5.0,1,,100.94845360824742,97.0,28.0,215.0,9792.0,36.53119988848021,0.11077691350118371,0.5511732665199407
ID3257,3257,66,10.751907348632812,656.1166816253577,92.65651731453842,0.0,10.0,10,5.0,1,,174.16494845360825,174.0,91.0,255.0,16894.0,39.97881741528129,0.1635424270603502,1.2246416412081544
ID2621,2621,66,12.49530029296875,660.2764856860281,54.39064200495776,0.0,14.0,14,5.0,1,,185.5979381443299,188.0,95.0,255.0,18003.0,47.814454708150755,0.1567466120931803,1.0519712289653904
ID3229,3229,66,5.6944732666015625,639.3532206676574,83.61569998530871,0.0,8.0,8,5.0,1,,114.19587628865979,108.0,22.0,214.0,11077.0,48.110038621385485,0.08209058999758147,0.3601425773099117
ID2462,2462,66,12.481719970703125,654.299376621026,85.17080063166978,0.0,9.0,9,5.0,1,,190.71134020618555,193.0,95.0,255.0,18499.0,42.052783985052294,0.18542659432415853,1.418760592989663
ID5086,5086,66,6.0410614013671875,639.8871696845872,84.0848868663401,0.0,3.0,3,5.0,1,,118.95876288659794,118.0,44.0,192.0,11539.0,27.877304660247827,0.14348659188006538,1.0709172080480551
ID3454,3454,66,6.0410614013671875,639.8871696845872,84.0848868663401,0.0,2.0,2,5.0,1,,118.95876288659794,118.0,44.0,192.0,11539.0,27.877304660247827,0.14348659188006538,1.0709172080480551
ID5182,5182,66,6.0410614013671875,639.8871696845872,84.0848868663401,0.0,1.0,1,5.0,1,,118.95876288659794,118.0,44.0,192.0,11539.0,27.877304660247827,0.14348659188006538,1.0709172080480551
ID4894,4894,66,6.0410614013671875,639.8871696845872,84.0848868663401,0.0,0.0,0,5.0,1,,118.95876288659794,118.0,44.0,192.0,11539.0,27.877304660247827,0.14348659188006538,1.0709172080480551
ID2784,2784,67,11.616607666015625,530.8331129663549,311.34968774331094,0.0,9.0,9,5.0,1,,231.0,246.0,144.0,255.0,22407.0,29.784643694360355,0.1487312705849608,2.0083223016842973
ID3968,3968,67,11.8597412109375,531.1119958578442,314.50592113557667,0.0,8.0,8,5.0,1,,212.11340206185568,223.0,112.0,255.0,20575.0,39.78847097691003,0.15290254783915194,1.4140441794269807
ID2306,2306,67,10.015335083007812,573.9881487072419,328.55822671748126,0.0,12.0,12,5.0,1,,140.39175257731958,136.0,61.0,249.0,13618.0,47.90649675431797,0.14738337414823546,0.7528650215567492
ID4005,4005,67,11.456497192382812,531.313352680184,315.2327573987224,0.0,10.0,10,5.0,1,,222.7422680412371,233.0,126.0,255.0,21606.0,32.719858378397774,0.14802433283222333,1.7555097143449092
ID3946,3946,67,11.8597412109375,531.1119958578442,314.50592113557667,0.0,7.0,7,5.0,1,,212.11340206185568,223.0,112.0,255.0,20575.0,39.78847097691003,0.15290254783915194,1.4140441794269807
ID3916,3916,67,12.252151489257812,529.08743972127,314.76736835183533,0.0,6.0,6,5.0,1,,208.04123711340208,217.0,111.0,255.0,20180.0,40.61068145763635,0.16186551917487155,1.4273734930599278
ID5293,5293,67,12.941177368164062,544.714562878495,367.1573796601092,0.0,3.0,3,5.0,1,,192.7422680412371,196.0,97.0,255.0,18696.0,43.43416434446972,0.16279787028511655,1.2425674764572137
ID3567,3567,67,11.456497192382812,531.313352680184,315.2327573987224,0.0,11.0,11,5.0,1,,222.7422680412371,233.0,126.0,255.0,21606.0,32.719858378397774,0.14802433283222333,1.7555097143449092
ID2674,2674,67,11.859619140625,574.0772227799245,328.08954265290447,0.0,13.0,13,5.0,1,,166.88659793814432,195.0,32.0,250.0,16188.0,60.917956488053775,0.15940625374558892,0.7533136685310045
ID3666,3666,67,13.629180908203125,528.8667428760715,358.69491000586083,0.0,4.0,4,5.0,1,,217.5257731958763,237.0,115.0,255.0,21100.0,41.88553170634251,0.16827577985682904,1.4960734732150955
ID5875,5875,67,14.1253662109375,557.5881591674759,354.36654910928564,0.0,16.0,16,5.0,1,,188.63917525773195,192.0,97.0,255.0,18298.0,43.5902286372307,0.2139686513112537,1.525511250843956
ID5364,5364,67,12.941177368164062,544.714562878495,367.1573796601092,0.0,1.0,1,5.0,1,,192.7422680412371,196.0,97.0,255.0,18696.0,43.43416434446972,0.16279787028511655,1.2425674764572137
ID2165,2165,67,12.16943359375,575.0,326.0,0.0,15.0,15,5.0,1,,183.75257731958763,189.0,73.0,255.0,17824.0,53.794173888348695,0.1634898323195572,0.9599670984493927
ID4119,4119,67,13.629180908203125,528.8667428760715,358.69491000586083,0.0,5.0,5,5.0,1,,217.5257731958763,237.0,115.0,255.0,21100.0,41.88553170634251,0.16827577985682904,1.4960734732150955
ID4408,4408,67,12.941177368164062,544.714562878495,367.1573796601092,0.0,2.0,2,5.0,1,,192.7422680412371,196.0,97.0,255.0,18696.0,43.43416434446972,0.16279787028511655,1.2425674764572137
ID5657,5657,67,14.1253662109375,557.5881591674759,354.36654910928564,0.0,17.0,17,5.0,1,,188.63917525773195,192.0,97.0,255.0,18298.0,43.5902286372307,0.2139686513112537,1.525511250843956
ID4987,4987,67,12.941177368164062,544.714562878495,367.1573796601092,0.0,0.0,0,5.0,1,,192.7422680412371,196.0,97.0,255.0,18696.0,43.43416434446972,0.16279787028511655,1.2425674764572137
ID3294,3294,67,11.859619140625,574.0772227799245,328.08954265290447,0.0,14.0,14,5.0,1,,166.88659793814432,195.0,32.0,250.0,16188.0,60.917956488053775,0.15940625374558892,0.7533136685310045
ID2625,2625,68,10.89276123046875,730.3293804287835,54.881550532311195,0.0,14.0,14,5.0,1,,180.0721649484536,187.0,97.0,255.0,17467.0,45.4150414287217,0.15362801578897176,1.056042736968964
ID2146,2146,68,12.819976806640625,745.0893906991585,49.53978508598046,0.0,12.0,12,5.0,1,,233.37113402061857,244.0,145.0,255.0,22637.0,26.143163378002583,0.16679619922434327,2.552173175240778
ID5554,5554,68,14.804046630859375,711.9587298830373,53.34109979587859,0.0,17.0,17,5.0,1,,199.49484536082474,208.0,109.0,255.0,19351.0,42.43674795881027,0.21057057486058836,1.6354118804319633
ID2163,2163,68,10.89276123046875,730.3293804287835,54.881550532311195,0.0,13.0,13,5.0,1,,180.0721649484536,187.0,97.0,255.0,17467.0,45.4150414287217,0.15362801578897176,1.056042736968964
ID2019,2019,68,12.729766845703125,720.9698331816332,49.39599166458745,0.0,15.0,15,5.0,1,,223.63917525773195,237.0,131.0,255.0,21693.0,33.888968696505295,0.16325802944259007,1.8523285313906366
ID2743,2743,68,11.472640991210938,759.9285000541078,54.61542594358252,0.0,11.0,11,5.0,1,,237.68041237113403,245.0,185.0,255.0,23055.0,19.278953545983207,0.15391015332392963,3.2887829112155993
ID3067,3067,68,11.472640991210938,759.9285000541078,54.61542594358252,0.0,10.0,10,5.0,1,,237.68041237113403,245.0,185.0,255.0,23055.0,19.278953545983207,0.15391015332392963,3.2887829112155993
ID5772,5772,68,14.804046630859375,711.9587298830373,53.34109979587859,0.0,16.0,16,5.0,1,,199.49484536082474,208.0,109.0,255.0,19351.0,42.43674795881027,0.21057057486058836,1.6354118804319633
ID2433,2433,69,12.470779418945312,561.8412854742,62.91218191447233,0.0,9.0,9,5.0,1,,189.39175257731958,182.0,89.0,255.0,18371.0,46.312695501393684,0.15271664412786057,1.0835645995152419
ID3075,3075,69,14.090972900390625,561.0792924794666,56.67024892496147,0.0,10.0,10,5.0,1,,190.93814432989691,195.0,107.0,255.0,18521.0,45.99746696671408,0.20580071508078063,1.4169682506041315
ID3012,3012,69,12.699676513671875,555.9971476554002,66.32753711503682,0.0,6.0,6,5.0,1,,177.4742268041237,169.0,67.0,255.0,17215.0,51.46683656805636,0.161178655657632,0.9572961193831413
ID2629,2629,69,10.311614990234375,564.6510730974642,58.73943842974045,0.0,14.0,14,5.0,1,,195.7319587628866,200.0,108.0,255.0,18986.0,41.21071752386284,0.12955720430014428,1.0895192296675922
ID3045,3045,69,12.374252319335938,560.1787129182977,66.11786552574941,0.0,7.0,7,5.0,1,,193.93814432989691,195.0,100.0,255.0,18812.0,40.2820303280998,0.1700849931204113,1.399685510422554
ID2151,2151,69,14.492630004882812,559.3968968024468,55.79708260034376,0.0,12.0,12,5.0,1,,205.48453608247422,212.0,62.0,255.0,19932.0,41.60256237152091,0.18649418911093826,1.552704273456033
ID2029,2029,69,11.455673217773438,567.2595435834127,74.65961491614013,0.0,15.0,15,5.0,1,,178.8762886597938,162.0,100.0,255.0,17351.0,48.80109666885033,0.15592102564739949,0.9888483859732905
ID5775,5775,69,13.936355590820312,568.6126036977741,68.00430078699478,0.0,16.0,16,5.0,1,,193.06185567010309,197.0,115.0,255.0,18727.0,43.648647944168346,0.20658626742638325,1.514602771140871
ID3151,3151,69,12.374252319335938,560.1787129182977,66.11786552574941,0.0,8.0,8,5.0,1,,193.93814432989691,195.0,100.0,255.0,18812.0,40.2820303280998,0.1700849931204113,1.399685510422554
ID2768,2768,69,14.137008666992188,554.0512099371487,71.42890369045365,0.0,4.0,4,5.0,1,,192.30927835051546,192.0,120.0,255.0,18654.0,42.4792500386812,0.1957855338154008,1.4824521948398348
ID3442,3442,69,13.833084106445312,552.4757867349648,77.2813784556919,0.0,2.0,2,5.0,1,,208.48453608247422,222.0,111.0,255.0,20223.0,38.19252582914125,0.1893006991395737,1.737744833572728
ID5557,5557,69,13.936355590820312,568.6126036977741,68.00430078699478,0.0,17.0,17,5.0,1,,193.06185567010309,197.0,115.0,255.0,18727.0,43.648647944168346,0.20658626742638325,1.514602771140871
ID2166,2166,69,10.311614990234375,564.6510730974642,58.73943842974045,0.0,13.0,13,5.0,1,,195.7319587628866,200.0,108.0,255.0,18986.0,41.21071752386284,0.12955720430014428,1.0895192296675922
ID5082,5082,69,13.833084106445312,552.4757867349648,77.2813784556919,0.0,3.0,3,5.0,1,,208.48453608247422,222.0,111.0,255.0,20223.0,38.19252582914125,0.1893006991395737,1.737744833572728
ID2748,2748,69,14.090972900390625,561.0792924794666,56.67024892496147,0.0,11.0,11,5.0,1,,190.93814432989691,195.0,107.0,255.0,18521.0,45.99746696671408,0.20580071508078063,1.4169682506041315
ID5180,5180,69,13.833084106445312,552.4757867349648,77.2813784556919,0.0,1.0,1,5.0,1,,208.48453608247422,222.0,111.0,255.0,20223.0,38.19252582914125,0.1893006991395737,1.737744833572728
ID4893,4893,69,13.833084106445312,552.4757867349648,77.2813784556919,0.0,0.0,0,5.0,1,,208.48453608247422,222.0,111.0,255.0,20223.0,38.19252582914125,0.1893006991395737,1.737744833572728
ID3071,3071,69,14.137008666992188,554.0512099371487,71.42890369045365,0.0,5.0,5,5.0,1,,192.30927835051546,192.0,120.0,255.0,18654.0,42.4792500386812,0.1957855338154008,1.4824521948398348
ID4178,4178,70,13.475265502929688,186.86717360812497,604.934415648081,0.0,11.0,11,5.0,1,,177.93814432989691,167.0,96.0,255.0,17260.0,53.77418340325853,0.17786824456589204,0.9993714406197859
ID4562,4562,70,13.475265502929688,186.86717360812497,604.934415648081,0.0,10.0,10,5.0,1,,177.93814432989691,167.0,96.0,255.0,17260.0,53.77418340325853,0.17786824456589204,0.9993714406197859
ID3427,3427,70,13.4844970703125,192.61933108365835,604.3131014479109,0.0,9.0,9,5.0,1,,162.72164948453607,154.0,70.0,255.0,15784.0,59.69728188048033,0.1890381456105907,0.8667112567125421
ID5940,5940,70,13.2645263671875,168.96959223325678,634.2472428790812,0.0,16.0,16,5.0,1,,194.340206185567,195.0,101.0,255.0,18851.0,45.5564865940118,0.1728044424825744,1.257105517674112
ID3991,3991,70,12.114601135253906,172.84731142259506,626.1181879278553,0.0,14.0,14,5.0,1,,135.69072164948454,124.0,56.0,250.0,13162.0,44.54968219694499,0.23772717352172734,1.170009636431356
ID2439,2439,70,13.455032348632812,169.98591710375874,630.0981121375196,0.0,15.0,15,5.0,1,,168.11340206185568,155.0,91.0,255.0,16307.0,47.29096026388565,0.22316751270740412,1.2971769869575787
ID3192,3192,70,12.114601135253906,172.84731142259506,626.1181879278553,0.0,13.0,13,5.0,1,,135.69072164948454,124.0,56.0,250.0,13162.0,44.54968219694499,0.23772717352172734,1.170009636431356
ID2440,2440,70,16.204360961914062,185.7035837623832,607.1701889690632,0.0,12.0,12,5.0,1,,225.31958762886597,239.0,134.0,255.0,21856.0,31.534553268251294,0.2297795453008981,2.6700928320606128
ID5722,5722,70,13.2645263671875,168.96959223325678,634.2472428790812,0.0,17.0,17,5.0,1,,194.340206185567,195.0,101.0,255.0,18851.0,45.5564865940118,0.1728044424825744,1.257105517674112
ID3168,3168,71,14.688552856445312,589.3119140210774,68.59456669412097,0.0,8.0,8,5.0,1,,206.1340206185567,222.0,89.0,255.0,19995.0,43.13028442646656,0.199052958810063,1.586819833856991
ID2020,2020,71,11.462066650390625,611.8845420259008,51.25145433239292,0.0,15.0,15,5.0,1,,124.56701030927834,105.0,42.0,249.0,12083.0,53.3964939580335,0.15916606469506345,0.6406563206367174
ID3109,3109,71,11.655868530273438,597.0,61.0,0.0,10.0,10,5.0,1,,194.1958762886598,204.0,48.0,255.0,18837.0,50.30607136470908,0.13350280175237367,0.909321330614522
ID2632,2632,71,14.327682495117188,600.2094262166164,59.702195651125294,0.0,14.0,14,5.0,1,,136.51546391752578,126.0,34.0,254.0,13242.0,53.17857365402244,0.2728461208628805,1.1005684042627486
ID2442,2442,71,16.223602294921875,588.7205725798809,65.33479354175086,0.0,9.0,9,5.0,1,,220.82474226804123,236.0,115.0,255.0,21420.0,32.0952392333084,0.23792814334068246,2.644767441785745
ID2155,2155,71,14.219070434570312,593.642530769397,63.378644047123124,0.0,12.0,12,5.0,1,,166.8556701030928,153.0,96.0,255.0,16185.0,48.488183631582174,0.2481402334144646,1.3682606999126568
ID2763,2763,71,12.602767944335938,599.8679459522664,68.2046361911627,0.0,4.0,4,5.0,1,,160.77319587628867,147.0,87.0,255.0,15595.0,52.16590224838745,0.1779026227783944,0.9309575519497373
ID3403,3403,71,9.105255126953125,598.943764587785,74.32189376257526,0.0,2.0,2,5.0,1,,157.31958762886597,139.0,97.0,255.0,15260.0,49.41903023965747,0.12717142173621132,0.7183202894578687
ID5773,5773,71,13.24896240234375,570.9331656485961,53.55221722558711,0.0,16.0,16,5.0,1,,211.38144329896906,224.0,90.0,255.0,20504.0,41.39505890878593,0.17703473599264008,1.5360931680198686
ID5069,5069,71,9.105255126953125,598.943764587785,74.32189376257526,0.0,3.0,3,5.0,1,,157.31958762886597,139.0,97.0,255.0,15260.0,49.41903023965747,0.12717142173621132,0.7183202894578687
ID2766,2766,71,11.655868530273438,597.0,61.0,0.0,11.0,11,5.0,1,,194.1958762886598,204.0,48.0,255.0,18837.0,50.30607136470908,0.13350280175237367,0.909321330614522
ID3024,3024,71,8.857635498046875,592.5454219659753,67.87569214181602,0.0,6.0,6,5.0,1,,163.7319587628866,151.0,90.0,255.0,15882.0,52.50208636011476,0.11304356921749305,0.6334620292563735
ID5555,5555,71,13.24896240234375,570.9331656485961,53.55221722558711,0.0,17.0,17,5.0,1,,211.38144329896906,224.0,90.0,255.0,20504.0,41.39505890878593,0.17703473599264008,1.5360931680198686
ID3059,3059,71,12.602767944335938,599.8679459522664,68.2046361911627,0.0,5.0,5,5.0,1,,160.77319587628867,147.0,87.0,255.0,15595.0,52.16590224838745,0.1779026227783944,0.9309575519497373
ID3060,3060,71,14.688552856445312,589.3119140210774,68.59456669412097,0.0,7.0,7,5.0,1,,206.1340206185567,222.0,89.0,255.0,19995.0,43.13028442646656,0.199052958810063,1.586819833856991
ID5173,5173,71,9.105255126953125,598.943764587785,74.32189376257526,0.0,1.0,1,5.0,1,,157.31958762886597,139.0,97.0,255.0,15260.0,49.41903023965747,0.12717142173621132,0.7183202894578687
ID2169,2169,71,14.327682495117188,600.2094262166164,59.702195651125294,0.0,13.0,13,5.0,1,,136.51546391752578,126.0,34.0,254.0,13242.0,53.17857365402244,0.2728461208628805,1.1005684042627486
ID4889,4889,71,9.105255126953125,598.943764587785,74.32189376257526,0.0,0.0,0,5.0,1,,157.31958762886597,139.0,97.0,255.0,15260.0,49.41903023965747,0.12717142173621132,0.7183202894578687
ID5283,5283,72,11.158157348632812,721.4833200467442,337.26026173957894,0.0,3.0,3,5.0,1,,183.38144329896906,176.0,105.0,255.0,17788.0,50.1668971407294,0.1355251910958919,0.8725521576698562
ID2308,2308,72,13.915802001953125,717.2604433619092,337.4685287134713,0.0,12.0,12,5.0,1,,183.76288659793815,182.0,96.0,255.0,17825.0,48.042033070851154,0.19064813694385194,1.224942071179044
ID2183,2183,72,12.4595947265625,714.1480593685428,325.93952659271275,0.0,15.0,15,5.0,1,,171.340206185567,160.0,87.0,255.0,16620.0,51.07590075032495,0.17934743971782466,1.0202971162468821
ID3305,3305,72,15.097854614257812,715.1148266586191,337.1153467751584,0.0,14.0,14,5.0,1,,183.48453608247422,179.0,95.0,255.0,17798.0,54.27689682737602,0.22024253331619315,1.2203080860191522
ID4009,4009,72,14.396347045898438,721.8533825987163,333.66472886698625,0.0,6.0,6,5.0,1,,212.4020618556701,214.0,129.0,255.0,20603.0,32.674741708305326,0.20708897552725938,2.2304590636578445
ID5354,5354,72,11.158157348632812,721.4833200467442,337.26026173957894,0.0,1.0,1,5.0,1,,183.38144329896906,176.0,105.0,255.0,17788.0,50.1668971407294,0.1355251910958919,0.8725521576698562
ID4043,4043,72,14.566314697265625,716.4807126981507,334.09808146195667,0.0,7.0,7,5.0,1,,177.44329896907217,180.0,77.0,255.0,17212.0,54.44281577034233,0.17156312641792287,0.9545688928229084
ID5868,5868,72,11.671630859375,713.8436585108096,326.01131435209675,0.0,16.0,16,5.0,1,,155.36082474226805,140.0,91.0,255.0,15070.0,50.649157932908565,0.1901011528224592,0.979941519811943
ID3630,3630,72,5.813255310058594,696.651706354868,327.0690617499811,0.0,11.0,11,5.0,1,,115.96907216494846,98.0,27.0,252.0,11249.0,48.25204089125994,0.08100126468669874,0.360182069092346
ID5650,5650,72,11.671630859375,713.8436585108096,326.01131435209675,0.0,17.0,17,5.0,1,,155.36082474226805,140.0,91.0,255.0,15070.0,50.649157932908565,0.1901011528224592,0.979941519811943
ID4372,4372,72,11.158157348632812,721.4833200467442,337.26026173957894,0.0,2.0,2,5.0,1,,183.38144329896906,176.0,105.0,255.0,17788.0,50.1668971407294,0.1355251910958919,0.8725521576698562
ID3638,3638,72,12.29388427734375,721.3737078416026,336.12158216421454,0.0,4.0,4,5.0,1,,192.84536082474227,190.0,113.0,255.0,18706.0,43.177526032596305,0.1622865375337131,1.2472419904432215
ID4982,4982,72,11.158157348632812,721.4833200467442,337.26026173957894,0.0,0.0,0,5.0,1,,183.38144329896906,176.0,105.0,255.0,17788.0,50.1668971407294,0.1355251910958919,0.8725521576698562
ID2807,2807,72,9.222030639648438,704.3477669124557,324.07454561733834,0.0,9.0,9,5.0,1,,163.49484536082474,154.0,87.0,255.0,15859.0,45.53732985862172,0.1435799261956877,0.9015580619422084
ID4056,4056,72,5.813255310058594,696.651706354868,327.0690617499811,0.0,10.0,10,5.0,1,,115.96907216494846,98.0,27.0,252.0,11249.0,48.25204089125994,0.08100126468669874,0.360182069092346
ID2681,2681,72,15.097854614257812,715.1148266586191,337.1153467751584,0.0,13.0,13,5.0,1,,183.48453608247422,179.0,95.0,255.0,17798.0,54.27689682737602,0.22024253331619315,1.2203080860191522
ID4059,4059,72,14.566314697265625,716.4807126981507,334.09808146195667,0.0,8.0,8,5.0,1,,177.44329896907217,180.0,77.0,255.0,17212.0,54.44281577034233,0.17156312641792287,0.9545688928229084
ID4091,4091,72,12.29388427734375,721.3737078416026,336.12158216421454,0.0,5.0,5,5.0,1,,192.84536082474227,190.0,113.0,255.0,18706.0,43.177526032596305,0.1622865375337131,1.2472419904432215
ID5155,5155,73,16.389572143554688,159.36747850447188,50.41628455406223,0.0,1.0,1,5.0,1,,229.15463917525773,244.0,107.0,255.0,22228.0,32.61049811991325,0.22816516832238598,2.61092133068078
ID2757,2757,73,14.422073364257812,210.2067142490068,58.90780772997581,0.0,11.0,11,5.0,1,,214.94845360824743,222.0,127.0,255.0,20850.0,35.557573951158375,0.19283288417269925,1.9544910787894167
ID2407,2407,73,12.8621826171875,200.46220429683044,45.64102067199744,0.0,9.0,9,5.0,1,,208.58762886597938,214.0,144.0,255.0,20233.0,35.73389864019166,0.16866215950307262,1.6848716244842152
ID2153,2153,73,14.43377685546875,202.52664193831305,60.16105774958086,0.0,12.0,12,5.0,1,,196.4742268041237,203.0,84.0,255.0,19058.0,46.601612271712504,0.19739933902719262,1.3900848875286544
ID2729,2729,73,14.00341796875,164.25908694428503,49.375451790042526,0.0,4.0,4,5.0,1,,215.340206185567,228.0,105.0,255.0,20888.0,39.92672627188933,0.18109126139767925,1.6538855599289417
ID2026,2026,73,12.531509399414062,202.7317753893009,67.36623211908604,0.0,15.0,15,5.0,1,,170.18556701030928,164.0,96.0,255.0,16508.0,54.88061472735371,0.1844571298839195,0.9658503789732106
ID3306,3306,73,16.389572143554688,159.36747850447188,50.41628455406223,0.0,2.0,2,5.0,1,,229.15463917525773,244.0,107.0,255.0,22228.0,32.61049811991325,0.22816516832238598,2.61092133068078
ID2635,2635,73,14.193283081054688,203.55325076083162,63.865625932797485,0.0,14.0,14,5.0,1,,187.96907216494844,189.0,107.0,255.0,18233.0,51.05357757792449,0.19371303117662877,1.194948297299411
ID2924,2924,73,12.890045166015625,190.4265895933057,34.42458124242232,0.0,7.0,7,5.0,1,,214.30927835051546,214.0,139.0,255.0,20788.0,29.226971285363515,0.19287110159110607,2.3711596725950783
ID4880,4880,73,16.389572143554688,159.36747850447188,50.41628455406223,0.0,0.0,0,5.0,1,,229.15463917525773,244.0,107.0,255.0,22228.0,32.61049811991325,0.22816516832238598,2.61092133068078
ID2929,2929,73,13.156982421875,172.77671122480484,39.92365451999786,0.0,6.0,6,5.0,1,,209.1958762886598,211.0,125.0,255.0,20292.0,34.67937642871532,0.17647239524929148,1.8097011996015748
ID5042,5042,73,16.389572143554688,159.36747850447188,50.41628455406223,0.0,3.0,3,5.0,1,,229.15463917525773,244.0,107.0,255.0,22228.0,32.61049811991325,0.22816516832238598,2.61092133068078
ID3093,3093,73,14.422073364257812,210.2067142490068,58.90780772997581,0.0,10.0,10,5.0,1,,214.94845360824743,222.0,127.0,255.0,20850.0,35.557573951158375,0.19283288417269925,1.9544910787894167
ID3030,3030,73,12.890045166015625,190.4265895933057,34.42458124242232,0.0,8.0,8,5.0,1,,214.30927835051546,214.0,139.0,255.0,20788.0,29.226971285363515,0.19287110159110607,2.3711596725950783
ID3001,3001,73,14.00341796875,164.25908694428503,49.375451790042526,0.0,5.0,5,5.0,1,,215.340206185567,228.0,105.0,255.0,20888.0,39.92672627188933,0.18109126139767925,1.6538855599289417
ID2171,2171,73,14.193283081054688,203.55325076083162,63.865625932797485,0.0,13.0,13,5.0,1,,187.96907216494844,189.0,107.0,255.0,18233.0,51.05357757792449,0.19371303117662877,1.194948297299411
ID2723,2723,74,9.778717041015625,686.4003280831612,45.756601215302936,0.0,4.0,4,5.0,1,,139.4536082474227,111.0,72.0,255.0,13527.0,53.396906242028024,0.16362280083589226,0.7344720205847547
ID2789,2789,74,16.111038208007812,686.6960922587102,67.89257268788411,0.0,11.0,11,5.0,1,,218.70103092783506,230.0,130.0,255.0,21214.0,33.937493078100474,0.2228656776514862,2.3489052687986938
ID2438,2438,74,14.72259521484375,694.5366633809338,62.89569523864245,0.0,9.0,9,5.0,1,,193.2680412371134,195.0,108.0,254.0,18747.0,45.27405333630159,0.20625378815298037,1.459835451706523
ID2025,2025,74,9.142013549804688,664.2379373451327,65.94663745370593,0.0,15.0,15,5.0,1,,137.69072164948454,130.0,63.0,232.0,13356.0,40.68844042045354,0.16434637161543675,0.9553039075824873
ID2154,2154,74,13.02117919921875,684.9780661523113,63.4027072410752,0.0,12.0,12,5.0,1,,203.77319587628867,208.0,119.0,255.0,19766.0,34.23616057214434,0.18705563463351849,1.8758224052311165
ID2988,2988,74,12.535125732421875,684.0862945275942,51.43607545504302,0.0,6.0,6,5.0,1,,154.55670103092783,134.0,72.0,255.0,14992.0,56.64821434964598,0.18007094777367433,0.8326589261631344
ID2637,2637,74,5.780921936035156,675.4830775853427,66.57988396103737,0.0,14.0,14,5.0,1,,107.58762886597938,104.0,69.0,155.0,10436.0,23.062303557121627,0.10603462270286133,0.8944758528134397
ID3023,3023,74,14.233016967773438,683.4824728754583,57.01259658503246,0.0,7.0,7,5.0,1,,189.55670103092783,190.0,97.0,255.0,18387.0,48.091485965155705,0.19768668844485343,1.301173305243348
ID2992,2992,74,9.778717041015625,686.4003280831612,45.756601215302936,0.0,5.0,5,5.0,1,,139.4536082474227,111.0,72.0,255.0,13527.0,53.396906242028024,0.16362280083589226,0.7344720205847547
ID5072,5072,74,10.942153930664062,651.2334656582768,74.19512550587815,0.0,3.0,3,5.0,1,,181.72164948453607,179.0,103.0,255.0,17627.0,51.46332477843673,0.1296955453053126,0.8107789577812646
ID3153,3153,74,16.111038208007812,686.6960922587102,67.89257268788411,0.0,10.0,10,5.0,1,,218.70103092783506,230.0,130.0,255.0,21214.0,33.937493078100474,0.2228656776514862,2.3489052687986938
ID5778,5778,74,6.3061981201171875,658.8004272111123,76.17604446483907,0.0,16.0,16,5.0,1,,101.80412371134021,91.0,42.0,221.0,9875.0,36.71019362726384,0.10212994472275903,0.5139596031209323
ID3413,3413,74,10.942153930664062,651.2334656582768,74.19512550587815,0.0,2.0,2,5.0,1,,181.72164948453607,179.0,103.0,255.0,17627.0,51.46332477843673,0.1296955453053126,0.8107789577812646
ID5175,5175,74,10.942153930664062,651.2334656582768,74.19512550587815,0.0,1.0,1,5.0,1,,181.72164948453607,179.0,103.0,255.0,17627.0,51.46332477843673,0.1296955453053126,0.8107789577812646
ID5560,5560,74,6.3061981201171875,658.8004272111123,76.17604446483907,0.0,17.0,17,5.0,1,,101.80412371134021,91.0,42.0,221.0,9875.0,36.71019362726384,0.10212994472275903,0.5139596031209323
ID4890,4890,74,10.942153930664062,651.2334656582768,74.19512550587815,0.0,0.0,0,5.0,1,,181.72164948453607,179.0,103.0,255.0,17627.0,51.46332477843673,0.1296955453053126,0.8107789577812646
ID2173,2173,74,5.780921936035156,675.4830775853427,66.57988396103737,0.0,13.0,13,5.0,1,,107.58762886597938,104.0,69.0,155.0,10436.0,23.062303557121627,0.10603462270286133,0.8944758528134397
ID3134,3134,74,14.233016967773438,683.4824728754583,57.01259658503246,0.0,8.0,8,5.0,1,,189.55670103092783,190.0,97.0,255.0,18387.0,48.091485965155705,0.19768668844485343,1.301173305243348
ID2307,2307,75,11.521469116210938,160.18682796518564,337.09551147744185,0.0,12.0,12,5.0,1,,139.3298969072165,131.0,73.0,255.0,13515.0,40.6316588515769,0.2169459629586138,1.2226158920573256
ID2787,2787,75,16.836318969726562,167.9957477640018,320.45197829903674,0.0,9.0,9,5.0,1,,202.57731958762886,212.0,98.0,255.0,19650.0,44.99903588123362,0.2453468280984127,1.773812601490641
ID3878,3878,75,10.790328979492188,161.89035108821275,311.22104594076797,0.0,6.0,6,5.0,1,,144.05154639175257,144.0,58.0,240.0,13973.0,47.1260214597565,0.1899616201276024,0.975933114542466
ID2185,2185,75,14.001022338867188,163.2377441234663,329.6216618428754,0.0,15.0,15,5.0,1,,195.46391752577318,202.0,108.0,255.0,18960.0,47.16925681691193,0.18300684865249764,1.2820874365343264
ID4970,4970,75,9.863777160644531,149.50252363344183,301.5716731766801,0.0,0.0,0,5.0,1,,127.83505154639175,116.0,41.0,239.0,12400.0,50.552505792733946,0.1508973550001628,0.663104987278178
ID5259,5259,75,9.863777160644531,149.50252363344183,301.5716731766801,0.0,3.0,3,5.0,1,,127.83505154639175,116.0,41.0,239.0,12400.0,50.552505792733946,0.1508973550001628,0.663104987278178
ID4013,4013,75,10.350387573242188,152.14318287404726,305.30226160289016,0.0,5.0,5,5.0,1,,140.29896907216494,132.0,59.0,249.0,13609.0,49.4629838339687,0.17905458702190769,0.8615008356758648
ID4271,4271,75,9.863777160644531,149.50252363344183,301.5716731766801,0.0,2.0,2,5.0,1,,127.83505154639175,116.0,41.0,239.0,12400.0,50.552505792733946,0.1508973550001628,0.663104987278178
ID5872,5872,75,13.611663818359375,161.90639236138898,334.08812892240536,0.0,16.0,16,5.0,1,,202.46391752577318,212.0,112.0,255.0,19639.0,43.69831753427655,0.1815202292259493,1.423628864742733
ID5329,5329,75,9.863777160644531,149.50252363344183,301.5716731766801,0.0,1.0,1,5.0,1,,127.83505154639175,116.0,41.0,239.0,12400.0,50.552505792733946,0.1508973550001628,0.663104987278178
ID3538,3538,75,10.350387573242188,152.14318287404726,305.30226160289016,0.0,4.0,4,5.0,1,,140.29896907216494,132.0,59.0,249.0,13609.0,49.4629838339687,0.17905458702190769,0.8615008356758648
ID3315,3315,75,10.970672607421875,161.30083795825448,337.9095666766698,0.0,14.0,14,5.0,1,,165.36082474226805,151.0,111.0,255.0,16040.0,44.768893955283076,0.17506202347980976,1.1005693496175304
ID3987,3987,75,13.481964111328125,164.82960226607196,316.6960265455508,0.0,8.0,8,5.0,1,,163.70103092783506,155.0,75.0,255.0,15879.0,58.28149451663697,0.1777388295209337,0.8477817283427956
ID5654,5654,75,13.611663818359375,161.90639236138898,334.08812892240536,0.0,17.0,17,5.0,1,,202.46391752577318,212.0,112.0,255.0,19639.0,43.69831753427655,0.1815202292259493,1.423628864742733
ID3642,3642,75,7.063201904296875,162.0928766089306,336.060681171249,0.0,11.0,11,5.0,1,,114.03092783505154,105.0,38.0,255.0,11061.0,43.96339708786338,0.11051013408847148,0.5162273264318423
ID3964,3964,75,13.481964111328125,164.82960226607196,316.6960265455508,0.0,7.0,7,5.0,1,,163.70103092783506,155.0,75.0,255.0,15879.0,58.28149451663697,0.1777388295209337,0.8477817283427956
ID2685,2685,75,10.970672607421875,161.30083795825448,337.9095666766698,0.0,13.0,13,5.0,1,,165.36082474226805,151.0,111.0,255.0,16040.0,44.768893955283076,0.17506202347980976,1.1005693496175304
ID4063,4063,75,7.063201904296875,162.0928766089306,336.060681171249,0.0,10.0,10,5.0,1,,114.03092783505154,105.0,38.0,255.0,11061.0,43.96339708786338,0.11051013408847148,0.5162273264318423
ID3200,3200,76,11.160690307617188,565.8814605124936,76.6022172469305,0.0,10.0,10,5.0,1,,191.35051546391753,198.0,103.0,255.0,18561.0,49.63408632959004,0.12659350360676072,0.8664106407234752
ID4896,4896,76,13.601333618164062,563.5194550311334,86.92651538054781,0.0,0.0,0,5.0,1,,231.41237113402062,240.0,162.0,255.0,22447.0,24.459044244631162,0.18454828802748494,2.9480465493084202
ID5569,5569,76,10.48004150390625,578.7398922709598,110.2173302741756,0.0,17.0,17,5.0,1,,146.35051546391753,137.0,75.0,251.0,14196.0,47.19375868805671,0.1383536018326027,0.753794506940496
ID5185,5185,76,13.601333618164062,563.5194550311334,86.92651538054781,0.0,1.0,1,5.0,1,,231.41237113402062,240.0,162.0,255.0,22447.0,24.459044244631162,0.18454828802748494,2.9480465493084202
ID2466,2466,76,11.193084716796875,567.463763569062,86.17037689249187,0.0,9.0,9,5.0,1,,181.2680412371134,172.0,119.0,255.0,17583.0,42.16918194011216,0.1802991422484887,1.3132809077081558
ID5091,5091,76,13.601333618164062,563.5194550311334,86.92651538054781,0.0,3.0,3,5.0,1,,231.41237113402062,240.0,162.0,255.0,22447.0,24.459044244631162,0.18454828802748494,2.9480465493084202
ID3111,3111,76,10.460067749023438,563.6163336512178,81.07404106046067,0.0,6.0,6,5.0,1,,205.7422680412371,218.0,115.0,255.0,19957.0,42.87610016822588,0.11581204663086779,0.9960953954327902
ID3240,3240,76,13.376953125,569.0347932751537,88.09687853907855,0.0,8.0,8,5.0,1,,191.29896907216494,183.0,107.0,255.0,18556.0,47.91923868788108,0.17094456317515955,1.1656057306174308
ID2794,2794,76,13.945053100585938,565.9339741248868,84.01241891334043,0.0,4.0,4,5.0,1,,224.10309278350516,236.0,153.0,255.0,21738.0,31.174403407844895,0.18505650585766312,2.245148096960366
ID2641,2641,76,12.180191040039062,565.8590655601068,75.23193746026324,0.0,14.0,14,5.0,1,,182.02061855670104,182.0,98.0,255.0,17656.0,51.27519286926252,0.14947037072530955,0.9232102326070952
ID2835,2835,76,11.160690307617188,565.8814605124936,76.6022172469305,0.0,11.0,11,5.0,1,,191.35051546391753,198.0,103.0,255.0,18561.0,49.63408632959004,0.12659350360676072,0.8664106407234752
ID3476,3476,76,13.601333618164062,563.5194550311334,86.92651538054781,0.0,2.0,2,5.0,1,,231.41237113402062,240.0,162.0,255.0,22447.0,24.459044244631162,0.18454828802748494,2.9480465493084202
ID2167,2167,76,11.397613525390625,565.4232507306399,77.54659029660873,0.0,12.0,12,5.0,1,,179.75257731958763,167.0,96.0,255.0,17436.0,50.29041304592654,0.1502971287300176,0.9340294447457058
ID2040,2040,76,9.546142578125,576.08154589375,117.4489303532677,0.0,15.0,15,5.0,1,,170.2680412371134,174.0,77.0,246.0,16516.0,41.105939216025895,0.13023055100899578,0.9545625580925061
ID5787,5787,76,10.48004150390625,578.7398922709598,110.2173302741756,0.0,16.0,16,5.0,1,,146.35051546391753,137.0,75.0,251.0,14196.0,47.19375868805671,0.1383536018326027,0.753794506940496
ID3131,3131,76,13.376953125,569.0347932751537,88.09687853907855,0.0,7.0,7,5.0,1,,191.29896907216494,183.0,107.0,255.0,18556.0,47.91923868788108,0.17094456317515955,1.1656057306174308
ID3133,3133,76,13.945053100585938,565.9339741248868,84.01241891334043,0.0,5.0,5,5.0,1,,224.10309278350516,236.0,153.0,255.0,21738.0,31.174403407844895,0.18505650585766312,2.245148096960366
ID2175,2175,76,12.180191040039062,565.8590655601068,75.23193746026324,0.0,13.0,13,5.0,1,,182.02061855670104,182.0,98.0,255.0,17656.0,51.27519286926252,0.14947037072530955,0.9232102326070952
ID2177,2177,77,13.517410278320312,223.41056671513897,77.81676213804866,0.0,13.0,13,5.0,1,,223.90721649484536,242.0,123.0,255.0,21719.0,35.59964959864622,0.16972818005402418,1.825245831063023
ID5777,5777,77,14.147079467773438,219.8011525341704,73.54202998295993,0.0,16.0,16,5.0,1,,185.0,185.0,102.0,255.0,17945.0,53.76375792917257,0.2042018337482543,1.1670043116422173
ID2644,2644,77,13.517410278320312,223.41056671513897,77.81676213804866,0.0,14.0,14,5.0,1,,223.90721649484536,242.0,123.0,255.0,21719.0,35.59964959864622,0.16972818005402418,1.825245831063023
ID2773,2773,77,12.240859985351562,219.24702095733548,67.81641664734578,0.0,11.0,11,5.0,1,,195.06185567010309,192.0,111.0,255.0,18921.0,41.110322718517054,0.18085015711824595,1.4533678862941668
ID3126,3126,77,12.240859985351562,219.24702095733548,67.81641664734578,0.0,10.0,10,5.0,1,,195.06185567010309,192.0,111.0,255.0,18921.0,41.110322718517054,0.18085015711824595,1.4533678862941668
ID5559,5559,77,14.147079467773438,219.8011525341704,73.54202998295993,0.0,17.0,17,5.0,1,,185.0,185.0,102.0,255.0,17945.0,53.76375792917257,0.2042018337482543,1.1670043116422173
ID2030,2030,77,11.999984741210938,223.38054973432082,76.14916870016624,0.0,15.0,15,5.0,1,,192.69072164948454,190.0,104.0,255.0,18691.0,47.23729124165354,0.16089037807707546,1.1306929228854368
ID2159,2159,77,15.704177856445312,224.18314064646668,72.15913302896925,0.0,12.0,12,5.0,1,,215.11340206185568,224.0,115.0,255.0,20866.0,34.963932692806154,0.22579047116346998,2.26655654317656
ID2690,2690,78,12.047500610351562,592.3667962703561,339.4170009985244,0.0,13.0,13,5.0,1,,222.2680412371134,236.0,130.0,255.0,21560.0,33.23010540907569,0.15191696424441836,1.764251105153747
ID4323,4323,78,14.1329345703125,581.7289612069668,318.4850966481387,0.0,2.0,2,5.0,1,,208.7319587628866,237.0,97.0,255.0,20247.0,52.51279912711707,0.1773014669197506,1.1972322844986891
ID4038,4038,78,13.398880004882812,582.8530715153481,323.08772211849123,0.0,10.0,10,5.0,1,,205.8762886597938,219.0,113.0,255.0,19970.0,42.08900730692606,0.17311113612344586,1.4436220026506579
ID4042,4042,78,14.501266479492188,581.6850733442852,321.49453441621023,0.0,5.0,5,5.0,1,,215.7319587628866,232.0,94.0,255.0,20926.0,44.3646150909139,0.19221904795614855,1.568007480118372
ID5869,5869,78,16.83563232421875,588.4641882654424,328.327161379851,0.0,16.0,16,5.0,1,,210.69072164948454,239.0,49.0,255.0,20437.0,56.84506736603274,0.22070745820413598,1.340256839096048
ID2798,2798,78,13.867904663085938,580.5972623673954,322.2724829168451,0.0,9.0,9,5.0,1,,217.43298969072166,233.0,131.0,255.0,21091.0,36.465996494592645,0.18228794035084894,1.8386625288700118
ID4014,4014,78,13.606430053710938,580.5330976197494,322.4781732800554,0.0,8.0,8,5.0,1,,216.8762886597938,235.0,109.0,255.0,21037.0,42.40878882278776,0.18163669809990066,1.5721928867408164
ID4976,4976,78,14.1329345703125,581.7289612069668,318.4850966481387,0.0,0.0,0,5.0,1,,208.7319587628866,237.0,97.0,255.0,20247.0,52.51279912711707,0.1773014669197506,1.1972322844986891
ID5651,5651,78,16.83563232421875,588.4641882654424,328.327161379851,0.0,17.0,17,5.0,1,,210.69072164948454,239.0,49.0,255.0,20437.0,56.84506736603274,0.22070745820413598,1.340256839096048
ID3571,3571,78,14.501266479492188,581.6850733442852,321.49453441621023,0.0,4.0,4,5.0,1,,215.7319587628866,232.0,94.0,255.0,20926.0,44.3646150909139,0.19221904795614855,1.568007480118372
ID5270,5270,78,14.1329345703125,581.7289612069668,318.4850966481387,0.0,3.0,3,5.0,1,,208.7319587628866,237.0,97.0,255.0,20247.0,52.51279912711707,0.1773014669197506,1.1972322844986891
ID2168,2168,78,8.18218994140625,602.337769840822,325.8458705122616,0.0,15.0,15,5.0,1,,141.28865979381445,119.0,63.0,255.0,13705.0,52.005400112810115,0.09421076190100262,0.4678303506397001
ID3960,3960,78,14.140289306640625,579.7687363124671,321.50558437912895,0.0,6.0,6,5.0,1,,220.93814432989691,240.0,116.0,255.0,21431.0,39.77352931310748,0.18706051075669394,1.7507165037450094
ID3994,3994,78,13.606430053710938,580.5330976197494,322.4781732800554,0.0,7.0,7,5.0,1,,216.8762886597938,235.0,109.0,255.0,21037.0,42.40878882278776,0.18163669809990066,1.5721928867408164
ID3611,3611,78,13.398880004882812,582.8530715153481,323.08772211849123,0.0,11.0,11,5.0,1,,205.8762886597938,219.0,113.0,255.0,19970.0,42.08900730692606,0.17311113612344586,1.4436220026506579
ID5340,5340,78,14.1329345703125,581.7289612069668,318.4850966481387,0.0,1.0,1,5.0,1,,208.7319587628866,237.0,97.0,255.0,20247.0,52.51279912711707,0.1773014669197506,1.1972322844986891
ID3326,3326,78,12.047500610351562,592.3667962703561,339.4170009985244,0.0,14.0,14,5.0,1,,222.2680412371134,236.0,130.0,255.0,21560.0,33.23010540907569,0.15191696424441836,1.764251105153747
ID2303,2303,78,12.597686767578125,587.1887667434078,323.18808976062854,0.0,12.0,12,5.0,1,,208.56701030927834,223.0,93.0,255.0,20231.0,42.545541094341566,0.16510646765399406,1.3893767691802381
ID2032,2032,79,15.243850708007812,202.6743590773875,83.15590696736972,0.0,15.0,15,5.0,1,,190.42268041237114,201.0,28.0,255.0,18471.0,58.63141135012201,0.22758365008285808,1.2042267891461857
ID2179,2179,79,17.608016967773438,196.7141335152556,78.76276335057143,0.0,13.0,13,5.0,1,,228.44329896907217,237.0,102.0,255.0,22159.0,29.07926275435415,0.2746412033708188,3.3853437001022963
ID2164,2164,79,14.98919677734375,196.1104361000419,74.23500398189664,0.0,12.0,12,5.0,1,,220.04123711340208,233.0,68.0,255.0,21344.0,37.661573455184715,0.20629669959232969,1.9983601178185104
ID2647,2647,79,17.608016967773438,196.7141335152556,78.76276335057143,0.0,14.0,14,5.0,1,,228.44329896907217,237.0,102.0,255.0,22159.0,29.07926275435415,0.2746412033708188,3.3853437001022963
ID2824,2824,79,10.641586303710938,200.95148207267914,75.39928070883916,0.0,11.0,11,5.0,1,,164.50515463917526,171.0,42.0,255.0,15957.0,45.22147436767463,0.1513262874048532,0.9562704713634086
ID3179,3179,79,10.641586303710938,200.95148207267914,75.39928070883916,0.0,10.0,10,5.0,1,,164.50515463917526,171.0,42.0,255.0,15957.0,45.22147436767463,0.1513262874048532,0.9562704713634086
ID2243,2243,80,15.102508544921875,592.7799137194119,340.9021063382811,0.0,15.0,15,5.0,1,,212.82474226804123,226.0,115.0,255.0,20644.0,41.34962976186484,0.19441736555741876,1.6755578681340333
ID4356,4356,80,13.3900146484375,593.5793102512507,330.8069130013581,0.0,2.0,2,5.0,1,,219.62886597938143,239.0,88.0,255.0,21304.0,39.407148142719855,0.18054533625443656,1.7047002030893843
ID2309,2309,80,14.09747314453125,593.8088283301237,342.59259122195465,0.0,12.0,12,5.0,1,,205.09278350515464,219.0,109.0,255.0,19894.0,47.43835527868131,0.17334894397116138,1.2774525135983248
ID2694,2694,80,11.831085205078125,592.4276175078971,344.76575209314433,0.0,13.0,13,5.0,1,,205.37113402061857,210.0,124.0,255.0,19921.0,36.556554242373586,0.1464947033845983,1.435667978200517
ID4070,4070,80,13.572097778320312,592.6458830760728,336.2572185883237,0.0,8.0,8,5.0,1,,211.62886597938143,232.0,124.0,255.0,20528.0,43.95838931772793,0.17051682700490886,1.4026609637579197
ID5350,5350,80,13.3900146484375,593.5793102512507,330.8069130013581,0.0,1.0,1,5.0,1,,219.62886597938143,239.0,88.0,255.0,21304.0,39.407148142719855,0.18054533625443656,1.7047002030893843
ID3338,3338,80,11.831085205078125,592.4276175078971,344.76575209314433,0.0,14.0,14,5.0,1,,205.37113402061857,210.0,124.0,255.0,19921.0,36.556554242373586,0.1464947033845983,1.435667978200517
ID4078,4078,80,13.315032958984375,593.3542436488519,331.65809205818954,0.0,5.0,5,5.0,1,,227.2680412371134,243.0,148.0,255.0,22045.0,30.414331690256617,0.18287353462467726,2.3104822192397183
ID3663,3663,80,12.815689086914062,594.1953346802151,339.0884947016534,0.0,11.0,11,5.0,1,,213.02061855670104,237.0,107.0,255.0,20663.0,46.36584127472941,0.15718658472978214,1.2481465500098483
ID5874,5874,80,15.243667602539062,590.3418974845141,344.031321811145,0.0,16.0,16,5.0,1,,196.31958762886597,208.0,91.0,255.0,19043.0,50.51021893136915,0.2090554474935168,1.3440940187469859
ID4082,4082,80,12.815689086914062,594.1953346802151,339.0884947016534,0.0,10.0,10,5.0,1,,213.02061855670104,237.0,107.0,255.0,20663.0,46.36584127472941,0.15718658472978214,1.2481465500098483
ID4018,4018,80,14.024688720703125,591.3251207246974,335.6668180853773,0.0,6.0,6,5.0,1,,203.60824742268042,215.0,119.0,255.0,19750.0,44.47999473101901,0.182639883250899,1.4138512953800513
ID4051,4051,80,13.572097778320312,592.6458830760728,336.2572185883237,0.0,7.0,7,5.0,1,,211.62886597938143,232.0,124.0,255.0,20528.0,43.95838931772793,0.17051682700490886,1.4026609637579197
ID4980,4980,80,13.3900146484375,593.5793102512507,330.8069130013581,0.0,0.0,0,5.0,1,,219.62886597938143,239.0,88.0,255.0,21304.0,39.407148142719855,0.18054533625443656,1.7047002030893843
ID2837,2837,80,12.644683837890625,593.4144305105162,335.4250302911225,0.0,9.0,9,5.0,1,,216.46391752577318,235.0,131.0,255.0,20997.0,38.11634105375884,0.1571416409658701,1.5424427977441086
ID5656,5656,80,15.243667602539062,590.3418974845141,344.031321811145,0.0,17.0,17,5.0,1,,196.31958762886597,208.0,91.0,255.0,19043.0,50.51021893136915,0.2090554474935168,1.3440940187469859
ID3614,3614,80,13.315032958984375,593.3542436488519,331.65809205818954,0.0,4.0,4,5.0,1,,227.2680412371134,243.0,148.0,255.0,22045.0,30.414331690256617,0.18287353462467726,2.3104822192397183
ID5278,5278,80,13.3900146484375,593.5793102512507,330.8069130013581,0.0,3.0,3,5.0,1,,219.62886597938143,239.0,88.0,255.0,21304.0,39.407148142719855,0.18054533625443656,1.7047002030893843
ID4001,4001,81,12.59271240234375,21.900660818253684,629.7904268103268,0.0,14.0,14,5.0,1,,189.7319587628866,194.0,88.0,255.0,18404.0,50.448925381666434,0.15450967761416362,1.0066457746057786
ID5058,5058,81,12.500167846679688,26.84805546753775,570.2248848412917,0.0,0.0,0,5.0,1,,172.7835051546392,174.0,91.0,255.0,16760.0,50.384609671531415,0.1823611370323096,1.0578315655363404
ID3524,3524,81,14.885910034179688,14.66582430730315,623.0763687130315,0.0,9.0,9,5.0,1,,208.75257731958763,226.0,104.0,255.0,20249.0,45.843717973820894,0.2014963763475297,1.5273085558354045
ID3207,3207,81,12.59271240234375,21.900660818253684,629.7904268103268,0.0,13.0,13,5.0,1,,189.7319587628866,194.0,88.0,255.0,18404.0,50.448925381666434,0.15450967761416362,1.0066457746057786
ID4231,4231,81,13.184036254882812,22.125791254744914,622.395053258911,0.0,11.0,11,5.0,1,,230.58762886597938,238.0,143.0,255.0,22367.0,24.851958581987557,0.17474004246960215,2.760298455734183
ID2477,2477,81,13.351150512695312,26.113213488404018,624.6712107360319,0.0,12.0,12,5.0,1,,210.8556701030928,218.0,90.0,255.0,20453.0,38.79110445995792,0.17609747865731365,1.6277696759345404
ID4525,4525,81,12.033737182617188,28.176971670760253,594.6390172593726,0.0,6.0,6,5.0,1,,165.4020618556701,160.0,56.0,255.0,16044.0,56.71174551217588,0.1795295095525938,0.8878200202617632
ID4752,4752,81,12.500167846679688,26.84805546753775,570.2248848412917,0.0,2.0,2,5.0,1,,172.7835051546392,174.0,91.0,255.0,16760.0,50.384609671531415,0.1823611370323096,1.0578315655363404
ID4594,4594,81,13.184036254882812,22.125791254744914,622.395053258911,0.0,10.0,10,5.0,1,,230.58762886597938,238.0,143.0,255.0,22367.0,24.851958581987557,0.17474004246960215,2.760298455734183
ID4117,4117,81,15.171966552734375,28.03736188336122,587.6303411051479,0.0,4.0,4,5.0,1,,182.56701030927834,174.0,111.0,255.0,17709.0,43.73568985405752,0.23007263397254524,1.5615306967255007
ID4568,4568,81,13.164291381835938,20.955569321732696,604.8633596618961,0.0,8.0,8,5.0,1,,204.7422680412371,217.0,119.0,255.0,19860.0,40.776391849971304,0.18065563068376359,1.5365863506571837
ID4538,4538,81,15.171966552734375,28.03736188336122,587.6303411051479,0.0,5.0,5,5.0,1,,182.56701030927834,174.0,111.0,255.0,17709.0,43.73568985405752,0.23007263397254524,1.5615306967255007
ID5402,5402,81,12.500167846679688,26.84805546753775,570.2248848412917,0.0,3.0,3,5.0,1,,172.7835051546392,174.0,91.0,255.0,16760.0,50.384609671531415,0.1823611370323096,1.0578315655363404
ID5467,5467,81,12.500167846679688,26.84805546753775,570.2248848412917,0.0,1.0,1,5.0,1,,172.7835051546392,174.0,91.0,255.0,16760.0,50.384609671531415,0.1823611370323096,1.0578315655363404
ID4541,4541,81,13.164291381835938,20.955569321732696,604.8633596618961,0.0,7.0,7,5.0,1,,204.7422680412371,217.0,119.0,255.0,19860.0,40.776391849971304,0.18065563068376359,1.5365863506571837
ID5315,5315,82,8.88189697265625,688.4060802237658,281.4981902129029,0.0,1.0,1,5.0,1,,137.68041237113403,115.0,40.0,255.0,13355.0,64.0228713025914,0.09948473076963839,0.3891654105958727
ID4963,4963,82,8.88189697265625,688.4060802237658,281.4981902129029,0.0,0.0,0,5.0,1,,137.68041237113403,115.0,40.0,255.0,13355.0,64.0228713025914,0.09948473076963839,0.3891654105958727
ID3652,3652,82,13.272811889648438,676.2970832906261,335.780889033748,0.0,11.0,11,5.0,1,,175.8556701030928,171.0,86.0,255.0,17058.0,49.11423539623417,0.1798948777079056,1.0918285989161982
ID2245,2245,82,15.2080078125,700.9301103327361,348.320136618428,0.0,15.0,15,5.0,1,,182.96907216494844,200.0,24.0,255.0,17748.0,63.151843072907674,0.21619799285540597,1.0300754269687245
ID2310,2310,82,15.744308471679688,684.7357441090537,343.956276003205,0.0,12.0,12,5.0,1,,180.5463917525773,201.0,38.0,255.0,17513.0,48.87654955313368,0.2722987482039409,1.581156343604622
ID2823,2823,82,15.415283203125,673.6760410556797,327.8584201269587,0.0,9.0,9,5.0,1,,205.8659793814433,221.0,84.0,255.0,19969.0,48.03397861279626,0.19997896776810464,1.4284883610112613
ID4074,4074,82,13.272811889648438,676.2970832906261,335.780889033748,0.0,10.0,10,5.0,1,,175.8556701030928,171.0,86.0,255.0,17058.0,49.11423539623417,0.1798948777079056,1.0918285989161982
ID3978,3978,82,7.047454833984375,666.0456945649478,315.92333464526325,0.0,8.0,8,5.0,1,,129.2577319587629,124.0,46.0,226.0,12538.0,41.095234504368904,0.0937949416056161,0.5394343161030067
ID2700,2700,82,13.953445434570312,689.78942786509,347.61109682260025,0.0,13.0,13,5.0,1,,198.64948453608247,203.0,70.0,255.0,19269.0,44.99537967880553,0.19454815528988156,1.438046642727072
ID3950,3950,82,9.013191223144531,684.2611685237152,298.7036011507727,0.0,5.0,5,5.0,1,,133.53608247422682,118.0,37.0,243.0,12953.0,51.29186539137039,0.16875501338726964,0.7518190571345411
ID3474,3474,82,9.013191223144531,684.2611685237152,298.7036011507727,0.0,4.0,4,5.0,1,,133.53608247422682,118.0,37.0,243.0,12953.0,51.29186539137039,0.16875501338726964,0.7518190571345411
ID4210,4210,82,8.88189697265625,688.4060802237658,281.4981902129029,0.0,2.0,2,5.0,1,,137.68041237113403,115.0,40.0,255.0,13355.0,64.0228713025914,0.09948473076963839,0.3891654105958727
ID5876,5876,82,15.324493408203125,707.9576960888149,357.7805699994263,0.0,16.0,16,5.0,1,,196.8556701030928,201.0,95.0,255.0,19095.0,47.87461698948655,0.2184374902158169,1.4743362241183393
ID3957,3957,82,7.047454833984375,666.0456945649478,315.92333464526325,0.0,7.0,7,5.0,1,,129.2577319587629,124.0,46.0,226.0,12538.0,41.095234504368904,0.0937949416056161,0.5394343161030067
ID3351,3351,82,13.953445434570312,689.78942786509,347.61109682260025,0.0,14.0,14,5.0,1,,198.64948453608247,203.0,70.0,255.0,19269.0,44.99537967880553,0.19454815528988156,1.438046642727072
ID5658,5658,82,15.324493408203125,707.9576960888149,357.7805699994263,0.0,17.0,17,5.0,1,,196.8556701030928,201.0,95.0,255.0,19095.0,47.87461698948655,0.2184374902158169,1.4743362241183393
ID5245,5245,82,8.88189697265625,688.4060802237658,281.4981902129029,0.0,3.0,3,5.0,1,,137.68041237113403,115.0,40.0,255.0,13355.0,64.0228713025914,0.09948473076963839,0.3891654105958727
ID3902,3902,82,6.443351745605469,664.3234104599431,314.422033406659,0.0,6.0,6,5.0,1,,98.77319587628865,102.0,27.0,173.0,9581.0,29.688839497724544,0.15146773898083066,0.8752744426215947
ID3079,3079,83,14.768112182617188,535.0346139119173,77.81405090511252,0.0,7.0,7,5.0,1,,201.94845360824743,219.0,109.0,255.0,19589.0,46.4745385341131,0.19564517807758067,1.422074252647225
ID5063,5063,83,15.412002563476562,532.2395065687319,72.27991645054851,0.0,3.0,3,5.0,1,,204.71134020618555,223.0,98.0,255.0,19857.0,46.846815696410694,0.199830633662777,1.4555728309983844
ID2189,2189,83,14.007888793945312,535.3160977756913,81.83807201732202,0.0,13.0,13,5.0,1,,201.68041237113403,211.0,102.0,255.0,19563.0,45.77880386337667,0.1798250183796186,1.3429560111989753
ID2031,2031,83,13.347564697265625,533.462452670247,81.18883353552808,0.0,15.0,15,5.0,1,,195.50515463917526,203.0,107.0,255.0,18964.0,49.41577930161837,0.17141741255226733,1.1578860439921375
ID2831,2831,83,13.668609619140625,534.7779761382391,77.02963265736484,0.0,11.0,11,5.0,1,,198.7422680412371,205.0,97.0,255.0,19278.0,48.284590008639455,0.1754845955098412,1.2289486760888475
ID5169,5169,83,15.412002563476562,532.2395065687319,72.27991645054851,0.0,1.0,1,5.0,1,,204.71134020618555,223.0,98.0,255.0,19857.0,46.846815696410694,0.199830633662777,1.4555728309983844
ID3090,3090,83,14.488967895507812,534.2654790045239,74.69200709703632,0.0,5.0,5,5.0,1,,214.09278350515464,224.0,113.0,255.0,20767.0,39.04166643744936,0.19223583903489316,1.7683810912579223
ID5780,5780,83,13.468963623046875,533.4732682521906,81.65293204346152,0.0,16.0,16,5.0,1,,191.57731958762886,192.0,105.0,255.0,18583.0,46.36019194208773,0.18090704393138365,1.2661018022968136
ID2452,2452,83,14.860504150390625,535.6438643798169,78.1581589389971,0.0,9.0,9,5.0,1,,198.37113402061857,208.0,109.0,255.0,19242.0,48.636688738121705,0.19387350074344264,1.3246605770547448
ID3188,3188,83,14.768112182617188,535.0346139119173,77.81405090511252,0.0,8.0,8,5.0,1,,201.94845360824743,219.0,109.0,255.0,19589.0,46.4745385341131,0.19564517807758067,1.422074252647225
ID3190,3190,83,13.668609619140625,534.7779761382391,77.02963265736484,0.0,10.0,10,5.0,1,,198.7422680412371,205.0,97.0,255.0,19278.0,48.284590008639455,0.1754845955098412,1.2289486760888475
ID3383,3383,83,15.412002563476562,532.2395065687319,72.27991645054851,0.0,2.0,2,5.0,1,,204.71134020618555,223.0,98.0,255.0,19857.0,46.846815696410694,0.199830633662777,1.4555728309983844
ID4887,4887,83,15.412002563476562,532.2395065687319,72.27991645054851,0.0,0.0,0,5.0,1,,204.71134020618555,223.0,98.0,255.0,19857.0,46.846815696410694,0.199830633662777,1.4555728309983844
ID2777,2777,83,14.488967895507812,534.2654790045239,74.69200709703632,0.0,4.0,4,5.0,1,,214.09278350515464,224.0,113.0,255.0,20767.0,39.04166643744936,0.19223583903489316,1.7683810912579223
ID2650,2650,83,14.007888793945312,535.3160977756913,81.83807201732202,0.0,14.0,14,5.0,1,,201.68041237113403,211.0,102.0,255.0,19563.0,45.77880386337667,0.1798250183796186,1.3429560111989753
ID2170,2170,83,13.526138305664062,535.149560689071,79.39181347674618,0.0,12.0,12,5.0,1,,199.49484536082474,214.0,97.0,255.0,19351.0,50.35956622780741,0.1720633570360791,1.1630998429338568
ID5562,5562,83,13.468963623046875,533.4732682521906,81.65293204346152,0.0,17.0,17,5.0,1,,191.57731958762886,192.0,105.0,255.0,18583.0,46.36019194208773,0.18090704393138365,1.2661018022968136
ID3102,3102,83,15.428131103515625,538.6153612187946,80.1764613667979,0.0,6.0,6,5.0,1,,207.340206185567,230.0,83.0,255.0,20112.0,49.63594266379666,0.20479753873334358,1.4201293686384187
ID3044,3044,84,11.360198974609375,189.64968411531248,69.67666707515036,0.0,6.0,6,5.0,1,,194.05154639175257,193.0,104.0,255.0,18823.0,38.76246335428254,0.14389232287807774,1.2594711193135963
ID5060,5060,84,8.53204345703125,180.51434087201196,68.33901523375643,0.0,3.0,3,5.0,1,,171.38144329896906,173.0,87.0,255.0,16624.0,43.42269071267373,0.10661610195340476,0.7605064034897939
ID3141,3141,84,13.953750610351562,182.54886928567916,64.00224212179701,0.0,8.0,8,5.0,1,,222.17525773195877,238.0,69.0,255.0,21551.0,37.15003653802554,0.18677723480009223,1.882440151759881
ID2758,2758,84,7.1732330322265625,184.38950621982104,68.15911183871906,0.0,4.0,4,5.0,1,,169.20618556701032,174.0,79.0,242.0,16413.0,40.257229719313024,0.09347890234574169,0.7186303271669566
ID2792,2792,84,12.4964599609375,195.28902493414114,69.0542587192797,0.0,11.0,11,5.0,1,,199.79381443298968,205.0,77.0,255.0,19380.0,40.21399480289011,0.1736767426551988,1.4703745703041295
ID3051,3051,84,7.1732330322265625,184.38950621982104,68.15911183871906,0.0,5.0,5,5.0,1,,169.20618556701032,174.0,79.0,242.0,16413.0,40.257229719313024,0.09347890234574169,0.7186303271669566
ID3373,3373,84,8.53204345703125,180.51434087201196,68.33901523375643,0.0,2.0,2,5.0,1,,171.38144329896906,173.0,87.0,255.0,16624.0,43.42269071267373,0.10661610195340476,0.7605064034897939
ID2446,2446,84,15.498443603515625,187.62201809750232,67.30153149881382,0.0,9.0,9,5.0,1,,217.4742268041237,233.0,116.0,255.0,21095.0,35.92094699461152,0.22033157810269097,2.1861950623171964
ID2191,2191,84,13.886550903320312,207.10250137219134,86.69273597794357,0.0,13.0,13,5.0,1,,215.8659793814433,221.0,139.0,255.0,20939.0,33.15859267280862,0.18708581235540622,2.0519975979429406
ID5167,5167,84,8.53204345703125,180.51434087201196,68.33901523375643,0.0,1.0,1,5.0,1,,171.38144329896906,173.0,87.0,255.0,16624.0,43.42269071267373,0.10661610195340476,0.7605064034897939
ID2033,2033,84,16.253555297851562,209.68590991339335,87.24799402802968,0.0,15.0,15,5.0,1,,206.15463917525773,222.0,44.0,255.0,19997.0,50.546665774927234,0.21939973778972485,1.4676435880430372
ID5782,5782,84,16.757400512695312,215.01421005873763,87.91848455069467,0.0,16.0,16,5.0,1,,201.38144329896906,216.0,62.0,255.0,19534.0,48.80711254925036,0.26393638105695655,1.7232185946487788
ID4886,4886,84,8.53204345703125,180.51434087201196,68.33901523375643,0.0,0.0,0,5.0,1,,171.38144329896906,173.0,87.0,255.0,16624.0,43.42269071267373,0.10661610195340476,0.7605064034897939
ID3163,3163,84,12.4964599609375,195.28902493414114,69.0542587192797,0.0,10.0,10,5.0,1,,199.79381443298968,205.0,77.0,255.0,19380.0,40.21399480289011,0.1736767426551988,1.4703745703041295
ID3035,3035,84,13.953750610351562,182.54886928567916,64.00224212179701,0.0,7.0,7,5.0,1,,222.17525773195877,238.0,69.0,255.0,21551.0,37.15003653802554,0.18677723480009223,1.882440151759881
ID2652,2652,84,13.886550903320312,207.10250137219134,86.69273597794357,0.0,14.0,14,5.0,1,,215.8659793814433,221.0,139.0,255.0,20939.0,33.15859267280862,0.18708581235540622,2.0519975979429406
ID5564,5564,84,16.757400512695312,215.01421005873763,87.91848455069467,0.0,17.0,17,5.0,1,,201.38144329896906,216.0,62.0,255.0,19534.0,48.80711254925036,0.26393638105695655,1.7232185946487788
ID2192,2192,85,16.451324462890625,541.5098459506104,89.92656748565322,0.0,13.0,13,5.0,1,,201.60824742268042,211.0,82.0,255.0,19556.0,50.368962975938636,0.23520612544405253,1.5243492158137764
ID2656,2656,85,16.451324462890625,541.5098459506104,89.92656748565322,0.0,14.0,14,5.0,1,,201.60824742268042,211.0,82.0,255.0,19556.0,50.368962975938636,0.23520612544405253,1.5243492158137764
ID3232,3232,85,13.030548095703125,541.9708736845694,86.10545458606697,0.0,10.0,10,5.0,1,,191.71134020618555,207.0,70.0,255.0,18596.0,53.78602644640586,0.20309693666691128,1.2034029999188587
ID2850,2850,85,13.030548095703125,541.9708736845694,86.10545458606697,0.0,11.0,11,5.0,1,,191.71134020618555,207.0,70.0,255.0,18596.0,53.78602644640586,0.20309693666691128,1.2034029999188587
ID2035,2035,85,14.357833862304688,541.118607805354,87.60994364649589,0.0,15.0,15,5.0,1,,203.8659793814433,217.0,107.0,255.0,19775.0,47.32679580718061,0.1827517361769783,1.331176274775264
ID5783,5783,85,14.197555541992188,542.2004267552205,89.21964607658803,0.0,16.0,16,5.0,1,,205.58762886597938,221.0,100.0,255.0,19942.0,47.17228012326193,0.17153307912094726,1.2762431739669617
ID2172,2172,85,16.699630737304688,541.2254758476597,85.77304930304149,0.0,12.0,12,5.0,1,,206.68041237113403,235.0,46.0,255.0,20048.0,52.32501520778417,0.2395549624346279,1.526719790419608
ID5565,5565,85,14.197555541992188,542.2004267552205,89.21964607658803,0.0,17.0,17,5.0,1,,205.58762886597938,221.0,100.0,255.0,19942.0,47.17228012326193,0.17153307912094726,1.2762431739669617
ID2819,2819,86,14.593887329101562,736.7236710730679,326.7841686336992,0.0,9.0,9,5.0,1,,212.98969072164948,236.0,117.0,255.0,20660.0,46.635442272428534,0.18144857226623262,1.402849921747684
ID5251,5251,86,9.581405639648438,763.7031559555928,291.628414490447,0.0,3.0,3,5.0,1,,212.63917525773195,233.0,70.0,255.0,20626.0,45.15948256988095,0.18052975292619433,1.4401116652555812
ID4100,4100,86,14.5277099609375,734.0279506910339,338.71859165652756,0.0,10.0,10,5.0,1,,217.68041237113403,232.0,105.0,255.0,21115.0,39.27243159216793,0.19606644583436905,1.8172284384230946
ID3365,3365,86,7.5581512451171875,741.3564722905355,348.9414297361428,0.0,14.0,14,5.0,1,,140.70103092783506,136.0,75.0,235.0,13648.0,44.265808134037826,0.07184214517058969,0.4260958849303312
ID3974,3974,86,13.8365478515625,749.6456155424332,319.2331020504065,0.0,7.0,7,5.0,1,,202.64948453608247,214.0,120.0,255.0,19657.0,43.594256415723635,0.18593787918285826,1.457646308223821
ID4966,4966,86,9.581405639648438,763.7031559555928,291.628414490447,0.0,0.0,0,5.0,1,,212.63917525773195,233.0,70.0,255.0,20626.0,45.15948256988095,0.18052975292619433,1.4401116652555812
ID2311,2311,86,10.760009765625,745.5748648917207,345.4310597901871,0.0,12.0,12,5.0,1,,165.94845360824743,161.0,97.0,255.0,16097.0,47.24060116706211,0.15586138010083922,0.9473720200814377
ID2249,2249,86,16.451995849609375,742.5700864203482,357.9213788631544,0.0,15.0,15,5.0,1,,187.68041237113403,183.0,101.0,255.0,18205.0,44.621917818804924,0.25844427395010244,1.7275619820302255
ID5321,5321,86,9.581405639648438,763.7031559555928,291.628414490447,0.0,1.0,1,5.0,1,,212.63917525773195,233.0,70.0,255.0,20626.0,45.15948256988095,0.18052975292619433,1.4401116652555812
ID3818,3818,86,18.5277099609375,755.7599096870974,304.7379648979198,0.0,6.0,6,5.0,1,,214.9278350515464,236.0,108.0,255.0,20848.0,45.024356237920536,0.27249759752554525,2.044470528206624
ID4237,4237,86,9.581405639648438,763.7031559555928,291.628414490447,0.0,2.0,2,5.0,1,,212.63917525773195,233.0,70.0,255.0,20626.0,45.15948256988095,0.18052975292619433,1.4401116652555812
ID2705,2705,86,7.5581512451171875,741.3564722905355,348.9414297361428,0.0,13.0,13,5.0,1,,140.70103092783506,136.0,75.0,235.0,13648.0,44.265808134037826,0.07184214517058969,0.4260958849303312
ID3671,3671,86,14.5277099609375,734.0279506910339,338.71859165652756,0.0,11.0,11,5.0,1,,217.68041237113403,232.0,105.0,255.0,21115.0,39.27243159216793,0.19606644583436905,1.8172284384230946
ID3418,3418,86,13.474838256835938,753.8909440668289,288.1632878264322,0.0,4.0,4,5.0,1,,193.03092783505156,205.0,83.0,255.0,18724.0,51.51970771952374,0.18317859917545856,1.1601334023591652
ID3900,3900,86,13.474838256835938,753.8909440668289,288.1632878264322,0.0,5.0,5,5.0,1,,193.03092783505156,205.0,83.0,255.0,18724.0,51.51970771952374,0.18317859917545856,1.1601334023591652
ID3998,3998,86,13.8365478515625,749.6456155424332,319.2331020504065,0.0,8.0,8,5.0,1,,202.64948453608247,214.0,120.0,255.0,19657.0,43.594256415723635,0.18593787918285826,1.457646308223821
ID2435,2435,87,12.159957885742188,736.1633843432717,629.1551683345525,0.0,15.0,15,5.0,1,,214.05154639175257,219.0,119.0,255.0,20763.0,34.532403603361146,0.14286125055607973,1.5496816721355604
ID4008,4008,87,10.698394775390625,737.7517692036583,629.6439313524963,0.0,14.0,14,5.0,1,,200.0721649484536,209.0,96.0,250.0,19407.0,36.11937598167833,0.1409178584049714,1.3683212922111456
ID4648,4648,87,11.357818603515625,743.0829620966725,639.8916375835024,0.0,8.0,8,5.0,1,,206.63917525773195,219.0,87.0,255.0,20044.0,40.58688867905556,0.14458705697204516,1.2862858212577641
ID4618,4618,87,11.357818603515625,743.0829620966725,639.8916375835024,0.0,7.0,7,5.0,1,,206.63917525773195,219.0,87.0,255.0,20044.0,40.58688867905556,0.14458705697204516,1.2862858212577641
ID4300,4300,87,10.91925048828125,736.8353544308654,633.6552237186618,0.0,11.0,11,5.0,1,,200.68041237113403,208.0,100.0,255.0,19466.0,42.575312288870464,0.12701227966404507,1.062415018126088
ID5935,5935,87,12.7491455078125,735.161451822994,624.6322811295913,0.0,16.0,16,5.0,1,,230.22680412371133,243.0,152.0,255.0,22332.0,24.993959751407587,0.17475197618217622,2.740480560959205
ID4591,4591,87,13.245086669921875,744.8018770387841,639.6905484060775,0.0,6.0,6,5.0,1,,203.57731958762886,218.0,109.0,255.0,19747.0,45.68707764317919,0.16430784989873184,1.257640443788209
ID4592,4592,87,12.089324951171875,747.7718820645565,642.6611549911938,0.0,5.0,5,5.0,1,,189.97938144329896,195.0,103.0,255.0,18428.0,48.13002774201086,0.151501197327583,1.038656693511831
ID3218,3218,87,10.698394775390625,737.7517692036583,629.6439313524963,0.0,13.0,13,5.0,1,,200.0721649484536,209.0,96.0,250.0,19407.0,36.11937598167833,0.1409178584049714,1.3683212922111456
ID5491,5491,87,13.718292236328125,750.878092652937,641.9354153541815,0.0,1.0,1,5.0,1,,218.23711340206185,237.0,118.0,255.0,21169.0,40.11358175955815,0.18297006956185755,1.6829587012802056
ID5428,5428,87,13.718292236328125,750.878092652937,641.9354153541815,0.0,3.0,3,5.0,1,,218.23711340206185,237.0,118.0,255.0,21169.0,40.11358175955815,0.18297006956185755,1.6829587012802056
ID5717,5717,87,12.7491455078125,735.161451822994,624.6322811295913,0.0,17.0,17,5.0,1,,230.22680412371133,243.0,152.0,255.0,22332.0,24.993959751407587,0.17475197618217622,2.740480560959205
ID5077,5077,87,13.718292236328125,750.878092652937,641.9354153541815,0.0,0.0,0,5.0,1,,218.23711340206185,237.0,118.0,255.0,21169.0,40.11358175955815,0.18297006956185755,1.6829587012802056
ID3574,3574,87,13.2296142578125,741.2671527813162,637.0746595037974,0.0,9.0,9,5.0,1,,211.30927835051546,218.0,127.0,255.0,20497.0,37.26352126654338,0.17852252060517212,1.7179866904278336
ID4632,4632,87,10.91925048828125,736.8353544308654,633.6552237186618,0.0,10.0,10,5.0,1,,200.68041237113403,208.0,100.0,255.0,19466.0,42.575312288870464,0.12701227966404507,1.062415018126088
ID4825,4825,87,13.718292236328125,750.878092652937,641.9354153541815,0.0,2.0,2,5.0,1,,218.23711340206185,237.0,118.0,255.0,21169.0,40.11358175955815,0.18297006956185755,1.6829587012802056
ID2491,2491,87,8.636337280273438,738.8123388753362,631.1226154816821,0.0,12.0,12,5.0,1,,188.49484536082474,195.0,97.0,254.0,18284.0,36.22186371037417,0.10898040861146605,1.0227823853300062
ID4191,4191,87,12.089324951171875,747.7718820645565,642.6611549911938,0.0,4.0,4,5.0,1,,189.97938144329896,195.0,103.0,255.0,18428.0,48.13002774201086,0.151501197327583,1.038656693511831
ID3681,3681,88,15.583038330078125,690.3337992786635,340.17778293401346,0.0,11.0,11,5.0,1,,199.1340206185567,212.0,90.0,255.0,19316.0,42.84993895026267,0.23367048622344078,1.7604753069097294
ID3944,3944,88,14.91912841796875,676.9612924767499,314.0143792891331,0.0,8.0,8,5.0,1,,201.08247422680412,214.0,83.0,255.0,19505.0,48.58962297117669,0.1915062775668914,1.3302931865596348
ID2314,2314,88,11.809295654296875,701.5720612513271,349.3004643101059,0.0,12.0,12,5.0,1,,155.22680412371133,162.0,39.0,217.0,15057.0,37.66837343698712,0.2366503379716552,1.5771756124269405
ID3339,3339,88,13.924896240234375,685.1704411251515,274.7633949507265,0.0,4.0,4,5.0,1,,208.8762886597938,221.0,124.0,255.0,20261.0,36.90959048019644,0.19097787238429245,1.8149274507459863
ID2252,2252,88,14.140533447265625,702.7816248606678,362.2947481455083,0.0,15.0,15,5.0,1,,186.97938144329896,185.0,102.0,255.0,18137.0,43.065594199779355,0.18301604697682922,1.34335812257186
ID4108,4108,88,15.583038330078125,690.3337992786635,340.17778293401346,0.0,10.0,10,5.0,1,,199.1340206185567,212.0,90.0,255.0,19316.0,42.84993895026267,0.23367048622344078,1.7604753069097294
ID5228,5228,88,14.11224365234375,690.8610632865383,270.19323505854413,0.0,3.0,3,5.0,1,,201.1237113402062,209.0,108.0,255.0,19509.0,47.90143041791627,0.1825984444672642,1.296595642869189
ID3375,3375,88,10.664596557617188,700.8226767623902,352.9676426289007,0.0,14.0,14,5.0,1,,176.72164948453607,176.0,77.0,255.0,17142.0,46.419451353042994,0.133720506259016,0.8980732468793174
ID2832,2832,88,14.399139404296875,680.3427938379542,331.95324279177277,0.0,9.0,9,5.0,1,,222.63917525773195,239.0,129.0,255.0,21596.0,36.76450551795007,0.18926325090154417,1.9274856238756801
ID2710,2710,88,10.664596557617188,700.8226767623902,352.9676426289007,0.0,13.0,13,5.0,1,,176.72164948453607,176.0,77.0,255.0,17142.0,46.419451353042994,0.133720506259016,0.8980732468793174
ID3926,3926,88,14.91912841796875,676.9612924767499,314.0143792891331,0.0,7.0,7,5.0,1,,201.08247422680412,214.0,83.0,255.0,19505.0,48.58962297117669,0.1915062775668914,1.3302931865596348
ID5302,5302,88,14.11224365234375,690.8610632865383,270.19323505854413,0.0,1.0,1,5.0,1,,201.1237113402062,209.0,108.0,255.0,19509.0,47.90143041791627,0.1825984444672642,1.296595642869189
ID5879,5879,88,7.059326171875,713.0109810061573,369.3780984230798,0.0,16.0,16,5.0,1,,168.57731958762886,164.0,113.0,254.0,16352.0,27.08314168581413,0.11676868313073387,1.3016470958545487
ID3831,3831,88,13.924896240234375,685.1704411251515,274.7633949507265,0.0,5.0,5,5.0,1,,208.8762886597938,221.0,124.0,255.0,20261.0,36.90959048019644,0.19097787238429245,1.8149274507459863
ID4152,4152,88,14.11224365234375,690.8610632865383,270.19323505854413,0.0,2.0,2,5.0,1,,201.1237113402062,209.0,108.0,255.0,19509.0,47.90143041791627,0.1825984444672642,1.296595642869189
ID3739,3739,88,16.046630859375,675.1021014191414,293.28956232247504,0.0,6.0,6,5.0,1,,207.8762886597938,218.0,113.0,255.0,20164.0,40.67253827112108,0.22412032276380012,1.8715041944474282
ID4956,4956,88,14.11224365234375,690.8610632865383,270.19323505854413,0.0,0.0,0,5.0,1,,201.1237113402062,209.0,108.0,255.0,19509.0,47.90143041791627,0.1825984444672642,1.296595642869189
ID5661,5661,88,7.059326171875,713.0109810061573,369.3780984230798,0.0,17.0,17,5.0,1,,168.57731958762886,164.0,113.0,254.0,16352.0,27.08314168581413,0.11676868313073387,1.3016470958545487
ID2241,2241,89,12.355621337890625,712.976763281962,334.91296863708305,0.0,15.0,15,5.0,1,,165.11340206185568,155.0,88.0,255.0,16016.0,51.45181327559873,0.1815639393924796,0.9862431631898703
ID4034,4034,89,10.6181640625,729.3349196936103,360.4865881589285,0.0,6.0,6,5.0,1,,174.89690721649484,160.0,105.0,255.0,16965.0,42.27057796113491,0.16357161118872598,1.16329203411156
ID4067,4067,89,13.658355712890625,727.0799645571734,354.8624232283542,0.0,7.0,7,5.0,1,,179.94845360824743,169.0,82.0,255.0,17455.0,51.886368459921755,0.1857461748232543,1.0865581801009396
ID3686,3686,89,13.713607788085938,732.4899766868868,361.4690767417554,0.0,4.0,4,5.0,1,,183.02061855670104,175.0,116.0,255.0,17753.0,49.31826474150728,0.19209178131856597,1.195972839535525
ID2312,2312,89,15.657363891601562,729.904035172812,347.1478042303616,0.0,12.0,12,5.0,1,,174.9278350515464,171.0,94.0,255.0,16968.0,53.17213544679684,0.24062852833079545,1.2761748039451015
ID3689,3689,89,14.852874755859375,718.6033589351456,347.80102549843906,0.0,11.0,11,5.0,1,,162.29896907216494,165.0,48.0,255.0,15743.0,63.41220389714257,0.2437391850342983,1.0031570896221804
ID4137,4137,89,13.713607788085938,732.4899766868868,361.4690767417554,0.0,5.0,5,5.0,1,,183.02061855670104,175.0,116.0,255.0,17753.0,49.31826474150728,0.19209178131856597,1.195972839535525
ID2858,2858,89,15.13592529296875,722.670033509793,352.8496144113555,0.0,9.0,9,5.0,1,,159.0721649484536,168.0,44.0,255.0,15430.0,57.816204371893086,0.2433431632422343,1.076967875626753
ID5291,5291,89,13.330047607421875,732.1061606654065,360.2723409360416,0.0,3.0,3,5.0,1,,204.7319587628866,215.0,124.0,255.0,19859.0,43.38142734894295,0.16324773173542123,1.3246060712630943
ID4400,4400,89,13.330047607421875,732.1061606654065,360.2723409360416,0.0,2.0,2,5.0,1,,204.7319587628866,215.0,124.0,255.0,19859.0,43.38142734894295,0.16324773173542123,1.3246060712630943
ID5362,5362,89,13.330047607421875,732.1061606654065,360.2723409360416,0.0,1.0,1,5.0,1,,204.7319587628866,215.0,124.0,255.0,19859.0,43.38142734894295,0.16324773173542123,1.3246060712630943
ID4118,4118,89,14.852874755859375,718.6033589351456,347.80102549843906,0.0,10.0,10,5.0,1,,162.29896907216494,165.0,48.0,255.0,15743.0,63.41220389714257,0.2437391850342983,1.0031570896221804
ID4088,4088,89,13.658355712890625,727.0799645571734,354.8624232283542,0.0,8.0,8,5.0,1,,179.94845360824743,169.0,82.0,255.0,17455.0,51.886368459921755,0.1857461748232543,1.0865581801009396
ID3385,3385,89,15.501998901367188,728.9243127566873,354.40147853994563,0.0,14.0,14,5.0,1,,171.96907216494844,172.0,75.0,255.0,16681.0,51.559927432440084,0.25525363631207393,1.3564646984874529
ID4986,4986,89,13.330047607421875,732.1061606654065,360.2723409360416,0.0,0.0,0,5.0,1,,204.7319587628866,215.0,124.0,255.0,19859.0,43.38142734894295,0.16324773173542123,1.3246060712630943
ID2715,2715,89,15.501998901367188,728.9243127566873,354.40147853994563,0.0,13.0,13,5.0,1,,171.96907216494844,172.0,75.0,255.0,16681.0,51.559927432440084,0.25525363631207393,1.3564646984874529
ID4711,4711,90,13.467269897460938,13.72665644755142,674.265861283193,0.0,7.0,7,5.0,1,,191.90721649484536,194.0,104.0,255.0,18615.0,41.77271898675488,0.21375512257690316,1.618132247519172
ID5514,5514,90,13.095565795898438,20.534673567981912,675.0417010801833,0.0,1.0,1,5.0,1,,186.9278350515464,189.0,95.0,255.0,18132.0,49.764706248228855,0.1617740176519086,1.0460914168125839
ID5099,5099,90,13.095565795898438,20.534673567981912,675.0417010801833,0.0,0.0,0,5.0,1,,186.9278350515464,189.0,95.0,255.0,18132.0,49.764706248228855,0.1617740176519086,1.0460914168125839
ID4621,4621,90,6.75433349609375,21.379833415176858,633.5079746057502,0.0,10.0,10,5.0,1,,149.64948453608247,145.0,65.0,255.0,14516.0,45.06246618979624,0.08629545663335327,0.5276309136650866
ID4845,4845,90,13.095565795898438,20.534673567981912,675.0417010801833,0.0,2.0,2,5.0,1,,186.9278350515464,189.0,95.0,255.0,18132.0,49.764706248228855,0.1617740176519086,1.0460914168125839
ID4750,4750,90,13.467269897460938,13.72665644755142,674.265861283193,0.0,8.0,8,5.0,1,,191.90721649484536,194.0,104.0,255.0,18615.0,41.77271898675488,0.21375512257690316,1.618132247519172
ID4017,4017,90,11.918441772460938,31.637754355051175,631.2538579432185,0.0,14.0,14,5.0,1,,177.0721649484536,175.0,111.0,255.0,17176.0,35.35659044608953,0.18787814977505202,1.584215637006122
ID4305,4305,90,11.472824096679688,18.170953717348844,674.1185193462476,0.0,4.0,4,5.0,1,,190.340206185567,193.0,98.0,255.0,18463.0,50.422359168564405,0.1437973682242628,0.9491595334123583
ID5459,5459,90,13.095565795898438,20.534673567981912,675.0417010801833,0.0,3.0,3,5.0,1,,186.9278350515464,189.0,95.0,255.0,18132.0,49.764706248228855,0.1617740176519086,1.0460914168125839
ID3732,3732,90,12.428451538085938,9.745343064867178,667.9361526503642,0.0,9.0,9,5.0,1,,184.01030927835052,182.0,100.0,255.0,17849.0,45.48042043134259,0.1773459818522321,1.2188911599083565
ID4661,4661,90,11.472824096679688,18.170953717348844,674.1185193462476,0.0,5.0,5,5.0,1,,190.340206185567,193.0,98.0,255.0,18463.0,50.422359168564405,0.1437973682242628,0.9491595334123583
ID4278,4278,90,6.75433349609375,21.379833415176858,633.5079746057502,0.0,11.0,11,5.0,1,,149.64948453608247,145.0,65.0,255.0,14516.0,45.06246618979624,0.08629545663335327,0.5276309136650866
ID3228,3228,90,11.918441772460938,31.637754355051175,631.2538579432185,0.0,13.0,13,5.0,1,,177.0721649484536,175.0,111.0,255.0,17176.0,35.35659044608953,0.18787814977505202,1.584215637006122
ID4671,4671,90,11.49090576171875,17.72176832472777,674.5018843123639,0.0,6.0,6,5.0,1,,201.27835051546393,205.0,118.0,255.0,19524.0,41.7693922697493,0.14593988714343864,1.2273857410834887
ID2661,2661,91,5.206687927246094,435.47753756580397,102.37884650212071,0.0,14.0,14,5.0,1,,115.72164948453609,109.0,52.0,204.0,11225.0,30.26677987360939,0.07694020535001182,0.546311249145287
ID2038,2038,91,5.340087890625,435.336748796223,102.80638265737836,0.0,15.0,15,5.0,1,,115.9278350515464,111.0,48.0,201.0,11245.0,31.024267189398287,0.07806805151199649,0.5411820123761477
ID5785,5785,91,5.146949768066406,435.8669153354333,103.05410414123146,0.0,16.0,16,5.0,1,,116.42268041237114,112.0,51.0,204.0,11293.0,30.164422701374818,0.08256432470019127,0.5887233939035119
ID2475,2475,91,5.172218322753906,435.3942616830392,100.22868763086612,0.0,9.0,9,5.0,1,,116.14432989690722,109.0,48.0,215.0,11266.0,32.23901288640883,0.07750112816347478,0.5182467214984642
ID2205,2205,91,5.206687927246094,435.47753756580397,102.37884650212071,0.0,13.0,13,5.0,1,,115.72164948453609,109.0,52.0,204.0,11225.0,30.26677987360939,0.07694020535001182,0.546311249145287
ID2174,2174,91,5.2869720458984375,435.4892284973649,101.86745197944032,0.0,12.0,12,5.0,1,,115.31958762886597,110.0,47.0,205.0,11186.0,32.44500038261948,0.07352939069999953,0.4868916437931961
ID2879,2879,91,5.041496276855469,435.5779222368948,101.03037788576879,0.0,11.0,11,5.0,1,,117.0,112.0,46.0,203.0,11349.0,29.89251578572804,0.08359539689670663,0.6039049685670503
ID3279,3279,91,5.041496276855469,435.5779222368948,101.03037788576879,0.0,10.0,10,5.0,1,,117.0,112.0,46.0,203.0,11349.0,29.89251578572804,0.08359539689670663,0.6039049685670503
ID5567,5567,91,5.146949768066406,435.8669153354333,103.05410414123146,0.0,17.0,17,5.0,1,,116.42268041237114,112.0,51.0,204.0,11293.0,30.164422701374818,0.08256432470019127,0.5887233939035119
ID5792,5792,92,15.502914428710938,627.8647454729809,125.98629227063776,0.0,16.0,16,5.0,1,,173.50515463917526,162.0,80.0,255.0,16830.0,55.24813792324818,0.23121102085689116,1.1795076693969062
ID2178,2178,92,11.035720825195312,653.4146579927458,108.55991207699103,0.0,12.0,12,5.0,1,,193.4536082474227,196.0,109.0,254.0,18765.0,40.42740938463983,0.1351771932545146,1.1396478758790443
ID2786,2786,92,12.208511352539062,651.8473741450508,75.28074722102225,0.0,4.0,4,5.0,1,,191.1237113402062,197.0,109.0,255.0,18539.0,48.71521359988555,0.14943372751298065,1.0201044640951964
ID3394,3394,92,10.805801391601562,651.2334656582768,74.19512550587815,0.0,2.0,2,5.0,1,,181.72164948453607,179.0,103.0,255.0,17627.0,51.46332477843673,0.1296955453053126,0.8107789577812646
ID3269,3269,92,9.76702880859375,661.5645281947396,98.91269999336153,0.0,10.0,10,5.0,1,,170.28865979381445,174.0,65.0,255.0,16518.0,49.00105414743786,0.13319485467612502,0.8169456311449663
ID5574,5574,92,15.502914428710938,627.8647454729809,125.98629227063776,0.0,17.0,17,5.0,1,,173.50515463917526,162.0,80.0,255.0,16830.0,55.24813792324818,0.23121102085689116,1.1795076693969062
ID2470,2470,92,15.847732543945312,662.7087977974626,92.00266086473313,0.0,9.0,9,5.0,1,,209.75257731958763,225.0,116.0,255.0,20346.0,44.350880987077325,0.22426317425537773,1.7326794686235891
ID3110,3110,92,12.208511352539062,651.8473741450508,75.28074722102225,0.0,5.0,5,5.0,1,,191.1237113402062,197.0,109.0,255.0,18539.0,48.71521359988555,0.14943372751298065,1.0201044640951964
ID3113,3113,92,12.4501953125,650.6538130417365,80.48368500658927,0.0,7.0,7,5.0,1,,189.6701030927835,196.0,110.0,255.0,18398.0,42.764549582930584,0.16556018367983988,1.2599873069037288
ID2666,2666,92,12.366226196289062,650.0,110.0,0.0,14.0,14,5.0,1,,171.62886597938143,166.0,84.0,255.0,16648.0,53.709154943475575,0.167639096453546,0.9175689155018982
ID5066,5066,92,10.805801391601562,651.2334656582768,74.19512550587815,0.0,3.0,3,5.0,1,,181.72164948453607,179.0,103.0,255.0,17627.0,51.46332477843673,0.1296955453053126,0.8107789577812646
ID3219,3219,92,12.4501953125,650.6538130417365,80.48368500658927,0.0,8.0,8,5.0,1,,189.6701030927835,196.0,110.0,255.0,18398.0,42.764549582930584,0.16556018367983988,1.2599873069037288
ID5171,5171,92,10.805801391601562,651.2334656582768,74.19512550587815,0.0,1.0,1,5.0,1,,181.72164948453607,179.0,103.0,255.0,17627.0,51.46332477843673,0.1296955453053126,0.8107789577812646
ID3092,3092,92,13.897598266601562,652.2244646713287,79.76610197661064,0.0,6.0,6,5.0,1,,201.5257731958763,211.0,112.0,255.0,19548.0,48.42629553926624,0.16986075526643604,1.208476535338954
ID2871,2871,92,9.76702880859375,661.5645281947396,98.91269999336153,0.0,11.0,11,5.0,1,,170.28865979381445,174.0,65.0,255.0,16518.0,49.00105414743786,0.13319485467612502,0.8169456311449663
ID4888,4888,92,10.805801391601562,651.2334656582768,74.19512550587815,0.0,0.0,0,5.0,1,,181.72164948453607,179.0,103.0,255.0,17627.0,51.46332477843673,0.1296955453053126,0.8107789577812646
ID2041,2041,92,11.653961181640625,652.1200307293685,120.27751583197843,0.0,15.0,15,5.0,1,,182.37113402061857,181.0,100.0,255.0,17690.0,45.56115843649722,0.17357260987297923,1.1840296150827545
ID2207,2207,92,12.366226196289062,650.0,110.0,0.0,13.0,13,5.0,1,,171.62886597938143,166.0,84.0,255.0,16648.0,53.709154943475575,0.167639096453546,0.9175689155018982
ID2720,2720,93,6.3830413818359375,588.4650399320635,354.891857117283,0.0,13.0,13,5.0,1,,132.8556701030928,132.0,34.0,229.0,12887.0,39.62900602534337,0.08601940059314618,0.5310748545420556
ID3398,3398,93,6.3830413818359375,588.4650399320635,354.891857117283,0.0,14.0,14,5.0,1,,132.8556701030928,132.0,34.0,229.0,12887.0,39.62900602534337,0.08601940059314618,0.5310748545420556
ID2209,2209,94,5.936302185058594,386.847450377698,114.56743263457304,0.0,13.0,13,5.0,1,,123.20618556701031,110.0,84.0,253.0,11951.0,35.346186187577196,0.08669138372253787,0.5561470762362657
ID5571,5571,94,5.822593688964844,387.2259307746044,115.69126016413473,0.0,17.0,17,5.0,1,,120.04123711340206,107.0,80.0,239.0,11644.0,33.89165258762509,0.07514491892292297,0.4951084353342582
ID2182,2182,94,5.656822204589844,386.9478326433537,114.39627612412473,0.0,12.0,12,5.0,1,,121.0618556701031,108.0,79.0,247.0,11743.0,35.33553877737376,0.07729206078672772,0.4916171583540099
ID3302,3302,94,5.991035461425781,386.7601546470004,113.62635146917671,0.0,10.0,10,5.0,1,,122.80412371134021,111.0,83.0,246.0,11912.0,34.64872507733201,0.08385415437714604,0.5484151253173102
ID2822,2822,94,6.0277557373046875,385.9270200843289,109.77135718939098,0.0,4.0,4,5.0,1,,122.97938144329896,109.0,84.0,252.0,11929.0,34.754489932190566,0.08493702592978082,0.5540435461390288
ID3559,3559,94,5.9913482666015625,385.3122056646123,108.61338317019049,0.0,2.0,2,5.0,1,,124.08247422680412,110.0,83.0,245.0,12036.0,35.70646244702911,0.08993926287601686,0.5735095333300838
ID4903,4903,94,5.9913482666015625,385.3122056646123,108.61338317019049,0.0,0.0,0,5.0,1,,124.08247422680412,110.0,83.0,245.0,12036.0,35.70646244702911,0.08993926287601686,0.5735095333300838
ID2889,2889,94,5.991035461425781,386.7601546470004,113.62635146917671,0.0,11.0,11,5.0,1,,122.80412371134021,111.0,83.0,246.0,11912.0,34.64872507733201,0.08385415437714604,0.5484151253173102
ID3177,3177,94,6.176643371582031,386.0764576100777,110.80415201054045,0.0,6.0,6,5.0,1,,123.9278350515464,111.0,83.0,253.0,12021.0,34.36060226440318,0.08869587256529511,0.5876719001983263
ID2668,2668,94,5.936302185058594,386.847450377698,114.56743263457304,0.0,14.0,14,5.0,1,,123.20618556701031,110.0,84.0,253.0,11951.0,35.346186187577196,0.08669138372253787,0.5561470762362657
ID5199,5199,94,5.9913482666015625,385.3122056646123,108.61338317019049,0.0,1.0,1,5.0,1,,124.08247422680412,110.0,83.0,245.0,12036.0,35.70646244702911,0.08993926287601686,0.5735095333300838
ID3186,3186,94,6.177680969238281,386.32177329551047,111.77689332050188,0.0,7.0,7,5.0,1,,123.6701030927835,110.0,84.0,250.0,11996.0,34.788863654397524,0.08843098905213649,0.577641064299945
ID2483,2483,94,6.033607482910156,386.35579177258825,112.31592191013765,0.0,9.0,9,5.0,1,,122.64948453608247,108.0,83.0,249.0,11897.0,34.566976424132456,0.08194494473281602,0.5374664184028554
ID5109,5109,94,5.9913482666015625,385.3122056646123,108.61338317019049,0.0,3.0,3,5.0,1,,124.08247422680412,110.0,83.0,245.0,12036.0,35.70646244702911,0.08993926287601686,0.5735095333300838
ID3222,3222,94,6.0277557373046875,385.9270200843289,109.77135718939098,0.0,5.0,5,5.0,1,,122.97938144329896,109.0,84.0,252.0,11929.0,34.754489932190566,0.08493702592978082,0.5540435461390288
ID2039,2039,94,5.911102294921875,386.7269700451661,115.38063894472448,0.0,15.0,15,5.0,1,,121.04123711340206,105.0,83.0,251.0,11741.0,36.28386852473527,0.07774423633603925,0.4812849239750201
ID3292,3292,94,6.177680969238281,386.32177329551047,111.77689332050188,0.0,8.0,8,5.0,1,,123.6701030927835,110.0,84.0,250.0,11996.0,34.788863654397524,0.08843098905213649,0.577641064299945
ID5789,5789,94,5.822593688964844,387.2259307746044,115.69126016413473,0.0,16.0,16,5.0,1,,120.04123711340206,107.0,80.0,239.0,11644.0,33.89165258762509,0.07514491892292297,0.4951084353342582
ID5088,5088,95,14.927932739257812,656.2621490097725,85.15513233976657,0.0,3.0,3,5.0,1,,172.69072164948454,178.0,55.0,255.0,16751.0,61.06747648174759,0.21038915098790872,0.9830765685809469
ID2211,2211,95,14.3857421875,653.729145510142,117.9889874163238,0.0,13.0,13,5.0,1,,196.5257731958763,207.0,107.0,255.0,19063.0,46.46125015884768,0.20344940127091762,1.4301684685569616
ID3142,3142,95,13.118453979492188,662.4637186354308,84.44385492944039,0.0,5.0,5,5.0,1,,172.06185567010309,160.0,91.0,255.0,16690.0,55.93705808633444,0.17815090215233026,0.9302551483276964
ID2187,2187,95,12.354415893554688,662.9446381495661,119.81933272539831,0.0,12.0,12,5.0,1,,177.35051546391753,174.0,94.0,255.0,17203.0,49.46443192611431,0.1728411597085249,1.056762510343633
ID3468,3468,95,14.927932739257812,656.2621490097725,85.15513233976657,0.0,2.0,2,5.0,1,,172.69072164948454,178.0,55.0,255.0,16751.0,61.06747648174759,0.21038915098790872,0.9830765685809469
ID3119,3119,95,11.404006958007812,663.3020500213194,85.273413380767,0.0,6.0,6,5.0,1,,199.60824742268042,203.0,125.0,255.0,19362.0,30.467727701150892,0.18937255691161078,2.0862557236546513
ID2799,2799,95,13.118453979492188,662.4637186354308,84.44385492944039,0.0,4.0,4,5.0,1,,172.06185567010309,160.0,91.0,255.0,16690.0,55.93705808633444,0.17815090215233026,0.9302551483276964
ID2673,2673,95,14.3857421875,653.729145510142,117.9889874163238,0.0,14.0,14,5.0,1,,196.5257731958763,207.0,107.0,255.0,19063.0,46.46125015884768,0.20344940127091762,1.4301684685569616
ID3155,3155,95,14.466476440429688,661.7435362741513,89.78757103168283,0.0,7.0,7,5.0,1,,215.5463917525773,225.0,110.0,255.0,20908.0,35.76486305794089,0.19917738442789448,2.0020309258791675
ID2903,2903,95,13.494155883789062,661.9362969980999,119.1160133954387,0.0,11.0,11,5.0,1,,171.28865979381445,159.0,95.0,255.0,16615.0,50.067029812310665,0.21791759673509403,1.2242811828495945
ID2043,2043,95,11.826568603515625,652.1200307293685,120.27751583197843,0.0,15.0,15,5.0,1,,182.37113402061857,181.0,100.0,255.0,17690.0,45.56115843649722,0.17357260987297923,1.1840296150827545
ID3325,3325,95,13.494155883789062,661.9362969980999,119.1160133954387,0.0,10.0,10,5.0,1,,171.28865979381445,159.0,95.0,255.0,16615.0,50.067029812310665,0.21791759673509403,1.2242811828495945
ID3261,3261,95,14.466476440429688,661.7435362741513,89.78757103168283,0.0,8.0,8,5.0,1,,215.5463917525773,225.0,110.0,255.0,20908.0,35.76486305794089,0.19917738442789448,2.0020309258791675
ID2495,2495,95,7.4109344482421875,654.7728938958682,115.48883632600875,0.0,9.0,9,5.0,1,,128.8556701030928,123.0,59.0,203.0,12499.0,28.332104026293226,0.1423843673847383,1.1337172645708924
ID5183,5183,95,14.927932739257812,656.2621490097725,85.15513233976657,0.0,1.0,1,5.0,1,,172.69072164948454,178.0,55.0,255.0,16751.0,61.06747648174759,0.21038915098790872,0.9830765685809469
ID4895,4895,95,14.927932739257812,656.2621490097725,85.15513233976657,0.0,0.0,0,5.0,1,,172.69072164948454,178.0,55.0,255.0,16751.0,61.06747648174759,0.21038915098790872,0.9830765685809469
ID5793,5793,96,14.38092041015625,714.0807757313903,125.38253043904774,0.0,16.0,16,5.0,1,,196.63917525773195,210.0,94.0,255.0,19074.0,51.121013611293435,0.19863348478146195,1.2748721659322986
ID2817,2817,96,15.0748291015625,730.1496405298227,108.24375671163553,0.0,4.0,4,5.0,1,,217.53608247422682,238.0,129.0,255.0,21101.0,41.1934111478174,0.19853765328725465,1.7495434962927947
ID2213,2213,96,13.983474731445312,717.9557509628108,118.45369893994607,0.0,13.0,13,5.0,1,,193.50515463917526,201.0,94.0,255.0,18770.0,53.06759127741013,0.17821553406995028,1.1030976782555857
ID5573,5573,96,14.487564086914062,714.0807757313903,125.38253043904774,0.0,17.0,17,5.0,1,,196.63917525773195,210.0,94.0,255.0,19074.0,51.121013611293435,0.19863348478146195,1.2748721659322986
ID2184,2184,96,13.326431274414062,724.26819202689,117.64784599102437,0.0,12.0,12,5.0,1,,200.72164948453607,214.0,102.0,255.0,19470.0,47.60771608241875,0.17061272892939822,1.2289806722943994
ID3176,3176,96,15.144744873046875,723.4097863016432,111.07466468487917,0.0,7.0,7,5.0,1,,213.04123711340208,232.0,110.0,255.0,20665.0,43.93577640663255,0.20024428703813674,1.6179528176512188
ID3209,3209,96,15.0748291015625,730.1496405298227,108.24375671163553,0.0,5.0,5,5.0,1,,217.53608247422682,238.0,129.0,255.0,21101.0,41.1934111478174,0.19853765328725465,1.7495434962927947
ID2896,2896,96,12.714691162109375,727.5090411528215,115.95615042298425,0.0,11.0,11,5.0,1,,214.71134020618555,228.0,110.0,255.0,20827.0,41.150880600866884,0.15849142210048478,1.4276402541379338
ID3313,3313,96,12.714691162109375,727.5090411528215,115.95615042298425,0.0,10.0,10,5.0,1,,214.71134020618555,228.0,110.0,255.0,20827.0,41.150880600866884,0.15849142210048478,1.4276402541379338
ID3281,3281,96,15.144744873046875,723.4097863016432,111.07466468487917,0.0,8.0,8,5.0,1,,213.04123711340208,232.0,110.0,255.0,20665.0,43.93577640663255,0.20024428703813674,1.6179528176512188
ID2677,2677,96,13.983474731445312,717.9557509628108,118.45369893994607,0.0,14.0,14,5.0,1,,193.50515463917526,201.0,94.0,255.0,18770.0,53.06759127741013,0.17821553406995028,1.1030976782555857
ID2487,2487,96,13.496841430664062,728.425612636267,112.78935966707537,0.0,9.0,9,5.0,1,,224.8041237113402,239.0,134.0,255.0,21806.0,34.68658457508516,0.1709514668932159,1.8923726683085058
ID2045,2045,96,14.159347534179688,713.133368427007,121.98638699617824,0.0,15.0,15,5.0,1,,197.1958762886598,212.0,102.0,255.0,19128.0,51.27329535100318,0.18443268091737033,1.197744240519271
ID3167,3167,96,15.021438598632812,721.7490252461406,108.0529580334634,0.0,6.0,6,5.0,1,,222.61855670103094,237.0,117.0,255.0,21594.0,36.084519793514275,0.19964428524343458,2.0534059775584788
ID2725,2725,97,13.374252319335938,528.0212492349413,358.9181065904728,0.0,13.0,13,5.0,1,,213.70103092783506,223.0,126.0,255.0,20729.0,34.702655082276486,0.17898099357355138,1.8697090062676038
ID2247,2247,97,11.299880981445312,546.745277842972,355.35074488237575,0.0,15.0,15,5.0,1,,175.44329896907217,182.0,103.0,243.0,17018.0,39.54927545484792,0.16656333192143288,1.2667745441804648
ID4106,4106,97,16.405364990234375,519.9156119322068,365.398419569231,0.0,8.0,8,5.0,1,,237.0,243.0,162.0,255.0,22989.0,20.56544431807881,0.24163815853777734,4.4854984521595735
ID3691,3691,97,15.513320922851562,534.3408009669471,367.5366773673647,0.0,4.0,4,5.0,1,,221.30927835051546,237.0,104.0,255.0,21467.0,36.10700556007745,0.2294974359807273,2.2881703581202637
ID2316,2316,97,13.1416015625,521.4540459199336,357.1447985952823,0.0,12.0,12,5.0,1,,192.06185567010309,201.0,102.0,255.0,18630.0,49.31231557485363,0.1721812955143083,1.144213069511247
ID5870,5870,97,12.041778564453125,526.1506724786916,329.94951525350086,0.0,16.0,16,5.0,1,,201.95876288659792,208.0,113.0,255.0,19590.0,43.8130301978792,0.16331506638056412,1.2942503927988798
ID5294,5294,97,8.29852294921875,555.3743443586776,366.8800367503278,0.0,3.0,3,5.0,1,,136.62886597938143,120.0,42.0,255.0,13253.0,49.78271947247962,0.07785193982328867,0.39646437847808147
ID3409,3409,97,13.374252319335938,528.0212492349413,358.9181065904728,0.0,14.0,14,5.0,1,,213.70103092783506,223.0,126.0,255.0,20729.0,34.702655082276486,0.17898099357355138,1.8697090062676038
ID3729,3729,97,17.191421508789062,522.7416876077658,358.7912533231018,0.0,11.0,11,5.0,1,,217.4020618556701,228.0,127.0,255.0,21088.0,36.2398433454736,0.2495878345040974,2.396425693083564
ID2867,2867,97,12.636734008789062,521.0077898386413,365.68225877335976,0.0,9.0,9,5.0,1,,201.01030927835052,207.0,93.0,255.0,19498.0,43.146913477231294,0.17232986320854454,1.3696490759427793
ID4083,4083,97,16.405364990234375,519.9156119322068,365.398419569231,0.0,7.0,7,5.0,1,,237.0,243.0,162.0,255.0,22989.0,20.56544431807881,0.24163815853777734,4.4854984521595735
ID4147,4147,97,15.513320922851562,534.3408009669471,367.5366773673647,0.0,5.0,5,5.0,1,,221.30927835051546,237.0,104.0,255.0,21467.0,36.10700556007745,0.2294974359807273,2.2881703581202637
ID5652,5652,97,12.041778564453125,526.1506724786916,329.94951525350086,0.0,17.0,17,5.0,1,,201.95876288659792,208.0,113.0,255.0,19590.0,43.8130301978792,0.16331506638056412,1.2942503927988798
ID4053,4053,97,16.15423583984375,530.0229240208104,367.95285128337514,0.0,6.0,6,5.0,1,,213.8659793814433,232.0,111.0,255.0,20745.0,40.948297905707534,0.2236295556302397,1.9090402661108201
ID5366,5366,97,8.29852294921875,555.3743443586776,366.8800367503278,0.0,1.0,1,5.0,1,,136.62886597938143,120.0,42.0,255.0,13253.0,49.78271947247962,0.07785193982328867,0.39646437847808147
ID4154,4154,97,17.191421508789062,522.7416876077658,358.7912533231018,0.0,10.0,10,5.0,1,,217.4020618556701,228.0,127.0,255.0,21088.0,36.2398433454736,0.2495878345040974,2.396425693083564
ID4988,4988,97,8.29852294921875,555.3743443586776,366.8800367503278,0.0,0.0,0,5.0,1,,136.62886597938143,120.0,42.0,255.0,13253.0,49.78271947247962,0.07785193982328867,0.39646437847808147
ID4415,4415,97,8.29852294921875,555.3743443586776,366.8800367503278,0.0,2.0,2,5.0,1,,136.62886597938143,120.0,42.0,255.0,13253.0,49.78271947247962,0.07785193982328867,0.39646437847808147
ID5572,5572,98,16.419342041015625,227.81909226163012,119.96285237717959,0.0,17.0,17,5.0,1,,210.7422680412371,226.0,86.0,255.0,20442.0,41.772019729747385,0.23192802613232996,1.8996083385442006
ID2215,2215,98,16.414810180664062,229.13671819209483,120.37527668541823,0.0,13.0,13,5.0,1,,209.91752577319588,221.0,104.0,255.0,20362.0,40.311461899577644,0.21965832233885837,1.8756837896949192
ID3272,3272,98,16.126968383789062,252.03611375338346,103.11569613928923,0.0,8.0,8,5.0,1,,228.8556701030928,230.0,186.0,255.0,22199.0,20.562906374262877,0.22877595938676987,4.144239576379196
ID3337,3337,98,17.008193969726562,231.62018305189812,119.58836678375707,0.0,10.0,10,5.0,1,,211.63917525773195,226.0,95.0,255.0,20529.0,41.65812885035422,0.2398840022644258,1.965832572442082
ID2682,2682,98,16.414810180664062,229.13671819209483,120.37527668541823,0.0,14.0,14,5.0,1,,209.91752577319588,221.0,104.0,255.0,20362.0,40.311461899577644,0.21965832233885837,1.8756837896949192
ID2186,2186,98,16.842361450195312,232.89100857843118,119.35400230805128,0.0,12.0,12,5.0,1,,210.53608247422682,223.0,104.0,255.0,20422.0,40.20262788251279,0.22974713557415413,1.956754660890473
ID2044,2044,98,16.245391845703125,229.06346113196457,120.95391932219192,0.0,15.0,15,5.0,1,,210.71134020618555,225.0,95.0,255.0,20439.0,41.13720912053714,0.23501065033258678,1.9493953334265601
ID2909,2909,98,17.008193969726562,231.62018305189812,119.58836678375707,0.0,11.0,11,5.0,1,,211.63917525773195,226.0,95.0,255.0,20529.0,41.65812885035422,0.2398840022644258,1.965832572442082
ID5790,5790,98,16.419342041015625,227.81909226163012,119.96285237717959,0.0,16.0,16,5.0,1,,210.7422680412371,226.0,86.0,255.0,20442.0,41.772019729747385,0.23192802613232996,1.8996083385442006
ID3166,3166,98,16.126968383789062,252.03611375338346,103.11569613928923,0.0,7.0,7,5.0,1,,228.8556701030928,230.0,186.0,255.0,22199.0,20.562906374262877,0.22877595938676987,4.144239576379196
ID2479,2479,98,16.977325439453125,235.70552818574356,106.33025340396394,0.0,9.0,9,5.0,1,,216.91752577319588,225.0,125.0,255.0,21041.0,35.02162132856072,0.24561207417934994,2.4426165380034752
ID2688,2688,99,11.610076904296875,325.7613646307529,122.0106403450005,0.0,14.0,14,5.0,1,,179.5979381443299,176.0,108.0,255.0,17421.0,50.00597043391719,0.16405923831219904,1.0123602663448874
ID5795,5795,99,11.863357543945312,330.0073116746049,129.95458951053982,0.0,16.0,16,5.0,1,,225.37113402061857,237.0,153.0,255.0,21861.0,27.838941396461205,0.15780465341289904,2.206785307729008
ID3239,3239,99,14.164627075195312,339.85861240289,133.60919849440376,0.0,7.0,7,5.0,1,,202.43298969072166,211.0,75.0,255.0,19636.0,44.27727671929446,0.1956762556116396,1.4964248360721917
ID5127,5127,99,11.827880859375,331.8285522288525,133.14873015591695,0.0,3.0,3,5.0,1,,189.02061855670104,196.0,77.0,255.0,18335.0,52.516263231308365,0.15451478016598594,0.9634205160318708
ID2217,2217,99,11.610076904296875,325.7613646307529,122.0106403450005,0.0,13.0,13,5.0,1,,179.5979381443299,176.0,108.0,255.0,17421.0,50.00597043391719,0.16405923831219904,1.0123602663448874
ID5577,5577,99,11.863357543945312,330.0073116746049,129.95458951053982,0.0,17.0,17,5.0,1,,225.37113402061857,237.0,153.0,255.0,21861.0,27.838941396461205,0.15780465341289904,2.206785307729008
ID3627,3627,99,11.827880859375,331.8285522288525,133.14873015591695,0.0,2.0,2,5.0,1,,189.02061855670104,196.0,77.0,255.0,18335.0,52.516263231308365,0.15451478016598594,0.9634205160318708
ID2188,2188,99,12.81134033203125,321.49241434282214,126.50430652063339,0.0,12.0,12,5.0,1,,187.41237113402062,190.0,67.0,255.0,18179.0,43.83295767677739,0.19159223146861037,1.3749208800913328
ID4909,4909,99,11.827880859375,331.8285522288525,133.14873015591695,0.0,0.0,0,5.0,1,,189.02061855670104,196.0,77.0,255.0,18335.0,52.516263231308365,0.15451478016598594,0.9634205160318708
ID3343,3343,99,14.164627075195312,339.85861240289,133.60919849440376,0.0,8.0,8,5.0,1,,202.43298969072166,211.0,75.0,255.0,19636.0,44.27727671929446,0.1956762556116396,1.4964248360721917
ID2863,2863,99,12.97509765625,350.9726349154485,144.34994375456108,0.0,4.0,4,5.0,1,,203.20618556701032,217.0,113.0,255.0,19711.0,46.1198479833452,0.1601608024264656,1.216513968532906
ID2514,2514,99,14.316421508789062,343.1325325304199,131.21949100106198,0.0,9.0,9,5.0,1,,210.4020618556701,228.0,127.0,255.0,20409.0,43.509735451250464,0.1853792707969987,1.5125069732339458
ID3314,3314,99,12.97509765625,350.9726349154485,144.34994375456108,0.0,5.0,5,5.0,1,,203.20618556701032,217.0,113.0,255.0,19711.0,46.1198479833452,0.1601608024264656,1.216513968532906
ID3380,3380,99,13.62127685546875,335.01149044355344,129.29033387470204,0.0,10.0,10,5.0,1,,215.37113402061857,233.0,125.0,255.0,20891.0,40.46637482415413,0.17076281881179073,1.5525571088150676
ID3259,3259,99,13.212738037109375,344.7227305826138,140.7088602452655,0.0,6.0,6,5.0,1,,207.72164948453607,219.0,113.0,255.0,20149.0,42.612777394237725,0.17507474059082417,1.4525460766430685
ID5211,5211,99,11.827880859375,331.8285522288525,133.14873015591695,0.0,1.0,1,5.0,1,,189.02061855670104,196.0,77.0,255.0,18335.0,52.516263231308365,0.15451478016598594,0.9634205160318708
ID2940,2940,99,13.62127685546875,335.01149044355344,129.29033387470204,0.0,11.0,11,5.0,1,,215.37113402061857,233.0,125.0,255.0,20891.0,40.46637482415413,0.17076281881179073,1.5525571088150676
ID2046,2046,99,15.471145629882812,332.4075649471794,125.86636794246529,0.0,15.0,15,5.0,1,,209.68041237113403,225.0,117.0,255.0,20339.0,42.724540760100744,0.22224935415900074,1.7848065275874916
ID5713,5713,100,11.745925903320312,724.6668032548608,620.939538399331,0.0,17.0,17,5.0,1,,200.37113402061857,204.0,122.0,255.0,19436.0,44.80823017492362,0.13385137058202193,1.055781516032134
ID4290,4290,100,8.14373779296875,719.5002214944191,633.1401087559386,0.0,11.0,11,5.0,1,,162.08247422680412,166.0,70.0,255.0,15722.0,36.493912192964,0.10992553863774715,0.8797319979493842
ID4627,4627,100,8.14373779296875,719.5002214944191,633.1401087559386,0.0,10.0,10,5.0,1,,162.08247422680412,166.0,70.0,255.0,15722.0,36.493912192964,0.10992553863774715,0.8797319979493842
ID2420,2420,100,11.658523559570312,721.3642970725754,620.5548015903432,0.0,15.0,15,5.0,1,,188.51546391752578,192.0,101.0,255.0,18286.0,46.94547222622173,0.12289966763127798,0.8790083891088576
ID3588,3588,100,5.8454132080078125,725.2676073310073,639.4985071811585,0.0,9.0,9,5.0,1,,141.1443298969072,139.0,101.0,190.0,13691.0,27.24349681220641,0.07672181563147423,0.7383222238059505
ID2488,2488,100,6.4888916015625,717.5217103951128,629.8196058701508,0.0,12.0,12,5.0,1,,155.58762886597938,160.0,76.0,226.0,15092.0,32.21825070816474,0.08621872692931669,0.7666328438566491
ID3241,3241,100,6.44622802734375,715.5025493997764,630.5794474795492,0.0,13.0,13,5.0,1,,139.56701030927834,144.0,75.0,183.0,13538.0,27.05507777990993,0.11167526143955563,1.0364372682423175
ID4026,4026,100,6.44622802734375,715.5025493997764,630.5794474795492,0.0,14.0,14,5.0,1,,139.56701030927834,144.0,75.0,183.0,13538.0,27.05507777990993,0.11167526143955563,1.0364372682423175
ID5931,5931,100,11.745925903320312,724.6668032548608,620.939538399331,0.0,16.0,16,5.0,1,,200.37113402061857,204.0,122.0,255.0,19436.0,44.80823017492362,0.13385137058202193,1.055781516032134
ID4032,4032,101,14.786468505859375,682.8166835451472,322.8517821571528,0.0,8.0,8,5.0,1,,218.06185567010309,231.0,122.0,255.0,21152.0,31.069081104649438,0.20931667332614695,2.4296575927099084
ID4192,4192,101,8.86737060546875,689.0781926386212,279.50773097043407,0.0,2.0,2,5.0,1,,145.68041237113403,119.0,47.0,255.0,14131.0,62.67468029298737,0.10888439368050548,0.45647647048224466
ID5312,5312,101,8.86737060546875,689.0781926386212,279.50773097043407,0.0,1.0,1,5.0,1,,145.68041237113403,119.0,47.0,255.0,14131.0,62.67468029298737,0.10888439368050548,0.45647647048224466
ID4961,4961,101,8.86737060546875,689.0781926386212,279.50773097043407,0.0,0.0,0,5.0,1,,145.68041237113403,119.0,47.0,255.0,14131.0,62.67468029298737,0.10888439368050548,0.45647647048224466
ID4136,4136,101,9.279251098632812,692.7129492955515,350.67773046582965,0.0,10.0,10,5.0,1,,141.56701030927834,129.0,79.0,246.0,13732.0,44.47703227895993,0.11985070182829702,0.6812973659323613
ID2730,2730,101,8.574050903320312,692.8016725857257,361.288449695587,0.0,13.0,13,5.0,1,,164.7835051546392,162.0,93.0,211.0,15984.0,28.809441017704213,0.1296938255339046,1.313310589308491
ID2319,2319,101,6.203605651855469,684.5704054183589,361.5096353212769,0.0,12.0,12,5.0,1,,93.41237113402062,90.0,40.0,173.0,9061.0,33.094798363098676,0.12998371576885465,0.6493687952768556
ID4016,4016,101,14.786468505859375,682.8166835451472,322.8517821571528,0.0,7.0,7,5.0,1,,218.06185567010309,231.0,122.0,255.0,21152.0,31.069081104649438,0.20931667332614695,2.4296575927099084
ID3857,3857,101,15.66741943359375,682.7131061310506,308.8297116512942,0.0,6.0,6,5.0,1,,197.8041237113402,203.0,105.0,255.0,19187.0,45.08548343038148,0.21902653136457007,1.576566063089541
ID2259,2259,101,5.3716278076171875,691.7665433474576,371.24324476452887,0.0,15.0,15,5.0,1,,95.0,90.0,34.0,212.0,9215.0,33.95431980372061,0.09350169651677194,0.47847427810750043
ID5877,5877,101,12.622116088867188,691.387347587305,365.16572334696076,0.0,16.0,16,5.0,1,,150.81443298969072,139.0,51.0,255.0,14629.0,48.44462687287656,0.20943493078846115,1.0781865153903378
ID5241,5241,101,8.86737060546875,689.0781926386212,279.50773097043407,0.0,3.0,3,5.0,1,,145.68041237113403,119.0,47.0,255.0,14131.0,62.67468029298737,0.10888439368050548,0.45647647048224466
ID2842,2842,101,14.565536499023438,685.4959517147793,336.12253261933256,0.0,9.0,9,5.0,1,,208.6701030927835,231.0,77.0,255.0,20241.0,45.32101279793876,0.1963213137465774,1.511159240355786
ID3930,3930,101,11.152816772460938,687.5090782097069,291.69233522883246,0.0,5.0,5,5.0,1,,165.31958762886597,151.0,77.0,254.0,16036.0,50.16857964066266,0.15735469201960395,0.8960571797938419
ID3707,3707,101,9.279251098632812,692.7129492955515,350.67773046582965,0.0,11.0,11,5.0,1,,141.56701030927834,129.0,79.0,246.0,13732.0,44.47703227895993,0.11985070182829702,0.6812973659323613
ID5659,5659,101,12.622116088867188,691.387347587305,365.16572334696076,0.0,17.0,17,5.0,1,,150.81443298969072,139.0,51.0,255.0,14629.0,48.44462687287656,0.20943493078846115,1.0781865153903378
ID3420,3420,101,8.574050903320312,692.8016725857257,361.288449695587,0.0,14.0,14,5.0,1,,164.7835051546392,162.0,93.0,211.0,15984.0,28.809441017704213,0.1296938255339046,1.313310589308491
ID3452,3452,101,11.152816772460938,687.5090782097069,291.69233522883246,0.0,4.0,4,5.0,1,,165.31958762886597,151.0,77.0,254.0,16036.0,50.16857964066266,0.15735469201960395,0.8960571797938419
ID5570,5570,102,11.203720092773438,601.3124890402858,112.03944805582748,0.0,17.0,17,5.0,1,,201.8041237113402,208.0,122.0,255.0,19575.0,28.113845630777774,0.15489623963618154,1.925474110914005
ID2691,2691,102,6.292388916015625,626.2439764327438,124.89401846229438,0.0,14.0,14,5.0,1,,106.16494845360825,95.0,55.0,214.0,10298.0,32.94398035945866,0.11162694217039743,0.6472097372228112
ID2884,2884,102,6.729248046875,640.9769774966791,112.95396594728008,0.0,11.0,11,5.0,1,,109.71134020618557,111.0,60.0,144.0,10642.0,20.359763609305585,0.17243258953291482,1.585040097615532
ID2181,2181,102,6.093353271484375,644.4207126491219,113.23231360295944,0.0,12.0,12,5.0,1,,135.27835051546393,133.0,32.0,244.0,13122.0,41.57967809620695,0.07771330960749401,0.4692122376201312
ID2219,2219,102,6.292388916015625,626.2439764327438,124.89401846229438,0.0,13.0,13,5.0,1,,106.16494845360825,95.0,55.0,214.0,10298.0,32.94398035945866,0.11162694217039743,0.6472097372228112
ID3291,3291,102,6.729248046875,640.9769774966791,112.95396594728008,0.0,10.0,10,5.0,1,,109.71134020618557,111.0,60.0,144.0,10642.0,20.359763609305585,0.17243258953291482,1.585040097615532
ID5788,5788,102,11.203720092773438,601.3124890402858,112.03944805582748,0.0,16.0,16,5.0,1,,201.8041237113402,208.0,122.0,255.0,19575.0,28.113845630777774,0.15489623963618154,1.925474110914005
ID2047,2047,102,10.41632080078125,627.4790852284182,126.12948834459579,0.0,15.0,15,5.0,1,,139.24742268041237,127.0,65.0,255.0,13507.0,47.7683278368617,0.1444646875496472,0.7359298658806137
ID2048,2048,103,12.862197875976562,723.272914617929,127.3778564854458,0.0,15.0,15,5.0,1,,207.49484536082474,223.0,113.0,255.0,20127.0,45.15416271677419,0.157035032787803,1.2473535147371169
ID2195,2195,103,13.194015502929688,732.8074398205941,134.59019756417396,0.0,12.0,12,5.0,1,,199.01030927835052,208.0,111.0,255.0,19304.0,44.800598685862276,0.1770720994975432,1.3364995709094536
ID2500,2500,103,6.6245574951171875,722.6673077201568,122.5920407273922,0.0,9.0,9,5.0,1,,146.61855670103094,152.0,73.0,204.0,14222.0,36.57624550709366,0.11082870414693793,0.7998802500614614
ID5575,5575,103,14.38092041015625,714.0807757313903,125.38253043904774,0.0,17.0,17,5.0,1,,196.63917525773195,210.0,94.0,255.0,19074.0,51.121013611293435,0.19863348478146195,1.2748721659322986
ID2696,2696,103,12.612716674804688,727.5842426524924,125.75463749674415,0.0,14.0,14,5.0,1,,219.61855670103094,237.0,111.0,255.0,21303.0,40.104925741466275,0.15298008650979714,1.4531632557535872
ID2922,2922,103,5.2425079345703125,723.5828299773739,125.13619273194789,0.0,11.0,11,5.0,1,,156.2577319587629,166.0,76.0,204.0,15157.0,32.26106991874891,0.06633310473140366,0.6026014583093627
ID2221,2221,103,12.612716674804688,727.5842426524924,125.75463749674415,0.0,13.0,13,5.0,1,,219.61855670103094,237.0,111.0,255.0,21303.0,40.104925741466275,0.15298008650979714,1.4531632557535872
ID3358,3358,103,5.2425079345703125,723.5828299773739,125.13619273194789,0.0,10.0,10,5.0,1,,156.2577319587629,166.0,76.0,204.0,15157.0,32.26106991874891,0.06633310473140366,0.6026014583093627
ID5791,5791,103,14.487564086914062,714.0807757313903,125.38253043904774,0.0,16.0,16,5.0,1,,196.63917525773195,210.0,94.0,255.0,19074.0,51.121013611293435,0.19863348478146195,1.2748721659322986
ID4000,4000,104,16.455520629882812,758.1595362962565,303.4579696023403,0.0,5.0,5,5.0,1,,212.68041237113403,232.0,97.0,255.0,20630.0,42.2715789054716,0.2472648319454319,1.9948612505760612
ID3939,3939,104,6.340240478515625,743.3857965247154,320.3171921541666,0.0,6.0,6,5.0,1,,112.79381443298969,111.0,61.0,237.0,10941.0,36.42256001445907,0.16565351024264274,0.8801890859235953
ID2852,2852,104,15.020858764648438,737.2847708629438,342.56100607262243,0.0,9.0,9,5.0,1,,196.1443298969072,193.0,105.0,255.0,19026.0,42.77435702096176,0.21056280246453993,1.5952053259918055
ID4036,4036,104,6.2545318603515625,742.3899328018335,330.46061685712107,0.0,7.0,7,5.0,1,,132.70103092783506,129.0,69.0,238.0,12872.0,35.721481908782145,0.12899624207485252,0.8489055782632035
ID3717,3717,104,13.537796020507812,737.0931677773995,353.7811397153984,0.0,11.0,11,5.0,1,,209.9278350515464,215.0,111.0,255.0,20363.0,36.084174573338586,0.18927139942413668,1.851770946305457
ID3432,3432,104,17.102890014648438,744.3317791584841,361.87673971681215,0.0,14.0,14,5.0,1,,219.31958762886597,231.0,145.0,255.0,21274.0,31.990736416888634,0.2642713411669642,2.866110658382216
ID3529,3529,104,16.455520629882812,758.1595362962565,303.4579696023403,0.0,4.0,4,5.0,1,,212.68041237113403,232.0,97.0,255.0,20630.0,42.2715789054716,0.2472648319454319,1.9948612505760612
ID2734,2734,104,17.102890014648438,744.3317791584841,361.87673971681215,0.0,13.0,13,5.0,1,,219.31958762886597,231.0,145.0,255.0,21274.0,31.990736416888634,0.2642713411669642,2.866110658382216
ID2318,2318,104,13.870193481445312,745.6203760060927,357.01389900092556,0.0,12.0,12,5.0,1,,195.2164948453608,195.0,116.0,255.0,18936.0,40.152632438640666,0.18504611485297223,1.5183685637181297
ID4146,4146,104,13.537796020507812,737.0931677773995,353.7811397153984,0.0,10.0,10,5.0,1,,209.9278350515464,215.0,111.0,255.0,20363.0,36.084174573338586,0.18927139942413668,1.851770946305457
ID4050,4050,104,6.2545318603515625,742.3899328018335,330.46061685712107,0.0,8.0,8,5.0,1,,132.70103092783506,129.0,69.0,238.0,12872.0,35.721481908782145,0.12899624207485252,0.8489055782632035
ID2262,2262,104,12.176223754882812,743.2027085116496,377.790257922149,0.0,15.0,15,5.0,1,,184.56701030927834,187.0,100.0,255.0,17903.0,51.23554820965267,0.16532535757279296,1.0221272328531898
ID5881,5881,104,5.3518829345703125,743.8761037997791,371.1009540092464,0.0,16.0,16,5.0,1,,140.7422680412371,134.0,83.0,249.0,13652.0,37.661949838474094,0.04379133279718319,0.31356401543176343
ID5663,5663,104,5.3518829345703125,743.8761037997791,371.1009540092464,0.0,17.0,17,5.0,1,,140.7422680412371,134.0,83.0,249.0,13652.0,37.661949838474094,0.04379133279718319,0.31356401543176343
ID2881,2881,105,12.265380859375,356.29089201477046,144.72397906305287,0.0,4.0,4,5.0,1,,215.49484536082474,231.0,113.0,255.0,20903.0,38.334363313519646,0.1572323821979281,1.5275662130533803
ID3362,3362,105,11.699386596679688,348.2256831928661,137.80154459527844,0.0,8.0,8,5.0,1,,219.0721649484536,226.0,151.0,255.0,21250.0,29.22657445954239,0.14764347684586465,1.9286194879213072
ID5219,5219,105,15.567474365234375,354.4815566965585,147.3671943175244,0.0,1.0,1,5.0,1,,201.1340206185567,223.0,101.0,255.0,19510.0,51.983095983610255,0.21053622234482408,1.3458678730787859
ID2949,2949,105,13.186614990234375,342.2851490985734,132.94644923948277,0.0,11.0,11,5.0,1,,236.84536082474227,245.0,169.0,255.0,22974.0,18.94033405976602,0.18451899246188497,3.8958864422690174
ID2054,2054,105,13.941360473632812,338.6953740596808,138.58458800771692,0.0,15.0,15,5.0,1,,233.94845360824743,247.0,147.0,255.0,22693.0,26.56610118099308,0.18599229226032754,2.7620747804106798
ID5800,5800,105,12.648635864257812,338.79809025781236,135.89442103348276,0.0,16.0,16,5.0,1,,232.42268041237114,244.0,103.0,255.0,22545.0,29.269165747828964,0.1651645860592392,2.251271192141514
ID2701,2701,105,13.713088989257812,333.41086574821,126.11101264678918,0.0,14.0,14,5.0,1,,220.44329896907217,235.0,131.0,255.0,21383.0,37.33406874429087,0.17159637622826185,1.7296238571337659
ID2541,2541,105,12.650039672851562,348.82197312049743,141.2872550804817,0.0,9.0,9,5.0,1,,216.20618556701032,224.0,147.0,255.0,20972.0,32.588960983849624,0.16309582577534346,1.860608261634109
ID2190,2190,105,14.081527709960938,334.5427059215697,129.66300919717415,0.0,12.0,12,5.0,1,,221.08247422680412,238.0,123.0,255.0,21445.0,36.22978462279943,0.18470466434456914,1.902770125643042
ID5582,5582,105,12.648635864257812,338.79809025781236,135.89442103348276,0.0,17.0,17,5.0,1,,232.42268041237114,244.0,103.0,255.0,22545.0,29.269165747828964,0.1651645860592392,2.251271192141514
ID2223,2223,105,13.713088989257812,333.41086574821,126.11101264678918,0.0,13.0,13,5.0,1,,220.44329896907217,235.0,131.0,255.0,21383.0,37.33406874429087,0.17159637622826185,1.7296238571337659
ID3344,3344,105,12.265380859375,356.29089201477046,144.72397906305287,0.0,5.0,5,5.0,1,,215.49484536082474,231.0,113.0,255.0,20903.0,38.334363313519646,0.1572323821979281,1.5275662130533803
ID4913,4913,105,15.567474365234375,354.4815566965585,147.3671943175244,0.0,0.0,0,5.0,1,,201.1340206185567,223.0,101.0,255.0,19510.0,51.983095983610255,0.21053622234482408,1.3458678730787859
ID5140,5140,105,15.567474365234375,354.4815566965585,147.3671943175244,0.0,3.0,3,5.0,1,,201.1340206185567,223.0,101.0,255.0,19510.0,51.983095983610255,0.21053622234482408,1.3458678730787859
ID3668,3668,105,15.567474365234375,354.4815566965585,147.3671943175244,0.0,2.0,2,5.0,1,,201.1340206185567,223.0,101.0,255.0,19510.0,51.983095983610255,0.21053622234482408,1.3458678730787859
ID3289,3289,105,13.04449462890625,355.0,146.0,0.0,6.0,6,5.0,1,,219.1443298969072,231.0,130.0,255.0,21257.0,35.85561023359341,0.16928540369805584,1.7697099833485448
ID3390,3390,105,13.186614990234375,342.2851490985734,132.94644923948277,0.0,10.0,10,5.0,1,,236.84536082474227,245.0,169.0,255.0,22974.0,18.94033405976602,0.18451899246188497,3.8958864422690174
ID3262,3262,105,11.699386596679688,348.2256831928661,137.80154459527844,0.0,7.0,7,5.0,1,,219.0721649484536,226.0,151.0,255.0,21250.0,29.22657445954239,0.14764347684586465,1.9286194879213072
ID5568,5568,106,6.937652587890625,589.8892512731753,105.57874175968075,0.0,17.0,17,5.0,1,,170.8762886597938,172.0,102.0,238.0,16575.0,33.710241313520854,0.0826736269493383,0.7741397538752742
ID5154,5154,106,13.608627319335938,594.5947442298939,169.29908806018676,0.0,3.0,3,5.0,1,,211.44329896907217,233.0,108.0,255.0,20510.0,46.82969345408354,0.16146914008984853,1.2554067634905437
ID2916,2916,106,6.371307373046875,577.8468403592702,157.97188049650532,0.0,4.0,4,5.0,1,,131.35051546391753,123.0,68.0,231.0,12741.0,39.70858461894433,0.07363999541564864,0.45376651131207574
ID3401,3401,106,6.371307373046875,577.8468403592702,157.97188049650532,0.0,5.0,5,5.0,1,,131.35051546391753,123.0,68.0,231.0,12741.0,39.70858461894433,0.07363999541564864,0.45376651131207574
ID2507,2507,106,12.90203857421875,575.229879109393,125.35903672024335,0.0,9.0,9,5.0,1,,199.55670103092783,214.0,102.0,255.0,19357.0,49.11995713560259,0.15188961774660287,1.0714096595815419
ID2704,2704,106,10.097061157226562,571.4132413626733,126.88916382373708,0.0,14.0,14,5.0,1,,163.8041237113402,151.0,102.0,255.0,15889.0,47.020305714494626,0.1503384153148581,0.9105708074542049
ID2225,2225,106,10.097061157226562,571.4132413626733,126.88916382373708,0.0,13.0,13,5.0,1,,163.8041237113402,151.0,102.0,255.0,15889.0,47.020305714494626,0.1503384153148581,0.9105708074542049
ID2193,2193,106,12.674301147460938,574.7301445460988,129.82050144049316,0.0,12.0,12,5.0,1,,234.24742268041237,240.0,172.0,255.0,22722.0,17.206485531040236,0.1834211709221207,4.220100275050968
ID5233,5233,106,13.608627319335938,594.5947442298939,169.29908806018676,0.0,1.0,1,5.0,1,,211.44329896907217,233.0,108.0,255.0,20510.0,46.82969345408354,0.16146914008984853,1.2554067634905437
ID3250,3250,106,11.893539428710938,588.4453321445563,136.3205963537922,0.0,7.0,7,5.0,1,,229.17525773195877,246.0,141.0,255.0,22230.0,33.13765805610436,0.14412627630936486,1.7423889904960708
ID3763,3763,106,13.608627319335938,594.5947442298939,169.29908806018676,0.0,2.0,2,5.0,1,,211.44329896907217,233.0,108.0,255.0,20510.0,46.82969345408354,0.16146914008984853,1.2554067634905437
ID3220,3220,106,11.332595825195312,566.5184657972924,84.77922172783272,0.0,10.0,10,5.0,1,,172.93814432989691,162.0,93.0,255.0,16775.0,47.1221405925136,0.16655364059213298,1.0479611825717579
ID3352,3352,106,11.893539428710938,588.4453321445563,136.3205963537922,0.0,8.0,8,5.0,1,,229.17525773195877,246.0,141.0,255.0,22230.0,33.13765805610436,0.14412627630936486,1.7423889904960708
ID4920,4920,106,13.608627319335938,594.5947442298939,169.29908806018676,0.0,0.0,0,5.0,1,,211.44329896907217,233.0,108.0,255.0,20510.0,46.82969345408354,0.16146914008984853,1.2554067634905437
ID2042,2042,106,9.017929077148438,590.8208120967302,119.73724576853579,0.0,15.0,15,5.0,1,,189.96907216494844,197.0,120.0,239.0,18427.0,31.54938377906116,0.12343601848296291,1.3231697918499175
ID5786,5786,106,6.937652587890625,589.8892512731753,105.57874175968075,0.0,16.0,16,5.0,1,,170.8762886597938,172.0,102.0,238.0,16575.0,33.710241313520854,0.0826736269493383,0.7741397538752742
ID2845,2845,106,11.332595825195312,566.5184657972924,84.77922172783272,0.0,11.0,11,5.0,1,,172.93814432989691,162.0,93.0,255.0,16775.0,47.1221405925136,0.16655364059213298,1.0479611825717579
ID2194,2194,107,10.663681030273438,657.9347730753558,133.2084586171914,0.0,12.0,12,5.0,1,,124.55670103092784,115.0,40.0,236.0,12082.0,50.23237026397191,0.15605481054288386,0.669440768504499
ID2050,2050,107,10.327484130859375,654.888327282658,131.97345171536102,0.0,15.0,15,5.0,1,,164.91752577319588,169.0,79.0,245.0,15997.0,39.062895358823994,0.15125827017859128,1.109375939056395
ID5794,5794,107,14.690292358398438,651.039019204335,128.67225155844017,0.0,16.0,16,5.0,1,,204.88659793814432,217.0,104.0,255.0,19874.0,41.58772762903834,0.20205437174631757,1.656237048246002
ID2227,2227,107,12.471725463867188,659.6496376072228,132.04032963243674,0.0,13.0,13,5.0,1,,156.58762886597938,139.0,76.0,255.0,15189.0,55.937046567495486,0.18879892715669655,0.8891581813728492
ID2711,2711,107,12.471725463867188,659.6496376072228,132.04032963243674,0.0,14.0,14,5.0,1,,156.58762886597938,139.0,76.0,255.0,15189.0,55.937046567495486,0.18879892715669655,0.8891581813728492
ID5576,5576,107,14.690292358398438,651.039019204335,128.67225155844017,0.0,17.0,17,5.0,1,,204.88659793814432,217.0,104.0,255.0,19874.0,41.58772762903834,0.20205437174631757,1.656237048246002
ID3440,3440,108,7.0396881103515625,540.623360238062,362.761804137181,0.0,14.0,14,5.0,1,,169.61855670103094,164.0,102.0,233.0,16453.0,32.845104689464094,0.0977119321606974,0.9193733798532417
ID3744,3744,108,8.664825439453125,515.9392365416352,373.35151335908927,0.0,11.0,11,5.0,1,,114.85567010309278,108.0,47.0,216.0,11141.0,36.392246681906045,0.16648223400724668,0.9008725091162088
ID2322,2322,108,14.62969970703125,532.0867976202446,363.64725579342485,0.0,12.0,12,5.0,1,,188.1958762886598,186.0,89.0,255.0,18255.0,50.20139423181262,0.18949095051640916,1.1944051072549093
ID2258,2258,108,10.230926513671875,548.8412723578061,365.7003269678568,0.0,15.0,15,5.0,1,,169.0721649484536,155.0,108.0,255.0,16400.0,39.419550834230826,0.15138791598053705,1.1278724315483102
ID2740,2740,108,7.0396881103515625,540.623360238062,362.761804137181,0.0,13.0,13,5.0,1,,169.61855670103094,164.0,102.0,233.0,16453.0,32.845104689464094,0.0977119321606974,0.9193733798532417
ID5878,5878,108,10.881484985351562,558.7219622010437,368.9414488722365,0.0,16.0,16,5.0,1,,165.24742268041237,152.0,102.0,255.0,16029.0,44.12955144794205,0.15667333754722962,1.0144240747526998
ID4172,4172,108,8.664825439453125,515.9392365416352,373.35151335908927,0.0,10.0,10,5.0,1,,114.85567010309278,108.0,47.0,216.0,11141.0,36.392246681906045,0.16648223400724668,0.9008725091162088
ID5660,5660,108,10.881484985351562,558.7219622010437,368.9414488722365,0.0,17.0,17,5.0,1,,165.24742268041237,152.0,102.0,255.0,16029.0,44.12955144794205,0.15667333754722962,1.0144240747526998
ID2862,2862,108,13.523712158203125,510.21427218099444,365.5401804862772,0.0,9.0,9,5.0,1,,195.70103092783506,207.0,102.0,255.0,18983.0,50.99022883284715,0.16900399189098678,1.1097294634926715
ID4673,4673,109,11.891738891601562,268.6572271003818,655.689347940059,0.0,8.0,8,5.0,1,,219.6701030927835,225.0,125.0,255.0,21308.0,30.905002847935943,0.1546211990094254,1.9037138578096104
ID4225,4225,109,10.696182250976562,272.0816340540313,653.6463203158389,0.0,4.0,4,5.0,1,,228.02061855670104,240.0,118.0,255.0,22118.0,30.406612281652425,0.13182005172753372,1.7467878909627796
ID4835,4835,109,11.621261596679688,274.7470536794702,652.9223687174725,0.0,2.0,2,5.0,1,,226.340206185567,245.0,109.0,255.0,21955.0,38.36444930909834,0.13947994526799698,1.4443346041934202
ID4644,4644,109,14.780426025390625,270.7552844926289,642.6152005734101,0.0,10.0,10,5.0,1,,213.15463917525773,232.0,65.0,255.0,20676.0,45.14267664079671,0.1899963448612658,1.5077769419401115
ID4612,4612,109,10.696182250976562,272.0816340540313,653.6463203158389,0.0,5.0,5,5.0,1,,228.02061855670104,240.0,118.0,255.0,22118.0,30.406612281652425,0.13182005172753372,1.7467878909627796
ID4037,4037,109,9.47369384765625,270.33853413529613,634.6678039498415,0.0,14.0,14,5.0,1,,204.20618556701032,211.0,120.0,250.0,19808.0,30.71744148428066,0.11416268802192166,1.3623522855313883
ID4647,4647,109,11.891738891601562,268.6572271003818,655.689347940059,0.0,7.0,7,5.0,1,,219.6701030927835,225.0,125.0,255.0,21308.0,30.905002847935943,0.1546211990094254,1.9037138578096104
ID4615,4615,109,12.569854736328125,268.2272249979294,653.3195647828577,0.0,6.0,6,5.0,1,,216.2577319587629,229.0,122.0,255.0,20977.0,37.58082355363001,0.15158620674115464,1.5149509699233819
ID4329,4329,109,14.780426025390625,270.7552844926289,642.6152005734101,0.0,11.0,11,5.0,1,,213.15463917525773,232.0,65.0,255.0,20676.0,45.14267664079671,0.1899963448612658,1.5077769419401115
ID2443,2443,109,8.309371948242188,275.4339397408555,629.5003045834209,0.0,15.0,15,5.0,1,,215.93814432989691,221.0,136.0,255.0,20946.0,28.13724342137929,0.09529849344770486,1.3354614547222579
ID5933,5933,109,7.8563232421875,278.23547168124617,622.5883727684251,0.0,16.0,16,5.0,1,,212.8556701030928,222.0,95.0,255.0,20647.0,34.15009446385227,0.09440176325905462,1.075292537880187
ID5715,5715,109,7.8563232421875,278.23547168124617,622.5883727684251,0.0,17.0,17,5.0,1,,212.8556701030928,222.0,95.0,255.0,20647.0,34.15009446385227,0.09440176325905462,1.075292537880187
ID3252,3252,109,9.47369384765625,270.33853413529613,634.6678039498415,0.0,13.0,13,5.0,1,,204.20618556701032,211.0,120.0,250.0,19808.0,30.71744148428066,0.11416268802192166,1.3623522855313883
ID5435,5435,109,11.621261596679688,274.7470536794702,652.9223687174725,0.0,3.0,3,5.0,1,,226.340206185567,245.0,109.0,255.0,21955.0,38.36444930909834,0.13947994526799698,1.4443346041934202
ID5499,5499,109,11.621261596679688,274.7470536794702,652.9223687174725,0.0,1.0,1,5.0,1,,226.340206185567,245.0,109.0,255.0,21955.0,38.36444930909834,0.13947994526799698,1.4443346041934202
ID5083,5083,109,11.621261596679688,274.7470536794702,652.9223687174725,0.0,0.0,0,5.0,1,,226.340206185567,245.0,109.0,255.0,21955.0,38.36444930909834,0.13947994526799698,1.4443346041934202
ID2493,2493,109,14.345794677734375,273.74175368888785,638.2142304202946,0.0,12.0,12,5.0,1,,218.659793814433,233.0,117.0,255.0,21210.0,38.257865911779646,0.18806939454919544,1.8094830002585796
ID3647,3647,109,13.515289306640625,266.0220876373801,649.8837734251044,0.0,9.0,9,5.0,1,,197.06185567010309,198.0,88.0,255.0,19115.0,46.4670166249203,0.1863385868620022,1.3322383003817135
ID5248,5248,110,11.260757446289062,420.74714048889274,197.67799895335136,0.0,1.0,1,5.0,1,,165.5463917525773,158.0,59.0,255.0,16058.0,56.926308471742054,0.1558057798829542,0.7840349013717429
ID3521,3521,110,14.681838989257812,427.38425665718205,187.58112102986118,0.0,5.0,5,5.0,1,,211.39175257731958,215.0,136.0,255.0,20505.0,35.55762831336587,0.20971986646575622,2.061294330600656
ID4929,4929,110,11.260757446289062,420.74714048889274,197.67799895335136,0.0,0.0,0,5.0,1,,165.5463917525773,158.0,59.0,255.0,16058.0,56.926308471742054,0.1558057798829542,0.7840349013717429
ID3554,3554,110,11.426528930664062,433.1054182154847,183.35341814177775,0.0,8.0,8,5.0,1,,214.24742268041237,219.0,139.0,255.0,20782.0,34.620872475958244,0.13283156125937742,1.4512543371637872
ID2052,2052,110,12.914031982421875,450.26758918581083,138.47353037745467,0.0,15.0,15,5.0,1,,210.46391752577318,217.0,119.0,255.0,20415.0,39.68864810824115,0.16610958453022065,1.510764136358657
ID5799,5799,110,13.140655517578125,448.03492353059625,133.09082068264976,0.0,16.0,16,5.0,1,,201.43298969072166,209.0,105.0,255.0,19539.0,45.657672597388384,0.16953577614033583,1.2790710581360178
ID3399,3399,110,13.316452026367188,443.39458650694166,137.11204866506554,0.0,10.0,10,5.0,1,,176.16494845360825,169.0,88.0,255.0,17088.0,55.24730016261185,0.16088633865015187,0.8838283031816017
ID5581,5581,110,13.140655517578125,448.03492353059625,133.09082068264976,0.0,17.0,17,5.0,1,,201.43298969072166,209.0,105.0,255.0,19539.0,45.657672597388384,0.16953577614033583,1.2790710581360178
ID2958,2958,110,13.316452026367188,443.39458650694166,137.11204866506554,0.0,11.0,11,5.0,1,,176.16494845360825,169.0,88.0,255.0,17088.0,55.24730016261185,0.16088633865015187,0.8838283031816017
ID3470,3470,110,11.426528930664062,433.1054182154847,183.35341814177775,0.0,7.0,7,5.0,1,,214.24742268041237,219.0,139.0,255.0,20782.0,34.620872475958244,0.13283156125937742,1.4512543371637872
ID2609,2609,110,10.748550415039062,421.91476786403695,181.46823084215973,0.0,9.0,9,5.0,1,,191.48453608247422,202.0,110.0,255.0,18574.0,42.61360145786346,0.14866905192376254,1.1631644343350036
ID3027,3027,110,14.681838989257812,427.38425665718205,187.58112102986118,0.0,4.0,4,5.0,1,,211.39175257731958,215.0,136.0,255.0,20505.0,35.55762831336587,0.20971986646575622,2.061294330600656
ID2196,2196,110,14.008193969726562,443.45884785423283,134.89924996476154,0.0,12.0,12,5.0,1,,195.9278350515464,201.0,81.0,255.0,19005.0,41.44857441825764,0.20136965396117715,1.5846520011047225
ID5172,5172,110,11.260757446289062,420.74714048889274,197.67799895335136,0.0,3.0,3,5.0,1,,165.5463917525773,158.0,59.0,255.0,16058.0,56.926308471742054,0.1558057798829542,0.7840349013717429
ID2229,2229,110,12.036453247070312,443.8644463328297,135.2427035899945,0.0,13.0,13,5.0,1,,188.91752577319588,187.0,108.0,255.0,18325.0,46.66361673882305,0.15663487104231266,1.0965186444844444
ID3450,3450,110,11.603469848632812,434.0,184.0,0.0,6.0,6,5.0,1,,213.76288659793815,218.0,133.0,255.0,20735.0,35.49875971890788,0.13937202680906713,1.4731914326470243
ID2716,2716,110,12.036453247070312,443.8644463328297,135.2427035899945,0.0,14.0,14,5.0,1,,188.91752577319588,187.0,108.0,255.0,18325.0,46.66361673882305,0.15663487104231266,1.0965186444844444
ID3903,3903,110,11.260757446289062,420.74714048889274,197.67799895335136,0.0,2.0,2,5.0,1,,165.5463917525773,158.0,59.0,255.0,16058.0,56.926308471742054,0.1558057798829542,0.7840349013717429
ID3360,3360,111,6.7926025390625,598.9687744167551,152.87349244907398,0.0,7.0,7,5.0,1,,132.97938144329896,123.0,39.0,244.0,12899.0,49.64876202330461,0.06549731917512178,0.3292888636518196
ID2721,2721,111,15.111526489257812,587.3894422444677,137.09031486909709,0.0,14.0,14,5.0,1,,225.1958762886598,240.0,120.0,255.0,21844.0,31.512113800111898,0.20955979583201098,2.476244458850142
ID2049,2049,111,7.256378173828125,589.8165067242195,129.22552953647684,0.0,15.0,15,5.0,1,,184.08247422680412,186.0,108.0,237.0,17856.0,28.037426661775374,0.09640960478319174,1.154653720309494
ID3459,3459,111,6.7926025390625,598.9687744167551,152.87349244907398,0.0,8.0,8,5.0,1,,132.97938144329896,123.0,39.0,244.0,12899.0,49.64876202330461,0.06549731917512178,0.3292888636518196
ID4931,4931,111,5.259674072265625,602.1926973496857,200.34426970406025,0.0,0.0,0,5.0,1,,108.90721649484536,102.0,32.0,255.0,10564.0,42.653908201707914,0.050820457050808586,0.24696640028088576
ID5252,5252,111,5.259674072265625,602.1926973496857,200.34426970406025,0.0,1.0,1,5.0,1,,108.90721649484536,102.0,32.0,255.0,10564.0,42.653908201707914,0.050820457050808586,0.24696640028088576
ID5797,5797,111,5.2264404296875,590.2043088448476,130.5488752322337,0.0,16.0,16,5.0,1,,96.84536082474227,95.0,37.0,180.0,9394.0,33.98784715593991,0.07268947190029101,0.3861736670401934
ID2537,2537,111,8.888839721679688,593.2491764630375,140.38220515427477,0.0,9.0,9,5.0,1,,162.4742268041237,154.0,75.0,246.0,15760.0,44.93794164908267,0.09880870122626345,0.6502410744359627
ID2987,2987,111,12.675582885742188,579.8981378419754,140.49066326342208,0.0,11.0,11,5.0,1,,181.63917525773195,179.0,91.0,255.0,17619.0,51.24719211149734,0.16092020150613298,0.9826019942443327
ID5579,5579,111,5.2264404296875,590.2043088448476,130.5488752322337,0.0,17.0,17,5.0,1,,96.84536082474227,95.0,37.0,180.0,9394.0,33.98784715593991,0.07268947190029101,0.3861736670401934
ID3922,3922,111,5.259674072265625,602.1926973496857,200.34426970406025,0.0,2.0,2,5.0,1,,108.90721649484536,102.0,32.0,255.0,10564.0,42.653908201707914,0.050820457050808586,0.24696640028088576
ID3443,3443,111,12.675582885742188,579.8981378419754,140.49066326342208,0.0,10.0,10,5.0,1,,181.63917525773195,179.0,91.0,255.0,17619.0,51.24719211149734,0.16092020150613298,0.9826019942443327
ID2964,2964,111,14.957122802734375,602.2385051767725,169.937552023132,0.0,4.0,4,5.0,1,,226.68041237113403,239.0,139.0,255.0,21988.0,30.845565048504312,0.2047503618932468,2.4979219941359045
ID2198,2198,111,9.59381103515625,585.8765545862533,143.21173162565609,0.0,12.0,12,5.0,1,,149.6701030927835,138.0,65.0,250.0,14518.0,48.85133093749096,0.13590999892709893,0.7331555720901866
ID2231,2231,111,15.111526489257812,587.3894422444677,137.09031486909709,0.0,13.0,13,5.0,1,,225.1958762886598,240.0,120.0,255.0,21844.0,31.512113800111898,0.20955979583201098,2.476244458850142
ID3353,3353,111,13.872482299804688,598.0775169273876,157.8314197264194,0.0,6.0,6,5.0,1,,224.1237113402062,240.0,129.0,255.0,21740.0,36.68482251216628,0.17734235522222483,1.8405222951773474
ID5177,5177,111,5.259674072265625,602.1926973496857,200.34426970406025,0.0,3.0,3,5.0,1,,108.90721649484536,102.0,32.0,255.0,10564.0,42.653908201707914,0.050820457050808586,0.24696640028088576
ID3455,3455,111,14.957122802734375,602.2385051767725,169.937552023132,0.0,5.0,5,5.0,1,,226.68041237113403,239.0,139.0,255.0,21988.0,30.845565048504312,0.2047503618932468,2.4979219941359045
ID2528,2528,112,12.473007202148438,54.99191670016268,140.07416894263466,0.0,9.0,9,5.0,1,,205.53608247422682,214.0,124.0,255.0,19937.0,41.400750258819286,0.1549068696878112,1.3317833227222289
ID2848,2848,112,11.222000122070312,3.5109550206641886,134.89490067211392,0.0,4.0,4,5.0,1,,226.9278350515464,246.0,94.0,255.0,22012.0,35.55138517656532,0.18667047122208205,2.008198910040098
ID3235,3235,112,9.986129760742188,2.403357579363927,133.182692041431,0.0,6.0,6,5.0,1,,232.49484536082474,245.0,160.0,255.0,22552.0,24.944155841658,0.22853529052758573,3.467689075276356
ID2053,2053,112,13.2640380859375,62.35651871445485,139.27060175666662,0.0,15.0,15,5.0,1,,207.81443298969072,222.0,101.0,255.0,20158.0,38.4662541220947,0.1814618095247051,1.659553874072829
ID2726,2726,112,12.693618774414062,62.78489653813188,138.55588026741984,0.0,14.0,14,5.0,1,,220.5257731958763,228.0,151.0,255.0,21391.0,23.40454584739948,0.18388978865040762,2.927085914255
ID5798,5798,112,13.4261474609375,65.57833872848536,133.33774563507507,0.0,16.0,16,5.0,1,,184.79381443298968,182.0,104.0,255.0,17925.0,49.444610875944186,0.18196428641726467,1.1507481004893934
ID3273,3273,112,12.813980102539062,51.27144812577135,142.4602446599092,0.0,7.0,7,5.0,1,,194.03092783505156,208.0,88.0,255.0,18821.0,51.0647982159774,0.15788689569239317,1.0362374481429781
ID5130,5130,112,14.92431640625,0.0,136.0,0.0,3.0,3,5.0,1,,224.72164948453607,245.0,60.0,255.0,21798.0,42.689953508808024,0.34297700012138105,2.6887204492595917
ID5580,5580,112,13.4261474609375,65.57833872848536,133.33774563507507,0.0,17.0,17,5.0,1,,184.79381443298968,182.0,104.0,255.0,17925.0,49.444610875944186,0.18196428641726467,1.1507481004893934
ID3374,3374,112,12.813980102539062,51.27144812577135,142.4602446599092,0.0,8.0,8,5.0,1,,194.03092783505156,208.0,88.0,255.0,18821.0,51.0647982159774,0.15788689569239317,1.0362374481429781
ID4910,4910,112,14.92431640625,0.0,136.0,0.0,0.0,0,5.0,1,,224.72164948453607,245.0,60.0,255.0,21798.0,42.689953508808024,0.34297700012138105,2.6887204492595917
ID3280,3280,112,11.222000122070312,3.5109550206641886,134.89490067211392,0.0,5.0,5,5.0,1,,226.9278350515464,246.0,94.0,255.0,22012.0,35.55138517656532,0.18667047122208205,2.008198910040098
ID2197,2197,112,10.993057250976562,62.87387875682536,137.32263426510792,0.0,12.0,12,5.0,1,,200.98969072164948,208.0,118.0,255.0,19496.0,36.66955334622557,0.15039832402818898,1.4331541772891463
ID3637,3637,112,14.92431640625,0.0,136.0,0.0,2.0,2,5.0,1,,224.72164948453607,245.0,60.0,255.0,21798.0,42.689953508808024,0.34297700012138105,2.6887204492595917
ID2233,2233,112,12.693618774414062,62.78489653813188,138.55588026741984,0.0,13.0,13,5.0,1,,220.5257731958763,228.0,151.0,255.0,21391.0,23.40454584739948,0.18388978865040762,2.927085914255
ID3417,3417,112,12.216644287109375,56.964406439033056,139.97765364662266,0.0,10.0,10,5.0,1,,202.83505154639175,205.0,117.0,255.0,19675.0,36.864809442851225,0.16234379951228245,1.5369583965949607
ID2972,2972,112,12.216644287109375,56.964406439033056,139.97765364662266,0.0,11.0,11,5.0,1,,202.83505154639175,205.0,117.0,255.0,19675.0,36.864809442851225,0.16234379951228245,1.5369583965949607
ID5213,5213,112,14.92431640625,0.0,136.0,0.0,1.0,1,5.0,1,,224.72164948453607,245.0,60.0,255.0,21798.0,42.689953508808024,0.34297700012138105,2.6887204492595917
ID4128,4128,113,9.995330810546875,511.81817307349706,361.40323918457176,0.0,5.0,5,5.0,1,,140.8762886597938,115.0,54.0,255.0,13665.0,59.09389733931195,0.11424068921778271,0.4888403708385514
ID4097,4097,113,11.087173461914062,500.22999222454956,364.7518504515395,0.0,8.0,8,5.0,1,,156.88659793814432,153.0,90.0,255.0,15218.0,41.796849036106536,0.19631942690582352,1.231936778430442
ID4164,4164,113,20.823883056640625,498.73750423725306,368.90813606565325,0.0,10.0,10,5.0,1,,195.64948453608247,204.0,105.0,255.0,18978.0,46.1054139168044,0.3414009150667416,2.1600453088492255
ID5289,5289,113,15.99755859375,530.818414813411,356.7582921076634,0.0,3.0,3,5.0,1,,216.2164948453608,239.0,86.0,255.0,20973.0,48.06077463399068,0.21974904579003443,1.6210057774999826
ID4393,4393,113,15.99755859375,530.818414813411,356.7582921076634,0.0,2.0,2,5.0,1,,216.2164948453608,239.0,86.0,255.0,20973.0,48.06077463399068,0.21974904579003443,1.6210057774999826
ID4075,4075,113,11.087173461914062,500.22999222454956,364.7518504515395,0.0,7.0,7,5.0,1,,156.88659793814432,153.0,90.0,255.0,15218.0,41.796849036106536,0.19631942690582352,1.231936778430442
ID4044,4044,113,12.040985107421875,505.3687333759361,362.9864602173996,0.0,6.0,6,5.0,1,,153.0721649484536,148.0,76.0,255.0,14848.0,51.17865917195541,0.20785945928882163,1.0294155044185018
ID2255,2255,113,16.089889526367188,533.9475351277803,366.06861521761925,0.0,15.0,15,5.0,1,,196.41237113402062,207.0,93.0,255.0,19052.0,43.52124782250033,0.2294622925256376,1.6845876411370657
ID5360,5360,113,15.99755859375,530.818414813411,356.7582921076634,0.0,1.0,1,5.0,1,,216.2164948453608,239.0,86.0,255.0,20973.0,48.06077463399068,0.21974904579003443,1.6210057774999826
ID2323,2323,113,10.781112670898438,517.7488517322782,368.50440402714054,0.0,12.0,12,5.0,1,,155.89690721649484,162.0,74.0,219.0,15122.0,39.41723516223648,0.17916438022160522,1.2018732151508258
ID3735,3735,113,20.823883056640625,498.73750423725306,368.90813606565325,0.0,11.0,11,5.0,1,,195.64948453608247,204.0,105.0,255.0,18978.0,46.1054139168044,0.3414009150667416,2.1600453088492255
ID5880,5880,113,9.769744873046875,542.7864037867301,370.29500313117796,0.0,16.0,16,5.0,1,,134.2680412371134,131.0,72.0,223.0,13024.0,35.27998590558508,0.2030334750025764,1.284588949790624
ID2745,2745,113,9.565948486328125,530.8054756827363,367.616086888915,0.0,13.0,13,5.0,1,,183.4536082474227,194.0,42.0,250.0,17795.0,49.53660696447896,0.12313531914693188,0.8120458540079034
ID4985,4985,113,15.99755859375,530.818414813411,356.7582921076634,0.0,0.0,0,5.0,1,,216.2164948453608,239.0,86.0,255.0,20973.0,48.06077463399068,0.21974904579003443,1.6210057774999826
ID2876,2876,113,7.2451934814453125,495.53169232514426,368.9441561987019,0.0,9.0,9,5.0,1,,134.63917525773195,123.0,52.0,240.0,13060.0,44.02347516927056,0.09583585630726785,0.5349333038424959
ID3676,3676,113,9.995330810546875,511.81817307349706,361.40323918457176,0.0,4.0,4,5.0,1,,140.8762886597938,115.0,54.0,255.0,13665.0,59.09389733931195,0.11424068921778271,0.4888403708385514
ID3453,3453,113,9.565948486328125,530.8054756827363,367.616086888915,0.0,14.0,14,5.0,1,,183.4536082474227,194.0,42.0,250.0,17795.0,49.53660696447896,0.12313531914693188,0.8120458540079034
ID5662,5662,113,9.769744873046875,542.7864037867301,370.29500313117796,0.0,17.0,17,5.0,1,,134.2680412371134,131.0,72.0,223.0,13024.0,35.27998590558508,0.2030334750025764,1.284588949790624
ID2055,2055,114,14.450408935546875,723.285665561649,140.30973938128707,0.0,15.0,15,5.0,1,,204.42268041237114,201.0,140.0,255.0,19829.0,33.718761793802805,0.19945509394731525,2.0162695671905495
ID2503,2503,114,13.183059692382812,738.3188850089904,123.31853658199911,0.0,9.0,9,5.0,1,,207.46391752577318,211.0,130.0,255.0,20124.0,37.21812446456422,0.17118259054314536,1.6294951510630562
ID3303,3303,114,13.457687377929688,736.7260208506482,121.58436243900725,0.0,8.0,8,5.0,1,,196.38144329896906,195.0,117.0,255.0,19049.0,44.27834386463872,0.17848794556888442,1.3434540617138033
ID5801,5801,114,13.832763671875,725.0209419903952,139.7291854662973,0.0,16.0,16,5.0,1,,196.27835051546393,202.0,112.0,255.0,19039.0,44.21555680885999,0.1715031278451981,1.2997382181877433
ID3370,3370,114,14.612838745117188,738.2641100708294,127.15657059819286,0.0,10.0,10,5.0,1,,218.70103092783506,226.0,130.0,255.0,21214.0,33.69414048603681,0.19383548663632744,2.1077313171520196
ID3210,3210,114,10.82220458984375,731.4596361934044,123.57979989440742,0.0,6.0,6,5.0,1,,173.8041237113402,168.0,96.0,255.0,16859.0,48.96525961826953,0.13374189285863944,0.8374430477512255
ID3594,3594,114,14.921600341796875,739.7142928614323,120.34766745349006,0.0,2.0,2,5.0,1,,188.5257731958763,205.0,56.0,255.0,18287.0,59.43310188486175,0.19916367849334896,1.0536685135930979
ID4906,4906,114,14.921600341796875,739.7142928614323,120.34766745349006,0.0,0.0,0,5.0,1,,188.5257731958763,205.0,56.0,255.0,18287.0,59.43310188486175,0.19916367849334896,1.0536685135930979
ID2731,2731,114,15.654739379882812,731.3742219065322,139.1172470041684,0.0,14.0,14,5.0,1,,196.94845360824743,214.0,72.0,255.0,19104.0,54.54840570806904,0.22653448510675608,1.333690535403787
ID5583,5583,114,13.832763671875,725.0209419903952,139.7291854662973,0.0,17.0,17,5.0,1,,196.27835051546393,202.0,112.0,255.0,19039.0,44.21555680885999,0.1715031278451981,1.2997382181877433
ID2931,2931,114,14.612838745117188,738.2641100708294,127.15657059819286,0.0,11.0,11,5.0,1,,218.70103092783506,226.0,130.0,255.0,21214.0,33.69414048603681,0.19383548663632744,2.1077313171520196
ID5205,5205,114,14.921600341796875,739.7142928614323,120.34766745349006,0.0,1.0,1,5.0,1,,188.5257731958763,205.0,56.0,255.0,18287.0,59.43310188486175,0.19916367849334896,1.0536685135930979
ID2838,2838,114,12.193099975585938,731.9865751184334,124.07822233003223,0.0,4.0,4,5.0,1,,163.5979381443299,155.0,88.0,255.0,15869.0,50.305247364177966,0.1677747491197534,0.9344628715412758
ID3255,3255,114,12.193099975585938,731.9865751184334,124.07822233003223,0.0,5.0,5,5.0,1,,163.5979381443299,155.0,88.0,255.0,15869.0,50.305247364177966,0.1677747491197534,0.9344628715412758
ID2235,2235,114,15.654739379882812,731.3742219065322,139.1172470041684,0.0,13.0,13,5.0,1,,196.94845360824743,214.0,72.0,255.0,19104.0,54.54840570806904,0.22653448510675608,1.333690535403787
ID3196,3196,114,13.457687377929688,736.7260208506482,121.58436243900725,0.0,7.0,7,5.0,1,,196.38144329896906,195.0,117.0,255.0,19049.0,44.27834386463872,0.17848794556888442,1.3434540617138033
ID2206,2206,114,13.166244506835938,767.0,153.0,0.0,12.0,12,5.0,1,,145.01030927835052,141.0,33.0,254.0,14066.0,60.849968304114036,0.3217331424316889,1.1601670821100483
ID5118,5118,114,14.921600341796875,739.7142928614323,120.34766745349006,0.0,3.0,3,5.0,1,,188.5257731958763,205.0,56.0,255.0,18287.0,59.43310188486175,0.19916367849334896,1.0536685135930979
ID3424,3424,115,14.922821044921875,369.7894778805148,165.28455583889433,0.0,5.0,5,5.0,1,,175.88659793814432,169.0,79.0,255.0,17061.0,55.282960810847904,0.21989201095578148,1.1469896884647934
ID5152,5152,115,14.758682250976562,371.155845770425,165.74885616185588,0.0,3.0,3,5.0,1,,209.42268041237114,219.0,89.0,255.0,20314.0,47.748218782559995,0.19352916545175927,1.422361282942977
ID3745,3745,115,14.758682250976562,371.155845770425,165.74885616185588,0.0,2.0,2,5.0,1,,209.42268041237114,219.0,89.0,255.0,20314.0,47.748218782559995,0.19352916545175927,1.422361282942977
ID2563,2563,115,14.737701416015625,358.73327365646327,153.97742244812383,0.0,9.0,9,5.0,1,,180.53608247422682,172.0,96.0,255.0,17512.0,49.183343610004734,0.24308241114045115,1.4355871889574463
ID3364,3364,115,14.410049438476562,365.16135131423636,160.08502723016147,0.0,6.0,6,5.0,1,,173.03092783505156,167.0,93.0,255.0,16784.0,56.70656443633155,0.21381845824337753,1.0750083860415776
ID2057,2057,115,15.53167724609375,344.98124540621717,141.6449598940303,0.0,15.0,15,5.0,1,,214.18556701030928,223.0,126.0,255.0,20776.0,37.965260956812884,0.22237025056868098,2.052616058991105
ID3371,3371,115,12.146652221679688,358.420807372411,154.16773926778586,0.0,7.0,7,5.0,1,,177.63917525773195,168.0,91.0,255.0,17231.0,50.81649698650411,0.17503482172346282,1.041448358027108
ID5804,5804,115,14.38201904296875,346.65617703112855,142.3877755791602,0.0,16.0,16,5.0,1,,184.95876288659792,188.0,104.0,255.0,17941.0,44.96524526550412,0.2043290530143305,1.395766915580827
ID3469,3469,115,12.146652221679688,358.420807372411,154.16773926778586,0.0,8.0,8,5.0,1,,177.63917525773195,168.0,91.0,255.0,17231.0,50.81649698650411,0.17503482172346282,1.041448358027108
ID5231,5231,115,14.758682250976562,371.155845770425,165.74885616185588,0.0,1.0,1,5.0,1,,209.42268041237114,219.0,89.0,255.0,20314.0,47.748218782559995,0.19352916545175927,1.422361282942977
ID2736,2736,115,14.892410278320312,341.9062777111135,140.1222128867262,0.0,14.0,14,5.0,1,,214.44329896907217,230.0,98.0,255.0,20801.0,43.21891201395637,0.2132089874215924,1.743968090227367
ID5586,5586,115,14.38201904296875,346.65617703112855,142.3877755791602,0.0,17.0,17,5.0,1,,184.95876288659792,188.0,104.0,255.0,17941.0,44.96524526550412,0.2043290530143305,1.395766915580827
ID3028,3028,115,16.798202514648438,347.91063052344214,149.7909142497903,0.0,11.0,11,5.0,1,,189.39175257731958,201.0,86.0,255.0,18371.0,51.823530028403226,0.27366932463495136,1.570483932480655
ID2933,2933,115,14.922821044921875,369.7894778805148,165.28455583889433,0.0,4.0,4,5.0,1,,175.88659793814432,169.0,79.0,255.0,17061.0,55.282960810847904,0.21989201095578148,1.1469896884647934
ID4919,4919,115,14.758682250976562,371.155845770425,165.74885616185588,0.0,0.0,0,5.0,1,,209.42268041237114,219.0,89.0,255.0,20314.0,47.748218782559995,0.19352916545175927,1.422361282942977
ID2200,2200,115,17.027725219726562,342.63606925917037,145.75564393122428,0.0,12.0,12,5.0,1,,187.05154639175257,187.0,84.0,255.0,18144.0,50.11120365705421,0.26733152205004357,1.5747673360695915
ID2236,2236,115,14.892410278320312,341.9062777111135,140.1222128867262,0.0,13.0,13,5.0,1,,214.44329896907217,230.0,98.0,255.0,20801.0,43.21891201395637,0.2132089874215924,1.743968090227367
ID3485,3485,115,16.798202514648438,347.91063052344214,149.7909142497903,0.0,10.0,10,5.0,1,,189.39175257731958,201.0,86.0,255.0,18371.0,51.823530028403226,0.27366932463495136,1.570483932480655
ID5664,5664,116,10.124542236328125,733.8046484600413,373.2529433763153,0.0,17.0,17,5.0,1,,141.91752577319588,134.0,73.0,228.0,13766.0,37.862874875191835,0.15782452058304738,1.0218430048017146
ID5285,5285,116,11.920257568359375,725.577161540719,342.26774200182336,0.0,3.0,3,5.0,1,,198.24742268041237,210.0,104.0,255.0,19230.0,47.21891193504883,0.1312949138880432,0.9745264664320713
ID3655,3655,116,14.066207885742188,725.994178953278,350.00483815254455,0.0,4.0,4,5.0,1,,227.20618556701032,232.0,133.0,254.0,22039.0,24.100025131526444,0.19952924212653397,3.1363777493765705
ID3465,3465,116,15.727523803710938,720.9524592561224,369.22615769912886,0.0,14.0,14,5.0,1,,129.38144329896906,113.0,27.0,255.0,12550.0,55.92879462967643,0.3298588987049157,1.147596377320863
ID5356,5356,116,11.920257568359375,725.577161540719,342.26774200182336,0.0,1.0,1,5.0,1,,198.24742268041237,210.0,104.0,255.0,19230.0,47.21891193504883,0.1312949138880432,0.9745264664320713
ID2253,2253,116,14.172210693359375,728.2912540140322,364.60346284422525,0.0,15.0,15,5.0,1,,159.2164948453608,162.0,68.0,242.0,15444.0,48.19972052221096,0.24996360934862244,1.3211525030146374
ID4109,4109,116,14.066207885742188,725.994178953278,350.00483815254455,0.0,5.0,5,5.0,1,,227.20618556701032,232.0,133.0,254.0,22039.0,24.100025131526444,0.19952924212653397,3.1363777493765705
ID4079,4079,116,15.297622680664062,724.9562113735873,344.29540912734853,0.0,8.0,8,5.0,1,,199.4536082474227,212.0,98.0,255.0,19347.0,48.42477426779187,0.21479075066746187,1.456526489237347
ID2321,2321,116,8.955856323242188,721.4703351507378,362.8798292623715,0.0,12.0,12,5.0,1,,109.47422680412372,102.0,48.0,226.0,10619.0,34.59590919443643,0.21055605808252303,1.100778578915679
ID3699,3699,116,14.932571411132812,718.6033589351456,347.80102549843906,0.0,11.0,11,5.0,1,,162.29896907216494,165.0,48.0,255.0,15743.0,63.41220389714257,0.2437391850342983,1.0031570896221804
ID4983,4983,116,11.920257568359375,725.577161540719,342.26774200182336,0.0,0.0,0,5.0,1,,198.24742268041237,210.0,104.0,255.0,19230.0,47.21891193504883,0.1312949138880432,0.9745264664320713
ID5882,5882,116,10.124542236328125,733.8046484600413,373.2529433763153,0.0,16.0,16,5.0,1,,141.91752577319588,134.0,73.0,228.0,13766.0,37.862874875191835,0.15782452058304738,1.0218430048017146
ID4058,4058,116,15.297622680664062,724.9562113735873,344.29540912734853,0.0,7.0,7,5.0,1,,199.4536082474227,212.0,98.0,255.0,19347.0,48.42477426779187,0.21479075066746187,1.456526489237347
ID4028,4028,116,12.637893676757812,726.00300465779,348.7503838273221,0.0,6.0,6,5.0,1,,208.89690721649484,216.0,105.0,255.0,20263.0,43.01949280463895,0.16088284647046647,1.3459163459392247
ID4380,4380,116,11.920257568359375,725.577161540719,342.26774200182336,0.0,2.0,2,5.0,1,,198.24742268041237,210.0,104.0,255.0,19230.0,47.21891193504883,0.1312949138880432,0.9745264664320713
ID2750,2750,116,15.727523803710938,720.9524592561224,369.22615769912886,0.0,13.0,13,5.0,1,,129.38144329896906,113.0,27.0,255.0,12550.0,55.92879462967643,0.3298588987049157,1.147596377320863
ID4127,4127,116,14.932571411132812,718.6033589351456,347.80102549843906,0.0,10.0,10,5.0,1,,162.29896907216494,165.0,48.0,255.0,15743.0,63.41220389714257,0.2437391850342983,1.0031570896221804
ID2847,2847,116,15.67608642578125,716.129686282313,336.2778065959573,0.0,9.0,9,5.0,1,,187.1958762886598,197.0,56.0,255.0,18158.0,56.09601871925673,0.22618642662727828,1.2311310055011673
ID2449,2449,117,9.564804077148438,281.8664728481632,634.5470508877811,0.0,15.0,15,5.0,1,,213.23711340206185,225.0,115.0,255.0,20684.0,38.501020872795344,0.1103882764981611,1.1012061551129888
ID5939,5939,117,8.585601806640625,291.2853288146937,632.709552557352,0.0,16.0,16,5.0,1,,167.71134020618555,153.0,90.0,255.0,16268.0,53.13170717716621,0.09651838842512721,0.5556902763082109
ID5721,5721,117,8.585601806640625,291.2853288146937,632.709552557352,0.0,17.0,17,5.0,1,,167.71134020618555,153.0,90.0,255.0,16268.0,53.13170717716621,0.09651838842512721,0.5556902763082109
ID4046,4046,117,10.055938720703125,278.9293931939608,635.9238518187548,0.0,14.0,14,5.0,1,,209.93814432989691,216.0,133.0,255.0,20364.0,32.53325684107395,0.12293922297255593,1.412953990457235
ID3263,3263,117,10.055938720703125,278.9293931939608,635.9238518187548,0.0,13.0,13,5.0,1,,209.93814432989691,216.0,133.0,255.0,20364.0,32.53325684107395,0.12293922297255593,1.412953990457235
ID5665,5665,118,13.391860961914062,747.8052526973681,382.09154263475926,0.0,17.0,17,5.0,1,,206.42268041237114,216.0,113.0,255.0,20023.0,41.15970801128069,0.16902352266607645,1.4502371375528071
ID2755,2755,118,15.213897705078125,739.6727335084703,378.2854084917514,0.0,13.0,13,5.0,1,,179.43298969072166,174.0,74.0,255.0,17405.0,44.67239714869025,0.2544154264478363,1.6292775988071713
ID2324,2324,118,9.276351928710938,740.1432127406097,369.33112479046474,0.0,12.0,12,5.0,1,,141.5257731958763,134.0,59.0,252.0,13728.0,45.620283496741045,0.12983004814616686,0.7129673623838797
ID3478,3478,118,15.213897705078125,739.6727335084703,378.2854084917514,0.0,14.0,14,5.0,1,,179.43298969072166,174.0,74.0,255.0,17405.0,44.67239714869025,0.2544154264478363,1.6292775988071713
ID2263,2263,118,12.236328125,743.776586599047,378.6975096488802,0.0,15.0,15,5.0,1,,187.06185567010309,187.0,105.0,255.0,18145.0,49.028863614752,0.1561597652901954,1.0306582938754907
ID5883,5883,118,13.391860961914062,747.8052526973681,382.09154263475926,0.0,16.0,16,5.0,1,,206.42268041237114,216.0,113.0,255.0,20023.0,41.15970801128069,0.16902352266607645,1.4502371375528071
ID3489,3489,119,11.5771484375,59.29814902915587,393.0317592729186,0.0,14.0,14,5.0,1,,216.62886597938143,225.0,117.0,255.0,21013.0,33.131153386839216,0.14870704052429243,1.6929027658162348
ID5667,5667,119,11.707107543945312,57.194894288366164,398.6346183664232,0.0,17.0,17,5.0,1,,205.72164948453607,207.0,55.0,255.0,19955.0,41.910058028085885,0.14276300030364328,1.226453896286709
ID2326,2326,119,11.073257446289062,59.55899912641473,391.949988320729,0.0,12.0,12,5.0,1,,206.93814432989691,214.0,133.0,255.0,20073.0,36.78706023437161,0.14033765845327367,1.3845741590142961
ID2760,2760,119,11.5771484375,59.29814902915587,393.0317592729186,0.0,13.0,13,5.0,1,,216.62886597938143,225.0,117.0,255.0,21013.0,33.131153386839216,0.14870704052429243,1.6929027658162348
ID2268,2268,119,11.1505126953125,62.285086936970785,402.5392991798041,0.0,15.0,15,5.0,1,,215.95876288659792,226.0,150.0,255.0,20948.0,32.838277184615045,0.14310217779454643,1.646575515552255
ID5885,5885,119,11.707107543945312,57.194894288366164,398.6346183664232,0.0,16.0,16,5.0,1,,205.72164948453607,207.0,55.0,255.0,19955.0,41.910058028085885,0.14276300030364328,1.226453896286709
ID4609,4609,120,13.737258911132812,157.08421553830124,623.5868522228819,0.0,8.0,8,5.0,1,,194.76288659793815,195.0,110.0,255.0,18892.0,45.716693977664484,0.1738317020313463,1.2617825868415922
ID4577,4577,120,13.737258911132812,157.08421553830124,623.5868522228819,0.0,7.0,7,5.0,1,,194.76288659793815,195.0,110.0,255.0,18892.0,45.716693977664484,0.1738317020313463,1.2617825868415922
ID5411,5411,120,13.120407104492188,159.16515688518442,619.4076382336523,0.0,3.0,3,5.0,1,,203.91752577319588,211.0,117.0,255.0,19780.0,42.365392249819905,0.17448491215911724,1.4301571246398224
ID5475,5475,120,13.120407104492188,159.16515688518442,619.4076382336523,0.0,1.0,1,5.0,1,,203.91752577319588,211.0,117.0,255.0,19780.0,42.365392249819905,0.17448491215911724,1.4301571246398224
ID5064,5064,120,13.120407104492188,159.16515688518442,619.4076382336523,0.0,0.0,0,5.0,1,,203.91752577319588,211.0,117.0,255.0,19780.0,42.365392249819905,0.17448491215911724,1.4301571246398224
ID3274,3274,120,5.425575256347656,150.82209835732004,638.0737690699743,0.0,13.0,13,5.0,1,,126.94845360824742,124.0,69.0,255.0,12314.0,34.37427912396267,0.09237708179276642,0.624619401923148
ID4556,4556,120,13.066986083984375,159.15415551420753,620.5124224872159,0.0,5.0,5,5.0,1,,203.2164948453608,209.0,118.0,255.0,19712.0,42.98987933323273,0.17125117838668108,1.3823125580002127
ID4780,4780,120,13.120407104492188,159.16515688518442,619.4076382336523,0.0,2.0,2,5.0,1,,203.91752577319588,211.0,117.0,255.0,19780.0,42.365392249819905,0.17448491215911724,1.4301571246398224
ID4557,4557,120,14.275772094726562,157.9400464691745,623.6499901647754,0.0,6.0,6,5.0,1,,194.7422680412371,194.0,105.0,255.0,18890.0,47.45069334550418,0.18451625190823348,1.2786193044025875
ID3534,3534,120,13.585296630859375,158.4137692610405,623.9751047437729,0.0,9.0,9,5.0,1,,202.03092783505156,209.0,119.0,255.0,19597.0,38.22833090137672,0.17574252383219824,1.5798910926207224
ID4142,4142,120,13.066986083984375,159.15415551420753,620.5124224872159,0.0,4.0,4,5.0,1,,203.2164948453608,209.0,118.0,255.0,19712.0,42.98987933323273,0.17125117838668108,1.3823125580002127
ID2480,2480,120,13.930984497070312,153.73597344329272,625.8234161883379,0.0,12.0,12,5.0,1,,204.63917525773195,216.0,109.0,255.0,19850.0,45.559527353189786,0.1868878763769644,1.4145262067226791
ID4240,4240,120,14.134780883789062,157.04765249239054,622.8698375023725,0.0,11.0,11,5.0,1,,211.08247422680412,223.0,95.0,255.0,20475.0,39.558414113153795,0.19069757349231584,1.709176833522015
ID5936,5936,120,11.253250122070312,154.0,627.0,0.0,16.0,16,5.0,1,,186.2164948453608,183.0,98.0,255.0,18063.0,51.54068514373777,0.12349048381221679,0.7942588264965271
ID2453,2453,120,5.1805877685546875,148.54622542804776,636.4032704122736,0.0,15.0,15,5.0,1,,110.17525773195877,101.0,39.0,225.0,10687.0,37.547750240326856,0.06877278023596754,0.3776255297451588
ID5718,5718,120,11.253250122070312,154.0,627.0,0.0,17.0,17,5.0,1,,186.2164948453608,183.0,98.0,255.0,18063.0,51.54068514373777,0.12349048381221679,0.7942588264965271
ID4055,4055,120,5.425575256347656,150.82209835732004,638.0737690699743,0.0,14.0,14,5.0,1,,126.94845360824742,124.0,69.0,255.0,12314.0,34.37427912396267,0.09237708179276642,0.624619401923148
ID4599,4599,120,14.134780883789062,157.04765249239054,622.8698375023725,0.0,10.0,10,5.0,1,,211.08247422680412,223.0,95.0,255.0,20475.0,39.558414113153795,0.19069757349231584,1.709176833522015
ID4130,4130,121,11.47991943359375,64.58077411589161,435.2815643911618,0.0,6.0,6,5.0,1,,165.4742268041237,154.0,90.0,255.0,16051.0,48.95471818925823,0.1565725384505356,0.9151842083917792
ID5669,5669,121,13.678390502929688,70.56962703419221,413.1726410088609,0.0,17.0,17,5.0,1,,207.36082474226805,209.0,111.0,255.0,20114.0,39.2481914570092,0.18051784386808423,1.6157889710914668
ID4198,4198,121,13.174972534179688,69.22442827566644,411.0926443219029,0.0,10.0,10,5.0,1,,207.2680412371134,218.0,110.0,255.0,20105.0,42.74403356608124,0.156537761919322,1.312641526663093
ID4233,4233,121,13.298141479492188,56.34700376612141,433.6776799733038,0.0,5.0,5,5.0,1,,163.11340206185568,168.0,55.0,239.0,15822.0,51.75017638630564,0.2282533588139493,1.17148578662138
ID4521,4521,121,12.913955688476562,58.14349818562893,435.88654909426447,0.0,2.0,2,5.0,1,,174.43298969072166,172.0,74.0,255.0,16920.0,55.48196163628597,0.1748094344149192,0.9356302499057622
ID5002,5002,121,12.913955688476562,58.14349818562893,435.88654909426447,0.0,0.0,0,5.0,1,,174.43298969072166,172.0,74.0,255.0,16920.0,55.48196163628597,0.1748094344149192,0.9356302499057622
ID2923,2923,121,12.517807006835938,63.58795424183273,413.6472910657631,0.0,9.0,9,5.0,1,,198.39175257731958,208.0,119.0,255.0,19244.0,45.98789621126571,0.1524280262064157,1.141198209525165
ID3500,3500,121,13.104110717773438,68.84735239221763,407.89678262744945,0.0,14.0,14,5.0,1,,212.20618556701032,223.0,118.0,255.0,20584.0,39.153793490203995,0.16285376953306563,1.5180528769316632
ID5324,5324,121,12.913955688476562,58.14349818562893,435.88654909426447,0.0,3.0,3,5.0,1,,174.43298969072166,172.0,74.0,255.0,16920.0,55.48196163628597,0.1748094344149192,0.9356302499057622
ID2765,2765,121,13.104110717773438,68.84735239221763,407.89678262744945,0.0,13.0,13,5.0,1,,212.20618556701032,223.0,118.0,255.0,20584.0,39.153793490203995,0.16285376953306563,1.5180528769316632
ID3789,3789,121,13.298141479492188,56.34700376612141,433.6776799733038,0.0,4.0,4,5.0,1,,163.11340206185568,168.0,55.0,239.0,15822.0,51.75017638630564,0.2282533588139493,1.17148578662138
ID5394,5394,121,12.913955688476562,58.14349818562893,435.88654909426447,0.0,1.0,1,5.0,1,,174.43298969072166,172.0,74.0,255.0,16920.0,55.48196163628597,0.1748094344149192,0.9356302499057622
ID2328,2328,121,12.248077392578125,72.01808047268813,404.9910469346141,0.0,12.0,12,5.0,1,,203.90721649484536,221.0,95.0,255.0,19779.0,47.68540187045077,0.13942989297475034,1.0465149331683725
ID3768,3768,121,13.174972534179688,69.22442827566644,411.0926443219029,0.0,11.0,11,5.0,1,,207.2680412371134,218.0,110.0,255.0,20105.0,42.74403356608124,0.156537761919322,1.312641526663093
ID4184,4184,121,14.913421630859375,86.19268894683134,441.95763040312426,0.0,8.0,8,5.0,1,,192.16494845360825,198.0,80.0,255.0,18640.0,45.22298466404444,0.21001565832230323,1.4750462342385766
ID2271,2271,121,14.180023193359375,72.13739250703297,418.55941368889455,0.0,15.0,15,5.0,1,,201.75257731958763,207.0,82.0,255.0,19570.0,47.746952548442586,0.18279881498206724,1.306068407434845
ID5887,5887,121,13.678390502929688,70.56962703419221,413.1726410088609,0.0,16.0,16,5.0,1,,207.36082474226805,209.0,111.0,255.0,20114.0,39.2481914570092,0.18051784386808423,1.6157889710914668
ID4159,4159,121,14.913421630859375,86.19268894683134,441.95763040312426,0.0,7.0,7,5.0,1,,192.16494845360825,198.0,80.0,255.0,18640.0,45.22298466404444,0.21001565832230323,1.4750462342385766
ID5888,5888,122,12.112823486328125,658.2623040613453,415.07340222750935,0.0,16.0,16,5.0,1,,160.09278350515464,164.0,33.0,253.0,15529.0,59.42906879813159,0.12488867397767238,0.5981585797095523
ID3778,3778,122,11.955657958984375,658.1795946822202,414.04704936507295,0.0,11.0,11,5.0,1,,162.83505154639175,161.0,42.0,255.0,15795.0,59.87864122755068,0.12779196489587458,0.6162834521454906
ID4162,4162,122,12.289230346679688,657.0248531457966,410.8881237430322,0.0,5.0,5,5.0,1,,164.18556701030928,161.0,46.0,255.0,15926.0,59.706631732599305,0.13269708763938554,0.6443027848589507
ID3715,3715,122,12.289230346679688,657.0248531457966,410.8881237430322,0.0,4.0,4,5.0,1,,164.18556701030928,161.0,46.0,255.0,15926.0,59.706631732599305,0.13269708763938554,0.6443027848589507
ID5670,5670,122,12.112823486328125,658.2623040613453,415.07340222750935,0.0,17.0,17,5.0,1,,160.09278350515464,164.0,33.0,253.0,15529.0,59.42906879813159,0.12488867397767238,0.5981585797095523
ID4102,4102,122,11.979034423828125,657.7519642094358,413.3264327826719,0.0,7.0,7,5.0,1,,163.38144329896906,157.0,58.0,253.0,15848.0,56.9693710286079,0.1373012423848798,0.6924529227865955
ID4105,4105,122,11.900009155273438,658.3672839659645,411.49672331350587,0.0,6.0,6,5.0,1,,161.7422680412371,154.0,58.0,254.0,15689.0,55.95278484849887,0.13198152873229785,0.6740709821749632
ID4208,4208,122,11.955657958984375,658.1795946822202,414.04704936507295,0.0,10.0,10,5.0,1,,162.83505154639175,161.0,42.0,255.0,15795.0,59.87864122755068,0.12779196489587458,0.6162834521454906
ID2770,2770,122,12.008987426757812,658.5942453146125,414.742522952943,0.0,13.0,13,5.0,1,,163.1958762886598,165.0,46.0,255.0,15830.0,57.36880670554225,0.13662552609024492,0.6838766914373592
ID5301,5301,122,11.958251953125,656.9286029373036,409.46881057850555,0.0,3.0,3,5.0,1,,162.77319587628867,152.0,48.0,255.0,15789.0,58.82663532835261,0.13361209371406774,0.6522591439658381
ID3510,3510,122,12.008987426757812,658.5942453146125,414.742522952943,0.0,14.0,14,5.0,1,,163.1958762886598,165.0,46.0,255.0,15830.0,57.36880670554225,0.13662552609024492,0.6838766914373592
ID4439,4439,122,11.958251953125,656.9286029373036,409.46881057850555,0.0,2.0,2,5.0,1,,162.77319587628867,152.0,48.0,255.0,15789.0,58.82663532835261,0.13361209371406774,0.6522591439658381
ID2329,2329,122,11.972793579101562,657.5363857044663,413.96044398306566,0.0,12.0,12,5.0,1,,163.96907216494844,158.0,41.0,255.0,15905.0,57.28573368217566,0.1369843190994902,0.6897025559674614
ID5372,5372,122,11.958251953125,656.9286029373036,409.46881057850555,0.0,1.0,1,5.0,1,,162.77319587628867,152.0,48.0,255.0,15789.0,58.82663532835261,0.13361209371406774,0.6522591439658381
ID4125,4125,122,11.979034423828125,657.7519642094358,413.3264327826719,0.0,8.0,8,5.0,1,,163.38144329896906,157.0,58.0,253.0,15848.0,56.9693710286079,0.1373012423848798,0.6924529227865955
ID2270,2270,122,11.956832885742188,658.1685174431524,415.2029888835627,0.0,15.0,15,5.0,1,,160.29896907216494,155.0,33.0,255.0,15549.0,57.492783052247376,0.12827119238810644,0.6339617056002557
ID2910,2910,122,12.067672729492188,658.3976611555845,412.50416702830194,0.0,9.0,9,5.0,1,,164.30927835051546,164.0,42.0,255.0,15938.0,60.73428480286457,0.12907234731171582,0.6185425770472028
ID4991,4991,122,11.958251953125,656.9286029373036,409.46881057850555,0.0,0.0,0,5.0,1,,162.77319587628867,152.0,48.0,255.0,15789.0,58.82663532835261,0.13361209371406774,0.6522591439658381
ID5440,5440,123,15.456863403320312,302.0938010116638,654.1660508527569,0.0,3.0,3,5.0,1,,186.90721649484536,194.0,93.0,255.0,18130.0,51.32719439906808,0.22749621431642703,1.3497786433552164
ID4066,4066,123,11.809432983398438,258.2065108983521,641.1590799932114,0.0,14.0,14,5.0,1,,165.22680412371133,162.0,41.0,255.0,16027.0,48.260038928582695,0.15841281082931058,0.936374932431134
ID4836,4836,123,15.456863403320312,302.0938010116638,654.1660508527569,0.0,2.0,2,5.0,1,,186.90721649484536,194.0,93.0,255.0,18130.0,51.32719439906808,0.22749621431642703,1.3497786433552164
ID4680,4680,123,14.389892578125,278.2088013127981,660.5393866430794,0.0,10.0,10,5.0,1,,225.69072164948454,230.0,147.0,255.0,21892.0,28.74143380525981,0.2033711710338792,2.6541475191684345
ID3657,3657,123,12.11163330078125,273.3225040129871,652.9213667942977,0.0,9.0,9,5.0,1,,217.46391752577318,235.0,116.0,255.0,21094.0,38.26553656568523,0.15559533010617094,1.5303831517068305
ID4617,4617,123,15.177703857421875,309.3295108714479,656.4056990497951,0.0,5.0,5,5.0,1,,180.16494845360825,187.0,93.0,255.0,17476.0,55.14350226386058,0.20737370193421886,1.1223231479655813
ID4236,4236,123,15.177703857421875,309.3295108714479,656.4056990497951,0.0,4.0,4,5.0,1,,180.16494845360825,187.0,93.0,255.0,17476.0,55.14350226386058,0.20737370193421886,1.1223231479655813
ID2447,2447,123,15.903762817382812,262.8994750412176,633.4902515971818,0.0,15.0,15,5.0,1,,210.8659793814433,229.0,94.0,255.0,20454.0,44.57335453730069,0.2181811413964698,1.6945973802800696
ID5937,5937,123,15.80035400390625,266.6457736900844,626.6413090459948,0.0,16.0,16,5.0,1,,220.09278350515464,238.0,126.0,255.0,21349.0,37.84812921241583,0.21448170322385088,2.053953722703758
ID4658,4658,123,11.940383911132812,273.6413908665266,657.6523092183951,0.0,7.0,7,5.0,1,,229.01030927835052,238.0,125.0,255.0,22214.0,28.900149525766903,0.1479238951982192,2.0422559840245342
ID3285,3285,123,11.809432983398438,258.2065108983521,641.1590799932114,0.0,13.0,13,5.0,1,,165.22680412371133,162.0,41.0,255.0,16027.0,48.260038928582695,0.15841281082931058,0.936374932431134
ID4630,4630,123,14.792739868164062,319.61776029016744,656.0829833786836,0.0,6.0,6,5.0,1,,186.69072164948454,183.0,102.0,255.0,18109.0,49.32341415442363,0.20358540191312866,1.280469745305901
ID4375,4375,123,14.389892578125,278.2088013127981,660.5393866430794,0.0,11.0,11,5.0,1,,225.69072164948454,230.0,147.0,255.0,21892.0,28.74143380525981,0.2033711710338792,2.6541475191684345
ID5719,5719,123,15.80035400390625,266.6457736900844,626.6413090459948,0.0,17.0,17,5.0,1,,220.09278350515464,238.0,126.0,255.0,21349.0,37.84812921241583,0.21448170322385088,2.053953722703758
ID4696,4696,123,11.940383911132812,273.6413908665266,657.6523092183951,0.0,8.0,8,5.0,1,,229.01030927835052,238.0,125.0,255.0,22214.0,28.900149525766903,0.1479238951982192,2.0422559840245342
ID2521,2521,123,5.1950531005859375,256.24343327239836,649.6923468927228,0.0,12.0,12,5.0,1,,130.5257731958763,129.0,68.0,232.0,12661.0,30.46722719562269,0.13635421358709582,1.0281303401007662
ID5084,5084,123,15.456863403320312,302.0938010116638,654.1660508527569,0.0,0.0,0,5.0,1,,186.90721649484536,194.0,93.0,255.0,18130.0,51.32719439906808,0.22749621431642703,1.3497786433552164
ID5501,5501,123,15.456863403320312,302.0938010116638,654.1660508527569,0.0,1.0,1,5.0,1,,186.90721649484536,194.0,93.0,255.0,18130.0,51.32719439906808,0.22749621431642703,1.3497786433552164
ID5376,5376,124,9.534866333007812,655.8339694515453,417.42922300939273,0.0,1.0,1,5.0,1,,150.81443298969072,144.0,48.0,255.0,14629.0,55.68500132757683,0.09430408506637994,0.4667960285102823
ID2273,2273,124,9.15374755859375,657.0826621595958,422.9611701998444,0.0,15.0,15,5.0,1,,147.9278350515464,145.0,47.0,254.0,14349.0,51.26000866145565,0.0941942459604708,0.4968567211112631
ID5889,5889,124,9.358932495117188,657.2540802217221,423.20068082510414,0.0,16.0,16,5.0,1,,149.02061855670104,144.0,42.0,255.0,14455.0,51.53699710350552,0.08886088462463303,0.471949448545126
ID4993,4993,124,9.534866333007812,655.8339694515453,417.42922300939273,0.0,0.0,0,5.0,1,,150.81443298969072,144.0,48.0,255.0,14629.0,55.68500132757683,0.09430408506637994,0.4667960285102823
ID3522,3522,124,8.98876953125,657.161075355457,422.5561284058938,0.0,14.0,14,5.0,1,,147.53608247422682,140.0,46.0,255.0,14311.0,52.56306962744656,0.09340883964354976,0.47957100762831056
ID4453,4453,124,9.534866333007812,655.8339694515453,417.42922300939273,0.0,2.0,2,5.0,1,,150.81443298969072,144.0,48.0,255.0,14629.0,55.68500132757683,0.09430408506637994,0.4667960285102823
ID5671,5671,124,9.358932495117188,657.2540802217221,423.20068082510414,0.0,17.0,17,5.0,1,,149.02061855670104,144.0,42.0,255.0,14455.0,51.53699710350552,0.08886088462463303,0.471949448545126
ID3787,3787,124,9.770889282226562,657.1007757629474,421.94842261404483,0.0,11.0,11,5.0,1,,150.1958762886598,141.0,39.0,255.0,14569.0,55.317763718518755,0.09650699531894885,0.47793713673284005
ID4144,4144,124,9.284286499023438,656.5219066812739,421.2290619453451,0.0,8.0,8,5.0,1,,151.06185567010309,144.0,49.0,255.0,14653.0,52.796348996440585,0.09859325933852274,0.5135600281356805
ID4115,4115,124,8.588150024414062,656.4281435183362,419.2290344764393,0.0,6.0,6,5.0,1,,143.7319587628866,137.0,44.0,255.0,13942.0,55.27987794395246,0.07265396346933649,0.35222155795598903
ID4181,4181,124,9.804473876953125,655.9857849858245,418.9290168065893,0.0,5.0,5,5.0,1,,150.15463917525773,139.0,44.0,255.0,14565.0,54.467180524564824,0.1007344207708767,0.5045790349257762
ID3733,3733,124,9.804473876953125,655.9857849858245,418.9290168065893,0.0,4.0,4,5.0,1,,150.15463917525773,139.0,44.0,255.0,14565.0,54.467180524564824,0.1007344207708767,0.5045790349257762
ID2774,2774,124,8.98876953125,657.161075355457,422.5561284058938,0.0,13.0,13,5.0,1,,147.53608247422682,140.0,46.0,255.0,14311.0,52.56306962744656,0.09340883964354976,0.47957100762831056
ID2934,2934,124,9.674575805664062,657.2756819803778,420.3530760260892,0.0,9.0,9,5.0,1,,150.88659793814432,144.0,42.0,255.0,14636.0,57.1095212961938,0.0888089909472902,0.43100010855953885
ID4215,4215,124,9.770889282226562,657.1007757629474,421.94842261404483,0.0,10.0,10,5.0,1,,150.1958762886598,141.0,39.0,255.0,14569.0,55.317763718518755,0.09650699531894885,0.47793713673284005
ID5305,5305,124,9.534866333007812,655.8339694515453,417.42922300939273,0.0,3.0,3,5.0,1,,150.81443298969072,144.0,48.0,255.0,14629.0,55.68500132757683,0.09430408506637994,0.4667960285102823
ID2330,2330,124,9.639007568359375,656.4460969480317,422.05735634014354,0.0,12.0,12,5.0,1,,148.41237113402062,141.0,41.0,255.0,14396.0,55.767888119964034,0.09115493843649589,0.4446411784302936
ID4124,4124,124,9.284286499023438,656.5219066812739,421.2290619453451,0.0,7.0,7,5.0,1,,151.06185567010309,144.0,49.0,255.0,14653.0,52.796348996440585,0.09859325933852274,0.5135600281356805
ID4176,4176,125,13.062423706054688,539.1056927142673,444.7832202013423,0.0,7.0,7,5.0,1,,199.4020618556701,203.0,129.0,255.0,19342.0,36.763789871345786,0.1996565570071396,1.8053691238490313
ID2337,2337,125,11.444000244140625,565.9523460856739,463.59374532656295,0.0,12.0,12,5.0,1,,195.0721649484536,197.0,102.0,255.0,18922.0,36.99528332061411,0.16328391286340324,1.4802552796075537
ID3841,3841,125,11.964935302734375,551.7358460423605,465.50128287283223,0.0,11.0,11,5.0,1,,179.7835051546392,178.0,97.0,255.0,17439.0,45.96131226462001,0.15951704032698139,1.0762604142095566
ID4177,4177,125,12.238327026367188,529.3463373542229,444.08401401455455,0.0,6.0,6,5.0,1,,233.8041237113402,242.0,143.0,255.0,22679.0,21.584446162716397,0.16384730475141224,3.0498926225884015
ID4274,4274,125,11.964935302734375,551.7358460423605,465.50128287283223,0.0,10.0,10,5.0,1,,179.7835051546392,178.0,97.0,255.0,17439.0,45.96131226462001,0.15951704032698139,1.0762604142095566
ID2276,2276,125,14.146133422851562,587.3678576695603,437.9970501932328,0.0,15.0,15,5.0,1,,197.01030927835052,202.0,104.0,255.0,19110.0,49.230430724079085,0.1737914931126143,1.1850123313825025
ID2779,2779,125,13.594314575195312,575.595402063576,443.175084122175,0.0,13.0,13,5.0,1,,205.81443298969072,218.0,101.0,255.0,19964.0,42.33530094596669,0.1756780304403668,1.4528882862777177
ID3531,3531,125,13.594314575195312,575.595402063576,443.175084122175,0.0,14.0,14,5.0,1,,205.81443298969072,218.0,101.0,255.0,19964.0,42.33530094596669,0.1756780304403668,1.4528882862777177
ID4203,4203,125,13.062423706054688,539.1056927142673,444.7832202013423,0.0,8.0,8,5.0,1,,199.4020618556701,203.0,129.0,255.0,19342.0,36.763789871345786,0.1996565570071396,1.8053691238490313
ID2975,2975,125,11.776870727539062,547.8885960271036,454.26856356060034,0.0,9.0,9,5.0,1,,226.42268041237114,229.0,171.0,255.0,21963.0,17.936133833890082,0.1596964538836618,3.4767385298342997
ID3296,3296,126,5.124549865722656,727.0693194043114,642.4479722198399,0.0,13.0,13,5.0,1,,128.46391752577318,129.0,86.0,175.0,12461.0,21.17194579295427,0.0874852099089824,0.9762513851347856
ID2515,2515,126,6.2677459716796875,724.8756870501281,642.887064682393,0.0,12.0,12,5.0,1,,126.4020618556701,125.0,53.0,185.0,12261.0,27.752499810007514,0.10698286137026833,0.8803499781712866
ID5941,5941,126,5.9001617431640625,732.6752634247641,640.2992762138192,0.0,16.0,16,5.0,1,,148.2577319587629,148.0,83.0,217.0,14381.0,29.034203375256208,0.08923276667402884,0.8366447577141687
ID2457,2457,126,10.52911376953125,730.9922105809228,640.6475483897726,0.0,15.0,15,5.0,1,,157.62886597938143,157.0,61.0,226.0,15290.0,39.72282078867177,0.1558085959618681,1.0698703697441294
ID5723,5723,126,5.9001617431640625,732.6752634247641,640.2992762138192,0.0,17.0,17,5.0,1,,148.2577319587629,148.0,83.0,217.0,14381.0,29.034203375256208,0.08923276667402884,0.8366447577141687
ID4076,4076,126,5.124549865722656,727.0693194043114,642.4479722198399,0.0,14.0,14,5.0,1,,128.46391752577318,129.0,86.0,175.0,12461.0,21.17194579295427,0.0874852099089824,0.9762513851347856
ID4646,4646,127,11.824996948242188,11.080569953541607,671.3704833339269,0.0,5.0,5,5.0,1,,161.72164948453607,143.0,82.0,255.0,15687.0,56.09380949728343,0.17651819551043638,0.8651154212683655
ID4359,4359,127,12.82952880859375,8.650437700100742,653.5859325411583,0.0,11.0,11,5.0,1,,177.15463917525773,173.0,100.0,255.0,17184.0,46.17727169249175,0.16125147447512717,1.0654465604268333
ID3307,3307,127,7.797508239746094,6.245594328926247,648.1252922146958,0.0,13.0,13,5.0,1,,114.96907216494846,117.0,35.0,166.0,11152.0,28.7588586381974,0.16513062973680692,1.1331630215233648
ID3724,3724,127,12.523422241210938,0.0,667.0,0.0,9.0,9,5.0,1,,170.7422680412371,164.0,51.0,255.0,16562.0,55.323721244167984,0.33262398017974415,1.5406556796584805
ID4085,4085,127,7.797508239746094,6.245594328926247,648.1252922146958,0.0,14.0,14,5.0,1,,114.96907216494846,117.0,35.0,166.0,11152.0,28.7588586381974,0.16513062973680692,1.1331630215233648
ID4693,4693,127,13.511245727539062,0.0,672.0,0.0,7.0,7,5.0,1,,199.10309278350516,212.0,60.0,255.0,19313.0,48.38161766451231,0.3330804132590387,2.0564604622813243
ID4663,4663,127,12.919097900390625,8.210777208550311,670.819091871377,0.0,6.0,6,5.0,1,,163.6701030927835,157.0,76.0,255.0,15876.0,53.40621094683272,0.20148557460968652,1.027857672667451
ID5945,5945,127,14.642425537109375,13.110954821562864,651.1338742765018,0.0,16.0,16,5.0,1,,180.51546391752578,187.0,76.0,255.0,17510.0,58.19384156314386,0.20138712968838224,1.0399587591264676
ID4666,4666,127,12.82952880859375,8.650437700100742,653.5859325411583,0.0,10.0,10,5.0,1,,177.15463917525773,173.0,100.0,255.0,17184.0,46.17727169249175,0.16125147447512717,1.0654465604268333
ID4730,4730,127,13.511245727539062,0.0,672.0,0.0,8.0,8,5.0,1,,199.10309278350516,212.0,60.0,255.0,19313.0,48.38161766451231,0.3330804132590387,2.0564604622813243
ID4284,4284,127,11.824996948242188,11.080569953541607,671.3704833339269,0.0,4.0,4,5.0,1,,161.72164948453607,143.0,82.0,255.0,15687.0,56.09380949728343,0.17651819551043638,0.8651154212683655
ID2461,2461,127,14.859451293945312,12.362909734580999,644.1134464935783,0.0,15.0,15,5.0,1,,186.31958762886597,183.0,101.0,255.0,18073.0,43.90699127885573,0.22322462094996084,1.5487834959556748
ID5727,5727,127,14.642425537109375,13.110954821562864,651.1338742765018,0.0,17.0,17,5.0,1,,180.51546391752578,187.0,76.0,255.0,17510.0,58.19384156314386,0.20138712968838224,1.0399587591264676
ID4258,4258,128,10.437789916992188,501.7406751233447,458.342022953481,0.0,10.0,10,5.0,1,,223.01030927835052,236.0,124.0,255.0,21632.0,34.14658805715465,0.12511923413790538,1.4525568831104325
ID5891,5891,128,10.174041748046875,496.4410089968671,437.9861648659987,0.0,16.0,16,5.0,1,,215.39175257731958,228.0,107.0,255.0,20893.0,31.852052753391128,0.1258800392858927,1.512120459234555
ID4195,4195,128,11.162689208984375,495.6361195361988,446.091097603042,0.0,6.0,6,5.0,1,,215.57731958762886,226.0,151.0,255.0,20911.0,33.9168207566769,0.14020742519112317,1.5631659133220634
ID5320,5320,128,12.05712890625,492.08219861999635,434.81023728058875,0.0,3.0,3,5.0,1,,214.43298969072166,223.0,83.0,255.0,20800.0,35.78142768267232,0.16359106361896147,1.6850901122212012
ID5000,5000,128,12.05712890625,492.08219861999635,434.81023728058875,0.0,0.0,0,5.0,1,,214.43298969072166,223.0,83.0,255.0,20800.0,35.78142768267232,0.16359106361896147,1.6850901122212012
ID2281,2281,128,11.379501342773438,490.5826964653965,444.24438648618997,0.0,15.0,15,5.0,1,,221.02061855670104,237.0,125.0,255.0,21439.0,36.36360915045061,0.1293921267401747,1.3927042465869122
ID5673,5673,128,10.174041748046875,496.4410089968671,437.9861648659987,0.0,17.0,17,5.0,1,,215.39175257731958,228.0,107.0,255.0,20893.0,31.852052753391128,0.1258800392858927,1.512120459234555
ID2796,2796,128,13.508270263671875,480.418757627099,445.0648626910647,0.0,13.0,13,5.0,1,,210.46391752577318,231.0,107.0,255.0,20415.0,46.083271968540394,0.15888596372500233,1.252302271893509
ID5390,5390,128,12.05712890625,492.08219861999635,434.81023728058875,0.0,1.0,1,5.0,1,,214.43298969072166,223.0,83.0,255.0,20800.0,35.78142768267232,0.16359106361896147,1.6850901122212012
ID2960,2960,128,11.03656005859375,502.54659984310837,449.4898984560382,0.0,9.0,9,5.0,1,,194.0721649484536,197.0,104.0,255.0,18825.0,46.487957092554375,0.135131267622873,0.9939454473051712
ID3828,3828,128,10.437789916992188,501.7406751233447,458.342022953481,0.0,11.0,11,5.0,1,,223.01030927835052,236.0,124.0,255.0,21632.0,34.14658805715465,0.12511923413790538,1.4525568831104325
ID4212,4212,128,7.5560760498046875,501.8129373817942,448.8775864082911,0.0,8.0,8,5.0,1,,203.9278350515464,211.0,109.0,255.0,19781.0,38.00856466603953,0.0733290592982383,0.7331085101622428
ID4244,4244,128,10.9227294921875,494.15846271031023,436.58609755233704,0.0,5.0,5,5.0,1,,208.61855670103094,217.0,129.0,255.0,20236.0,37.902683309521194,0.12801172429600768,1.2492492839608185
ID3796,3796,128,10.9227294921875,494.15846271031023,436.58609755233704,0.0,4.0,4,5.0,1,,208.61855670103094,217.0,129.0,255.0,20236.0,37.902683309521194,0.12801172429600768,1.2492492839608185
ID3542,3542,128,13.508270263671875,480.418757627099,445.0648626910647,0.0,14.0,14,5.0,1,,210.46391752577318,231.0,107.0,255.0,20415.0,46.083271968540394,0.15888596372500233,1.252302271893509
ID4185,4185,128,7.5560760498046875,501.8129373817942,448.8775864082911,0.0,7.0,7,5.0,1,,203.9278350515464,211.0,109.0,255.0,19781.0,38.00856466603953,0.0733290592982383,0.7331085101622428
ID4506,4506,128,12.05712890625,492.08219861999635,434.81023728058875,0.0,2.0,2,5.0,1,,214.43298969072166,223.0,83.0,255.0,20800.0,35.78142768267232,0.16359106361896147,1.6850901122212012
ID2332,2332,128,8.902557373046875,494.43324495761664,453.59986812493025,0.0,12.0,12,5.0,1,,220.2577319587629,231.0,127.0,255.0,21365.0,27.240930581921607,0.10753848120868241,1.570161386494014
ID3553,3553,129,7.041717529296875,468.42547121859343,447.69389661729446,0.0,14.0,14,5.0,1,,137.62886597938143,131.0,55.0,243.0,13350.0,39.79696376285845,0.11804293424865059,0.7302492213589304
ID5890,5890,129,13.178207397460938,485.44806293936233,437.1491645336556,0.0,16.0,16,5.0,1,,207.53608247422682,221.0,103.0,255.0,20131.0,42.3967033544645,0.16544846077474962,1.3898283949833208
ID4996,4996,129,8.435073852539062,473.8408773683906,422.5391254278649,0.0,0.0,0,5.0,1,,174.340206185567,174.0,90.0,254.0,16911.0,42.12725923663179,0.10768066648328131,0.8046138521479296
ID2277,2277,129,13.937744140625,481.70979968810707,438.8597676870329,0.0,15.0,15,5.0,1,,214.68041237113403,229.0,131.0,255.0,20824.0,36.48474178559458,0.19149141490822452,1.8913396630931125
ID5382,5382,129,8.435073852539062,473.8408773683906,422.5391254278649,0.0,1.0,1,5.0,1,,174.340206185567,174.0,90.0,254.0,16911.0,42.12725923663179,0.10768066648328131,0.8046138521479296
ID5672,5672,129,13.178207397460938,485.44806293936233,437.1491645336556,0.0,17.0,17,5.0,1,,207.53608247422682,221.0,103.0,255.0,20131.0,42.3967033544645,0.16544846077474962,1.3898283949833208
ID4174,4174,129,11.590087890625,489.00105770925825,439.84861234324046,0.0,8.0,8,5.0,1,,197.08247422680412,203.0,105.0,255.0,19117.0,43.871894501466045,0.13289959023416864,1.053959286922734
ID2801,2801,129,7.041717529296875,468.42547121859343,447.69389661729446,0.0,13.0,13,5.0,1,,137.62886597938143,131.0,55.0,243.0,13350.0,39.79696376285845,0.11804293424865059,0.7302492213589304
ID4209,4209,129,12.38079833984375,479.85368683735743,425.853882906826,0.0,5.0,5,5.0,1,,200.88659793814432,204.0,98.0,255.0,19486.0,45.59122637833306,0.15767842187238826,1.2002839840183193
ID3761,3761,129,12.38079833984375,479.85368683735743,425.853882906826,0.0,4.0,4,5.0,1,,200.88659793814432,204.0,98.0,255.0,19486.0,45.59122637833306,0.15767842187238826,1.2002839840183193
ID3795,3795,129,12.311798095703125,490.5962781996961,453.11011958142376,0.0,11.0,11,5.0,1,,200.1443298969072,209.0,81.0,255.0,19414.0,47.12726336092552,0.13711522156303318,1.0241940817909931
ID4149,4149,129,11.590087890625,489.00105770925825,439.84861234324046,0.0,7.0,7,5.0,1,,197.08247422680412,203.0,105.0,255.0,19117.0,43.871894501466045,0.13289959023416864,1.053959286922734
ID4121,4121,129,12.647323608398438,480.80259528961017,433.68024306961826,0.0,6.0,6,5.0,1,,195.41237113402062,207.0,107.0,254.0,18955.0,42.32580787211853,0.18202504922157026,1.4219399987724246
ID2331,2331,129,13.565155029296875,485.6249231454415,451.0563368131592,0.0,12.0,12,5.0,1,,214.76288659793815,224.0,134.0,255.0,20832.0,37.932992784392276,0.16871289993080432,1.6346040573124365
ID4477,4477,129,8.435073852539062,473.8408773683906,422.5391254278649,0.0,2.0,2,5.0,1,,174.340206185567,174.0,90.0,254.0,16911.0,42.12725923663179,0.10768066648328131,0.8046138521479296
ID2942,2942,129,12.287765502929688,487.52132166510614,444.7236951331717,0.0,9.0,9,5.0,1,,210.56701030927834,218.0,131.0,255.0,20425.0,38.46884757406928,0.14242876151384803,1.364833645519669
ID4223,4223,129,12.311798095703125,490.5962781996961,453.11011958142376,0.0,10.0,10,5.0,1,,200.1443298969072,209.0,81.0,255.0,19414.0,47.12726336092552,0.13711522156303318,1.0241940817909931
ID5311,5311,129,8.435073852539062,473.8408773683906,422.5391254278649,0.0,3.0,3,5.0,1,,174.340206185567,174.0,90.0,254.0,16911.0,42.12725923663179,0.10768066648328131,0.8046138521479296
ID4800,4800,130,14.59320068359375,466.4083541512603,632.2968552951112,0.0,2.0,2,5.0,1,,205.64948453608247,221.0,96.0,255.0,19948.0,46.929699471015816,0.18298364997203,1.3556369315577192
ID5953,5953,130,5.34368896484375,449.8353266028207,661.2382085499117,0.0,16.0,16,5.0,1,,123.71134020618557,132.0,49.0,174.0,12000.0,30.30846923815416,0.1030104021152008,0.7623896282151041
ID2530,2530,130,13.499343872070312,455.6638964754708,656.0871011913397,0.0,12.0,12,5.0,1,,194.0721649484536,207.0,94.0,255.0,18825.0,49.98817514812054,0.1733644797865519,1.1472370051819119
ID4578,4578,130,12.483230590820312,456.6196101966657,636.0888177372437,0.0,6.0,6,5.0,1,,197.1958762886598,205.0,98.0,255.0,19128.0,43.56308624073679,0.163621704184772,1.2730289587850971
ID4163,4163,130,14.381759643554688,461.1886702291553,634.2192494177248,0.0,4.0,4,5.0,1,,205.70103092783506,221.0,98.0,255.0,19953.0,49.31745907647158,0.18186192289679504,1.2836328092575477
ID4103,4103,130,11.99749755859375,453.7980929763021,648.5144866544812,0.0,14.0,14,5.0,1,,194.69072164948454,202.0,111.0,255.0,18885.0,45.10897934094863,0.15149347555739995,1.1356505030876864
ID5735,5735,130,5.34368896484375,449.8353266028207,661.2382085499117,0.0,17.0,17,5.0,1,,123.71134020618557,132.0,49.0,174.0,12000.0,30.30846923815416,0.1030104021152008,0.7623896282151041
ID5480,5480,130,14.59320068359375,466.4083541512603,632.2968552951112,0.0,1.0,1,5.0,1,,205.64948453608247,221.0,96.0,255.0,19948.0,46.929699471015816,0.18298364997203,1.3556369315577192
ID5417,5417,130,14.59320068359375,466.4083541512603,632.2968552951112,0.0,3.0,3,5.0,1,,205.64948453608247,221.0,96.0,255.0,19948.0,46.929699471015816,0.18298364997203,1.3556369315577192
ID4650,4650,130,14.006072998046875,456.7787368259668,647.3405459620404,0.0,10.0,10,5.0,1,,205.38144329896906,217.0,113.0,255.0,19922.0,41.05977433849974,0.19724389946919924,1.6481456404799402
ID5068,5068,130,14.59320068359375,466.4083541512603,632.2968552951112,0.0,0.0,0,5.0,1,,205.64948453608247,221.0,96.0,255.0,19948.0,46.929699471015816,0.18298364997203,1.3556369315577192
ID4655,4655,130,15.314559936523438,461.83247989078757,645.9766931499942,0.0,8.0,8,5.0,1,,209.98969072164948,224.0,112.0,255.0,20369.0,42.66572952552221,0.20806478311942264,1.6953413221370135
ID4624,4624,130,15.314559936523438,461.83247989078757,645.9766931499942,0.0,7.0,7,5.0,1,,209.98969072164948,224.0,112.0,255.0,20369.0,42.66572952552221,0.20806478311942264,1.6953413221370135
ID4339,4339,130,14.006072998046875,456.7787368259668,647.3405459620404,0.0,11.0,11,5.0,1,,205.38144329896906,217.0,113.0,255.0,19922.0,41.05977433849974,0.19724389946919924,1.6481456404799402
ID3316,3316,130,11.8887939453125,453.7980929763021,648.5144866544812,0.0,13.0,13,5.0,1,,194.69072164948454,202.0,111.0,255.0,18885.0,45.10897934094863,0.15149347555739995,1.1356505030876864
ID3606,3606,130,15.705718994140625,463.9235979064751,647.9008159993045,0.0,9.0,9,5.0,1,,214.58762886597938,224.0,120.0,255.0,20815.0,38.91758187110495,0.2148246226280528,1.9501108590608933
ID2489,2489,130,7.928741455078125,449.03264203545973,659.6963742592128,0.0,15.0,15,5.0,1,,142.6701030927835,150.0,66.0,212.0,13839.0,35.03739717831402,0.1418620914828436,1.0117747519497104
ID4574,4574,130,14.381759643554688,461.1886702291553,634.2192494177248,0.0,5.0,5,5.0,1,,205.70103092783506,221.0,98.0,255.0,19953.0,49.31745907647158,0.18186192289679504,1.2836328092575477
ID2336,2336,131,13.084762573242188,500.85664166696625,463.28257404833647,0.0,12.0,12,5.0,1,,213.38144329896906,228.0,109.0,255.0,20698.0,38.51580933497987,0.17373425900759762,1.6400734613263162
ID4194,4194,131,5.993194580078125,484.66657903402296,453.9324797824652,0.0,7.0,7,5.0,1,,127.78350515463917,129.0,74.0,185.0,12395.0,24.682241762434057,0.10699478904062291,1.0007768273299829
ID2805,2805,131,11.5748291015625,488.5795769381497,455.9704048561785,0.0,13.0,13,5.0,1,,223.82474226804123,232.0,107.0,255.0,21711.0,29.181904463382203,0.1570848265341613,2.0825406901845334
ID5893,5893,131,8.709945678710938,499.06637428968685,443.687912951312,0.0,16.0,16,5.0,1,,199.22680412371133,201.0,131.0,255.0,19325.0,31.737367944663944,0.10419719016130052,1.1847213832485215
ID4166,4166,131,8.2852783203125,471.71388812584473,443.4152915603045,0.0,6.0,6,5.0,1,,141.60824742268042,147.0,39.0,219.0,13736.0,37.27727097403292,0.1375859370352602,0.9188915635643246
ID3562,3562,131,11.5748291015625,488.5795769381497,455.9704048561785,0.0,14.0,14,5.0,1,,223.82474226804123,232.0,107.0,255.0,21711.0,29.181904463382203,0.1570848265341613,2.0825406901845334
ID4299,4299,131,13.669357299804688,507.2995592117309,467.8757151138551,0.0,10.0,10,5.0,1,,187.2164948453608,205.0,42.0,255.0,18160.0,58.58278096067062,0.1718107908689924,0.9371240109463708
ID5675,5675,131,8.709945678710938,499.06637428968685,443.687912951312,0.0,17.0,17,5.0,1,,199.22680412371133,201.0,131.0,255.0,19325.0,31.737367944663944,0.10419719016130052,1.1847213832485215
ID3004,3004,131,9.418838500976562,496.74752617098795,462.4921482278478,0.0,9.0,9,5.0,1,,179.20618556701032,174.0,118.0,255.0,17383.0,32.26677152541821,0.12140828254234194,1.2025746195839946
ID4220,4220,131,5.993194580078125,484.66657903402296,453.9324797824652,0.0,8.0,8,5.0,1,,127.78350515463917,129.0,74.0,185.0,12395.0,24.682241762434057,0.10699478904062291,1.0007768273299829
ID2285,2285,131,13.593658447265625,496.39531537466314,450.62568745654664,0.0,15.0,15,5.0,1,,207.4020618556701,215.0,107.0,255.0,20118.0,41.96294491220161,0.17149445706723118,1.4470613896404991
ID3871,3871,131,13.669357299804688,507.2995592117309,467.8757151138551,0.0,11.0,11,5.0,1,,187.2164948453608,205.0,42.0,255.0,18160.0,58.58278096067062,0.1718107908689924,0.9371240109463708
ID4132,4132,132,14.4488525390625,532.4386175882163,431.1221852644242,0.0,7.0,7,5.0,1,,194.96907216494844,201.0,95.0,255.0,18912.0,47.71932994261152,0.18588523992375666,1.280865789881841
ID2966,2966,132,11.219741821289062,540.272684205689,450.25416915376053,0.0,9.0,9,5.0,1,,199.35051546391753,203.0,125.0,255.0,19337.0,38.214864373781694,0.14652932752478262,1.3333814972484066
ID3575,3575,132,6.591552734375,550.7234140810801,457.11799055885274,0.0,14.0,14,5.0,1,,114.57731958762886,113.0,67.0,160.0,11114.0,19.844623039349553,0.17614851157717043,1.7294285123486326
ID5895,5895,132,6.160430908203125,573.318532217146,451.65812884910247,0.0,16.0,16,5.0,1,,107.57731958762886,110.0,56.0,151.0,10435.0,21.92070703483846,0.1694675865183669,1.42231114200534
ID4151,4151,132,14.4488525390625,532.4386175882163,431.1221852644242,0.0,8.0,8,5.0,1,,194.96907216494844,201.0,95.0,255.0,18912.0,47.71932994261152,0.18588523992375666,1.280865789881841
ID4250,4250,132,12.2259521484375,555.0150240729793,456.6191252578013,0.0,10.0,10,5.0,1,,204.8556701030928,223.0,109.0,255.0,19871.0,44.77140774970153,0.14739513759016834,1.1755670002676817
ID4138,4138,132,14.087112426757812,522.2865521835297,435.06187576313107,0.0,6.0,6,5.0,1,,206.04123711340208,218.0,84.0,255.0,19986.0,45.46975128353949,0.18778680834884992,1.4328084986075287
ID2811,2811,132,6.591552734375,550.7234140810801,457.11799055885274,0.0,13.0,13,5.0,1,,114.57731958762886,113.0,67.0,160.0,11114.0,19.844623039349553,0.17614851157717043,1.7294285123486326
ID2315,2315,132,8.506401062011719,572.4288192304438,461.7590814744932,0.0,15.0,15,5.0,1,,119.29896907216495,117.0,33.0,194.0,11572.0,37.35253364578433,0.17767283148601407,0.9637025056333082
ID3820,3820,132,12.2259521484375,555.0150240729793,456.6191252578013,0.0,11.0,11,5.0,1,,204.8556701030928,223.0,109.0,255.0,19871.0,44.77140774970153,0.14739513759016834,1.1755670002676817
ID2333,2333,132,11.867431640625,561.6684722847407,456.26786236221415,0.0,12.0,12,5.0,1,,191.51546391752578,202.0,91.0,255.0,18577.0,51.05167182253966,0.13306318227867955,0.881104971142468
ID5677,5677,132,6.160430908203125,573.318532217146,451.65812884910247,0.0,17.0,17,5.0,1,,107.57731958762886,110.0,56.0,151.0,10435.0,21.92070703483846,0.1694675865183669,1.42231114200534
ID2304,2304,133,5.831520080566406,743.3030181793033,459.5192658358886,0.0,15.0,15,5.0,1,,125.45360824742268,111.0,70.0,244.0,12169.0,42.31750539536326,0.08202623703575908,0.44947763930837165
ID3586,3586,133,13.546096801757812,747.2167446831002,457.1933274857605,0.0,14.0,14,5.0,1,,198.81443298969072,210.0,113.0,255.0,19285.0,39.741961948536215,0.19152699395208483,1.6082542512902174
ID2339,2339,133,9.860519409179688,751.0080157582079,468.2828400139793,0.0,12.0,12,5.0,1,,184.4536082474227,190.0,87.0,254.0,17892.0,42.99394836741483,0.1314156357219256,0.9966316717251725
ID3107,3107,133,10.364349365234375,738.2638323889821,480.91667442720166,0.0,9.0,9,5.0,1,,173.05154639175257,168.0,73.0,255.0,16786.0,50.751923431124894,0.13232871464468043,0.7969563721994246
ID3908,3908,133,15.430221557617188,740.6126600469547,478.8603988103711,0.0,11.0,11,5.0,1,,221.09278350515464,235.0,98.0,255.0,21446.0,33.81755044666983,0.21588154631877918,2.3215961214200584
ID4308,4308,133,5.946510314941406,726.4251511919414,474.95118926736336,0.0,7.0,7,5.0,1,,113.97938144329896,105.0,11.0,226.0,11056.0,39.46332141512422,0.1236006696839099,0.6354355251776052
ID5896,5896,133,16.382095336914062,749.4403020234209,461.7380845100047,0.0,16.0,16,5.0,1,,188.22680412371133,195.0,84.0,255.0,18258.0,52.86450943107593,0.23672846546430612,1.3630863967422153
ID4312,4312,133,5.946510314941406,726.4251511919414,474.95118926736336,0.0,8.0,8,5.0,1,,113.97938144329896,105.0,11.0,226.0,11056.0,39.46332141512422,0.1236006696839099,0.6354355251776052
ID4331,4331,133,15.430221557617188,740.6126600469547,478.8603988103711,0.0,10.0,10,5.0,1,,221.09278350515464,235.0,98.0,255.0,21446.0,33.81755044666983,0.21588154631877918,2.3215961214200584
ID2814,2814,133,13.546096801757812,747.2167446831002,457.1933274857605,0.0,13.0,13,5.0,1,,198.81443298969072,210.0,113.0,255.0,19285.0,39.741961948536215,0.19152699395208483,1.6082542512902174
ID5678,5678,133,16.382095336914062,749.4403020234209,461.7380845100047,0.0,17.0,17,5.0,1,,188.22680412371133,195.0,84.0,255.0,18258.0,52.86450943107593,0.23672846546430612,1.3630863967422153
ID4320,4320,134,11.814285278320312,448.2641324663448,641.0166814949388,0.0,11.0,11,5.0,1,,180.77319587628867,176.0,98.0,255.0,17535.0,41.64495396469599,0.17688571983819948,1.3048486042621041
ID4608,4608,134,13.248428344726562,453.1396721329849,640.0212380411546,0.0,7.0,7,5.0,1,,180.659793814433,168.0,87.0,255.0,17524.0,52.73002911804979,0.16592842910560957,0.9751746529319103
ID4642,4642,134,11.814285278320312,448.2641324663448,641.0166814949388,0.0,10.0,10,5.0,1,,180.77319587628867,176.0,98.0,255.0,17535.0,41.64495396469599,0.17688571983819948,1.3048486042621041
ID2517,2517,134,13.169097900390625,447.0242901946311,646.6717228585578,0.0,12.0,12,5.0,1,,187.8659793814433,179.0,103.0,255.0,18223.0,48.62497405011718,0.17050342228215098,1.1255872541304204
ID5943,5943,134,12.891647338867188,457.53825401634424,649.9085263940871,0.0,16.0,16,5.0,1,,192.08247422680412,200.0,73.0,255.0,18632.0,49.862450405902635,0.16018623385739145,1.0637549703013744
ID2472,2472,134,11.817474365234375,456.38040934564964,649.3524424901105,0.0,15.0,15,5.0,1,,184.01030927835052,189.0,42.0,255.0,17849.0,52.335355888204454,0.13783479348739933,0.8518372340100294
ID4584,4584,134,11.834457397460938,449.1607207129561,637.4590982151303,0.0,6.0,6,5.0,1,,163.88659793814432,152.0,67.0,255.0,15897.0,52.41120989521624,0.1436190245084841,0.7853800250638073
ID3596,3596,134,12.987289428710938,455.44764862551557,642.1158943307281,0.0,9.0,9,5.0,1,,177.04123711340208,164.0,88.0,255.0,17173.0,56.38371468595293,0.16271770969295643,0.8788429676769414
ID4093,4093,134,11.8887939453125,453.7980929763021,648.5144866544812,0.0,14.0,14,5.0,1,,194.69072164948454,202.0,111.0,255.0,18885.0,45.10897934094863,0.15149347555739995,1.1356505030876864
ID5725,5725,134,12.891647338867188,457.53825401634424,649.9085263940871,0.0,17.0,17,5.0,1,,192.08247422680412,200.0,73.0,255.0,18632.0,49.862450405902635,0.16018623385739145,1.0637549703013744
ID4638,4638,134,13.248428344726562,453.1396721329849,640.0212380411546,0.0,8.0,8,5.0,1,,180.659793814433,168.0,87.0,255.0,17524.0,52.73002911804979,0.16592842910560957,0.9751746529319103
ID3327,3327,134,11.99749755859375,453.7980929763021,648.5144866544812,0.0,13.0,13,5.0,1,,194.69072164948454,202.0,111.0,255.0,18885.0,45.10897934094863,0.15149347555739995,1.1356505030876864
ID2820,2820,135,11.548690795898438,504.87502660492316,463.47561072079424,0.0,13.0,13,5.0,1,,141.02061855670104,126.0,60.0,246.0,13679.0,47.183590761125856,0.16227823492149654,0.8345873401472614
ID3013,3013,135,9.871841430664062,504.4017410797062,461.669694932443,0.0,9.0,9,5.0,1,,168.76288659793815,162.0,87.0,255.0,16370.0,44.20613956131083,0.11556127061024092,0.7909394369702525
ID4263,4263,135,10.693328857421875,502.958257050651,460.81372422896794,0.0,8.0,8,5.0,1,,162.75257731958763,162.0,60.0,255.0,15787.0,48.729703237996745,0.1462851131291536,0.8524552376102492
ID4216,4216,135,11.142166137695312,495.6361195361988,446.091097603042,0.0,6.0,6,5.0,1,,215.57731958762886,226.0,151.0,255.0,20911.0,33.9168207566769,0.14020742519112317,1.5631659133220634
ID5897,5897,135,12.142929077148438,505.22978381810583,464.5135454081415,0.0,16.0,16,5.0,1,,138.20618556701032,124.0,56.0,255.0,13406.0,52.41698558680071,0.16082764681555006,0.7305978658845208
ID4266,4266,135,11.245132446289062,531.586697689885,459.0616385751759,0.0,10.0,10,5.0,1,,142.76288659793815,127.0,48.0,255.0,13848.0,56.69798886716138,0.19005237012324874,0.804238534814603
ID3597,3597,135,11.548690795898438,504.87502660492316,463.47561072079424,0.0,14.0,14,5.0,1,,141.02061855670104,126.0,60.0,246.0,13679.0,47.183590761125856,0.16227823492149654,0.8345873401472614
ID2317,2317,135,12.039749145507812,504.62614068113,464.0307404858097,0.0,15.0,15,5.0,1,,141.68041237113403,131.0,65.0,247.0,13743.0,47.13932063392703,0.1710686778609178,0.8781013044236968
ID3837,3837,135,11.245132446289062,531.586697689885,459.0616385751759,0.0,11.0,11,5.0,1,,142.76288659793815,127.0,48.0,255.0,13848.0,56.69798886716138,0.19005237012324874,0.804238534814603
ID2334,2334,135,14.221847534179688,538.3853682207042,456.9921148474901,0.0,12.0,12,5.0,1,,154.03092783505156,139.0,59.0,255.0,14941.0,52.17567552833876,0.25480986558903496,1.1989695697195013
ID4238,4238,135,10.693328857421875,502.958257050651,460.81372422896794,0.0,7.0,7,5.0,1,,162.75257731958763,162.0,60.0,255.0,15787.0,48.729703237996745,0.1462851131291536,0.8524552376102492
ID5679,5679,135,12.142929077148438,505.22978381810583,464.5135454081415,0.0,17.0,17,5.0,1,,138.20618556701032,124.0,56.0,255.0,13406.0,52.41698558680071,0.16082764681555006,0.7305978658845208
ID4736,4736,136,15.623779296875,585.4056386149238,673.4430268146564,0.0,8.0,8,5.0,1,,183.89690721649484,195.0,72.0,255.0,17838.0,59.627923502067254,0.22588223890551828,1.136548743685557
ID5474,5474,136,13.920669555664062,598.1376684387246,683.5947440609898,0.0,3.0,3,5.0,1,,209.94845360824743,219.0,111.0,255.0,20365.0,39.97196182274224,0.18620965153996635,1.649027681228111
ID5732,5732,136,13.80560302734375,605.0,658.0,0.0,17.0,17,5.0,1,,201.1237113402062,217.0,107.0,255.0,19509.0,50.13611841193738,0.1724249355671187,1.1799336546898116
ID4741,4741,136,15.092849731445312,583.0835938601011,683.4073715562815,0.0,10.0,10,5.0,1,,218.15463917525773,233.0,118.0,255.0,21161.0,37.18039923977236,0.2090823142694107,2.0292793202164296
ID4677,4677,136,14.206588745117188,585.6345865176304,673.9044006761906,0.0,6.0,6,5.0,1,,181.5463917525773,187.0,89.0,255.0,17610.0,49.44968415355752,0.20646131216612548,1.256548854759734
ID4357,4357,136,13.475448608398438,586.0284328428123,679.4958778624853,0.0,4.0,4,5.0,1,,187.05154639175257,187.0,97.0,255.0,18144.0,48.34540893706553,0.17198553248893325,1.135548597563646
ID3336,3336,136,12.770553588867188,596.6699755524338,651.2230276980085,0.0,13.0,13,5.0,1,,200.7835051546392,215.0,97.0,255.0,19476.0,48.95070369006533,0.15866178582539675,1.123349102055836
ID4456,4456,136,15.092849731445312,583.0835938601011,683.4073715562815,0.0,11.0,11,5.0,1,,218.15463917525773,233.0,118.0,255.0,21161.0,37.18039923977236,0.2090823142694107,2.0292793202164296
ID4688,4688,136,13.475448608398438,586.0284328428123,679.4958778624853,0.0,5.0,5,5.0,1,,187.05154639175257,187.0,97.0,255.0,18144.0,48.34540893706553,0.17198553248893325,1.135548597563646
ID5521,5521,136,13.920669555664062,598.1376684387246,683.5947440609898,0.0,1.0,1,5.0,1,,209.94845360824743,219.0,111.0,255.0,20365.0,39.97196182274224,0.18620965153996635,1.649027681228111
ID3794,3794,136,13.748611450195312,586.3047604408001,676.8037047416053,0.0,9.0,9,5.0,1,,194.7422680412371,203.0,68.0,255.0,18890.0,49.50510881685922,0.20019250419028517,1.3123120055869362
ID4851,4851,136,13.918380737304688,598.1376684387246,683.5947440609898,0.0,2.0,2,5.0,1,,209.94845360824743,219.0,111.0,255.0,20365.0,39.97196182274224,0.18620965153996635,1.649027681228111
ID5108,5108,136,13.918380737304688,598.1376684387246,683.5947440609898,0.0,0.0,0,5.0,1,,209.94845360824743,219.0,111.0,255.0,20365.0,39.97196182274224,0.18620965153996635,1.649027681228111
ID4122,4122,136,12.745498657226562,596.6699755524338,651.2230276980085,0.0,14.0,14,5.0,1,,200.7835051546392,215.0,97.0,255.0,19476.0,48.95070369006533,0.15866178582539675,1.123349102055836
ID2492,2492,136,13.254791259765625,604.5168099269471,659.1677485698515,0.0,15.0,15,5.0,1,,200.7835051546392,210.0,107.0,255.0,19476.0,49.50741249300532,0.1626046013105554,1.134458444530902
ID4700,4700,136,15.623779296875,585.4056386149238,673.4430268146564,0.0,7.0,7,5.0,1,,183.89690721649484,195.0,72.0,255.0,17838.0,59.627923502067254,0.22588223890551828,1.136548743685557
ID5950,5950,136,13.80560302734375,605.0,658.0,0.0,16.0,16,5.0,1,,201.1237113402062,217.0,107.0,255.0,19509.0,50.13611841193738,0.1724249355671187,1.1799336546898116
ID5680,5680,137,13.350555419921875,759.8772013266941,465.8152514404001,0.0,17.0,17,5.0,1,,192.68041237113403,200.0,102.0,255.0,18690.0,48.4020803598514,0.18120488831846587,1.2213726991856644
ID4336,4336,137,5.307945251464844,763.4666007002298,484.6328981598572,0.0,6.0,6,5.0,1,,108.01030927835052,104.0,52.0,187.0,10477.0,34.475382172573774,0.18018154337084247,0.9566379385438354
ID4355,4355,137,6.7265777587890625,751.1918393501046,483.2276430223562,0.0,10.0,10,5.0,1,,155.04123711340208,141.0,87.0,252.0,15039.0,46.60604340412241,0.08202972992962639,0.5043907035835302
ID3143,3143,137,11.7620849609375,754.6615706040083,486.2088539147821,0.0,9.0,9,5.0,1,,173.659793814433,173.0,89.0,255.0,16845.0,46.39681351260787,0.1610124725399922,1.038158719411004
ID4360,4360,137,7.51324462890625,754.5185902093796,483.5678766353651,0.0,7.0,7,5.0,1,,127.89690721649484,119.0,73.0,246.0,12406.0,34.80944691461957,0.14360599621229578,0.9227606486335581
ID2825,2825,137,6.8074798583984375,750.5804341367945,468.70497013989956,0.0,13.0,13,5.0,1,,140.8659793814433,134.0,80.0,244.0,13664.0,38.60473547862452,0.07798286803132495,0.52793794600309
ID3609,3609,137,6.8074798583984375,750.5804341367945,468.70497013989956,0.0,14.0,14,5.0,1,,140.8659793814433,134.0,80.0,244.0,13664.0,38.60473547862452,0.07798286803132495,0.52793794600309
ID2345,2345,137,7.4090728759765625,750.9195274440422,479.2085029475266,0.0,12.0,12,5.0,1,,158.97938144329896,153.0,76.0,245.0,15421.0,38.123423295659975,0.10344485095932675,0.7818746868843633
ID2313,2313,137,12.8271484375,756.3998007376813,459.62591479947093,0.0,15.0,15,5.0,1,,191.2164948453608,195.0,111.0,255.0,18548.0,43.18763007798156,0.16713565077106193,1.2680714873486036
ID5898,5898,137,13.350555419921875,759.8772013266941,465.8152514404001,0.0,16.0,16,5.0,1,,192.68041237113403,200.0,102.0,255.0,18690.0,48.4020803598514,0.18120488831846587,1.2213726991856644
ID4362,4362,137,7.51324462890625,754.5185902093796,483.5678766353651,0.0,8.0,8,5.0,1,,127.89690721649484,119.0,73.0,246.0,12406.0,34.80944691461957,0.14360599621229578,0.9227606486335581
ID3935,3935,137,6.7265777587890625,751.1918393501046,483.2276430223562,0.0,11.0,11,5.0,1,,155.04123711340208,141.0,87.0,252.0,15039.0,46.60604340412241,0.08202972992962639,0.5043907035835302
ID5344,5344,138,8.382904052734375,18.685761046467256,471.0832916633514,0.0,3.0,3,5.0,1,,158.05154639175257,147.0,55.0,255.0,15331.0,65.00021973264471,0.08671340915564907,0.38804773716987356
ID4289,4289,138,14.699432373046875,8.898309089040964,470.4970632200426,0.0,7.0,7,5.0,1,,223.83505154639175,232.0,126.0,255.0,21712.0,31.686182718303755,0.2086297103828917,2.438771206391352
ID3620,3620,138,7.2786407470703125,0.0,473.0,0.0,14.0,14,5.0,1,,173.23711340206185,178.0,48.0,255.0,16804.0,46.782692044324364,0.25064865565889055,1.4842798245467688
ID4260,4260,138,12.166046142578125,14.821412582855075,468.45826350047906,0.0,6.0,6,5.0,1,,220.75257731958763,230.0,132.0,255.0,21413.0,31.448380631280482,0.16958833583728153,2.035637492540593
ID5412,5412,138,8.382904052734375,18.685761046467256,471.0832916633514,0.0,1.0,1,5.0,1,,158.05154639175257,147.0,55.0,255.0,15331.0,65.00021973264471,0.08671340915564907,0.38804773716987356
ID4581,4581,138,8.382904052734375,18.685761046467256,471.0832916633514,0.0,2.0,2,5.0,1,,158.05154639175257,147.0,55.0,255.0,15331.0,65.00021973264471,0.08671340915564907,0.38804773716987356
ID2343,2343,138,6.2214202880859375,0.0,478.0,0.0,12.0,12,5.0,1,,115.09278350515464,117.0,48.0,169.0,11164.0,28.951857480071848,0.28456405374046195,1.761269972802152
ID4296,4296,138,14.699432373046875,8.898309089040964,470.4970632200426,0.0,8.0,8,5.0,1,,223.83505154639175,232.0,126.0,255.0,21712.0,31.686182718303755,0.2086297103828917,2.438771206391352
ID3084,3084,138,14.686599731445312,0.0,475.0,0.0,9.0,9,5.0,1,,207.42268041237114,221.0,75.0,255.0,20120.0,43.99996094968589,0.34944629171675534,2.4415115249419697
ID2829,2829,138,7.2786407470703125,0.0,473.0,0.0,13.0,13,5.0,1,,173.23711340206185,178.0,48.0,255.0,16804.0,46.782692044324364,0.25064865565889055,1.4842798245467688
ID3889,3889,138,13.393310546875,6.9488773586299954,477.1354692926907,0.0,11.0,11,5.0,1,,160.2680412371134,151.0,59.0,255.0,15546.0,51.44809590417268,0.2141546581867098,1.0989074903537086
ID4309,4309,138,10.656982421875,9.371411066178355,473.11447068352567,0.0,5.0,5,5.0,1,,160.5979381443299,152.0,52.0,255.0,15578.0,62.594704880187756,0.10441381525152518,0.4851304102938481
ID5013,5013,138,8.382904052734375,18.685761046467256,471.0832916633514,0.0,0.0,0,5.0,1,,158.05154639175257,147.0,55.0,255.0,15331.0,65.00021973264471,0.08671340915564907,0.38804773716987356
ID3864,3864,138,10.656982421875,9.371411066178355,473.11447068352567,0.0,4.0,4,5.0,1,,160.5979381443299,152.0,52.0,255.0,15578.0,62.594704880187756,0.10441381525152518,0.4851304102938481
ID4317,4317,138,13.393310546875,6.9488773586299954,477.1354692926907,0.0,10.0,10,5.0,1,,160.2680412371134,151.0,59.0,255.0,15546.0,51.44809590417268,0.2141546581867098,1.0989074903537086
ID2341,2341,139,15.294189453125,18.170378764917555,476.4373111804219,0.0,12.0,12,5.0,1,,196.05154639175257,204.0,109.0,255.0,19017.0,43.4751775763147,0.25647298976391925,1.8409728373880692
ID3976,3976,139,14.682708740234375,69.04533583315884,488.73110367388676,0.0,4.0,4,5.0,1,,228.79381443298968,247.0,101.0,255.0,22193.0,39.949170346081154,0.19118601609297292,1.8384128513331548
ID3851,3851,139,12.714019775390625,25.942443162835026,466.610883263192,0.0,11.0,11,5.0,1,,183.23711340206185,186.0,98.0,255.0,17774.0,50.43679485171603,0.1639404227972843,1.023413771012672
ID4268,4268,139,13.804885864257812,54.16457748029077,472.5887994498712,0.0,6.0,6,5.0,1,,192.94845360824743,197.0,66.0,255.0,18716.0,45.54013137104567,0.20116316187878946,1.4191342040561052
ID3631,3631,139,14.692626953125,7.355877537559003,478.1190415918235,0.0,14.0,14,5.0,1,,194.72164948453607,197.0,107.0,255.0,18888.0,45.30860437691933,0.21097517301665109,1.4974752828789537
ID3056,3056,139,12.151031494140625,38.75982219579037,471.26377400013337,0.0,9.0,9,5.0,1,,185.10309278350516,181.0,103.0,255.0,17955.0,46.75345008126906,0.16185784641699288,1.1030895462813857
ID4273,4273,139,12.648345947265625,46.00638732321559,466.07443079200016,0.0,8.0,8,5.0,1,,189.48453608247422,182.0,112.0,255.0,18380.0,45.41845105104629,0.17952153834144208,1.2699368780409293
ID2834,2834,139,14.692626953125,7.355877537559003,478.1190415918235,0.0,13.0,13,5.0,1,,194.72164948453607,197.0,107.0,255.0,18888.0,45.30860437691933,0.21097517301665109,1.4974752828789537
ID4402,4402,139,14.682708740234375,69.04533583315884,488.73110367388676,0.0,5.0,5,5.0,1,,228.79381443298968,247.0,101.0,255.0,22193.0,39.949170346081154,0.19118601609297292,1.8384128513331548
ID5010,5010,139,11.814682006835938,77.80680366145013,465.7006670143252,0.0,0.0,0,5.0,1,,233.18556701030928,243.0,175.0,255.0,22619.0,22.075311387435377,0.16248233329050496,2.9528719149760674
ID4564,4564,139,11.814682006835938,77.80680366145013,465.7006670143252,0.0,2.0,2,5.0,1,,233.18556701030928,243.0,175.0,255.0,22619.0,22.075311387435377,0.16248233329050496,2.9528719149760674
ID4248,4248,139,12.648345947265625,46.00638732321559,466.07443079200016,0.0,7.0,7,5.0,1,,189.48453608247422,182.0,112.0,255.0,18380.0,45.41845105104629,0.17952153834144208,1.2699368780409293
ID4282,4282,139,12.714019775390625,25.942443162835026,466.610883263192,0.0,10.0,10,5.0,1,,183.23711340206185,186.0,98.0,255.0,17774.0,50.43679485171603,0.1639404227972843,1.023413771012672
ID5339,5339,139,11.814682006835938,77.80680366145013,465.7006670143252,0.0,3.0,3,5.0,1,,233.18556701030928,243.0,175.0,255.0,22619.0,22.075311387435377,0.16248233329050496,2.9528719149760674
ID5406,5406,139,11.814682006835938,77.80680366145013,465.7006670143252,0.0,1.0,1,5.0,1,,233.18556701030928,243.0,175.0,255.0,22619.0,22.075311387435377,0.16248233329050496,2.9528719149760674
ID4200,4200,140,12.352828979492188,592.6543790453354,645.1636586248228,0.0,4.0,4,5.0,1,,193.36082474226805,198.0,104.0,255.0,18756.0,49.176591985544455,0.14432752766252482,0.991833754178882
ID2476,2476,140,13.821197509765625,597.4580531235969,650.280037704821,0.0,15.0,15,5.0,1,,197.04123711340208,205.0,93.0,255.0,19113.0,50.57500978863251,0.1732547114547815,1.150651723672211
ID4112,4112,140,12.770553588867188,596.6699755524338,651.2230276980085,0.0,14.0,14,5.0,1,,200.7835051546392,215.0,97.0,255.0,19476.0,48.95070369006533,0.15866178582539675,1.123349102055836
ID4656,4656,140,11.707107543945312,593.695174806197,650.418767155067,0.0,10.0,10,5.0,1,,188.96907216494844,188.0,97.0,255.0,18330.0,48.701782481121654,0.13999878166581087,0.9530062279278153
ID3632,3632,140,12.423736572265625,594.1486237716573,649.2627554120137,0.0,9.0,9,5.0,1,,193.7835051546392,201.0,100.0,255.0,18797.0,51.45087195651704,0.14893126910525104,0.9764407700941341
ID5489,5489,140,13.842376708984375,592.0978350087154,642.1495951972468,0.0,1.0,1,5.0,1,,199.56701030927834,212.0,109.0,255.0,19358.0,47.36052048218688,0.18217548157992125,1.2987042412229195
ID3346,3346,140,12.745498657226562,596.6699755524338,651.2230276980085,0.0,13.0,13,5.0,1,,200.7835051546392,215.0,97.0,255.0,19476.0,48.95070369006533,0.15866178582539675,1.123349102055836
ID4595,4595,140,12.352828979492188,592.6543790453354,645.1636586248228,0.0,5.0,5,5.0,1,,193.36082474226805,198.0,104.0,255.0,18756.0,49.176591985544455,0.14432752766252482,0.991833754178882
ID5427,5427,140,13.842376708984375,592.0978350087154,642.1495951972468,0.0,3.0,3,5.0,1,,199.56701030927834,212.0,109.0,255.0,19358.0,47.36052048218688,0.18217548157992125,1.2987042412229195
ID5075,5075,140,13.842376708984375,592.0978350087154,642.1495951972468,0.0,0.0,0,5.0,1,,199.56701030927834,212.0,109.0,255.0,19358.0,47.36052048218688,0.18217548157992125,1.2987042412229195
ID4660,4660,140,11.335845947265625,592.794462192067,648.4105795994435,0.0,8.0,8,5.0,1,,186.10309278350516,188.0,102.0,255.0,18052.0,46.708645821750366,0.14496548136637508,1.008924151281264
ID4821,4821,140,13.842376708984375,592.0978350087154,642.1495951972468,0.0,2.0,2,5.0,1,,199.56701030927834,212.0,109.0,255.0,19358.0,47.36052048218688,0.18217548157992125,1.2987042412229195
ID4343,4343,140,11.707107543945312,593.695174806197,650.418767155067,0.0,11.0,11,5.0,1,,188.96907216494844,188.0,97.0,255.0,18330.0,48.701782481121654,0.13999878166581087,0.9530062279278153
ID4631,4631,140,11.335845947265625,592.794462192067,648.4105795994435,0.0,7.0,7,5.0,1,,186.10309278350516,188.0,102.0,255.0,18052.0,46.708645821750366,0.14496548136637508,1.008924151281264
ID5944,5944,140,13.601211547851562,599.144554561005,650.2217728505997,0.0,16.0,16,5.0,1,,201.82474226804123,222.0,100.0,255.0,19577.0,50.799034256994474,0.16746015852035795,1.1397730287705372
ID4602,4602,140,11.352035522460938,591.5748375742431,646.6658619802766,0.0,6.0,6,5.0,1,,189.659793814433,188.0,113.0,255.0,18397.0,45.942193433237854,0.14001984122625757,1.0140764907044946
ID5726,5726,140,13.601211547851562,599.144554561005,650.2217728505997,0.0,17.0,17,5.0,1,,201.82474226804123,222.0,100.0,255.0,19577.0,50.799034256994474,0.16746015852035795,1.1397730287705372
ID4326,4326,141,14.59234619140625,610.6479295109252,481.0282279616712,0.0,5.0,5,5.0,1,,209.75257731958763,225.0,96.0,255.0,20346.0,43.54308951291695,0.19499745998323023,1.5720995138986253
ID5351,5351,141,14.035003662109375,610.7904565519186,475.8786625061687,0.0,3.0,3,5.0,1,,207.6701030927835,219.0,103.0,255.0,20144.0,42.808371856810055,0.1835496743128936,1.5046739133567268
ID5899,5899,141,14.759597778320312,546.8641116310929,468.1874869166587,0.0,16.0,16,5.0,1,,190.89690721649484,198.0,82.0,255.0,18517.0,48.19783115281278,0.21597075332366691,1.406932318302357
ID3883,3883,141,14.59234619140625,610.6479295109252,481.0282279616712,0.0,4.0,4,5.0,1,,209.75257731958763,225.0,96.0,255.0,20346.0,43.54308951291695,0.19499745998323023,1.5720995138986253
ID5420,5420,141,14.035003662109375,610.7904565519186,475.8786625061687,0.0,1.0,1,5.0,1,,207.6701030927835,219.0,103.0,255.0,20144.0,42.808371856810055,0.1835496743128936,1.5046739133567268
ID2352,2352,141,11.70703125,560.812524581586,487.5072078426156,0.0,12.0,12,5.0,1,,151.01030927835052,136.0,38.0,255.0,14648.0,62.26463931701804,0.1650660970432359,0.6872305130807022
ID2320,2320,141,15.076095581054688,560.3570562468304,472.312100615833,0.0,15.0,15,5.0,1,,200.53608247422682,215.0,63.0,255.0,19452.0,46.71702532617482,0.2347675219373952,1.6323006697353435
ID5681,5681,141,14.759597778320312,546.8641116310929,468.1874869166587,0.0,17.0,17,5.0,1,,190.89690721649484,198.0,82.0,255.0,18517.0,48.19783115281278,0.21597075332366691,1.406932318302357
ID2839,2839,141,13.98486328125,566.13793958804,485.5110608604146,0.0,13.0,13,5.0,1,,199.7319587628866,207.0,115.0,255.0,19374.0,41.22360657234655,0.20160876931554172,1.6258403645829014
ID4311,4311,141,15.464157104492188,603.3854664715864,477.94358456226473,0.0,6.0,6,5.0,1,,206.5463917525773,225.0,102.0,255.0,20035.0,47.54340574205076,0.2132686814675422,1.5273107762967264
ID4377,4377,141,11.826644897460938,582.0,489.0,0.0,10.0,10,5.0,1,,197.71134020618555,203.0,110.0,251.0,19178.0,42.12505162283845,0.16199229853165678,1.308616065428782
ID3162,3162,141,13.698272705078125,591.5008769439438,487.88775747241203,0.0,9.0,9,5.0,1,,202.4020618556701,217.0,94.0,252.0,19633.0,44.83689417252047,0.1822350315087402,1.391673791505145
ID4378,4378,141,15.501571655273438,602.2890501429669,484.426537103495,0.0,8.0,8,5.0,1,,202.1443298969072,219.0,102.0,255.0,19608.0,48.82430015088151,0.20706467684547336,1.420466548551964
ID3963,3963,141,11.826644897460938,582.0,489.0,0.0,11.0,11,5.0,1,,197.71134020618555,203.0,110.0,251.0,19178.0,42.12505162283845,0.16199229853165678,1.308616065428782
ID4379,4379,141,15.501571655273438,602.2890501429669,484.426537103495,0.0,7.0,7,5.0,1,,202.1443298969072,219.0,102.0,255.0,19608.0,48.82430015088151,0.20706467684547336,1.420466548551964
ID5019,5019,141,14.035003662109375,610.7904565519186,475.8786625061687,0.0,0.0,0,5.0,1,,207.6701030927835,219.0,103.0,255.0,20144.0,42.808371856810055,0.1835496743128936,1.5046739133567268
ID3644,3644,141,13.98486328125,566.13793958804,485.5110608604146,0.0,14.0,14,5.0,1,,199.7319587628866,207.0,115.0,255.0,19374.0,41.22360657234655,0.20160876931554172,1.6258403645829014
ID4604,4604,141,14.035003662109375,610.7904565519186,475.8786625061687,0.0,2.0,2,5.0,1,,207.6701030927835,219.0,103.0,255.0,20144.0,42.808371856810055,0.1835496743128936,1.5046739133567268
ID4387,4387,142,7.83587646484375,473.8196277618356,486.76865384725875,0.0,7.0,7,5.0,1,,175.60824742268042,180.0,89.0,255.0,17034.0,50.65869386990559,0.08455096830920039,0.5404923299581497
ID4675,4675,142,12.332412719726562,475.9257731605142,495.94174813370637,0.0,2.0,2,5.0,1,,228.11340206185568,240.0,130.0,255.0,22127.0,31.165511215878997,0.15675957522407696,1.9837983147704357
ID5443,5443,142,12.332412719726562,475.9257731605142,495.94174813370637,0.0,1.0,1,5.0,1,,228.11340206185568,240.0,130.0,255.0,22127.0,31.165511215878997,0.15675957522407696,1.9837983147704357
ID4388,4388,142,7.83587646484375,473.8196277618356,486.76865384725875,0.0,8.0,8,5.0,1,,175.60824742268042,180.0,89.0,255.0,17034.0,50.65869386990559,0.08455096830920039,0.5404923299581497
ID3654,3654,142,11.624130249023438,471.1110276731245,492.73296217114085,0.0,14.0,14,5.0,1,,218.03092783505156,230.0,129.0,255.0,21149.0,33.610654811212584,0.15120174372190961,1.7040270554139236
ID4039,4039,142,11.746963500976562,475.93634302569143,498.5244899575546,0.0,4.0,4,5.0,1,,227.06185567010309,243.0,125.0,255.0,22025.0,32.11204811313999,0.15080459035084265,1.8531865876154465
ID4459,4459,142,11.746963500976562,475.93634302569143,498.5244899575546,0.0,5.0,5,5.0,1,,227.06185567010309,243.0,125.0,255.0,22025.0,32.11204811313999,0.15080459035084265,1.8531865876154465
ID4397,4397,142,10.901290893554688,472.66599971902457,490.4725039434815,0.0,6.0,6,5.0,1,,202.5257731958763,212.0,98.0,255.0,19645.0,48.72650989269621,0.11569645468223531,0.8620232647212611
ID5038,5038,142,12.332412719726562,475.9257731605142,495.94174813370637,0.0,0.0,0,5.0,1,,228.11340206185568,240.0,130.0,255.0,22127.0,31.165511215878997,0.15675957522407696,1.9837983147704357
ID2353,2353,142,11.165985107421875,477.1305022951722,496.96595390327263,0.0,15.0,15,5.0,1,,220.05154639175257,233.0,119.0,255.0,21345.0,36.69592709405358,0.1354020865900742,1.4302508852856577
ID3953,3953,142,12.235519409179688,471.2484117505231,485.084264767166,0.0,11.0,11,5.0,1,,205.77319587628867,212.0,110.0,255.0,19960.0,42.13037926945729,0.15038366157910013,1.276972014307878
ID5905,5905,142,11.881698608398438,479.34846279490574,497.817410596501,0.0,16.0,16,5.0,1,,221.1958762886598,233.0,112.0,255.0,21456.0,34.357082959479214,0.14758473583904222,1.6559507554756636
ID4370,4370,142,12.235519409179688,471.2484117505231,485.084264767166,0.0,10.0,10,5.0,1,,205.77319587628867,212.0,110.0,255.0,19960.0,42.13037926945729,0.15038366157910013,1.276972014307878
ID2356,2356,142,11.201309204101562,471.4444456335911,491.59673131908505,0.0,12.0,12,5.0,1,,217.2164948453608,225.0,109.0,255.0,21070.0,32.08946699078339,0.14643025689392306,1.7291930377341447
ID5687,5687,142,11.881698608398438,479.34846279490574,497.817410596501,0.0,17.0,17,5.0,1,,221.1958762886598,233.0,112.0,255.0,21456.0,34.357082959479214,0.14758473583904222,1.6559507554756636
ID3132,3132,142,11.392776489257812,477.80486076676186,485.26757067065284,0.0,9.0,9,5.0,1,,200.75257731958763,208.0,109.0,255.0,19473.0,47.89181187144519,0.12909340560377153,0.9585263242375889
ID2846,2846,142,11.624130249023438,471.1110276731245,492.73296217114085,0.0,13.0,13,5.0,1,,218.03092783505156,230.0,129.0,255.0,21149.0,33.610654811212584,0.15120174372190961,1.7040270554139236
ID5375,5375,142,12.332412719726562,475.9257731605142,495.94174813370637,0.0,3.0,3,5.0,1,,228.11340206185568,240.0,130.0,255.0,22127.0,31.165511215878997,0.15675957522407696,1.9837983147704357
ID2465,2465,143,11.706459045410156,258.70013486612413,647.9715137662344,0.0,15.0,15,5.0,1,,126.15463917525773,115.0,30.0,255.0,12237.0,62.5232190547016,0.1723017842885875,0.5931195516408886
ID5089,5089,143,11.056671142578125,273.69352680062894,658.8247478209149,0.0,0.0,0,5.0,1,,218.7422680412371,237.0,112.0,254.0,21218.0,37.61656282768365,0.13721702186549684,1.4032925975307835
ID5506,5506,143,11.056671142578125,273.69352680062894,658.8247478209149,0.0,1.0,1,5.0,1,,218.7422680412371,237.0,112.0,254.0,21218.0,37.61656282768365,0.13721702186549684,1.4032925975307835
ID4131,4131,143,12.168853759765625,256.6551172704427,653.5281016700131,0.0,14.0,14,5.0,1,,130.8556701030928,117.0,15.0,253.0,12693.0,63.7454229877725,0.18735521171507166,0.64782641129351
ID4709,4709,143,9.212600708007812,254.42417573053115,664.6110823656562,0.0,8.0,8,5.0,1,,131.35051546391753,124.0,62.0,255.0,12741.0,45.00371309614199,0.13874335597310442,0.7112131350906653
ID4261,4261,143,11.117233276367188,273.18924003074875,664.1546644343481,0.0,4.0,4,5.0,1,,219.88659793814432,232.0,140.0,255.0,21329.0,33.89502061779005,0.12817829654347898,1.4741090353807031
ID4422,4422,143,8.537376403808594,264.9412616427544,677.1882535251225,0.0,11.0,11,5.0,1,,102.20618556701031,102.0,45.0,169.0,9914.0,34.45859173955806,0.1879477239905392,0.9385326646443516
ID5447,5447,143,11.056671142578125,273.69352680062894,658.8247478209149,0.0,3.0,3,5.0,1,,218.7422680412371,237.0,112.0,254.0,21218.0,37.61656282768365,0.13721702186549684,1.4032925975307835
ID4839,4839,143,11.056671142578125,273.69352680062894,658.8247478209149,0.0,2.0,2,5.0,1,,218.7422680412371,237.0,112.0,254.0,21218.0,37.61656282768365,0.13721702186549684,1.4032925975307835
ID4712,4712,143,8.537376403808594,264.9412616427544,677.1882535251225,0.0,10.0,10,5.0,1,,102.20618556701031,102.0,45.0,169.0,9914.0,34.45859173955806,0.1879477239905392,0.9385326646443516
ID4651,4651,143,10.443206787109375,273.79931421450317,667.1333216224311,0.0,6.0,6,5.0,1,,215.0721649484536,226.0,134.0,255.0,20862.0,34.87305771851925,0.11961985500253472,1.3178223050471851
ID3694,3694,143,6.821586608886719,253.9059114567746,657.5871858076188,0.0,9.0,9,5.0,1,,123.79381443298969,120.0,69.0,196.0,12008.0,28.72025205333115,0.1260716972549294,0.9651443001212451
ID2550,2550,143,10.182929992675781,255.47053020418704,659.5542791748743,0.0,12.0,12,5.0,1,,111.12371134020619,103.0,20.0,235.0,10779.0,58.32689090590326,0.18775052556661076,0.602315218266121
ID4633,4633,143,11.117233276367188,273.18924003074875,664.1546644343481,0.0,5.0,5,5.0,1,,219.88659793814432,232.0,140.0,255.0,21329.0,33.89502061779005,0.12817829654347898,1.4741090353807031
ID4670,4670,143,9.212600708007812,254.42417573053115,664.6110823656562,0.0,7.0,7,5.0,1,,131.35051546391753,124.0,62.0,255.0,12741.0,45.00371309614199,0.13874335597310442,0.7112131350906653
ID3359,3359,143,12.168853759765625,256.6551172704427,653.5281016700131,0.0,13.0,13,5.0,1,,130.8556701030928,117.0,15.0,253.0,12693.0,63.7454229877725,0.18735521171507166,0.64782641129351
ID4417,4417,144,13.930862426757812,587.5949523797065,496.0250820194153,0.0,10.0,10,5.0,1,,199.98969072164948,205.0,105.0,255.0,19399.0,46.52407415462468,0.1887747011532454,1.3652245913274306
ID2851,2851,144,13.938201904296875,574.211207163955,493.7245001227963,0.0,13.0,13,5.0,1,,207.22680412371133,210.0,113.0,255.0,20101.0,36.85910820120741,0.21505037534816376,1.9901097279654267
ID2342,2342,144,14.803985595703125,568.0015910567629,475.6271025995866,0.0,15.0,15,5.0,1,,231.46391752577318,238.0,154.0,255.0,22452.0,19.663344628855164,0.2181793519521404,4.216560319963751
ID4425,4425,144,11.813079833984375,613.0947488959833,492.95730454391037,0.0,5.0,5,5.0,1,,168.58762886597938,151.0,66.0,255.0,16353.0,49.193654862127886,0.18109972664893914,1.0509397870392458
ID4010,4010,144,13.930862426757812,587.5949523797065,496.0250820194153,0.0,11.0,11,5.0,1,,199.98969072164948,205.0,105.0,255.0,19399.0,46.52407415462468,0.1887747011532454,1.3652245913274306
ID5034,5034,144,10.3515625,612.0373912631501,487.3167015018526,0.0,0.0,0,5.0,1,,163.57731958762886,152.0,63.0,255.0,15867.0,51.798655679858626,0.1768670337379974,0.9491920433285078
ID4395,4395,144,15.384414672851562,607.0341242618347,490.13462967344924,0.0,8.0,8,5.0,1,,206.24742268041237,224.0,109.0,255.0,20006.0,46.39392716361951,0.20762322283741483,1.5286281806095818
ID5900,5900,144,13.805130004882812,554.1173614052326,469.1191813210731,0.0,16.0,16,5.0,1,,209.93814432989691,228.0,124.0,255.0,20364.0,41.74695957816114,0.17941019030950064,1.529955254135559
ID4396,4396,144,15.384414672851562,607.0341242618347,490.13462967344924,0.0,7.0,7,5.0,1,,206.24742268041237,224.0,109.0,255.0,20006.0,46.39392716361951,0.20762322283741483,1.5286281806095818
ID3213,3213,144,14.418838500976562,597.3363914977846,494.14515399676065,0.0,9.0,9,5.0,1,,205.79381443298968,216.0,116.0,255.0,19962.0,39.45143062053482,0.2060550554888946,1.7824431897628725
ID4653,4653,144,10.3515625,612.0373912631501,487.3167015018526,0.0,2.0,2,5.0,1,,163.57731958762886,152.0,63.0,255.0,15867.0,51.798655679858626,0.1768670337379974,0.9491920433285078
ID3664,3664,144,13.938201904296875,574.211207163955,493.7245001227963,0.0,14.0,14,5.0,1,,207.22680412371133,210.0,113.0,255.0,20101.0,36.85910820120741,0.21505037534816376,1.9901097279654267
ID5682,5682,144,13.805130004882812,554.1173614052326,469.1191813210731,0.0,17.0,17,5.0,1,,209.93814432989691,228.0,124.0,255.0,20364.0,41.74695957816114,0.17941019030950064,1.529955254135559
ID5369,5369,144,10.3515625,612.0373912631501,487.3167015018526,0.0,3.0,3,5.0,1,,163.57731958762886,152.0,63.0,255.0,15867.0,51.798655679858626,0.1768670337379974,0.9491920433285078
ID2362,2362,144,14.518218994140625,579.1625191107969,495.86361920680554,0.0,12.0,12,5.0,1,,204.659793814433,210.0,109.0,255.0,19852.0,42.06960665520552,0.20290655419447037,1.6411877281980414
ID5438,5438,144,10.3515625,612.0373912631501,487.3167015018526,0.0,1.0,1,5.0,1,,163.57731958762886,152.0,63.0,255.0,15867.0,51.798655679858626,0.1768670337379974,0.9491920433285078
ID3999,3999,144,11.813079833984375,613.0947488959833,492.95730454391037,0.0,4.0,4,5.0,1,,168.58762886597938,151.0,66.0,255.0,16353.0,49.193654862127886,0.18109972664893914,1.0509397870392458
ID5349,5349,145,14.64727783203125,81.69365168588888,474.18787601745936,0.0,3.0,3,5.0,1,,223.93814432989691,243.0,93.0,255.0,21722.0,36.912005283113764,0.19819456663723067,2.0070344634418404
ID2854,2854,145,12.533935546875,6.41776560619742,494.6957693411592,0.0,13.0,13,5.0,1,,165.15463917525773,161.0,72.0,255.0,16020.0,51.068242783183756,0.19710543933264388,1.064966787475769
ID4358,4358,145,16.159683227539062,59.93545089494985,490.11466849591216,0.0,6.0,6,5.0,1,,218.3298969072165,240.0,91.0,255.0,21178.0,41.602965050954346,0.22516745206169025,1.9289860374127432
ID5418,5418,145,14.64727783203125,81.69365168588888,474.18787601745936,0.0,1.0,1,5.0,1,,223.93814432989691,243.0,93.0,255.0,21722.0,36.912005283113764,0.19819456663723067,2.0070344634418404
ID3915,3915,145,17.965240478515625,25.112744606219753,482.4985369355386,0.0,11.0,11,5.0,1,,194.8041237113402,202.0,103.0,255.0,18896.0,45.95732603351942,0.2769900109073473,1.8388656365755376
ID2350,2350,145,11.471633911132812,9.422340713531716,488.296600661049,0.0,12.0,12,5.0,1,,140.10309278350516,132.0,38.0,254.0,13590.0,49.82207604233675,0.18670214057134799,0.8848373967721882
ID4015,4015,145,14.060501098632812,73.20920582281452,493.9119585692086,0.0,4.0,4,5.0,1,,227.75257731958763,247.0,103.0,255.0,22092.0,38.34493418514669,0.1809134470395068,1.8198604209076266
ID3152,3152,145,18.90753173828125,33.81655717626418,486.63802821883723,0.0,9.0,9,5.0,1,,201.20618556701032,215.0,116.0,255.0,19517.0,42.44701062902081,0.31194940978585145,2.2541940195404546
ID4432,4432,145,14.060501098632812,73.20920582281452,493.9119585692086,0.0,5.0,5,5.0,1,,227.75257731958763,247.0,103.0,255.0,22092.0,38.34493418514669,0.1809134470395068,1.8198604209076266
ID4369,4369,145,18.608474731445312,46.14339286805264,484.90256914241786,0.0,7.0,7,5.0,1,,222.16494845360825,244.0,84.0,255.0,21550.0,40.14418814628585,0.29182193551850477,2.500334626564754
ID4371,4371,145,18.608474731445312,46.14339286805264,484.90256914241786,0.0,8.0,8,5.0,1,,222.16494845360825,244.0,84.0,255.0,21550.0,40.14418814628585,0.29182193551850477,2.500334626564754
ID4340,4340,145,17.965240478515625,25.112744606219753,482.4985369355386,0.0,10.0,10,5.0,1,,194.8041237113402,202.0,103.0,255.0,18896.0,45.95732603351942,0.2769900109073473,1.8388656365755376
ID3670,3670,145,12.533935546875,6.41776560619742,494.6957693411592,0.0,14.0,14,5.0,1,,165.15463917525773,161.0,72.0,255.0,16020.0,51.068242783183756,0.19710543933264388,1.064966787475769
ID4598,4598,145,14.64727783203125,81.69365168588888,474.18787601745936,0.0,2.0,2,5.0,1,,223.93814432989691,243.0,93.0,255.0,21722.0,36.912005283113764,0.19819456663723067,2.0070344634418404
ID5018,5018,145,14.64727783203125,81.69365168588888,474.18787601745936,0.0,0.0,0,5.0,1,,223.93814432989691,243.0,93.0,255.0,21722.0,36.912005283113764,0.19819456663723067,2.0070344634418404
ID4706,4706,146,11.385208129882812,278.7451268260241,674.944900872309,0.0,10.0,10,5.0,1,,143.79381443298968,137.0,73.0,253.0,13948.0,47.58784380497685,0.15783771159679438,0.8238293450497465
ID3714,3714,146,12.56597900390625,275.701085377839,665.7168635178434,0.0,9.0,9,5.0,1,,222.46391752577318,232.0,144.0,255.0,21579.0,29.462922269520284,0.18514957278093852,2.359192106245472
ID2468,2468,146,13.119476318359375,278.03564396815165,647.5896751389924,0.0,15.0,15,5.0,1,,194.3298969072165,198.0,97.0,255.0,18850.0,45.519391849675024,0.17006484134420577,1.2410171219986066
ID2534,2534,146,15.250930786132812,276.8339003781658,656.7203858666406,0.0,12.0,12,5.0,1,,216.37113402061857,230.0,112.0,255.0,20988.0,40.129560900607935,0.2137557797223791,1.899115877399745
ID3369,3369,146,14.576828002929688,275.374473100121,653.735148739752,0.0,13.0,13,5.0,1,,199.31958762886597,204.0,103.0,255.0,19334.0,45.27291003637285,0.2066106695666551,1.5077424022773838
ID4139,4139,146,14.576828002929688,275.374473100121,653.735148739752,0.0,14.0,14,5.0,1,,199.31958762886597,204.0,103.0,255.0,19334.0,45.27291003637285,0.2066106695666551,1.5077424022773838
ID5516,5516,146,6.321006774902344,273.08472718497023,675.3805832984268,0.0,1.0,1,5.0,1,,130.63917525773195,134.0,66.0,189.0,12672.0,22.70792151018482,0.1304853076848691,1.3280754013802474
ID5102,5102,146,6.321006774902344,273.08472718497023,675.3805832984268,0.0,0.0,0,5.0,1,,130.63917525773195,134.0,66.0,189.0,12672.0,22.70792151018482,0.1304853076848691,1.3280754013802474
ID4847,4847,146,6.321006774902344,273.08472718497023,675.3805832984268,0.0,2.0,2,5.0,1,,130.63917525773195,134.0,66.0,189.0,12672.0,22.70792151018482,0.1304853076848691,1.3280754013802474
ID4721,4721,146,12.938232421875,274.2010302869026,673.5284445664795,0.0,7.0,7,5.0,1,,200.7319587628866,208.0,100.0,253.0,19471.0,39.64780244643598,0.1895073983648749,1.613193336240873
ID4755,4755,146,12.938232421875,274.2010302869026,673.5284445664795,0.0,8.0,8,5.0,1,,200.7319587628866,208.0,100.0,253.0,19471.0,39.64780244643598,0.1895073983648749,1.613193336240873
ID4373,4373,146,13.810150146484375,267.68980965335,683.1879522449343,0.0,4.0,4,5.0,1,,155.30927835051546,145.0,35.0,255.0,15065.0,61.60075771056283,0.18059205635139677,0.7713298341939883
ID5942,5942,146,14.308609008789062,280.9301176736829,641.4392417226275,0.0,16.0,16,5.0,1,,195.42268041237114,200.0,98.0,255.0,18956.0,47.02765920435068,0.20247301647415267,1.399404972037718
ID5464,5464,146,6.321006774902344,273.08472718497023,675.3805832984268,0.0,3.0,3,5.0,1,,130.63917525773195,134.0,66.0,189.0,12672.0,22.70792151018482,0.1304853076848691,1.3280754013802474
ID4698,4698,146,13.820175170898438,271.7897148633496,682.5555557651079,0.0,6.0,6,5.0,1,,161.50515463917526,153.0,68.0,255.0,15666.0,49.71316134237413,0.21448833620697014,1.1475069755153562
ID5724,5724,146,14.308609008789062,280.9301176736829,641.4392417226275,0.0,17.0,17,5.0,1,,195.42268041237114,200.0,98.0,255.0,18956.0,47.02765920435068,0.20247301647415267,1.399404972037718
ID4414,4414,146,11.385208129882812,278.7451268260241,674.944900872309,0.0,11.0,11,5.0,1,,143.79381443298968,137.0,73.0,253.0,13948.0,47.58784380497685,0.15783771159679438,0.8238293450497465
ID4702,4702,146,13.810150146484375,267.68980965335,683.1879522449343,0.0,5.0,5,5.0,1,,155.30927835051546,145.0,35.0,255.0,15065.0,61.60075771056283,0.18059205635139677,0.7713298341939883
ID4224,4224,147,16.387969970703125,745.9113903937955,428.42716426188525,0.0,5.0,5,5.0,1,,212.42268041237114,230.0,110.0,255.0,20605.0,45.6478447491286,0.22301942374477854,1.6971488643291661
ID3041,3041,147,10.745956420898438,743.7139954501278,470.1042709272607,0.0,9.0,9,5.0,1,,168.7835051546392,167.0,91.0,254.0,16372.0,44.687625711740125,0.14830400131064378,0.975593070701147
ID2340,2340,147,14.573379516601562,738.105211187826,471.294550722271,0.0,12.0,12,5.0,1,,197.60824742268042,205.0,88.0,255.0,19168.0,50.05029901280788,0.2236651494194883,1.4433249323669346
ID3780,3780,147,16.387969970703125,745.9113903937955,428.42716426188525,0.0,4.0,4,5.0,1,,212.42268041237114,230.0,110.0,255.0,20605.0,45.6478447491286,0.22301942374477854,1.6971488643291661
ID5316,5316,147,15.622360229492188,750.8100615934566,426.53032835881555,0.0,3.0,3,5.0,1,,211.5463917525773,230.0,115.0,255.0,20520.0,45.78824007923067,0.22081781003085138,1.6713403901031787
ID3685,3685,147,16.492233276367188,718.0569955496848,493.6375591453031,0.0,14.0,14,5.0,1,,192.1443298969072,202.0,66.0,255.0,18638.0,51.41072150070809,0.23122793503680447,1.40380152608631
ID4998,4998,147,15.622360229492188,750.8100615934566,426.53032835881555,0.0,0.0,0,5.0,1,,211.5463917525773,230.0,115.0,255.0,20520.0,45.78824007923067,0.22081781003085138,1.6713403901031787
ID3880,3880,147,12.808120727539062,738.2692195260122,471.2701356688067,0.0,11.0,11,5.0,1,,194.4536082474227,194.0,101.0,255.0,18862.0,41.552933264531376,0.16907418868127003,1.3535663695624405
ID5386,5386,147,15.622360229492188,750.8100615934566,426.53032835881555,0.0,1.0,1,5.0,1,,211.5463917525773,230.0,115.0,255.0,20520.0,45.78824007923067,0.22081781003085138,1.6713403901031787
ID2860,2860,147,16.492233276367188,718.0569955496848,493.6375591453031,0.0,13.0,13,5.0,1,,192.1443298969072,202.0,66.0,255.0,18638.0,51.41072150070809,0.23122793503680447,1.40380152608631
ID4494,4494,147,15.622360229492188,750.8100615934566,426.53032835881555,0.0,2.0,2,5.0,1,,211.5463917525773,230.0,115.0,255.0,20520.0,45.78824007923067,0.22081781003085138,1.6713403901031787
ID4272,4272,147,8.5067138671875,740.3391685340157,469.65134744403497,0.0,7.0,7,5.0,1,,151.43298969072166,132.0,69.0,246.0,14689.0,48.07587475727276,0.09707292236512712,0.5574243103805133
ID4245,4245,147,11.9781494140625,738.659279638412,457.83754384443154,0.0,6.0,6,5.0,1,,157.8659793814433,143.0,73.0,255.0,15313.0,53.670605872375845,0.15620995833694898,0.7947930429367149
ID4310,4310,147,12.808120727539062,738.2692195260122,471.2701356688067,0.0,10.0,10,5.0,1,,194.4536082474227,194.0,101.0,255.0,18862.0,41.552933264531376,0.16907418868127003,1.3535663695624405
ID5912,5912,147,10.035003662109375,697.546732104446,516.678907508716,0.0,16.0,16,5.0,1,,152.03092783505156,151.0,63.0,245.0,14747.0,39.49352626492712,0.15098017031157196,1.0099226181890157
ID4281,4281,147,8.5067138671875,740.3391685340157,469.65134744403497,0.0,8.0,8,5.0,1,,151.43298969072166,132.0,69.0,246.0,14689.0,48.07587475727276,0.09707292236512712,0.5574243103805133
ID2363,2363,147,13.689727783203125,709.2946677584573,504.2686591363899,0.0,15.0,15,5.0,1,,169.4742268041237,161.0,93.0,255.0,16439.0,47.86702343983476,0.20756771143046537,1.2171540248411286
ID5694,5694,147,10.035003662109375,697.546732104446,516.678907508716,0.0,17.0,17,5.0,1,,152.03092783505156,151.0,63.0,245.0,14747.0,39.49352626492712,0.15098017031157196,1.0099226181890157
ID5697,5697,148,14.887405395507812,53.38413444505255,523.2819340873081,0.0,17.0,17,5.0,1,,190.64948453608247,197.0,91.0,255.0,18493.0,52.652168607822134,0.19861649838852266,1.2000088181790118
ID3810,3810,148,10.2054443359375,71.1766637984899,445.597820509307,0.0,4.0,4,5.0,1,,196.4536082474227,188.0,132.0,255.0,19056.0,36.611707092403265,0.12650036676826917,1.2051204983101937
ID4259,4259,148,10.2054443359375,71.1766637984899,445.597820509307,0.0,5.0,5,5.0,1,,196.4536082474227,188.0,132.0,255.0,19056.0,36.611707092403265,0.12650036676826917,1.2051204983101937
ID4228,4228,148,10.937026977539062,96.63149572139199,454.9715603020122,0.0,8.0,8,5.0,1,,187.24742268041237,192.0,107.0,250.0,18163.0,37.49445262519818,0.1509795133390941,1.3101748368781394
ID4325,4325,148,5.4708251953125,78.7503923005555,476.89376628750705,0.0,10.0,10,5.0,1,,133.58762886597938,124.0,73.0,238.0,12958.0,41.85882836424703,0.04024966634220747,0.24696412369747747
ID3690,3690,148,12.947494506835938,63.892586071751445,495.3142305792724,0.0,14.0,14,5.0,1,,180.94845360824743,188.0,101.0,255.0,17552.0,48.35639632243181,0.17996194671285576,1.1414151273170836
ID4202,4202,148,10.937026977539062,96.63149572139199,454.9715603020122,0.0,7.0,7,5.0,1,,187.24742268041237,192.0,107.0,250.0,18163.0,37.49445262519818,0.1509795133390941,1.3101748368781394
ID5004,5004,148,11.780380249023438,68.36799041186252,449.72648211599306,0.0,0.0,0,5.0,1,,168.06185567010309,169.0,73.0,255.0,16302.0,51.14151412848423,0.17212926073483842,0.9651721106414695
ID2349,2349,148,16.45013427734375,63.87632784863352,484.0543229884139,0.0,12.0,12,5.0,1,,211.04123711340208,229.0,115.0,255.0,20471.0,42.37799092831413,0.23461657083183168,1.8927076485726675
ID5328,5328,148,11.780380249023438,68.36799041186252,449.72648211599306,0.0,3.0,3,5.0,1,,168.06185567010309,169.0,73.0,255.0,16302.0,51.14151412848423,0.17212926073483842,0.9651721106414695
ID2866,2866,148,12.947494506835938,63.892586071751445,495.3142305792724,0.0,13.0,13,5.0,1,,180.94845360824743,188.0,101.0,255.0,17552.0,48.35639632243181,0.17996194671285576,1.1414151273170836
ID2995,2995,148,14.603775024414062,96.4549510638253,457.59600938530417,0.0,9.0,9,5.0,1,,221.1340206185567,236.0,93.0,255.0,21450.0,37.785752624164715,0.20922194226883406,2.025156970702018
ID5398,5398,148,11.780380249023438,68.36799041186252,449.72648211599306,0.0,1.0,1,5.0,1,,168.06185567010309,169.0,73.0,255.0,16302.0,51.14151412848423,0.17212926073483842,0.9651721106414695
ID4536,4536,148,11.780380249023438,68.36799041186252,449.72648211599306,0.0,2.0,2,5.0,1,,168.06185567010309,169.0,73.0,255.0,16302.0,51.14151412848423,0.17212926073483842,0.9651721106414695
ID3898,3898,148,5.4708251953125,78.7503923005555,476.89376628750705,0.0,11.0,11,5.0,1,,133.58762886597938,124.0,73.0,238.0,12958.0,41.85882836424703,0.04024966634220747,0.24696412369747747
ID4186,4186,148,12.58709716796875,80.09544604168838,445.02943433724306,0.0,6.0,6,5.0,1,,192.82474226804123,194.0,96.0,255.0,18704.0,46.08054775546076,0.1564863217452574,1.1324290566203434
ID5915,5915,148,14.887405395507812,53.38413444505255,523.2819340873081,0.0,16.0,16,5.0,1,,190.64948453608247,197.0,91.0,255.0,18493.0,52.652168607822134,0.19861649838852266,1.2000088181790118
ID2365,2365,148,15.783676147460938,60.35786022040523,506.15194321547943,0.0,15.0,15,5.0,1,,184.63917525773195,190.0,96.0,255.0,17910.0,49.13866128259955,0.23758835441497472,1.4427113956830435
ID5441,5441,149,12.740249633789062,472.99733918347783,491.02694651383115,0.0,1.0,1,5.0,1,,225.82474226804123,240.0,126.0,255.0,21905.0,35.625076113742765,0.1587182517951326,1.73657978572838
ID4419,4419,149,5.9980010986328125,464.3255780784395,493.2454521750503,0.0,7.0,7,5.0,1,,143.7319587628866,147.0,75.0,209.0,13942.0,35.439360022884365,0.08150814925190822,0.6113201414978272
ID4004,4004,149,11.681655883789062,416.6830961469032,494.974043821007,0.0,11.0,11,5.0,1,,208.17525773195877,222.0,107.0,251.0,20193.0,38.67035102129234,0.14736068142961817,1.3828104421705936
ID2348,2348,149,7.7579498291015625,434.31135038587706,485.910927856945,0.0,15.0,15,5.0,1,,158.64948453608247,150.0,95.0,255.0,15389.0,47.10361832286909,0.06835928924254607,0.4310171985418868
ID4428,4428,149,5.9980010986328125,464.3255780784395,493.2454521750503,0.0,8.0,8,5.0,1,,143.7319587628866,147.0,75.0,209.0,13942.0,35.439360022884365,0.08150814925190822,0.6113201414978272
ID4365,4365,149,10.888015747070312,472.19090808910454,490.3790197705163,0.0,6.0,6,5.0,1,,204.2577319587629,221.0,98.0,255.0,19813.0,48.28351132255958,0.12191487797271681,0.919404142346012
ID5037,5037,149,12.740249633789062,472.99733918347783,491.02694651383115,0.0,0.0,0,5.0,1,,225.82474226804123,240.0,126.0,255.0,21905.0,35.625076113742765,0.1587182517951326,1.73657978572838
ID5902,5902,149,13.556427001953125,440.30995731455835,488.56113917979826,0.0,16.0,16,5.0,1,,220.75257731958763,231.0,132.0,255.0,21413.0,35.54399589705548,0.17780776334837645,1.8751924022265731
ID3118,3118,149,12.663558959960938,416.6239551269444,484.3099479078915,0.0,9.0,9,5.0,1,,225.5463917525773,239.0,146.0,255.0,21878.0,31.518850384385257,0.16077469923477572,1.9822812955267441
ID3700,3700,149,11.642349243164062,435.7658727326103,496.0483112700418,0.0,14.0,14,5.0,1,,170.8659793814433,178.0,68.0,255.0,16574.0,52.97810649731865,0.1642437319275909,0.9099846361246009
ID5684,5684,149,13.556427001953125,440.30995731455835,488.56113917979826,0.0,17.0,17,5.0,1,,220.75257731958763,231.0,132.0,255.0,21413.0,35.54399589705548,0.17780776334837645,1.8751924022265731
ID2870,2870,149,11.642349243164062,435.7658727326103,496.0483112700418,0.0,13.0,13,5.0,1,,170.8659793814433,178.0,68.0,255.0,16574.0,52.97810649731865,0.1642437319275909,0.9099846361246009
ID4022,4022,149,11.701812744140625,474.0,495.0,0.0,4.0,4,5.0,1,,229.48453608247422,245.0,132.0,255.0,22260.0,32.60243900706851,0.15075196396406124,1.8442278847363043
ID2360,2360,149,13.269393920898438,420.8354900350869,495.80633053099996,0.0,12.0,12,5.0,1,,226.57731958762886,238.0,137.0,255.0,21978.0,30.501309757241838,0.16815213395711684,2.1386066756286843
ID4409,4409,149,11.681655883789062,416.6830961469032,494.974043821007,0.0,10.0,10,5.0,1,,208.17525773195877,222.0,107.0,251.0,20193.0,38.67035102129234,0.14736068142961817,1.3828104421705936
ID4665,4665,149,12.740249633789062,472.99733918347783,491.02694651383115,0.0,2.0,2,5.0,1,,225.82474226804123,240.0,126.0,255.0,21905.0,35.625076113742765,0.1587182517951326,1.73657978572838
ID4443,4443,149,11.701812744140625,474.0,495.0,0.0,5.0,5,5.0,1,,229.48453608247422,245.0,132.0,255.0,22260.0,32.60243900706851,0.15075196396406124,1.8442278847363043
ID5373,5373,149,12.740249633789062,472.99733918347783,491.02694651383115,0.0,3.0,3,5.0,1,,225.82474226804123,240.0,126.0,255.0,21905.0,35.625076113742765,0.1587182517951326,1.73657978572838
ID5728,5728,150,13.9432373046875,604.0,656.0,0.0,17.0,17,5.0,1,,210.56701030927834,224.0,113.0,255.0,20425.0,43.69804229417653,0.17977093404261693,1.4685208890873018
ID4833,4833,150,15.178298950195312,602.003358435381,650.7029976633222,0.0,2.0,2,5.0,1,,207.46391752577318,230.0,104.0,255.0,20124.0,47.15158663282846,0.2068357715528845,1.5081819369277636
ID4674,4674,150,14.261215209960938,602.7827007533992,658.9795009545882,0.0,10.0,10,5.0,1,,207.5257731958763,224.0,109.0,255.0,20130.0,46.57097915715707,0.18378038916919634,1.3836131883683558
ID2538,2538,150,14.27178955078125,602.2116493463841,658.7972280273119,0.0,12.0,12,5.0,1,,210.2577319587629,224.0,115.0,255.0,20395.0,43.67380945489421,0.18552164668099116,1.5067666467110763
ID4652,4652,150,14.832077026367188,604.8821667782363,655.9629443045976,0.0,7.0,7,5.0,1,,206.23711340206185,215.0,107.0,255.0,20005.0,44.350115838789954,0.19635969114857083,1.526485301984572
ID4367,4367,150,14.261215209960938,602.7827007533992,658.9795009545882,0.0,11.0,11,5.0,1,,207.5257731958763,224.0,109.0,255.0,20130.0,46.57097915715707,0.18378038916919634,1.3836131883683558
ID4623,4623,150,14.501937866210938,603.5163490318149,654.2002216321363,0.0,6.0,6,5.0,1,,205.51546391752578,224.0,105.0,255.0,19935.0,47.308410413755055,0.19306960320785208,1.405996594174008
ID2481,2481,150,13.322021484375,604.5168099269471,659.1677485698515,0.0,15.0,15,5.0,1,,200.7835051546392,210.0,107.0,255.0,19476.0,49.50741249300532,0.1626046013105554,1.134458444530902
ID4691,4691,150,14.832077026367188,604.8821667782363,655.9629443045976,0.0,8.0,8,5.0,1,,206.23711340206185,215.0,107.0,255.0,20005.0,44.350115838789954,0.19635969114857083,1.526485301984572
ID3382,3382,150,13.746963500976562,603.1596284736993,658.6716676387894,0.0,13.0,13,5.0,1,,206.7319587628866,222.0,116.0,255.0,20053.0,44.50503610639601,0.17055382584392823,1.3536255233838475
ID4153,4153,150,13.746963500976562,603.1596284736993,658.6716676387894,0.0,14.0,14,5.0,1,,206.7319587628866,222.0,116.0,255.0,20053.0,44.50503610639601,0.17055382584392823,1.3536255233838475
ID3673,3673,150,13.948883056640625,603.3737233870405,657.1063713185748,0.0,9.0,9,5.0,1,,210.01030927835052,222.0,113.0,255.0,20371.0,42.954310718231184,0.17693720231255744,1.4700419254954749
ID5433,5433,150,15.178298950195312,602.003358435381,650.7029976633222,0.0,3.0,3,5.0,1,,207.46391752577318,230.0,104.0,255.0,20124.0,47.15158663282846,0.2068357715528845,1.5081819369277636
ID5497,5497,150,15.178298950195312,602.003358435381,650.7029976633222,0.0,1.0,1,5.0,1,,207.46391752577318,230.0,104.0,255.0,20124.0,47.15158663282846,0.2068357715528845,1.5081819369277636
ID5081,5081,150,15.178298950195312,602.003358435381,650.7029976633222,0.0,0.0,0,5.0,1,,207.46391752577318,230.0,104.0,255.0,20124.0,47.15158663282846,0.2068357715528845,1.5081819369277636
ID5946,5946,150,13.9432373046875,604.0,656.0,0.0,16.0,16,5.0,1,,210.56701030927834,224.0,113.0,255.0,20425.0,43.69804229417653,0.17977093404261693,1.4685208890873018
ID4218,4218,150,14.37164306640625,603.1165921079361,652.616829538461,0.0,4.0,4,5.0,1,,208.35051546391753,230.0,105.0,255.0,20210.0,45.31327096749027,0.19324660858775905,1.4892953516982494
ID4606,4606,150,14.37164306640625,603.1165921079361,652.616829538461,0.0,5.0,5,5.0,1,,208.35051546391753,230.0,105.0,255.0,20210.0,45.31327096749027,0.19324660858775905,1.4892953516982494
ID4161,4161,151,12.213348388671875,373.7422699626518,658.5026059712249,0.0,14.0,14,5.0,1,,186.36082474226805,181.0,101.0,255.0,18077.0,40.86007259717056,0.1774453543495778,1.3747045138313092
ID5729,5729,151,12.253280639648438,371.4699534699169,656.6961936564477,0.0,17.0,17,5.0,1,,188.24742268041237,179.0,109.0,255.0,18260.0,41.60078898686777,0.18215238998699282,1.3945011492897312
ID5092,5092,151,18.2171630859375,334.72023294227665,665.6678780083915,0.0,0.0,0,5.0,1,,208.05154639175257,231.0,77.0,255.0,20181.0,51.03968454668808,0.2718651545089886,1.742631017932107
ID4645,4645,151,10.612457275390625,351.2381154436236,666.1804511086976,0.0,6.0,6,5.0,1,,185.4020618556701,187.0,82.0,255.0,17984.0,38.3562412874941,0.172894063937497,1.425049032634456
ID5510,5510,151,18.2171630859375,334.72023294227665,665.6678780083915,0.0,1.0,1,5.0,1,,208.05154639175257,231.0,77.0,255.0,20181.0,51.03968454668808,0.2718651545089886,1.742631017932107
ID4841,4841,151,18.2171630859375,334.72023294227665,665.6678780083915,0.0,2.0,2,5.0,1,,208.05154639175257,231.0,77.0,255.0,20181.0,51.03968454668808,0.2718651545089886,1.742631017932107
ID5451,5451,151,18.2171630859375,334.72023294227665,665.6678780083915,0.0,3.0,3,5.0,1,,208.05154639175257,231.0,77.0,255.0,20181.0,51.03968454668808,0.2718651545089886,1.742631017932107
ID4269,4269,151,15.65216064453125,336.94282621567424,666.271944005029,0.0,4.0,4,5.0,1,,219.02061855670104,235.0,122.0,255.0,21245.0,34.3999089695511,0.2177590846798406,2.277050213085506
ID2485,2485,151,13.633621215820312,372.90724070823893,658.4975398003721,0.0,15.0,15,5.0,1,,191.56701030927834,200.0,90.0,255.0,18582.0,47.15619153773598,0.18345338828734334,1.2594663656716802
ID4662,4662,151,16.670928955078125,349.2454156026668,652.9050038827554,0.0,10.0,10,5.0,1,,186.1237113402062,189.0,69.0,255.0,18054.0,51.07128550123975,0.24663688221744717,1.4420255663648793
ID3702,3702,151,15.715866088867188,349.274759864263,661.017601519685,0.0,9.0,9,5.0,1,,203.46391752577318,208.0,98.0,255.0,19736.0,43.10743890165353,0.24225415459808003,1.8408820053446817
ID4664,4664,151,11.994308471679688,350.1820700707182,659.7005935425902,0.0,7.0,7,5.0,1,,203.43298969072166,210.0,118.0,255.0,19733.0,31.281286743732952,0.19103050059056684,2.0861551217827485
ID5947,5947,151,12.253280639648438,371.4699534699169,656.6961936564477,0.0,16.0,16,5.0,1,,188.24742268041237,179.0,109.0,255.0,18260.0,41.60078898686777,0.18215238998699282,1.3945011492897312
ID2525,2525,151,15.591415405273438,359.2724334467159,650.7398649318544,0.0,12.0,12,5.0,1,,198.79381443298968,201.0,97.0,255.0,19283.0,39.693864488191025,0.221232986290726,1.8145161385835673
ID3391,3391,151,12.213348388671875,373.7422699626518,658.5026059712249,0.0,13.0,13,5.0,1,,186.36082474226805,181.0,101.0,255.0,18077.0,40.86007259717056,0.1774453543495778,1.3747045138313092
ID4351,4351,151,16.670928955078125,349.2454156026668,652.9050038827554,0.0,11.0,11,5.0,1,,186.1237113402062,189.0,69.0,255.0,18054.0,51.07128550123975,0.24663688221744717,1.4420255663648793
ID4703,4703,151,11.994308471679688,350.1820700707182,659.7005935425902,0.0,8.0,8,5.0,1,,203.43298969072166,210.0,118.0,255.0,19733.0,31.281286743732952,0.19103050059056684,2.0861551217827485
ID4639,4639,151,15.65216064453125,336.94282621567424,666.271944005029,0.0,5.0,5,5.0,1,,219.02061855670104,235.0,122.0,255.0,21245.0,34.3999089695511,0.2177590846798406,2.277050213085506
ID2496,2496,152,12.403610229492188,461.1645144987268,660.5565872865475,0.0,15.0,15,5.0,1,,188.91752577319588,197.0,72.0,255.0,18325.0,49.303412260016046,0.15472235617815608,1.0268352366786062
ID5730,5730,152,12.332839965820312,461.00547842686086,657.0484094557602,0.0,17.0,17,5.0,1,,198.8041237113402,204.0,107.0,255.0,19284.0,42.2338823239257,0.16317457402298993,1.320693273721526
ID2564,2564,152,5.7245025634765625,451.07910471861453,671.8208137686324,0.0,12.0,12,5.0,1,,102.88659793814433,97.0,19.0,232.0,9980.0,44.82579156408819,0.06881476066016488,0.2955561469050722
ID3400,3400,152,13.628952026367188,458.7489288052708,658.6659048390372,0.0,13.0,13,5.0,1,,191.30927835051546,198.0,100.0,255.0,18557.0,50.32899280913668,0.16927495574611615,1.1005856626778863
ID4170,4170,152,13.628952026367188,458.7489288052708,658.6659048390372,0.0,14.0,14,5.0,1,,191.30927835051546,198.0,100.0,255.0,18557.0,50.32899280913668,0.16927495574611615,1.1005856626778863
ID5948,5948,152,12.332839965820312,461.00547842686086,657.0484094557602,0.0,16.0,16,5.0,1,,198.8041237113402,204.0,107.0,255.0,19284.0,42.2338823239257,0.16317457402298993,1.320693273721526
ID2897,2897,153,14.316680908203125,735.1782743894498,499.966982087969,0.0,13.0,13,5.0,1,,181.29896907216494,189.0,68.0,255.0,17586.0,57.26367466750732,0.19832906879490586,1.0479882052239493
ID3265,3265,153,9.441329956054688,763.3757600410141,503.2131545735105,0.0,9.0,9,5.0,1,,159.35051546391753,165.0,24.0,254.0,15457.0,51.031452972062866,0.15670085504213505,0.8460496383127751
ID4435,4435,153,16.03564453125,756.3195378718491,497.5999124131662,0.0,10.0,10,5.0,1,,185.96907216494844,200.0,20.0,255.0,18039.0,57.987687918831725,0.23673717635095592,1.2277896681258358
ID2357,2357,153,13.226531982421875,724.8906137443583,501.6912779680611,0.0,15.0,15,5.0,1,,164.71134020618555,167.0,69.0,255.0,15977.0,52.765195039534696,0.17327869148932085,0.9220403464290363
ID4328,4328,153,5.3274688720703125,765.6628510662822,483.90816284201435,0.0,6.0,6,5.0,1,,107.58762886597938,96.0,52.0,187.0,10436.0,35.0058782496239,0.2559099341947359,1.2525065430408855
ID4345,4345,153,7.9781036376953125,767.0,479.0,0.0,8.0,8,5.0,1,,134.1443298969072,134.0,41.0,223.0,13012.0,40.446464022087696,0.2709105964126606,1.4139457527134978
ID4027,4027,153,16.03564453125,756.3195378718491,497.5999124131662,0.0,11.0,11,5.0,1,,185.96907216494844,200.0,20.0,255.0,18039.0,57.987687918831725,0.23673717635095592,1.2277896681258358
ID2364,2364,153,13.314834594726562,744.0452482984474,496.1931720799479,0.0,12.0,12,5.0,1,,175.05154639175257,175.0,87.0,255.0,16980.0,49.919804673350136,0.17590544259119667,1.0491315472253808
ID4349,4349,153,7.9781036376953125,767.0,479.0,0.0,7.0,7,5.0,1,,134.1443298969072,134.0,41.0,223.0,13012.0,40.446464022087696,0.2709105964126606,1.4139457527134978
ID3711,3711,153,14.316680908203125,735.1782743894498,499.966982087969,0.0,14.0,14,5.0,1,,181.29896907216494,189.0,68.0,255.0,17586.0,57.26367466750732,0.19832906879490586,1.0479882052239493
ID2498,2498,154,10.59136962890625,381.70973196833916,663.3363399286715,0.0,15.0,15,5.0,1,,179.68041237113403,175.0,100.0,249.0,17429.0,45.07691260310736,0.12218670838634783,0.8680313558667856
ID3411,3411,154,12.67388916015625,381.2708167718852,662.9403570275261,0.0,13.0,13,5.0,1,,177.55670103092783,168.0,95.0,255.0,17223.0,47.85981462218698,0.16417526475243868,1.0463703105823048
ID4179,4179,154,12.67388916015625,381.2708167718852,662.9403570275261,0.0,14.0,14,5.0,1,,177.55670103092783,168.0,95.0,255.0,17223.0,47.85981462218698,0.16417526475243868,1.0463703105823048
ID5956,5956,154,9.82806396484375,382.3881540766281,665.6090800198385,0.0,16.0,16,5.0,1,,188.28865979381445,190.0,100.0,255.0,18264.0,42.791879769727394,0.1235312298401142,0.9675744944697776
ID3815,3815,154,14.613143920898438,352.5755722475802,684.3019450132058,0.0,9.0,9,5.0,1,,182.49484536082474,188.0,88.0,255.0,17702.0,53.265671346433386,0.19547918214835866,1.120447954872159
ID5738,5738,154,9.82806396484375,382.3881540766281,665.6090800198385,0.0,17.0,17,5.0,1,,188.28865979381445,190.0,100.0,255.0,18264.0,42.791879769727394,0.1235312298401142,0.9675744944697776
ID4427,4427,154,10.83001708984375,357.69483602887317,679.6677767691053,0.0,11.0,11,5.0,1,,180.36082474226805,175.0,105.0,255.0,17495.0,50.52870173785107,0.13882531936298878,0.8702532130928565
ID4717,4717,154,10.83001708984375,357.69483602887317,679.6677767691053,0.0,10.0,10,5.0,1,,180.36082474226805,175.0,105.0,255.0,17495.0,50.52870173785107,0.13882531936298878,0.8702532130928565
ID5345,5345,155,13.2154541015625,267.2603676950611,473.25504428601255,0.0,3.0,3,5.0,1,,220.2680412371134,239.0,101.0,255.0,21366.0,41.32581806609052,0.17366705467183433,1.5773662745314718
ID5414,5414,155,13.2154541015625,267.2603676950611,473.25504428601255,0.0,1.0,1,5.0,1,,220.2680412371134,239.0,101.0,255.0,21366.0,41.32581806609052,0.17366705467183433,1.5773662745314718
ID3721,3721,155,15.598403930664062,236.77538404119696,501.2300020000923,0.0,14.0,14,5.0,1,,192.62886597938143,194.0,96.0,255.0,18685.0,49.94503637075061,0.21206356121942654,1.349583267534489
ID4361,4361,155,12.322891235351562,262.0,484.0,0.0,5.0,5,5.0,1,,234.96907216494844,246.0,161.0,255.0,22792.0,25.221292925591417,0.15676325904199476,2.525068411967736
ID4588,4588,155,13.2154541015625,267.2603676950611,473.25504428601255,0.0,2.0,2,5.0,1,,220.2680412371134,239.0,101.0,255.0,21366.0,41.32581806609052,0.17366705467183433,1.5773662745314718
ID4430,4430,155,13.835845947265625,238.9259024297484,494.013972393951,0.0,7.0,7,5.0,1,,209.29896907216494,231.0,107.0,255.0,20302.0,47.715774153761586,0.16493186267430696,1.242050203180883
ID3247,3247,155,15.652984619140625,251.00749070966242,496.27302394921657,0.0,9.0,9,5.0,1,,201.18556701030928,208.0,103.0,255.0,19515.0,49.39009893543677,0.2267310475175855,1.5057350447590705
ID4401,4401,155,16.179046630859375,244.3592581841687,495.45033440851415,0.0,10.0,10,5.0,1,,209.659793814433,226.0,113.0,255.0,20337.0,43.956390936059705,0.22981313903562742,1.7826203048026419
ID3921,3921,155,12.322891235351562,262.0,484.0,0.0,4.0,4,5.0,1,,234.96907216494844,246.0,161.0,255.0,22792.0,25.221292925591417,0.15676325904199476,2.525068411967736
ID5909,5909,155,15.233657836914062,230.44351478776315,508.172268613812,0.0,16.0,16,5.0,1,,191.1958762886598,201.0,82.0,255.0,18546.0,47.430571886543134,0.2502332713414508,1.6136307340030236
ID4438,4438,155,13.835845947265625,238.9259024297484,494.013972393951,0.0,8.0,8,5.0,1,,209.29896907216494,231.0,107.0,255.0,20302.0,47.715774153761586,0.16493186267430696,1.242050203180883
ID5015,5015,155,13.2154541015625,267.2603676950611,473.25504428601255,0.0,0.0,0,5.0,1,,220.2680412371134,239.0,101.0,255.0,21366.0,41.32581806609052,0.17366705467183433,1.5773662745314718
ID2904,2904,155,15.598403930664062,236.77538404119696,501.2300020000923,0.0,13.0,13,5.0,1,,192.62886597938143,194.0,96.0,255.0,18685.0,49.94503637075061,0.21206356121942654,1.349583267534489
ID3995,3995,155,16.179046630859375,244.3592581841687,495.45033440851415,0.0,11.0,11,5.0,1,,209.659793814433,226.0,113.0,255.0,20337.0,43.956390936059705,0.22981313903562742,1.7826203048026419
ID5691,5691,155,15.233657836914062,230.44351478776315,508.172268613812,0.0,17.0,17,5.0,1,,191.1958762886598,201.0,82.0,255.0,18546.0,47.430571886543134,0.2502332713414508,1.6136307340030236
ID2366,2366,155,15.258834838867188,239.3799302842572,497.4520252758434,0.0,12.0,12,5.0,1,,203.9278350515464,214.0,107.0,255.0,19781.0,45.84240381974433,0.21330831025564737,1.5641403696123057
ID4350,4350,155,12.308441162109375,247.77778829404969,488.5480483253298,0.0,6.0,6,5.0,1,,218.18556701030928,236.0,134.0,255.0,21164.0,35.66462121186159,0.15246731075613432,1.6187005824840195
ID2367,2367,155,15.055877685546875,236.34620603094277,505.85993917056,0.0,15.0,15,5.0,1,,194.42268041237114,198.0,88.0,255.0,18859.0,45.205280630776066,0.23687242492200739,1.6473176472457547
ID5952,5952,156,13.7496337890625,550.3923870200366,659.0867748997869,0.0,16.0,16,5.0,1,,181.6701030927835,185.0,95.0,255.0,17622.0,47.23273971548684,0.19243784652011336,1.2414380651310244
ID4450,4450,156,11.514755249023438,560.324850054249,681.6053615713137,0.0,11.0,11,5.0,1,,152.1340206185567,132.0,42.0,255.0,14757.0,57.6419676512513,0.1842848409632266,0.8213929731229962
ID2501,2501,156,12.483917236328125,549.2283129454617,664.4786400873336,0.0,15.0,15,5.0,1,,181.4742268041237,187.0,103.0,247.0,17603.0,43.83802876867326,0.17006780787203274,1.203386170230595
ID5734,5734,156,13.7496337890625,550.3923870200366,659.0867748997869,0.0,17.0,17,5.0,1,,181.6701030927835,185.0,95.0,255.0,17622.0,47.23273971548684,0.19243784652011336,1.2414380651310244
ID4187,4187,156,9.84320068359375,548.628264491964,664.326950941034,0.0,14.0,14,5.0,1,,182.69072164948454,190.0,81.0,255.0,17721.0,46.16825226475582,0.12947505356960243,0.907219776482746
ID2574,2574,156,11.75341796875,551.8845639861564,678.3455362934075,0.0,12.0,12,5.0,1,,187.7835051546392,195.0,101.0,255.0,18215.0,46.677579111952426,0.15132153439569607,1.0575069295090036
ID3423,3423,156,9.84320068359375,548.628264491964,664.326950941034,0.0,13.0,13,5.0,1,,182.69072164948454,190.0,81.0,255.0,17721.0,46.16825226475582,0.12947505356960243,0.907219776482746
ID4735,4735,156,11.514755249023438,560.324850054249,681.6053615713137,0.0,10.0,10,5.0,1,,152.1340206185567,132.0,42.0,255.0,14757.0,57.6419676512513,0.1842848409632266,0.8213929731229962
ID4352,4352,157,13.557418823242188,409.22038696451324,480.1227181367865,0.0,7.0,7,5.0,1,,212.75257731958763,243.0,80.0,255.0,20637.0,49.195619496691286,0.16974133451265222,1.2550937515315408
ID5025,5025,157,9.69146728515625,394.0,481.0,0.0,0.0,0,5.0,1,,200.0,195.0,129.0,255.0,19400.0,39.91657967979388,0.11716706441426893,1.050979138840136
ID2914,2914,157,14.01983642578125,421.5465679754336,501.15328941000047,0.0,13.0,13,5.0,1,,189.17525773195877,211.0,93.0,255.0,18350.0,52.23285410649092,0.17053938639629393,1.0553323165838364
ID4354,4354,157,13.557418823242188,409.22038696451324,480.1227181367865,0.0,8.0,8,5.0,1,,212.75257731958763,243.0,80.0,255.0,20637.0,49.195619496691286,0.16974133451265222,1.2550937515315408
ID3874,3874,157,10.64971923828125,393.5220077748547,479.03138378462586,0.0,4.0,4,5.0,1,,211.4020618556701,229.0,107.0,254.0,20506.0,40.75885890254781,0.1279742796951789,1.1769030666306524
ID3172,3172,157,7.8312225341796875,398.4740375336684,488.9182729581999,0.0,9.0,9,5.0,1,,113.85567010309278,95.0,46.0,228.0,11044.0,46.4479972861052,0.13600662921803278,0.5869442842298541
ID4293,4293,157,8.489364624023438,405.3917234278471,474.4428937474881,0.0,6.0,6,5.0,1,,186.9278350515464,197.0,79.0,255.0,18132.0,51.58351792293582,0.10931905430505884,0.7142206588365076
ID3945,3945,157,14.7891845703125,406.9012204935636,483.74823364552475,0.0,11.0,11,5.0,1,,221.3298969072165,240.0,132.0,255.0,21469.0,36.98049081652281,0.20120623929981418,2.0050318275708827
ID2346,2346,157,14.278518676757812,419.9643727736795,486.29724676723964,0.0,15.0,15,5.0,1,,198.68041237113403,208.0,101.0,255.0,19272.0,47.796126584639104,0.18626600156342213,1.3054007384429
ID4363,4363,157,14.7891845703125,406.9012204935636,483.74823364552475,0.0,10.0,10,5.0,1,,221.3298969072165,240.0,132.0,255.0,21469.0,36.98049081652281,0.20120623929981418,2.0050318275708827
ID5359,5359,157,9.69146728515625,394.0,481.0,0.0,3.0,3,5.0,1,,200.0,195.0,129.0,255.0,19400.0,39.91657967979388,0.11716706441426893,1.050979138840136
ID4625,4625,157,9.69146728515625,394.0,481.0,0.0,2.0,2,5.0,1,,200.0,195.0,129.0,255.0,19400.0,39.91657967979388,0.11716706441426893,1.050979138840136
ID2354,2354,157,12.038848876953125,412.83021409555005,491.74161925274115,0.0,12.0,12,5.0,1,,205.2577319587629,214.0,88.0,255.0,19910.0,39.52669940224884,0.15213016081602707,1.37136401400894
ID3731,3731,157,14.01983642578125,421.5465679754336,501.15328941000047,0.0,14.0,14,5.0,1,,189.17525773195877,211.0,93.0,255.0,18350.0,52.23285410649092,0.17053938639629393,1.0553323165838364
ID5430,5430,157,9.69146728515625,394.0,481.0,0.0,1.0,1,5.0,1,,200.0,195.0,129.0,255.0,19400.0,39.91657967979388,0.11716706441426893,1.050979138840136
ID4316,4316,157,10.64971923828125,393.5220077748547,479.03138378462586,0.0,5.0,5,5.0,1,,211.4020618556701,229.0,107.0,254.0,20506.0,40.75885890254781,0.1279742796951789,1.1769030666306524
ID2368,2368,158,12.052078247070312,477.8946107946806,498.3396878160155,0.0,12.0,12,5.0,1,,230.76288659793815,240.0,136.0,255.0,22384.0,29.76742248802802,0.15184325946278848,2.043886897878469
ID4384,4384,158,13.341293334960938,478.8303941396935,493.31643213532874,0.0,10.0,10,5.0,1,,221.9278350515464,237.0,113.0,255.0,21527.0,38.509805954317315,0.16861889339822153,1.6630441287943585
ID4418,4418,158,10.565185546875,482.72330691614417,491.7943791660411,0.0,8.0,8,5.0,1,,203.71134020618555,215.0,120.0,255.0,19760.0,40.18316364963655,0.12400979917298782,1.1186313394401284
ID3203,3203,158,13.3333740234375,483.62943454476147,493.02441492688047,0.0,9.0,9,5.0,1,,224.61855670103094,240.0,123.0,255.0,21788.0,34.66189168806557,0.1804900001152352,1.9815918155380015
ID3973,3973,158,13.341293334960938,478.8303941396935,493.31643213532874,0.0,11.0,11,5.0,1,,221.9278350515464,237.0,113.0,255.0,21527.0,38.509805954317315,0.16861889339822153,1.6630441287943585
ID4550,4550,158,13.84637451171875,503.2428354064661,457.211920523723,0.0,2.0,2,5.0,1,,143.340206185567,131.0,51.0,255.0,13904.0,51.989960288409314,0.1987103384436722,0.9140811368739853
ID2921,2921,158,5.089202880859375,466.80734759590155,501.86765504210905,0.0,13.0,13,5.0,1,,165.1340206185567,168.0,91.0,229.0,16018.0,35.28976151862232,0.06095056219957187,0.5376509231254042
ID5006,5006,158,13.84637451171875,503.2428354064661,457.211920523723,0.0,0.0,0,5.0,1,,143.340206185567,131.0,51.0,255.0,13904.0,51.989960288409314,0.1987103384436722,0.9140811368739853
ID2351,2351,158,11.876632690429688,466.6216297556054,494.10621422290484,0.0,15.0,15,5.0,1,,196.3298969072165,202.0,105.0,255.0,19044.0,44.53713844681681,0.14368074948202864,1.1076126268445123
ID5903,5903,158,10.795791625976562,466.72184594493217,491.76481343607725,0.0,16.0,16,5.0,1,,189.7319587628866,192.0,109.0,255.0,18404.0,46.97661551770499,0.1308492629193034,0.9346635855592182
ID5332,5332,158,13.84637451171875,503.2428354064661,457.211920523723,0.0,3.0,3,5.0,1,,143.340206185567,131.0,51.0,255.0,13904.0,51.989960288409314,0.1987103384436722,0.9140811368739853
ID5685,5685,158,10.795791625976562,466.72184594493217,491.76481343607725,0.0,17.0,17,5.0,1,,189.7319587628866,192.0,109.0,255.0,18404.0,46.97661551770499,0.1308492629193034,0.9346635855592182
ID4277,4277,158,13.24407958984375,504.00108837282284,458.32885617997795,0.0,5.0,5,5.0,1,,145.29896907216494,126.0,53.0,255.0,14094.0,50.39224579661156,0.19563534564117788,0.9435770984305325
ID3829,3829,158,13.24407958984375,504.00108837282284,458.32885617997795,0.0,4.0,4,5.0,1,,145.29896907216494,126.0,53.0,255.0,14094.0,50.39224579661156,0.19563534564117788,0.9435770984305325
ID5401,5401,158,13.84637451171875,503.2428354064661,457.211920523723,0.0,1.0,1,5.0,1,,143.340206185567,131.0,51.0,255.0,13904.0,51.989960288409314,0.1987103384436722,0.9140811368739853
ID3738,3738,158,5.089202880859375,466.80734759590155,501.86765504210905,0.0,14.0,14,5.0,1,,165.1340206185567,168.0,91.0,229.0,16018.0,35.28976151862232,0.06095056219957187,0.5376509231254042
ID4410,4410,158,10.565185546875,482.72330691614417,491.7943791660411,0.0,7.0,7,5.0,1,,203.71134020618555,215.0,120.0,255.0,19760.0,40.18316364963655,0.12400979917298782,1.1186313394401284
ID4252,4252,158,12.08782958984375,503.9862450319951,459.9064854598943,0.0,6.0,6,5.0,1,,145.58762886597938,139.0,56.0,255.0,14122.0,49.41464707311815,0.15969039754377148,0.8114009494637979
ID4196,4196,159,9.671287536621094,537.0310764791689,666.1189928911978,0.0,14.0,14,5.0,1,,137.63917525773195,134.0,54.0,222.0,13351.0,36.45093322050957,0.15991778939042253,1.0411971584913589
ID5957,5957,159,14.93341064453125,536.1816593423781,666.4627861544839,0.0,16.0,16,5.0,1,,145.48453608247422,141.0,19.0,255.0,14112.0,62.23796962098743,0.27733289157120905,1.015052948781182
ID3435,3435,159,9.671287536621094,537.0310764791689,666.1189928911978,0.0,13.0,13,5.0,1,,137.63917525773195,134.0,54.0,222.0,13351.0,36.45093322050957,0.15991778939042253,1.0411971584913589
ID5739,5739,159,14.93341064453125,536.1816593423781,666.4627861544839,0.0,17.0,17,5.0,1,,145.48453608247422,141.0,19.0,255.0,14112.0,62.23796962098743,0.27733289157120905,1.015052948781182
ID2509,2509,159,11.380706787109375,536.0479519022457,668.7342772056712,0.0,15.0,15,5.0,1,,142.22680412371133,133.0,35.0,255.0,13796.0,44.25623900335014,0.20772200620858416,1.1054840271003972
ID4353,4353,160,6.452239990234375,131.90842917300043,482.6258952027373,0.0,5.0,5,5.0,1,,169.55670103092783,168.0,84.0,255.0,16447.0,35.13662887932529,0.07340736647721252,0.6600243144777784
ID4610,4610,160,8.71136474609375,134.68626715336617,478.76017391563295,0.0,2.0,2,5.0,1,,156.48453608247422,147.0,93.0,255.0,15179.0,39.462828871521054,0.10635209027329506,0.7623701394818768
ID4035,4035,160,14.4610595703125,132.75258535174842,500.4992455423081,0.0,11.0,11,5.0,1,,195.0,203.0,102.0,255.0,18915.0,50.2371459513111,0.19372301788528748,1.2598455500927521
ID3748,3748,160,13.659088134765625,131.70757761150998,502.51340101440377,0.0,14.0,14,5.0,1,,199.97938144329896,211.0,111.0,255.0,19398.0,46.35483150417083,0.18855212465994667,1.3687792326744053
ID2372,2372,160,14.170013427734375,133.19021960163704,501.8692247001234,0.0,12.0,12,5.0,1,,199.43298969072166,210.0,102.0,255.0,19345.0,45.93652940391749,0.19716469864387634,1.4300264567154413
ID4454,4454,160,13.8697509765625,132.34173018188457,496.4033462205391,0.0,8.0,8,5.0,1,,206.7835051546392,219.0,130.0,255.0,20058.0,40.88684252608137,0.1844108526884122,1.57487617364408
ID3911,3911,160,6.452239990234375,131.90842917300043,482.6258952027373,0.0,4.0,4,5.0,1,,169.55670103092783,168.0,84.0,255.0,16447.0,35.13662887932529,0.07340736647721252,0.6600243144777784
ID5353,5353,160,8.71136474609375,134.68626715336617,478.76017391563295,0.0,3.0,3,5.0,1,,156.48453608247422,147.0,93.0,255.0,15179.0,39.462828871521054,0.10635209027329506,0.7623701394818768
ID5422,5422,160,8.71136474609375,134.68626715336617,478.76017391563295,0.0,1.0,1,5.0,1,,156.48453608247422,147.0,93.0,255.0,15179.0,39.462828871521054,0.10635209027329506,0.7623701394818768
ID2930,2930,160,13.659088134765625,131.70757761150998,502.51340101440377,0.0,13.0,13,5.0,1,,199.97938144329896,211.0,111.0,255.0,19398.0,46.35483150417083,0.18855212465994667,1.3687792326744053
ID5906,5906,160,13.36663818359375,132.29059199431575,503.15033490753063,0.0,16.0,16,5.0,1,,178.7835051546392,174.0,101.0,255.0,17342.0,52.808266951484434,0.18064193265676798,1.0359907917301892
ID4405,4405,160,11.464035034179688,129.54358146848526,492.965510704152,0.0,6.0,6,5.0,1,,205.1340206185567,208.0,104.0,255.0,19898.0,37.31108773596982,0.1335951558233538,1.2958731964919945
ID2359,2359,160,15.348724365234375,131.36786234445077,502.62690055640644,0.0,15.0,15,5.0,1,,198.76288659793815,216.0,100.0,255.0,19280.0,49.46142714190616,0.21819876313820852,1.4395699683536627
ID5688,5688,160,13.36663818359375,132.29059199431575,503.15033490753063,0.0,17.0,17,5.0,1,,178.7835051546392,174.0,101.0,255.0,17342.0,52.808266951484434,0.18064193265676798,1.0359907917301892
ID3256,3256,160,15.185531616210938,132.66305454172957,500.01533315149646,0.0,9.0,9,5.0,1,,196.11340206185568,202.0,89.0,255.0,19023.0,51.03590980228608,0.21991372103949677,1.385430100450135
ID4441,4441,160,14.4610595703125,132.75258535174842,500.4992455423081,0.0,10.0,10,5.0,1,,195.0,203.0,102.0,255.0,18915.0,50.2371459513111,0.19372301788528748,1.2598455500927521
ID5020,5020,160,8.71136474609375,134.68626715336617,478.76017391563295,0.0,0.0,0,5.0,1,,156.48453608247422,147.0,93.0,255.0,15179.0,39.462828871521054,0.10635209027329506,0.7623701394818768
ID4445,4445,160,13.8697509765625,132.34173018188457,496.4033462205391,0.0,7.0,7,5.0,1,,206.7835051546392,219.0,130.0,255.0,20058.0,40.88684252608137,0.1844108526884122,1.57487617364408
ID5504,5504,161,14.254562377929688,202.96729281832256,657.6277521342639,0.0,1.0,1,5.0,1,,186.71134020618555,186.0,91.0,255.0,18111.0,53.020231744370996,0.2075742271272969,1.2106501619223649
ID4641,4641,161,9.4365234375,201.42864004049798,666.0406859764977,0.0,6.0,6,5.0,1,,186.1958762886598,193.0,95.0,255.0,18061.0,40.119519141575,0.12864496676274617,1.0579856687433238
ID5955,5955,161,12.052230834960938,200.63006031542218,665.9644302910466,0.0,16.0,16,5.0,1,,170.81443298969072,165.0,81.0,255.0,16569.0,54.022821160927585,0.1565240458073421,0.8558619077482774
ID5445,5445,161,14.254562377929688,202.96729281832256,657.6277521342639,0.0,3.0,3,5.0,1,,186.71134020618555,186.0,91.0,255.0,18111.0,53.020231744370996,0.2075742271272969,1.2106501619223649
ID4838,4838,161,14.254562377929688,202.96729281832256,657.6277521342639,0.0,2.0,2,5.0,1,,186.71134020618555,186.0,91.0,255.0,18111.0,53.020231744370996,0.2075742271272969,1.2106501619223649
ID5737,5737,161,12.052230834960938,200.63006031542218,665.9644302910466,0.0,17.0,17,5.0,1,,170.81443298969072,165.0,81.0,255.0,16569.0,54.022821160927585,0.1565240458073421,0.8558619077482774
ID4681,4681,161,14.198715209960938,200.01090757639162,669.4405472222991,0.0,7.0,7,5.0,1,,198.16494845360825,201.0,100.0,255.0,19222.0,45.22966403358601,0.20533083508445507,1.4927304052519623
ID2506,2506,161,13.123260498046875,199.643849727097,665.6994049014687,0.0,15.0,15,5.0,1,,173.64948453608247,169.0,90.0,255.0,16844.0,51.11650117564643,0.19180058122228283,1.093424247826729
ID4205,4205,161,15.786468505859375,196.57662736950084,668.203943574345,0.0,14.0,14,5.0,1,,178.8762886597938,181.0,90.0,255.0,17351.0,58.98998109353664,0.23348919280321304,1.1479843015122306
ID4718,4718,161,14.198715209960938,200.01090757639162,669.4405472222991,0.0,8.0,8,5.0,1,,198.16494845360825,201.0,100.0,255.0,19222.0,45.22966403358601,0.20533083508445507,1.4927304052519623
ID4399,4399,161,13.566635131835938,199.00434263566868,668.5585166931006,0.0,11.0,11,5.0,1,,180.20618556701032,182.0,95.0,255.0,17480.0,51.51070644057287,0.17132998926469206,1.0234256767120893
ID4628,4628,161,11.836349487304688,202.90688096219515,662.8914035848487,0.0,5.0,5,5.0,1,,181.11340206185568,183.0,94.0,255.0,17568.0,49.401180040026155,0.1653680864479808,1.040475459352292
ID3446,3446,161,15.786468505859375,196.57662736950084,668.203943574345,0.0,13.0,13,5.0,1,,178.8762886597938,181.0,90.0,255.0,17351.0,58.98998109353664,0.23348919280321304,1.1479843015122306
ID4694,4694,161,13.566635131835938,199.00434263566868,668.5585166931006,0.0,10.0,10,5.0,1,,180.20618556701032,182.0,95.0,255.0,17480.0,51.51070644057287,0.17132998926469206,1.0234256767120893
ID2555,2555,161,13.800338745117188,194.26967230572615,669.8650865607667,0.0,12.0,12,5.0,1,,177.37113402061857,175.0,95.0,255.0,17205.0,50.84152657761436,0.20208337759843772,1.1729793223795681
ID3740,3740,161,16.82086181640625,198.99236465141365,669.9477453468334,0.0,9.0,9,5.0,1,,192.4742268041237,202.0,94.0,255.0,18670.0,51.72565707322003,0.2354922149614621,1.4185122951962403
ID4253,4253,161,11.836349487304688,202.90688096219515,662.8914035848487,0.0,4.0,4,5.0,1,,181.11340206185568,183.0,94.0,255.0,17568.0,49.401180040026155,0.1653680864479808,1.040475459352292
ID5087,5087,161,14.254562377929688,202.96729281832256,657.6277521342639,0.0,0.0,0,5.0,1,,186.71134020618555,186.0,91.0,255.0,18111.0,53.020231744370996,0.2075742271272969,1.2106501619223649
ID3408,3408,162,11.920120239257812,447.8589842237963,138.8987414918736,0.0,10.0,10,5.0,1,,202.37113402061857,209.0,120.0,255.0,19630.0,43.05962909821217,0.1581911326665625,1.2838378532180132
ID5584,5584,162,12.927947998046875,453.5991448639262,141.05646783453017,0.0,17.0,17,5.0,1,,197.98969072164948,207.0,113.0,255.0,19205.0,44.96537900739134,0.17302276014310722,1.2989460437953768
ID2963,2963,162,11.920120239257812,447.8589842237963,138.8987414918736,0.0,11.0,11,5.0,1,,202.37113402061857,209.0,120.0,255.0,19630.0,43.05962909821217,0.1581911326665625,1.2838378532180132
ID2531,2531,162,14.257278442382812,451.598961955634,139.70895992244334,0.0,9.0,9,5.0,1,,210.24742268041237,223.0,111.0,255.0,20394.0,43.10453159854422,0.17994946520508387,1.4877326656184695
ID2741,2741,162,13.760086059570312,452.95086071343565,143.9215443809483,0.0,14.0,14,5.0,1,,203.02061855670104,207.0,118.0,255.0,19693.0,42.95224561975855,0.17248610154753824,1.3906910863907702
ID2199,2199,162,14.589569091796875,453.85401871662873,144.46266064497826,0.0,12.0,12,5.0,1,,199.0721649484536,205.0,113.0,255.0,19310.0,44.61484418112252,0.18462000152453087,1.3907877081638824
ID2426,2426,162,13.760086059570312,452.95086071343565,143.9215443809483,0.0,13.0,13,5.0,1,,203.02061855670104,207.0,118.0,255.0,19693.0,42.95224561975855,0.17248610154753824,1.3906910863907702
ID2058,2058,162,13.24725341796875,451.9055608322354,142.04692731611453,0.0,15.0,15,5.0,1,,202.29896907216494,209.0,116.0,255.0,19623.0,42.72907990770981,0.1737235445890226,1.4014996367118595
ID5802,5802,162,12.927947998046875,453.5991448639262,141.05646783453017,0.0,16.0,16,5.0,1,,197.98969072164948,207.0,113.0,255.0,19205.0,44.96537900739134,0.17302276014310722,1.2989460437953768
ID2369,2369,163,11.875259399414062,480.7157342530562,508.9288952893552,0.0,15.0,15,5.0,1,,197.49484536082474,201.0,117.0,255.0,19157.0,34.404797300951905,0.17018951022914885,1.6697188300699208
ID5379,5379,163,12.065643310546875,477.99432601913736,506.1709127235511,0.0,3.0,3,5.0,1,,187.15463917525773,190.0,103.0,255.0,18154.0,53.44415703294608,0.16049527598684285,0.9686106460965088
ID5446,5446,163,12.065643310546875,477.99432601913736,506.1709127235511,0.0,1.0,1,5.0,1,,187.15463917525773,190.0,103.0,255.0,18154.0,53.44415703294608,0.16049527598684285,0.9686106460965088
ID4458,4458,163,10.912689208984375,478.63648899268776,506.0713688120635,0.0,10.0,10,5.0,1,,180.5979381443299,171.0,102.0,255.0,17518.0,51.87980094125716,0.14075860983086494,0.859064348541451
ID4491,4491,163,8.032379150390625,478.8953091321696,508.84747135313864,0.0,8.0,8,5.0,1,,138.2577319587629,126.0,72.0,245.0,13411.0,41.36002456844538,0.11983292307198591,0.7154207914464473
ID3756,3756,163,11.438400268554688,481.55776979519345,504.37304547515316,0.0,14.0,14,5.0,1,,212.1340206185567,223.0,110.0,255.0,20577.0,41.761632328105954,0.13396623724242332,1.200212343112193
ID3276,3276,163,10.630828857421875,482.0149782511511,504.63999310862147,0.0,9.0,9,5.0,1,,170.71134020618555,165.0,81.0,255.0,16559.0,47.64057242407432,0.13163430547592173,0.833639679975798
ID4685,4685,163,12.065643310546875,477.99432601913736,506.1709127235511,0.0,2.0,2,5.0,1,,187.15463917525773,190.0,103.0,255.0,18154.0,53.44415703294608,0.16049527598684285,0.9686106460965088
ID5041,5041,163,12.065643310546875,477.99432601913736,506.1709127235511,0.0,0.0,0,5.0,1,,187.15463917525773,190.0,103.0,255.0,18154.0,53.44415703294608,0.16049527598684285,0.9686106460965088
ID2387,2387,163,11.3736572265625,478.9343789724047,509.5424302261232,0.0,12.0,12,5.0,1,,180.7319587628866,175.0,95.0,255.0,17531.0,51.534073571100656,0.14867242660334795,0.9078303795315037
ID4437,4437,163,13.53118896484375,479.526835387089,504.3024575728495,0.0,6.0,6,5.0,1,,206.79381443298968,219.0,111.0,255.0,20059.0,44.19109500800895,0.17511754592075568,1.3947010514363936
ID5910,5910,163,12.537673950195312,480.34454464950113,509.92667505018443,0.0,16.0,16,5.0,1,,192.53608247422682,192.0,100.0,255.0,18676.0,46.32652719547547,0.16729886430646992,1.1913059512529955
ID4054,4054,163,13.979293823242188,477.9151814069237,508.4153471512608,0.0,4.0,4,5.0,1,,195.22680412371133,211.0,96.0,255.0,18937.0,50.87351659480254,0.1798471371518281,1.1699181201464524
ID4057,4057,163,10.912689208984375,478.63648899268776,506.0713688120635,0.0,11.0,11,5.0,1,,180.5979381443299,171.0,102.0,255.0,17518.0,51.87980094125716,0.14075860983086494,0.859064348541451
ID2939,2939,163,11.438400268554688,481.55776979519345,504.37304547515316,0.0,13.0,13,5.0,1,,212.1340206185567,223.0,110.0,255.0,20577.0,41.761632328105954,0.13396623724242332,1.200212343112193
ID5692,5692,163,12.537673950195312,480.34454464950113,509.92667505018443,0.0,17.0,17,5.0,1,,192.53608247422682,192.0,100.0,255.0,18676.0,46.32652719547547,0.16729886430646992,1.1913059512529955
ID4476,4476,163,13.979293823242188,477.9151814069237,508.4153471512608,0.0,5.0,5,5.0,1,,195.22680412371133,211.0,96.0,255.0,18937.0,50.87351659480254,0.1798471371518281,1.1699181201464524
ID4478,4478,163,8.032379150390625,478.8953091321696,508.84747135313864,0.0,7.0,7,5.0,1,,138.2577319587629,126.0,72.0,245.0,13411.0,41.36002456844538,0.11983292307198591,0.7154207914464473
ID3008,3008,164,16.090194702148438,64.84452583989477,147.32967989941145,0.0,11.0,11,5.0,1,,223.31958762886597,235.0,153.0,255.0,21662.0,30.459517666812197,0.23287394284122148,2.7697209348849907
ID3396,3396,164,13.1446533203125,62.014817787261094,142.6023557554521,0.0,8.0,8,5.0,1,,221.09278350515464,236.0,131.0,255.0,21446.0,34.09272969729849,0.16736168100887994,1.859488016183938
ID3464,3464,164,16.090194702148438,64.84452583989477,147.32967989941145,0.0,10.0,10,5.0,1,,223.31958762886597,235.0,153.0,255.0,21662.0,30.459517666812197,0.23287394284122148,2.7697209348849907
ID5225,5225,164,14.25543212890625,66.95873256313213,158.29041912875505,0.0,1.0,1,5.0,1,,219.04123711340208,230.0,134.0,255.0,21247.0,35.210355225704205,0.1929083682448835,2.0120068504067574
ID2059,2059,164,14.156173706054688,67.99449637350592,148.27256031251363,0.0,15.0,15,5.0,1,,210.81443298969072,226.0,130.0,255.0,20449.0,42.7715174641439,0.18521700051860912,1.5404891797584288
ID5805,5805,164,14.316436767578125,66.56846775393561,147.96384836505996,0.0,16.0,16,5.0,1,,201.76288659793815,211.0,127.0,255.0,19571.0,40.204884963323664,0.19834188751433807,1.661216194545776
ID2925,2925,164,15.327041625976562,67.05575981039016,159.6615252687469,0.0,4.0,4,5.0,1,,211.28865979381445,225.0,113.0,255.0,20495.0,42.08992327022551,0.2066258911856157,1.7192544209429814
ID2544,2544,164,13.346054077148438,63.08987821745357,142.49443678846887,0.0,9.0,9,5.0,1,,224.81443298969072,236.0,140.0,255.0,21807.0,30.23426929030865,0.17171383023161604,2.1794074322069803
ID5587,5587,164,14.316436767578125,66.56846775393561,147.96384836505996,0.0,17.0,17,5.0,1,,201.76288659793815,211.0,127.0,255.0,19571.0,40.204884963323664,0.19834188751433807,1.661216194545776
ID3412,3412,164,15.327041625976562,67.05575981039016,159.6615252687469,0.0,5.0,5,5.0,1,,211.28865979381445,225.0,113.0,255.0,20495.0,42.08992327022551,0.2066258911856157,1.7192544209429814
ID4916,4916,164,14.25543212890625,66.95873256313213,158.29041912875505,0.0,0.0,0,5.0,1,,219.04123711340208,230.0,134.0,255.0,21247.0,35.210355225704205,0.1929083682448835,2.0120068504067574
ID2201,2201,164,14.396560668945312,64.78677549859853,147.194445616983,0.0,12.0,12,5.0,1,,205.81443298969072,215.0,119.0,255.0,19964.0,43.37417864181677,0.188713915047206,1.506611009718149
ID2746,2746,164,14.355606079101562,67.0791952620669,147.94600679373897,0.0,14.0,14,5.0,1,,204.83505154639175,211.0,123.0,255.0,19869.0,41.69674258169814,0.18824901652268666,1.5565296401350934
ID5146,5146,164,14.25543212890625,66.95873256313213,158.29041912875505,0.0,3.0,3,5.0,1,,219.04123711340208,230.0,134.0,255.0,21247.0,35.210355225704205,0.1929083682448835,2.0120068504067574
ID3708,3708,164,14.25543212890625,66.95873256313213,158.29041912875505,0.0,2.0,2,5.0,1,,219.04123711340208,230.0,134.0,255.0,21247.0,35.210355225704205,0.1929083682448835,2.0120068504067574
ID2430,2430,164,14.355606079101562,67.0791952620669,147.94600679373897,0.0,13.0,13,5.0,1,,204.83505154639175,211.0,123.0,255.0,19869.0,41.69674258169814,0.18824901652268666,1.5565296401350934
ID3295,3295,164,13.1446533203125,62.014817787261094,142.6023557554521,0.0,7.0,7,5.0,1,,221.09278350515464,236.0,131.0,255.0,21446.0,34.09272969729849,0.16736168100887994,1.859488016183938
ID5121,5121,165,12.0341796875,328.0,122.0,0.0,3.0,3,5.0,1,,234.340206185567,247.0,150.0,255.0,22731.0,26.119471742815016,0.1585359209087608,2.455447144432098
ID2434,2434,165,12.598114013671875,252.15059418588675,153.03673621805964,0.0,13.0,13,5.0,1,,207.09278350515464,221.0,105.0,255.0,20088.0,41.50805204872573,0.15742708414515186,1.3572142762193762
ID3267,3267,165,12.676300048828125,319.00081227548986,125.91219172879876,0.0,5.0,5,5.0,1,,215.2680412371134,225.0,103.0,255.0,20881.0,35.7481105164774,0.1631085950632231,1.6889354239997674
ID2982,2982,165,13.750076293945312,266.43637234276616,139.93163666869327,0.0,11.0,11,5.0,1,,218.77319587628867,229.0,131.0,255.0,21221.0,33.278341666239676,0.18385656571712145,2.0419376973593932
ID3430,3430,165,13.750076293945312,266.43637234276616,139.93163666869327,0.0,10.0,10,5.0,1,,218.77319587628867,229.0,131.0,255.0,21221.0,33.278341666239676,0.18385656571712145,2.0419376973593932
ID4907,4907,165,12.0341796875,328.0,122.0,0.0,0.0,0,5.0,1,,234.340206185567,247.0,150.0,255.0,22731.0,26.119471742815016,0.1585359209087608,2.455447144432098
ID2061,2061,165,15.151473999023438,242.86915353626273,158.75127311658423,0.0,15.0,15,5.0,1,,219.0,237.0,129.0,255.0,21243.0,37.55551446414583,0.2097577063000484,2.0221805222039992
ID3217,3217,165,12.90203857421875,288.0332113560793,127.15387167536127,0.0,7.0,7,5.0,1,,221.5257731958763,233.0,108.0,255.0,21488.0,34.02238625262818,0.1842882508194085,2.0264211666902607
ID5815,5815,165,10.941192626953125,225.57558310995339,172.25964293365158,0.0,16.0,16,5.0,1,,183.89690721649484,189.0,68.0,249.0,17838.0,45.633157840562795,0.13679772525552525,0.9698835147380728
ID2519,2519,165,15.18096923828125,278.38976271439805,136.50262678553892,0.0,9.0,9,5.0,1,,214.4020618556701,230.0,120.0,255.0,20797.0,37.19841500706449,0.20430712533048465,1.9556033617008766
ID3223,3223,165,12.472976684570312,306.58533495912263,128.2987832777407,0.0,6.0,6,5.0,1,,219.8659793814433,225.0,136.0,255.0,21327.0,33.073664266924474,0.16199202431556073,1.8535154148894357
ID3607,3607,165,12.0341796875,328.0,122.0,0.0,2.0,2,5.0,1,,234.340206185567,247.0,150.0,255.0,22731.0,26.119471742815016,0.1585359209087608,2.455447144432098
ID5207,5207,165,12.0341796875,328.0,122.0,0.0,1.0,1,5.0,1,,234.340206185567,247.0,150.0,255.0,22731.0,26.119471742815016,0.1585359209087608,2.455447144432098
ID3321,3321,165,12.90203857421875,288.0332113560793,127.15387167536127,0.0,8.0,8,5.0,1,,221.5257731958763,233.0,108.0,255.0,21488.0,34.02238625262818,0.1842882508194085,2.0264211666902607
ID2202,2202,165,11.855209350585938,261.1335806570277,146.8788751391008,0.0,12.0,12,5.0,1,,211.91752577319588,219.0,134.0,255.0,20556.0,31.953635064174353,0.15979408790085367,1.8274959201422944
ID2843,2843,165,12.676300048828125,319.00081227548986,125.91219172879876,0.0,4.0,4,5.0,1,,215.2680412371134,225.0,103.0,255.0,20881.0,35.7481105164774,0.1631085950632231,1.6889354239997674
ID5597,5597,165,10.941192626953125,225.57558310995339,172.25964293365158,0.0,17.0,17,5.0,1,,183.89690721649484,189.0,68.0,249.0,17838.0,45.633157840562795,0.13679772525552525,0.9698835147380728
ID2751,2751,165,12.598114013671875,252.15059418588675,153.03673621805964,0.0,14.0,14,5.0,1,,207.09278350515464,221.0,105.0,255.0,20088.0,41.50805204872573,0.15742708414515186,1.3572142762193762
ID2512,2512,166,13.33477783203125,556.1664817650546,671.1677224690219,0.0,15.0,15,5.0,1,,190.43298969072166,198.0,75.0,255.0,18472.0,55.15997703961009,0.15762055410094522,0.9401447500206681
ID3458,3458,166,12.33587646484375,558.1841498545438,667.758113440185,0.0,13.0,13,5.0,1,,207.1237113402062,209.0,129.0,255.0,20091.0,32.41535699966619,0.16569152036765997,1.81645921799904
ID4434,4434,166,12.061233520507812,570.2721291161153,680.0103978781981,0.0,11.0,11,5.0,1,,196.659793814433,202.0,97.0,255.0,19076.0,43.644607961622384,0.1677950694590462,1.2948740764510351
ID4723,4723,166,12.061233520507812,570.2721291161153,680.0103978781981,0.0,10.0,10,5.0,1,,196.659793814433,202.0,97.0,255.0,19076.0,43.644607961622384,0.1677950694590462,1.2948740764510351
ID2581,2581,166,14.419662475585938,565.9982662471357,685.7513129157801,0.0,12.0,12,5.0,1,,209.03092783505156,217.0,77.0,255.0,20276.0,40.82571024291542,0.2124253580903988,1.794147494548735
ID5959,5959,166,13.699203491210938,557.3542695361442,669.6820344554845,0.0,16.0,16,5.0,1,,196.68041237113403,203.0,98.0,255.0,19078.0,47.35428227550469,0.20663726677013625,1.4225376239494827
ID4743,4743,166,8.158279418945312,569.4931045203948,681.2983456272572,0.0,7.0,7,5.0,1,,138.91752577319588,144.0,63.0,222.0,13475.0,36.98554619236772,0.12686577759526974,0.8457213504165614
ID4219,4219,166,12.33587646484375,558.1841498545438,667.758113440185,0.0,14.0,14,5.0,1,,207.1237113402062,209.0,129.0,255.0,20091.0,32.41535699966619,0.16569152036765997,1.81645921799904
ID4779,4779,166,8.158279418945312,569.4931045203948,681.2983456272572,0.0,8.0,8,5.0,1,,138.91752577319588,144.0,63.0,222.0,13475.0,36.98554619236772,0.12686577759526974,0.8457213504165614
ID5741,5741,166,13.699203491210938,557.3542695361442,669.6820344554845,0.0,17.0,17,5.0,1,,196.68041237113403,203.0,98.0,255.0,19078.0,47.35428227550469,0.20663726677013625,1.4225376239494827
ID4464,4464,167,10.305450439453125,149.00094763591264,507.24489475904653,0.0,10.0,10,5.0,1,,196.68041237113403,198.0,103.0,255.0,19078.0,39.349541079427,0.11259193526521333,1.0116325870846845
ID4065,4065,167,10.305450439453125,149.00094763591264,507.24489475904653,0.0,11.0,11,5.0,1,,196.68041237113403,198.0,103.0,255.0,19078.0,39.349541079427,0.11259193526521333,1.0116325870846845
ID2948,2948,167,14.06805419921875,154.768479527083,505.56380125652913,0.0,13.0,13,5.0,1,,197.82474226804123,197.0,119.0,255.0,19189.0,36.31001076071582,0.21277377986300836,1.9117123088805925
ID5908,5908,167,13.679306030273438,150.7230526819966,507.16776308310807,0.0,16.0,16,5.0,1,,237.41237113402062,251.0,168.0,255.0,23029.0,23.195614068773686,0.18335817128745288,3.1718418265226953
ID3765,3765,167,14.06805419921875,154.768479527083,505.56380125652913,0.0,14.0,14,5.0,1,,197.82474226804123,197.0,119.0,255.0,19189.0,36.31001076071582,0.21277377986300836,1.9117123088805925
ID2361,2361,167,14.315109252929688,152.4930793120942,504.16636276067146,0.0,15.0,15,5.0,1,,222.61855670103094,229.0,123.0,255.0,21594.0,29.328755549151,0.19222477687214232,2.4476479074772803
ID5690,5690,167,13.679306030273438,150.7230526819966,507.16776308310807,0.0,17.0,17,5.0,1,,237.41237113402062,251.0,168.0,255.0,23029.0,23.195614068773686,0.18335817128745288,3.1718418265226953
ID3323,3323,167,7.13958740234375,148.96258478278162,511.850891086607,0.0,9.0,9,5.0,1,,151.64948453608247,147.0,42.0,244.0,14710.0,43.00582354875359,0.08707764125318299,0.5649236526443939
ID2380,2380,167,12.544525146484375,155.73809288071203,510.3362657454132,0.0,12.0,12,5.0,1,,189.5979381443299,200.0,108.0,255.0,18391.0,40.86172307148995,0.1842656252177494,1.4439166727191417
ID3872,3872,168,15.2652587890625,603.7683195921094,188.14717250849873,0.0,2.0,2,5.0,1,,221.4020618556701,239.0,113.0,255.0,21476.0,36.968359160744484,0.20843359315415916,2.0659814010297266
ID2915,2915,168,13.188140869140625,570.2498768085587,124.83125397412539,0.0,11.0,11,5.0,1,,209.09278350515464,231.0,107.0,255.0,20282.0,43.48588910838081,0.15946500466563218,1.3225997323604213
ID3299,3299,168,11.343734741210938,588.1559755793729,147.3468774724263,0.0,6.0,6,5.0,1,,216.61855670103094,231.0,94.0,255.0,21012.0,41.88735969313245,0.12924461927356726,1.1837693990439866
ID2756,2756,168,10.958206176757812,589.7718504730964,153.1076927526981,0.0,14.0,14,5.0,1,,146.659793814433,139.0,46.0,242.0,14226.0,47.78552051396301,0.1529245052794685,0.8141809914947143
ID5796,5796,168,11.5224609375,601.5461889678402,129.70826628819404,0.0,16.0,16,5.0,1,,140.1443298969072,126.0,58.0,249.0,13594.0,53.94595862425689,0.15455611273235878,0.6955330209236015
ID2437,2437,168,10.958206176757812,589.7718504730964,153.1076927526981,0.0,13.0,13,5.0,1,,146.659793814433,139.0,46.0,242.0,14226.0,47.78552051396301,0.1529245052794685,0.8141809914947143
ID2056,2056,168,9.559768676757812,593.5301159179928,140.5874155050843,0.0,15.0,15,5.0,1,,136.58762886597938,125.0,52.0,242.0,13249.0,51.24080254407443,0.11725590552543785,0.5595095508810217
ID5578,5578,168,11.5224609375,601.5461889678402,129.70826628819404,0.0,17.0,17,5.0,1,,140.1443298969072,126.0,58.0,249.0,13594.0,53.94595862425689,0.15455611273235878,0.6955330209236015
ID5166,5166,168,15.2652587890625,603.7683195921094,188.14717250849873,0.0,3.0,3,5.0,1,,221.4020618556701,239.0,113.0,255.0,21476.0,36.968359160744484,0.20843359315415916,2.0659814010297266
ID3282,3282,168,11.655227661132812,594.8475925098488,142.26761286605347,0.0,7.0,7,5.0,1,,235.41237113402062,246.0,160.0,255.0,22835.0,23.305825710055665,0.15724707120398201,2.745056311917674
ID3348,3348,168,13.188140869140625,570.2498768085587,124.83125397412539,0.0,10.0,10,5.0,1,,209.09278350515464,231.0,107.0,255.0,20282.0,43.48588910838081,0.15946500466563218,1.3225997323604213
ID3384,3384,168,11.655227661132812,594.8475925098488,142.26761286605347,0.0,8.0,8,5.0,1,,235.41237113402062,246.0,160.0,255.0,22835.0,23.305825710055665,0.15724707120398201,2.745056311917674
ID5242,5242,168,15.2652587890625,603.7683195921094,188.14717250849873,0.0,1.0,1,5.0,1,,221.4020618556701,239.0,113.0,255.0,21476.0,36.968359160744484,0.20843359315415916,2.0659814010297266
ID2203,2203,168,10.103309631347656,574.9381387394287,147.59857459218586,0.0,12.0,12,5.0,1,,132.4742268041237,124.0,48.0,255.0,12850.0,59.29061420654784,0.1532577320726909,0.5938427506979845
ID2523,2523,168,11.59759521484375,584.9833603868415,138.62234894050528,0.0,9.0,9,5.0,1,,194.43298969072166,211.0,25.0,255.0,18860.0,52.4553197207901,0.13815210383897333,0.8998447947393162
ID3388,3388,168,12.734207153320312,590.4223702161197,157.36905122952047,0.0,5.0,5,5.0,1,,208.38144329896906,219.0,100.0,255.0,20213.0,45.689496262582324,0.15165586496688266,1.2011829367423894
ID2908,2908,168,12.734207153320312,590.4223702161197,157.36905122952047,0.0,4.0,4,5.0,1,,208.38144329896906,219.0,100.0,255.0,20213.0,45.689496262582324,0.15165586496688266,1.2011829367423894
ID4926,4926,168,15.2652587890625,603.7683195921094,188.14717250849873,0.0,0.0,0,5.0,1,,221.4020618556701,239.0,113.0,255.0,21476.0,36.968359160744484,0.20843359315415916,2.0659814010297266
ID3206,3206,169,16.111526489257812,270.67146116691634,126.64502047081164,0.0,7.0,7,5.0,1,,201.10309278350516,210.0,90.0,255.0,19507.0,43.115756143607776,0.2318349226650632,1.7556546176174914
ID2441,2441,169,7.98577880859375,241.96595548628324,154.38341478279375,0.0,13.0,13,5.0,1,,166.49484536082474,168.0,101.0,252.0,16150.0,42.71712276499422,0.09779136764457651,0.6943996666576506
ID4905,4905,169,11.9166259765625,314.0785152667047,119.77359922458615,0.0,0.0,0,5.0,1,,177.64948453608247,174.0,89.0,255.0,17232.0,50.69887433766682,0.17577392088728083,1.0476741967240812
ID2762,2762,169,7.98577880859375,241.96595548628324,154.38341478279375,0.0,14.0,14,5.0,1,,166.49484536082474,168.0,101.0,252.0,16150.0,42.71712276499422,0.09779136764457651,0.6943996666576506
ID3243,3243,169,13.315414428710938,305.2444856613212,113.13545933034865,0.0,5.0,5,5.0,1,,215.70103092783506,225.0,107.0,255.0,20923.0,34.64768058268042,0.188168248280743,1.9718616878228064
ID2060,2060,169,12.217697143554688,228.04715260731504,154.521993714971,0.0,15.0,15,5.0,1,,213.58762886597938,222.0,125.0,255.0,20718.0,31.72201935607964,0.16541696156684563,1.9113664960853747
ID2511,2511,169,14.65960693359375,261.79882338486254,128.12474390325022,0.0,9.0,9,5.0,1,,209.57731958762886,219.0,104.0,255.0,20329.0,37.957990773668236,0.1992119084498408,1.8343847230686825
ID5808,5808,169,12.656753540039062,229.92678605699575,156.07241569512402,0.0,16.0,16,5.0,1,,198.58762886597938,209.0,112.0,255.0,19263.0,43.735653023143755,0.1754058122489163,1.3551978898202466
ID3312,3312,169,16.111526489257812,270.67146116691634,126.64502047081164,0.0,8.0,8,5.0,1,,201.10309278350516,210.0,90.0,255.0,19507.0,43.115756143607776,0.2318349226650632,1.7556546176174914
ID2833,2833,169,13.315414428710938,305.2444856613212,113.13545933034865,0.0,4.0,4,5.0,1,,215.70103092783506,225.0,107.0,255.0,20923.0,34.64768058268042,0.188168248280743,1.9718616878228064
ID5203,5203,169,11.9166259765625,314.0785152667047,119.77359922458615,0.0,1.0,1,5.0,1,,177.64948453608247,174.0,89.0,255.0,17232.0,50.69887433766682,0.17577392088728083,1.0476741967240812
ID2998,2998,169,5.647941589355469,247.12752939693286,144.55982852256128,0.0,11.0,11,5.0,1,,128.09278350515464,117.0,65.0,216.0,12425.0,36.417739059599214,0.07756099526263426,0.506341110313033
ID5590,5590,169,12.656753540039062,229.92678605699575,156.07241569512402,0.0,17.0,17,5.0,1,,198.58762886597938,209.0,112.0,255.0,19263.0,43.735653023143755,0.1754058122489163,1.3551978898202466
ID3451,3451,169,5.647941589355469,247.12752939693286,144.55982852256128,0.0,10.0,10,5.0,1,,128.09278350515464,117.0,65.0,216.0,12425.0,36.417739059599214,0.07756099526263426,0.506341110313033
ID5115,5115,169,11.9166259765625,314.0785152667047,119.77359922458615,0.0,3.0,3,5.0,1,,177.64948453608247,174.0,89.0,255.0,17232.0,50.69887433766682,0.17577392088728083,1.0476741967240812
ID2204,2204,169,6.7816314697265625,244.67669694411865,149.77728367844134,0.0,12.0,12,5.0,1,,137.93814432989691,122.0,73.0,223.0,13380.0,38.94328526657647,0.08419320302075874,0.5501132945028989
ID3199,3199,169,14.65570068359375,292.236801695195,118.31450638450833,0.0,6.0,6,5.0,1,,210.51546391752578,223.0,108.0,255.0,20420.0,41.21415447646137,0.19781019277692807,1.687051212717975
ID3583,3583,169,11.9166259765625,314.0785152667047,119.77359922458615,0.0,2.0,2,5.0,1,,177.64948453608247,174.0,89.0,255.0,17232.0,50.69887433766682,0.17577392088728083,1.0476741967240812
ID5377,5377,170,15.96026611328125,135.4646456041035,501.00331145194485,0.0,3.0,3,5.0,1,,212.03092783505156,228.0,110.0,255.0,20567.0,43.00277452488951,0.2310516038528292,1.8508254457284545
ID4451,4451,170,13.699539184570312,137.36452856128335,497.93266652643786,0.0,5.0,5,5.0,1,,217.75257731958763,226.0,133.0,255.0,21122.0,33.029983514930244,0.17849457709321534,1.9970198445195175
ID5700,5700,170,7.206840515136719,127.40062373128576,526.8441775518224,0.0,17.0,17,5.0,1,,104.11340206185567,102.0,16.0,166.0,10099.0,30.46783696534887,0.14717512789272588,0.8767983221419505
ID5444,5444,170,15.96026611328125,135.4646456041035,501.00331145194485,0.0,1.0,1,5.0,1,,212.03092783505156,228.0,110.0,255.0,20567.0,43.00277452488951,0.2310516038528292,1.8508254457284545
ID2374,2374,170,9.626495361328125,146.11830022140416,507.3995306093223,0.0,12.0,12,5.0,1,,204.659793814433,209.0,100.0,255.0,19852.0,34.15219813506951,0.12038326480544576,1.287785025223869
ID4679,4679,170,15.96026611328125,135.4646456041035,501.00331145194485,0.0,2.0,2,5.0,1,,212.03092783505156,228.0,110.0,255.0,20567.0,43.00277452488951,0.2310516038528292,1.8508254457284545
ID4426,4426,170,9.037551879882812,149.5831618808673,496.7139228833733,0.0,10.0,10,5.0,1,,157.49484536082474,145.0,58.0,250.0,15277.0,48.48090769213094,0.07439860173533977,0.4499092648686028
ID2955,2955,170,12.001129150390625,140.83541174253173,506.7608158827942,0.0,13.0,13,5.0,1,,205.84536082474227,214.0,122.0,255.0,19967.0,38.27731601042841,0.15066300426319928,1.4082769623291636
ID4463,4463,170,14.613357543945312,147.69855845144187,500.64025005553657,0.0,7.0,7,5.0,1,,212.659793814433,225.0,127.0,255.0,20628.0,38.53188252331281,0.19289468309597405,1.7848976212001333
ID5040,5040,170,15.96026611328125,135.4646456041035,501.00331145194485,0.0,0.0,0,5.0,1,,212.03092783505156,228.0,110.0,255.0,20567.0,43.00277452488951,0.2310516038528292,1.8508254457284545
ID4019,4019,170,9.037551879882812,149.5831618808673,496.7139228833733,0.0,11.0,11,5.0,1,,157.49484536082474,145.0,58.0,250.0,15277.0,48.48090769213094,0.07439860173533977,0.4499092648686028
ID3224,3224,170,14.507156372070312,148.4394357471023,496.22260352360814,0.0,9.0,9,5.0,1,,194.91752577319588,205.0,103.0,255.0,18907.0,46.885647702480334,0.20264202272477527,1.4009869908683992
ID4474,4474,170,14.613357543945312,147.69855845144187,500.64025005553657,0.0,8.0,8,5.0,1,,212.659793814433,225.0,127.0,255.0,20628.0,38.53188252331281,0.19289468309597405,1.7848976212001333
ID4413,4413,170,14.02587890625,142.12392400736513,503.10747733001847,0.0,6.0,6,5.0,1,,218.57731958762886,226.0,147.0,255.0,21202.0,32.50090865766498,0.18662412993160576,2.115408324306732
ID5918,5918,170,7.206840515136719,127.40062373128576,526.8441775518224,0.0,16.0,16,5.0,1,,104.11340206185567,102.0,16.0,166.0,10099.0,30.46783696534887,0.14717512789272588,0.8767983221419505
ID3775,3775,170,12.001129150390625,140.83541174253173,506.7608158827942,0.0,14.0,14,5.0,1,,205.84536082474227,214.0,122.0,255.0,19967.0,38.27731601042841,0.15066300426319928,1.4082769623291636
ID4031,4031,170,13.699539184570312,137.36452856128335,497.93266652643786,0.0,4.0,4,5.0,1,,217.75257731958763,226.0,133.0,255.0,21122.0,33.029983514930244,0.17849457709321534,1.9970198445195175
ID3505,3505,171,15.667068481445312,767.0,161.0,0.0,10.0,10,5.0,1,,151.56701030927834,139.0,32.0,255.0,14702.0,57.27908780998214,0.4261634775759822,1.5814137261212946
ID2210,2210,171,5.460906982421875,763.16713873868,164.05550688857736,0.0,12.0,12,5.0,1,,120.41237113402062,119.0,68.0,181.0,11680.0,28.645372145615852,0.1510689779438263,1.1033684891262348
ID5810,5810,171,12.98919677734375,755.7508877874706,159.5721349990517,0.0,16.0,16,5.0,1,,222.27835051546393,235.0,140.0,255.0,21561.0,29.847788258387336,0.16913298471204852,2.154663255055231
ID3046,3046,171,15.667068481445312,767.0,161.0,0.0,11.0,11,5.0,1,,151.56701030927834,139.0,32.0,255.0,14702.0,57.27908780998214,0.4261634775759822,1.5814137261212946
ID5592,5592,171,12.98919677734375,755.7508877874706,159.5721349990517,0.0,17.0,17,5.0,1,,222.27835051546393,235.0,140.0,255.0,21561.0,29.847788258387336,0.16913298471204852,2.154663255055231
ID2445,2445,171,16.486038208007812,760.3177276447507,159.17927463296903,0.0,13.0,13,5.0,1,,175.48453608247422,178.0,60.0,255.0,17022.0,61.238283471558525,0.23756499602434708,1.1001711995284331
ID2062,2062,171,10.30694580078125,764.7919103086991,160.28421875437786,0.0,15.0,15,5.0,1,,178.5463917525773,172.0,101.0,249.0,17319.0,38.379687720893,0.25810563362052197,1.9087981864912613
ID2767,2767,171,16.486038208007812,760.3177276447507,159.17927463296903,0.0,14.0,14,5.0,1,,175.48453608247422,178.0,60.0,255.0,17022.0,61.238283471558525,0.23756499602434708,1.1001711995284331
ID2448,2448,172,11.333511352539062,254.3167642913362,174.17134769330823,0.0,13.0,13,5.0,1,,189.4742268041237,185.0,131.0,255.0,18379.0,32.941264896626095,0.170010449295973,1.6715745195494724
ID2208,2208,172,14.544601440429688,264.08887839131233,163.19247360819676,0.0,12.0,12,5.0,1,,196.1958762886598,196.0,100.0,255.0,19031.0,46.42795475592124,0.19352619005803579,1.370402403051305
ID3328,3328,172,5.708473205566406,273.55044387805583,147.3586473042018,0.0,7.0,7,5.0,1,,105.5979381443299,97.0,67.0,171.0,10243.0,23.473238216554908,0.15134682620103748,1.1827135648130473
ID2065,2065,172,12.36260986328125,233.56132763124475,176.04205378522786,0.0,15.0,15,5.0,1,,137.55670103092783,120.0,56.0,251.0,13343.0,43.98578583667801,0.2048395416795402,1.0633689509389945
ID3429,3429,172,5.708473205566406,273.55044387805583,147.3586473042018,0.0,8.0,8,5.0,1,,105.5979381443299,97.0,67.0,171.0,10243.0,23.473238216554908,0.15134682620103748,1.1827135648130473
ID2775,2775,172,11.333511352539062,254.3167642913362,174.17134769330823,0.0,14.0,14,5.0,1,,189.4742268041237,185.0,131.0,255.0,18379.0,32.941264896626095,0.170010449295973,1.6715745195494724
ID3496,3496,172,15.108932495117188,268.55428965167323,157.21249055324267,0.0,10.0,10,5.0,1,,201.659793814433,207.0,60.0,255.0,19561.0,44.26786047224757,0.20246813022998486,1.5340654165341248
ID5817,5817,172,8.6368408203125,228.039071212481,178.84041115988038,0.0,16.0,16,5.0,1,,149.35051546391753,138.0,48.0,255.0,14487.0,53.928394120721435,0.116718216698241,0.5789142984511053
ID3036,3036,172,15.108932495117188,268.55428965167323,157.21249055324267,0.0,11.0,11,5.0,1,,201.659793814433,207.0,60.0,255.0,19561.0,44.26786047224757,0.20246813022998486,1.5340654165341248
ID5599,5599,172,8.6368408203125,228.039071212481,178.84041115988038,0.0,17.0,17,5.0,1,,149.35051546391753,138.0,48.0,255.0,14487.0,53.928394120721435,0.116718216698241,0.5789142984511053
ID2559,2559,172,6.420417785644531,266.587958081199,153.8200053610552,0.0,9.0,9,5.0,1,,122.18556701030928,116.0,69.0,210.0,11852.0,28.851751065037632,0.13547224714642686,1.010535415972424
ID4226,4226,173,15.238540649414062,180.94683968901913,673.9501981377514,0.0,14.0,14,5.0,1,,176.8762886597938,172.0,73.0,255.0,17157.0,48.61118221235187,0.24151595286529476,1.4156534368294076
ID5954,5954,173,15.755752563476562,186.9040447582597,662.1381938465726,0.0,16.0,16,5.0,1,,220.05154639175257,230.0,140.0,255.0,21345.0,35.108869704944404,0.21689816540762222,2.2342883179027964
ID4643,4643,173,12.450637817382812,188.20523415836976,670.2338510451949,0.0,5.0,5,5.0,1,,146.97938144329896,131.0,48.0,255.0,14257.0,55.04770268091789,0.1818062736742021,0.8215041964395697
ID3749,3749,173,14.402572631835938,184.9090949505914,671.0145239498996,0.0,9.0,9,5.0,1,,177.09278350515464,178.0,81.0,255.0,17178.0,46.80390886325333,0.21440956353624827,1.3360653742686281
ID2568,2568,173,16.584426879882812,180.158727034875,675.0180117020655,0.0,12.0,12,5.0,1,,186.51546391752578,193.0,59.0,255.0,18092.0,48.45060057291642,0.2409492130649052,1.4949173419016626
ID2504,2504,173,13.248626708984375,185.23274119215685,665.6486938769808,0.0,15.0,15,5.0,1,,198.2577319587629,197.0,130.0,255.0,19231.0,36.073500878563735,0.19290157657232795,1.7774729564818235
ID5736,5736,173,15.755752563476562,186.9040447582597,662.1381938465726,0.0,17.0,17,5.0,1,,220.05154639175257,230.0,140.0,255.0,21345.0,35.108869704944404,0.21689816540762222,2.2342883179027964
ID5513,5513,173,10.239875793457031,185.33527521709365,672.050334824105,0.0,1.0,1,5.0,1,,123.75257731958763,110.0,59.0,236.0,12004.0,43.70617589078875,0.2068437802513082,0.9705833764396922
ID5098,5098,173,10.239875793457031,185.33527521709365,672.050334824105,0.0,0.0,0,5.0,1,,123.75257731958763,110.0,59.0,236.0,12004.0,43.70617589078875,0.2068437802513082,0.9705833764396922
ID4684,4684,173,13.107666015625,186.72674849290547,666.7673340347167,0.0,10.0,10,5.0,1,,186.69072164948454,181.0,103.0,255.0,18109.0,48.081172862657965,0.16689710655579748,1.1106927106207147
ID4844,4844,173,10.239875793457031,185.33527521709365,672.050334824105,0.0,2.0,2,5.0,1,,123.75257731958763,110.0,59.0,236.0,12004.0,43.70617589078875,0.2068437802513082,0.9705833764396922
ID3472,3472,173,15.238540649414062,180.94683968901913,673.9501981377514,0.0,13.0,13,5.0,1,,176.8762886597938,172.0,73.0,255.0,17157.0,48.61118221235187,0.24151595286529476,1.4156534368294076
ID4657,4657,173,9.087326049804688,188.50695495983223,670.3101085540424,0.0,6.0,6,5.0,1,,145.8556701030928,146.0,56.0,255.0,14148.0,54.80970673056038,0.08496575487988137,0.41679617418030446
ID5457,5457,173,10.239875793457031,185.33527521709365,672.050334824105,0.0,3.0,3,5.0,1,,123.75257731958763,110.0,59.0,236.0,12004.0,43.70617589078875,0.2068437802513082,0.9705833764396922
ID4275,4275,173,12.450637817382812,188.20523415836976,670.2338510451949,0.0,4.0,4,5.0,1,,146.97938144329896,131.0,48.0,255.0,14257.0,55.04770268091789,0.1818062736742021,0.8215041964395697
ID4727,4727,173,9.840057373046875,185.90207811850314,675.1488639192258,0.0,7.0,7,5.0,1,,138.53608247422682,131.0,54.0,249.0,13438.0,42.691983501899514,0.17381801209480546,0.9610380315506808
ID4762,4762,173,9.840057373046875,185.90207811850314,675.1488639192258,0.0,8.0,8,5.0,1,,138.53608247422682,131.0,54.0,249.0,13438.0,42.691983501899514,0.17381801209480546,0.9610380315506808
ID4383,4383,173,13.107666015625,186.72674849290547,666.7673340347167,0.0,11.0,11,5.0,1,,186.69072164948454,181.0,103.0,255.0,18109.0,48.081172862657965,0.16689710655579748,1.1106927106207147
ID2064,2064,174,14.879379272460938,712.0163840624758,173.83619499667424,0.0,15.0,15,5.0,1,,211.04123711340208,221.0,122.0,255.0,20471.0,38.88227893424299,0.1999495193511706,1.808851842467006
ID2450,2450,174,14.448974609375,710.1692938875324,174.81384039802867,0.0,13.0,13,5.0,1,,201.96907216494844,207.0,116.0,255.0,19591.0,40.883078612532195,0.20388525826474943,1.673293034528009
ID2212,2212,174,14.053482055664062,709.9283148984385,172.10384434410014,0.0,12.0,12,5.0,1,,195.72164948453607,214.0,97.0,255.0,18985.0,49.481423759334774,0.1959634195474031,1.2962351334968854
ID5813,5813,174,14.038223266601562,708.0390400286964,171.4918595835081,0.0,16.0,16,5.0,1,,201.43298969072166,221.0,118.0,255.0,19539.0,44.32077842664367,0.1916738408979657,1.4620379793139788
ID5595,5595,174,14.038223266601562,708.0390400286964,171.4918595835081,0.0,17.0,17,5.0,1,,201.43298969072166,221.0,118.0,255.0,19539.0,44.32077842664367,0.1916738408979657,1.4620379793139788
ID2780,2780,174,14.448974609375,710.1692938875324,174.81384039802867,0.0,14.0,14,5.0,1,,201.96907216494844,207.0,116.0,255.0,19591.0,40.883078612532195,0.20388525826474943,1.673293034528009
ID5696,5696,175,8.305572509765625,687.0523363534984,519.4029824479275,0.0,17.0,17,5.0,1,,119.62886597938144,112.0,38.0,238.0,11604.0,42.16765140178272,0.12494024639375799,0.6301725362158609
ID2965,2965,175,6.3488922119140625,704.0989957353397,512.9390452715711,0.0,13.0,13,5.0,1,,101.03092783505154,101.0,23.0,218.0,9800.0,37.16698064373566,0.12367722773802195,0.5983774488466707
ID2375,2375,175,6.764411926269531,697.6247386889345,517.1306980125797,0.0,15.0,15,5.0,1,,119.50515463917526,122.0,59.0,168.0,11592.0,23.43035945064126,0.157657033237789,1.3892202903309447
ID3784,3784,175,6.3488922119140625,704.0989957353397,512.9390452715711,0.0,14.0,14,5.0,1,,101.03092783505154,101.0,23.0,218.0,9800.0,37.16698064373566,0.12367722773802195,0.5983774488466707
ID5914,5914,175,8.305572509765625,687.0523363534984,519.4029824479275,0.0,16.0,16,5.0,1,,119.62886597938144,112.0,38.0,238.0,11604.0,42.16765140178272,0.12494024639375799,0.6301725362158609
ID5600,5600,176,15.824935913085938,333.8402002661627,188.8230550803949,0.0,17.0,17,5.0,1,,202.28865979381445,212.0,108.0,255.0,19622.0,47.48178571017316,0.2202883564905272,1.538167264734587
ID5156,5156,176,14.835968017578125,350.0,171.0,0.0,3.0,3,5.0,1,,201.57731958762886,221.0,47.0,255.0,19553.0,55.189415321906466,0.18897554004955838,1.161043638782571
ID3461,3461,176,15.369308471679688,346.2498533237476,170.88006188120133,0.0,5.0,5,5.0,1,,216.3298969072165,235.0,103.0,255.0,20984.0,39.556321041829214,0.2152548222090981,1.9373861127133358
ID2216,2216,176,14.508148193359375,327.24219927946814,178.43915641066857,0.0,12.0,12,5.0,1,,219.22680412371133,237.0,118.0,255.0,21265.0,38.78855747152309,0.1913680783461302,1.8156977534606755
ID3081,3081,176,13.272293090820312,326.69248652783614,178.55828648150205,0.0,11.0,11,5.0,1,,206.41237113402062,225.0,110.0,255.0,20022.0,44.94180324257316,0.17594490790755,1.3743740635544741
ID3497,3497,176,13.286468505859375,337.5084655634274,174.9427517146407,0.0,8.0,8,5.0,1,,197.61855670103094,210.0,101.0,255.0,19169.0,50.828437598735235,0.16343537480441603,1.0923322533336994
ID3532,3532,176,13.272293090820312,326.69248652783614,178.55828648150205,0.0,10.0,10,5.0,1,,206.41237113402062,225.0,110.0,255.0,20022.0,44.94180324257316,0.17594490790755,1.3743740635544741
ID2605,2605,176,14.538467407226562,329.7073501299668,176.9506084031922,0.0,9.0,9,5.0,1,,201.11340206185568,221.0,119.0,255.0,19508.0,49.5245890712928,0.19035664634676674,1.2987963856326288
ID3410,3410,176,13.286468505859375,337.5084655634274,174.9427517146407,0.0,7.0,7,5.0,1,,197.61855670103094,210.0,101.0,255.0,19169.0,50.828437598735235,0.16343537480441603,1.0923322533336994
ID5234,5234,176,14.835968017578125,350.0,171.0,0.0,1.0,1,5.0,1,,201.57731958762886,221.0,47.0,255.0,19553.0,55.189415321906466,0.18897554004955838,1.161043638782571
ID2067,2067,176,15.444503784179688,327.331159958153,179.6017308668181,0.0,15.0,15,5.0,1,,201.5257731958763,217.0,67.0,255.0,19548.0,48.25887068359929,0.2216596860726481,1.5153742674021962
ID2455,2455,176,14.555023193359375,328.11439920515966,180.54982080942852,0.0,13.0,13,5.0,1,,212.8041237113402,229.0,118.0,255.0,20642.0,37.41508139976717,0.20064424372657796,1.9009719228933943
ID4921,4921,176,14.835968017578125,350.0,171.0,0.0,0.0,0,5.0,1,,201.57731958762886,221.0,47.0,255.0,19553.0,55.189415321906466,0.18897554004955838,1.161043638782571
ID5818,5818,176,15.824935913085938,333.8402002661627,188.8230550803949,0.0,16.0,16,5.0,1,,202.28865979381445,212.0,108.0,255.0,19622.0,47.48178571017316,0.2202883564905272,1.538167264734587
ID3387,3387,176,14.5948486328125,340.250665244001,170.80067298438803,0.0,6.0,6,5.0,1,,204.88659793814432,224.0,93.0,255.0,19874.0,50.44672856271666,0.18952885006648648,1.2942282854199654
ID3771,3771,176,14.835968017578125,350.0,171.0,0.0,2.0,2,5.0,1,,201.57731958762886,221.0,47.0,255.0,19553.0,55.189415321906466,0.18897554004955838,1.161043638782571
ID2974,2974,176,15.369308471679688,346.2498533237476,170.88006188120133,0.0,4.0,4,5.0,1,,216.3298969072165,235.0,103.0,255.0,20984.0,39.556321041829214,0.2152548222090981,1.9373861127133358
ID2783,2783,176,14.555023193359375,328.11439920515966,180.54982080942852,0.0,14.0,14,5.0,1,,212.8041237113402,229.0,118.0,255.0,20642.0,37.41508139976717,0.20064424372657796,1.9009719228933943
ID3777,3777,177,18.663558959960938,332.71389977310116,671.2638673476829,0.0,9.0,9,5.0,1,,183.98969072164948,188.0,94.0,255.0,17847.0,47.553148959296244,0.3172799289665224,1.863840433412536
ID5442,5442,177,17.10455322265625,320.74417235285455,655.1785883128134,0.0,3.0,3,5.0,1,,218.03092783505156,237.0,110.0,255.0,21149.0,40.5194021447975,0.24603330497042017,2.1249529558642486
ID4676,4676,177,16.734375,327.91544674154426,664.9926452282148,0.0,7.0,7,5.0,1,,189.51546391752578,186.0,98.0,255.0,18383.0,48.20833983046525,0.27200912959061424,1.6813019829224716
ID4837,4837,177,17.10455322265625,320.74417235285455,655.1785883128134,0.0,2.0,2,5.0,1,,218.03092783505156,237.0,110.0,255.0,21149.0,40.5194021447975,0.24603330497042017,2.1249529558642486
ID5958,5958,177,13.763107299804688,354.6051423332301,669.5205246736812,0.0,16.0,16,5.0,1,,156.03092783505156,146.0,41.0,250.0,15135.0,47.75358922117954,0.2551547328853121,1.3284371978646228
ID4234,4234,177,12.997650146484375,346.72795888914726,674.0312154391925,0.0,14.0,14,5.0,1,,181.42268041237114,182.0,94.0,255.0,17598.0,42.57195747876627,0.20121826666469705,1.4277212739844267
ID2571,2571,177,16.731521606445312,340.2348539623764,675.9368180072734,0.0,12.0,12,5.0,1,,182.1958762886598,178.0,105.0,255.0,17673.0,44.22966556680258,0.2858995229288455,1.831729242643348
ID4715,4715,177,16.734375,327.91544674154426,664.9926452282148,0.0,8.0,8,5.0,1,,189.51546391752578,186.0,98.0,255.0,18383.0,48.20833983046525,0.27200912959061424,1.6813019829224716
ID5740,5740,177,13.763107299804688,354.6051423332301,669.5205246736812,0.0,17.0,17,5.0,1,,156.03092783505156,146.0,41.0,250.0,15135.0,47.75358922117954,0.2551547328853121,1.3284371978646228
ID4622,4622,177,13.1494140625,326.4921155805467,659.622814238589,0.0,5.0,5,5.0,1,,195.18556701030928,215.0,67.0,255.0,18933.0,51.513212281111926,0.1811701141411538,1.1623399680653645
ID2513,2513,177,14.616668701171875,351.95762153218453,671.7742525400679,0.0,15.0,15,5.0,1,,182.64948453608247,182.0,81.0,251.0,17717.0,35.49766460543372,0.24826335283089224,2.046704105380635
ID4243,4243,177,13.1494140625,326.4921155805467,659.622814238589,0.0,4.0,4,5.0,1,,195.18556701030928,215.0,67.0,255.0,18933.0,51.513212281111926,0.1811701141411538,1.1623399680653645
ID4407,4407,177,18.076126098632812,336.8840177576881,673.2205904158944,0.0,11.0,11,5.0,1,,180.60824742268042,180.0,72.0,255.0,17519.0,50.49537039443792,0.31232132375548544,1.7024621407148552
ID4634,4634,177,15.0999755859375,331.8532089213366,662.0835673285196,0.0,6.0,6,5.0,1,,214.08247422680412,236.0,113.0,255.0,20766.0,43.52936511307932,0.2031505997444005,1.6608365549592106
ID3483,3483,177,12.997650146484375,346.72795888914726,674.0312154391925,0.0,13.0,13,5.0,1,,181.42268041237114,182.0,94.0,255.0,17598.0,42.57195747876627,0.20121826666469705,1.4277212739844267
ID4699,4699,177,18.076126098632812,336.8840177576881,673.2205904158944,0.0,10.0,10,5.0,1,,180.60824742268042,180.0,72.0,255.0,17519.0,50.49537039443792,0.31232132375548544,1.7024621407148552
ID5085,5085,177,17.10455322265625,320.74417235285455,655.1785883128134,0.0,0.0,0,5.0,1,,218.03092783505156,237.0,110.0,255.0,21149.0,40.5194021447975,0.24603330497042017,2.1249529558642486
ID5503,5503,177,17.10455322265625,320.74417235285455,655.1785883128134,0.0,1.0,1,5.0,1,,218.03092783505156,237.0,110.0,255.0,21149.0,40.5194021447975,0.24603330497042017,2.1249529558642486
ID3393,3393,178,14.330291748046875,709.0496704918793,170.8986395222167,0.0,7.0,7,5.0,1,,184.15463917525773,180.0,72.0,255.0,17863.0,53.05722936253708,0.19512243224317435,1.133346988488146
ID2788,2788,178,13.517562866210938,713.9245971610782,186.09642632833533,0.0,14.0,14,5.0,1,,189.44329896907217,178.0,116.0,255.0,18376.0,45.15089724841324,0.190561988653712,1.3431580589135887
ID2214,2214,178,13.933242797851562,709.9283148984385,172.10384434410014,0.0,12.0,12,5.0,1,,195.72164948453607,214.0,97.0,255.0,18985.0,49.481423759334774,0.1959634195474031,1.2962351334968854
ID2566,2566,178,14.298507690429688,710.0408250009674,171.8742697347812,0.0,9.0,9,5.0,1,,186.91752577319588,188.0,76.0,255.0,18131.0,52.03297634335139,0.2001715127752812,1.1982855099938623
ID2984,2984,178,14.13873291015625,712.8517083626099,173.04553355733094,0.0,4.0,4,5.0,1,,217.24742268041237,231.0,112.0,255.0,21073.0,39.50660043161436,0.17366758286861683,1.6273786683089753
ID5162,5162,178,17.305099487304688,716.6006646236806,174.27958047233207,0.0,3.0,3,5.0,1,,217.37113402061857,226.0,119.0,255.0,21085.0,36.948533909691214,0.2542289703990661,2.384969705049794
ID3404,3404,178,14.310882568359375,711.3156010336176,170.08697937974043,0.0,6.0,6,5.0,1,,192.50515463917526,201.0,89.0,255.0,18673.0,51.370817694999936,0.20326410940347184,1.2660638792023335
ID3853,3853,178,17.305099487304688,716.6006646236806,174.27958047233207,0.0,2.0,2,5.0,1,,217.37113402061857,226.0,119.0,255.0,21085.0,36.948533909691214,0.2542289703990661,2.384969705049794
ID3471,3471,178,14.13873291015625,712.8517083626099,173.04553355733094,0.0,5.0,5,5.0,1,,217.24742268041237,231.0,112.0,255.0,21073.0,39.50660043161436,0.17366758286861683,1.6273786683089753
ID2068,2068,178,14.738922119140625,715.883799368731,179.80129061176888,0.0,15.0,15,5.0,1,,203.53608247422682,209.0,116.0,255.0,19743.0,43.3971633711213,0.20429342965330666,1.5912270256031826
ID3062,3062,178,14.018814086914062,709.8580330302192,170.27402911702086,0.0,11.0,11,5.0,1,,194.06185567010309,203.0,110.0,255.0,18824.0,46.21751436436861,0.19567400456528034,1.3743075633610573
ID5238,5238,178,17.305099487304688,716.6006646236806,174.27958047233207,0.0,1.0,1,5.0,1,,217.37113402061857,226.0,119.0,255.0,21085.0,36.948533909691214,0.2542289703990661,2.384969705049794
ID5816,5816,178,15.347854614257812,712.9522227300347,177.93786510463022,0.0,16.0,16,5.0,1,,204.29896907216494,215.0,116.0,255.0,19817.0,43.466741344305795,0.2145933999989251,1.6608275174140272
ID3513,3513,178,14.018814086914062,709.8580330302192,170.27402911702086,0.0,10.0,10,5.0,1,,194.06185567010309,203.0,110.0,255.0,18824.0,46.21751436436861,0.19567400456528034,1.3743075633610573
ID2460,2460,178,13.517562866210938,713.9245971610782,186.09642632833533,0.0,13.0,13,5.0,1,,189.44329896907217,178.0,116.0,255.0,18376.0,45.15089724841324,0.190561988653712,1.3431580589135887
ID4924,4924,178,17.305099487304688,716.6006646236806,174.27958047233207,0.0,0.0,0,5.0,1,,217.37113402061857,226.0,119.0,255.0,21085.0,36.948533909691214,0.2542289703990661,2.384969705049794
ID5598,5598,178,15.347854614257812,712.9522227300347,177.93786510463022,0.0,17.0,17,5.0,1,,204.29896907216494,215.0,116.0,255.0,19817.0,43.466741344305795,0.2145933999989251,1.6608275174140272
ID3487,3487,178,14.330291748046875,709.0496704918793,170.8986395222167,0.0,8.0,8,5.0,1,,184.15463917525773,180.0,72.0,255.0,17863.0,53.05722936253708,0.19512243224317435,1.133346988488146
ID2464,2464,179,10.90985107421875,417.2120292851424,188.31212184989923,0.0,13.0,13,5.0,1,,190.8659793814433,192.0,118.0,255.0,18514.0,32.56743928181291,0.1677880102281878,1.684115296582576
ID2224,2224,179,7.181709289550781,413.33592083932393,190.91176427824107,0.0,12.0,12,5.0,1,,133.46391752577318,130.0,82.0,254.0,12946.0,41.25456082252959,0.10788747568782182,0.630082292812734
ID3537,3537,179,5.887077331542969,426.9987205345197,211.08406539322726,0.0,6.0,6,5.0,1,,99.76288659793815,95.0,13.0,238.0,9677.0,48.17843855482198,0.0522340492434155,0.205583201527874
ID3556,3556,179,10.839401245117188,428.6655971973921,183.69824508202453,0.0,10.0,10,5.0,1,,203.0721649484536,208.0,110.0,255.0,19698.0,38.66206350725702,0.1432833512977592,1.316549571852382
ID2072,2072,179,12.349319458007812,409.15329716534956,194.78056075214946,0.0,15.0,15,5.0,1,,208.84536082474227,217.0,133.0,255.0,20258.0,34.85007777555452,0.16234156049796317,1.6739675163392624
ID2793,2793,179,10.90985107421875,417.2120292851424,188.31212184989923,0.0,14.0,14,5.0,1,,190.8659793814433,192.0,118.0,255.0,18514.0,32.56743928181291,0.1677880102281878,1.684115296582576
ID3099,3099,179,10.839401245117188,428.6655971973921,183.69824508202453,0.0,11.0,11,5.0,1,,203.0721649484536,208.0,110.0,255.0,19698.0,38.66206350725702,0.1432833512977592,1.316549571852382
ID2620,2620,179,10.885986328125,426.02547719918374,184.53036257979107,0.0,9.0,9,5.0,1,,208.05154639175257,216.0,122.0,254.0,20181.0,35.38107166210152,0.1361545327530694,1.4093688202493424
ID3501,3501,179,9.582229614257812,432.481718774452,192.48028892340793,0.0,7.0,7,5.0,1,,180.79381443298968,185.0,86.0,255.0,17537.0,42.6812161417667,0.11753318449268968,0.8909982539752725
ID3582,3582,179,9.582229614257812,432.481718774452,192.48028892340793,0.0,8.0,8,5.0,1,,180.79381443298968,185.0,86.0,255.0,17537.0,42.6812161417667,0.11753318449268968,0.8909982539752725
ID2976,2976,180,16.322113037109375,60.811367874636,514.06051829188,0.0,13.0,13,5.0,1,,196.49484536082474,208.0,103.0,255.0,19060.0,48.67539670086168,0.22908713797778868,1.5048377962744293
ID4256,4256,180,10.47161865234375,93.9374308844297,460.85691644814494,0.0,8.0,8,5.0,1,,153.04123711340208,146.0,49.0,255.0,14845.0,54.351463780842884,0.1409542155434314,0.6957241358866887
ID5921,5921,180,12.37078857421875,64.54407598144434,538.8321889575238,0.0,16.0,16,5.0,1,,194.88659793814432,197.0,110.0,254.0,18904.0,39.06961636208388,0.17421877562164367,1.480194411251343
ID2370,2370,180,11.296493530273438,65.19115392702963,500.542603203245,0.0,12.0,12,5.0,1,,150.27835051546393,137.0,37.0,255.0,14577.0,56.56628528181952,0.17096725752020164,0.775777088928062
ID4227,4227,180,7.372871398925781,55.41703283368385,448.4818181636074,0.0,6.0,6,5.0,1,,112.03092783505154,102.0,40.0,246.0,10867.0,39.985011152161604,0.14674674012508718,0.7170866795738682
ID3077,3077,180,16.586761474609375,91.3013516306033,472.7635933719207,0.0,9.0,9,5.0,1,,162.58762886597938,152.0,73.0,255.0,15771.0,54.19424027232191,0.2797572395383809,1.3116504109201395
ID4230,4230,180,10.47161865234375,93.9374308844297,460.85691644814494,0.0,7.0,7,5.0,1,,153.04123711340208,146.0,49.0,255.0,14845.0,54.351463780842884,0.1409542155434314,0.6957241358866887
ID5703,5703,180,12.37078857421875,64.54407598144434,538.8321889575238,0.0,17.0,17,5.0,1,,194.88659793814432,197.0,110.0,254.0,18904.0,39.06961636208388,0.17421877562164367,1.480194411251343
ID2378,2378,180,15.382553100585938,64.26118968548377,520.5233309607727,0.0,15.0,15,5.0,1,,209.28865979381445,221.0,88.0,255.0,20301.0,41.869330154184894,0.2046249260763298,1.698190354796698
ID4559,4559,180,12.5474853515625,29.488274004209632,465.52895464382124,0.0,2.0,2,5.0,1,,213.30927835051546,230.0,91.0,255.0,20691.0,38.99876088435971,0.15338502347563343,1.4547808750404942
ID3793,3793,180,16.322113037109375,60.811367874636,514.06051829188,0.0,14.0,14,5.0,1,,196.49484536082474,208.0,103.0,255.0,19060.0,48.67539670086168,0.22908713797778868,1.5048377962744293
ID5009,5009,180,12.5474853515625,29.488274004209632,465.52895464382124,0.0,0.0,0,5.0,1,,213.30927835051546,230.0,91.0,255.0,20691.0,38.99876088435971,0.15338502347563343,1.4547808750404942
ID3925,3925,180,16.376434326171875,86.63049162328907,483.28962172954914,0.0,11.0,11,5.0,1,,211.57731958762886,231.0,125.0,255.0,20523.0,39.39565200510353,0.2225193349559756,1.955072337129929
ID4344,4344,180,16.376434326171875,86.63049162328907,483.28962172954914,0.0,10.0,10,5.0,1,,211.57731958762886,231.0,125.0,255.0,20523.0,39.39565200510353,0.2225193349559756,1.955072337129929
ID5337,5337,180,12.5474853515625,29.488274004209632,465.52895464382124,0.0,3.0,3,5.0,1,,213.30927835051546,230.0,91.0,255.0,20691.0,38.99876088435971,0.15338502347563343,1.4547808750404942
ID5404,5404,180,12.5474853515625,29.488274004209632,465.52895464382124,0.0,1.0,1,5.0,1,,213.30927835051546,230.0,91.0,255.0,20691.0,38.99876088435971,0.15338502347563343,1.4547808750404942
ID4286,4286,180,11.642898559570312,21.11202037467057,468.15906011939325,0.0,5.0,5,5.0,1,,208.09278350515464,212.0,138.0,255.0,20185.0,33.11126522619945,0.152131870345923,1.6596986985619293
ID3838,3838,180,11.642898559570312,21.11202037467057,468.15906011939325,0.0,4.0,4,5.0,1,,208.09278350515464,212.0,138.0,255.0,20185.0,33.11126522619945,0.152131870345923,1.6596986985619293
ID5184,5184,181,14.1029052734375,329.38166376348624,208.5021310125972,0.0,3.0,3,5.0,1,,205.08247422680412,215.0,109.0,255.0,19893.0,47.24860449947453,0.18434809498378757,1.3512286539037337
ID3105,3105,181,11.569427490234375,330.78662281156704,213.0765381772997,0.0,4.0,4,5.0,1,,212.23711340206185,225.0,127.0,255.0,20587.0,36.20018795873058,0.14911022474575542,1.5215500275010974
ID5602,5602,181,13.41912841796875,316.9884875095635,193.4608146711092,0.0,17.0,17,5.0,1,,145.35051546391753,136.0,58.0,255.0,14099.0,50.18798852753378,0.21304712063063153,1.0172900098696864
ID2467,2467,181,9.88922119140625,331.2497285246496,190.68307696194478,0.0,13.0,13,5.0,1,,190.36082474226805,187.0,95.0,255.0,18465.0,38.088489503340085,0.12358346432218016,1.099433205712455
ID3108,3108,181,13.784912109375,335.47720927326293,190.5394175475752,0.0,11.0,11,5.0,1,,198.7319587628866,202.0,103.0,255.0,19277.0,47.388359036423154,0.18686708626298568,1.3205558276487466
ID3460,3460,181,13.288223266601562,346.92490515816934,183.3734599397919,0.0,7.0,7,5.0,1,,204.5257731958763,215.0,90.0,255.0,19839.0,43.34841711438865,0.16195622753864838,1.3152632313095625
ID4934,4934,181,14.1029052734375,329.38166376348624,208.5021310125972,0.0,0.0,0,5.0,1,,205.08247422680412,215.0,109.0,255.0,19893.0,47.24860449947453,0.18434809498378757,1.3512286539037337
ID3625,3625,181,11.569427490234375,330.78662281156704,213.0765381772997,0.0,5.0,5,5.0,1,,212.23711340206185,225.0,127.0,255.0,20587.0,36.20018795873058,0.14911022474575542,1.5215500275010974
ID5258,5258,181,14.1029052734375,329.38166376348624,208.5021310125972,0.0,1.0,1,5.0,1,,205.08247422680412,215.0,109.0,255.0,19893.0,47.24860449947453,0.18434809498378757,1.3512286539037337
ID2220,2220,181,11.991012573242188,331.13983545712404,187.96296350468938,0.0,12.0,12,5.0,1,,200.16494845360825,207.0,111.0,255.0,19416.0,42.53275218688611,0.1514324729268359,1.2378701206339338
ID2797,2797,181,9.88922119140625,331.2497285246496,190.68307696194478,0.0,14.0,14,5.0,1,,190.36082474226805,187.0,95.0,255.0,18465.0,38.088489503340085,0.12358346432218016,1.099433205712455
ID3568,3568,181,13.784912109375,335.47720927326293,190.5394175475752,0.0,10.0,10,5.0,1,,198.7319587628866,202.0,103.0,255.0,19277.0,47.388359036423154,0.18686708626298568,1.3205558276487466
ID3952,3952,181,14.1029052734375,329.38166376348624,208.5021310125972,0.0,2.0,2,5.0,1,,205.08247422680412,215.0,109.0,255.0,19893.0,47.24860449947453,0.18434809498378757,1.3512286539037337
ID3473,3473,181,7.97674560546875,347.6935223973112,186.95766362374454,0.0,6.0,6,5.0,1,,147.69072164948454,134.0,72.0,255.0,14326.0,50.57242348535545,0.0908378544972008,0.48638044950560483
ID2069,2069,181,5.778816223144531,310.64480892597766,191.6479753618098,0.0,15.0,15,5.0,1,,97.62886597938144,101.0,32.0,139.0,9470.0,24.82032080256555,0.11584088157215573,0.8166960123280229
ID2616,2616,181,12.0086669921875,340.0,184.0,0.0,9.0,9,5.0,1,,205.93814432989691,217.0,109.0,255.0,19976.0,41.18373830393841,0.13361506597318726,1.1787748097767585
ID3546,3546,181,13.288223266601562,346.92490515816934,183.3734599397919,0.0,8.0,8,5.0,1,,204.5257731958763,215.0,90.0,255.0,19839.0,43.34841711438865,0.16195622753864838,1.3152632313095625
ID5820,5820,181,13.41912841796875,316.9884875095635,193.4608146711092,0.0,16.0,16,5.0,1,,145.35051546391753,136.0,58.0,255.0,14099.0,50.18798852753378,0.21304712063063153,1.0172900098696864
ID2560,2560,182,11.914321899414062,359.27619403858444,670.7934453012231,0.0,12.0,12,5.0,1,,177.06185567010309,164.0,104.0,255.0,17175.0,49.428149544100386,0.17654065505317681,1.075024718219842
ID5744,5744,182,8.592277526855469,358.23353977580604,677.4361099429619,0.0,17.0,17,5.0,1,,125.15463917525773,129.0,6.0,255.0,12140.0,51.031105752232456,0.1695177418003956,0.7109684242989839
ID4689,4689,182,13.538314819335938,353.76897294903927,667.5871631236708,0.0,10.0,10,5.0,1,,189.79381443298968,200.0,100.0,255.0,18410.0,48.97234299078279,0.1830008190573743,1.1990275323026658
ID4242,4242,182,12.600662231445312,353.2000983715638,681.7170243834298,0.0,14.0,14,5.0,1,,170.97938144329896,174.0,73.0,255.0,16585.0,42.80308093015505,0.20707000551423388,1.3705138973504725
ID3492,3492,182,12.600662231445312,353.2000983715638,681.7170243834298,0.0,13.0,13,5.0,1,,170.97938144329896,174.0,73.0,255.0,16585.0,42.80308093015505,0.20707000551423388,1.3705138973504725
ID4724,4724,182,13.2314453125,351.77883556886394,669.6406163610976,0.0,8.0,8,5.0,1,,204.6701030927835,216.0,94.0,255.0,19853.0,44.56823458882188,0.17351453399282363,1.3580206006163842
ID4692,4692,182,6.322776794433594,346.7131910760451,681.149760562497,0.0,6.0,6,5.0,1,,122.6701030927835,117.0,35.0,218.0,11899.0,35.01241495571146,0.08957718105441477,0.5760843151864113
ID4390,4390,182,13.538314819335938,353.76897294903927,667.5871631236708,0.0,11.0,11,5.0,1,,189.79381443298968,200.0,100.0,255.0,18410.0,48.97234299078279,0.1830008190573743,1.1990275323026658
ID5962,5962,182,8.592277526855469,358.23353977580604,677.4361099429619,0.0,16.0,16,5.0,1,,125.15463917525773,129.0,6.0,255.0,12140.0,51.031105752232456,0.1695177418003956,0.7109684242989839
ID3786,3786,182,11.967926025390625,353.58951749951126,674.8724606414045,0.0,9.0,9,5.0,1,,192.08247422680412,204.0,98.0,255.0,18632.0,52.96926587321903,0.13147263568520148,0.8427234857832306
ID2526,2526,182,12.989425659179688,356.13181409784346,679.0160158860228,0.0,15.0,15,5.0,1,,155.79381443298968,157.0,20.0,255.0,15112.0,49.66679351444858,0.20965040345415048,1.0873013101029023
ID4687,4687,182,13.2314453125,351.77883556886394,669.6406163610976,0.0,7.0,7,5.0,1,,204.6701030927835,216.0,94.0,255.0,19853.0,44.56823458882188,0.17351453399282363,1.3580206006163842
ID4928,4928,183,15.335052490234375,120.95187287007872,197.114202094765,0.0,0.0,0,5.0,1,,145.1237113402062,131.0,52.0,255.0,14077.0,60.845305511182545,0.24903441284421293,0.9511001631224762
ID3493,3493,183,15.839248657226562,99.66810457014232,196.61947652599792,0.0,6.0,6,5.0,1,,157.06185567010309,141.0,89.0,255.0,15235.0,52.460067041709145,0.24967614008255615,1.1963312363713714
ID3590,3590,183,7.6805877685546875,96.99658476776666,199.04074188000823,0.0,10.0,10,5.0,1,,145.1340206185567,147.0,76.0,212.0,14078.0,31.28319199465698,0.1090792335723563,0.9125731072427071
ID2630,2630,183,15.299728393554688,95.67485736663467,192.18281559701876,0.0,9.0,9,5.0,1,,164.659793814433,160.0,56.0,255.0,15972.0,56.42784599932655,0.2272866460307612,1.0808165887479753
ID2471,2471,183,13.733078002929688,113.56977098017946,199.9485784261641,0.0,13.0,13,5.0,1,,211.93814432989691,225.0,118.0,255.0,20558.0,38.64712538711366,0.187683286986139,1.7331928255557765
ID3593,3593,183,13.582015991210938,98.36716157042599,195.74711995929994,0.0,8.0,8,5.0,1,,159.44329896907217,157.0,72.0,255.0,15466.0,47.970904608975616,0.21527588827486563,1.177548673491263
ID3086,3086,183,5.42431640625,101.3589705675013,204.40657238366248,0.0,4.0,4,5.0,1,,91.12371134020619,94.0,40.0,136.0,8839.0,23.897026371827266,0.1284369100523858,0.8680207320579154
ID5170,5170,183,15.335052490234375,120.95187287007872,197.114202094765,0.0,3.0,3,5.0,1,,145.1237113402062,131.0,52.0,255.0,14077.0,60.845305511182545,0.24903441284421293,0.9511001631224762
ID3604,3604,183,5.42431640625,101.3589705675013,204.40657238366248,0.0,5.0,5,5.0,1,,91.12371134020619,94.0,40.0,136.0,8839.0,23.897026371827266,0.1284369100523858,0.8680207320579154
ID3892,3892,183,15.335052490234375,120.95187287007872,197.114202094765,0.0,2.0,2,5.0,1,,145.1237113402062,131.0,52.0,255.0,14077.0,60.845305511182545,0.24903441284421293,0.9511001631224762
ID2808,2808,183,13.680831909179688,113.56977098017946,199.9485784261641,0.0,14.0,14,5.0,1,,211.93814432989691,225.0,118.0,255.0,20558.0,38.64712538711366,0.187683286986139,1.7331928255557765
ID3128,3128,183,7.6805877685546875,96.99658476776666,199.04074188000823,0.0,11.0,11,5.0,1,,145.1340206185567,147.0,76.0,212.0,14078.0,31.28319199465698,0.1090792335723563,0.9125731072427071
ID3512,3512,183,13.582015991210938,98.36716157042599,195.74711995929994,0.0,7.0,7,5.0,1,,159.44329896907217,157.0,72.0,255.0,15466.0,47.970904608975616,0.21527588827486563,1.177548673491263
ID5246,5246,183,15.335052490234375,120.95187287007872,197.114202094765,0.0,1.0,1,5.0,1,,145.1237113402062,131.0,52.0,255.0,14077.0,60.845305511182545,0.24903441284421293,0.9511001631224762
ID5824,5824,184,12.600204467773438,70.6777107853089,201.93595090258228,0.0,16.0,16,5.0,1,,190.97938144329896,189.0,107.0,255.0,18525.0,36.98816797905427,0.18205046124777077,1.5904111931681622
ID2804,2804,184,11.264602661132812,79.0,201.0,0.0,14.0,14,5.0,1,,175.7319587628866,168.0,98.0,255.0,17046.0,48.239531563835506,0.15393361948057765,0.9719195505758689
ID5606,5606,184,12.600204467773438,70.6777107853089,201.93595090258228,0.0,17.0,17,5.0,1,,190.97938144329896,189.0,107.0,255.0,18525.0,36.98816797905427,0.18205046124777077,1.5904111931681622
ID2474,2474,184,11.264602661132812,79.0,201.0,0.0,13.0,13,5.0,1,,175.7319587628866,168.0,98.0,255.0,17046.0,48.239531563835506,0.15393361948057765,0.9719195505758689
ID2076,2076,184,9.937774658203125,67.87833466870667,202.75814817253442,0.0,15.0,15,5.0,1,,140.23711340206185,116.0,86.0,255.0,13603.0,49.54202197711309,0.15897464427837166,0.7765566784234302
ID4449,4449,185,12.830734252929688,421.63580972002336,502.4944619101486,0.0,10.0,10,5.0,1,,176.7319587628866,173.0,41.0,255.0,17143.0,56.56937397713493,0.16062802878174734,0.8647528245025009
ID4389,4389,185,11.37652587890625,465.9753567459575,491.53731580450005,0.0,6.0,6,5.0,1,,192.2164948453608,202.0,91.0,255.0,18645.0,48.40222679194877,0.13819217809778542,0.9643244363502178
ID4457,4457,185,5.20892333984375,447.5143254932806,500.39618191303583,0.0,7.0,7,5.0,1,,107.35051546391753,101.0,37.0,207.0,10413.0,31.307959995926417,0.11518005443861754,0.7082908733904879
ID5035,5035,185,9.707626342773438,461.0,490.0,0.0,0.0,0,5.0,1,,181.56701030927834,181.0,103.0,255.0,17612.0,41.39442072321232,0.14735696159515138,1.126671300548331
ID2989,2989,185,13.597824096679688,428.1277064078683,514.7641153551314,0.0,13.0,13,5.0,1,,215.7835051546392,229.0,130.0,255.0,20931.0,36.08647796270202,0.1734148645794994,1.7674147606556838
ID3182,3182,185,12.6279296875,416.68128056727556,489.0459178785379,0.0,9.0,9,5.0,1,,200.60824742268042,208.0,83.0,255.0,19459.0,45.27498313570251,0.1835814593242118,1.3745202635308065
ID4047,4047,185,12.830734252929688,421.63580972002336,502.4944619101486,0.0,11.0,11,5.0,1,,176.7319587628866,173.0,41.0,255.0,17143.0,56.56937397713493,0.16062802878174734,0.8647528245025009
ID2384,2384,185,12.2947998046875,428.7576525886933,509.9931715524365,0.0,12.0,12,5.0,1,,166.27835051546393,159.0,63.0,255.0,16129.0,60.55089840168234,0.17569180388509012,0.8207353197891505
ID5904,5904,185,5.8223419189453125,425.5017019036198,495.5115534145915,0.0,16.0,16,5.0,1,,105.83505154639175,96.0,35.0,250.0,10266.0,47.06747824762939,0.05971878215583401,0.25343051237469033
ID4465,4465,185,5.20892333984375,447.5143254932806,500.39618191303583,0.0,8.0,8,5.0,1,,107.35051546391753,101.0,37.0,207.0,10413.0,31.307959995926417,0.11518005443861754,0.7082908733904879
ID3985,3985,185,11.815582275390625,471.9263358810064,492.23540391226817,0.0,4.0,4,5.0,1,,216.09278350515464,238.0,113.0,255.0,20961.0,45.656571833049334,0.13068151283591825,1.0940592001307596
ID2355,2355,185,13.17327880859375,427.49591381600925,498.784390583837,0.0,15.0,15,5.0,1,,206.24742268041237,215.0,108.0,255.0,20006.0,40.067919141501434,0.1779625799266609,1.555317060082927
ID4659,4659,185,9.707626342773438,461.0,490.0,0.0,2.0,2,5.0,1,,181.56701030927834,181.0,103.0,255.0,17612.0,41.39442072321232,0.14735696159515138,1.126671300548331
ID5686,5686,185,5.8223419189453125,425.5017019036198,495.5115534145915,0.0,17.0,17,5.0,1,,105.83505154639175,96.0,35.0,250.0,10266.0,47.06747824762939,0.05971878215583401,0.25343051237469033
ID3799,3799,185,13.597824096679688,428.1277064078683,514.7641153551314,0.0,14.0,14,5.0,1,,215.7835051546392,229.0,130.0,255.0,20931.0,36.08647796270202,0.1734148645794994,1.7674147606556838
ID4411,4411,185,11.815582275390625,471.9263358810064,492.23540391226817,0.0,5.0,5,5.0,1,,216.09278350515464,238.0,113.0,255.0,20961.0,45.656571833049334,0.13068151283591825,1.0940592001307596
ID5371,5371,185,9.707626342773438,461.0,490.0,0.0,3.0,3,5.0,1,,181.56701030927834,181.0,103.0,255.0,17612.0,41.39442072321232,0.14735696159515138,1.126671300548331
ID5439,5439,185,9.707626342773438,461.0,490.0,0.0,1.0,1,5.0,1,,181.56701030927834,181.0,103.0,255.0,17612.0,41.39442072321232,0.14735696159515138,1.126671300548331
ID2624,2624,186,14.87060546875,120.93462256795962,188.30531778021577,0.0,9.0,9,5.0,1,,227.51546391752578,244.0,136.0,255.0,22069.0,34.37632221761983,0.1986722070413398,2.1939068558502273
ID5825,5825,186,14.948760986328125,106.56268066905527,203.19699234115066,0.0,16.0,16,5.0,1,,226.0721649484536,242.0,137.0,255.0,21929.0,33.82314525054072,0.1993890168544858,2.2223080666734125
ID5157,5157,186,11.910964965820312,113.82741215485558,173.27058051269935,0.0,3.0,3,5.0,1,,195.10309278350516,209.0,111.0,255.0,18925.0,46.78440902517688,0.1518921996601033,1.0998073957602446
ID5607,5607,186,14.948760986328125,106.56268066905527,203.19699234115066,0.0,17.0,17,5.0,1,,226.0721649484536,242.0,137.0,255.0,21929.0,33.82314525054072,0.1993890168544858,2.2223080666734125
ID2478,2478,186,13.680831909179688,113.56977098017946,199.9485784261641,0.0,13.0,13,5.0,1,,211.93814432989691,225.0,118.0,255.0,20558.0,38.64712538711366,0.187683286986139,1.7331928255557765
ID2800,2800,186,13.733078002929688,113.56977098017946,199.9485784261641,0.0,14.0,14,5.0,1,,211.93814432989691,225.0,118.0,255.0,20558.0,38.64712538711366,0.187683286986139,1.7331928255557765
ID3120,3120,186,14.751739501953125,118.19460212801005,191.63579896788835,0.0,11.0,11,5.0,1,,223.51546391752578,238.0,127.0,255.0,21681.0,34.13762385613499,0.19056442367684226,2.0960093078505992
ID2226,2226,186,14.541290283203125,116.63073238397718,198.15418067100427,0.0,12.0,12,5.0,1,,221.50515463917526,233.0,130.0,255.0,21486.0,34.15440543550599,0.1914450563263566,2.0841896736046226
ID2994,2994,186,12.724456787109375,122.83128640370387,175.3059442432303,0.0,4.0,4,5.0,1,,208.02061855670104,224.0,115.0,255.0,20178.0,46.06652331625142,0.14736306873617772,1.1599485659975528
ID3539,3539,186,14.792922973632812,121.16525820553227,182.94114391385588,0.0,8.0,8,5.0,1,,231.15463917525773,247.0,130.0,255.0,22422.0,31.268774429061565,0.1923507427518079,2.385127452909397
ID5235,5235,186,11.910964965820312,113.82741215485558,173.27058051269935,0.0,1.0,1,5.0,1,,195.10309278350516,209.0,111.0,255.0,18925.0,46.78440902517688,0.1518921996601033,1.0998073957602446
ID3479,3479,186,12.724456787109375,122.83128640370387,175.3059442432303,0.0,5.0,5,5.0,1,,208.02061855670104,224.0,115.0,255.0,20178.0,46.06652331625142,0.14736306873617772,1.1599485659975528
ID3448,3448,186,14.792922973632812,121.16525820553227,182.94114391385588,0.0,7.0,7,5.0,1,,231.15463917525773,247.0,130.0,255.0,22422.0,31.268774429061565,0.1923507427518079,2.385127452909397
ID3416,3416,186,14.636795043945312,123.65349592728076,179.33599302631396,0.0,6.0,6,5.0,1,,227.95876288659792,245.0,137.0,255.0,22112.0,33.291301893842196,0.19073380128683698,2.1936558276350886
ID3834,3834,186,11.910964965820312,113.82741215485558,173.27058051269935,0.0,2.0,2,5.0,1,,195.10309278350516,209.0,111.0,255.0,18925.0,46.78440902517688,0.1518921996601033,1.0998073957602446
ID4922,4922,186,11.910964965820312,113.82741215485558,173.27058051269935,0.0,0.0,0,5.0,1,,195.10309278350516,209.0,111.0,255.0,18925.0,46.78440902517688,0.1518921996601033,1.0998073957602446
ID3579,3579,186,14.751739501953125,118.19460212801005,191.63579896788835,0.0,10.0,10,5.0,1,,223.51546391752578,238.0,127.0,255.0,21681.0,34.13762385613499,0.19056442367684226,2.0960093078505992
ID2077,2077,186,13.894180297851562,110.61727900278763,202.7132316231956,0.0,15.0,15,5.0,1,,207.39175257731958,219.0,115.0,255.0,20117.0,40.488567496740906,0.18708276773928617,1.6145141347092595
ID5536,5536,187,5.0527801513671875,180.0,735.0,0.0,1.0,1,5.0,1,,127.42268041237114,109.0,39.0,255.0,12360.0,60.185621734546224,0.13756458400943714,0.5120525785437114
ID5507,5507,187,5.0527801513671875,180.0,735.0,0.0,3.0,3,5.0,1,,127.42268041237114,109.0,39.0,255.0,12360.0,60.185621734546224,0.13756458400943714,0.5120525785437114
ID4867,4867,187,5.0527801513671875,180.0,735.0,0.0,2.0,2,5.0,1,,127.42268041237114,109.0,39.0,255.0,12360.0,60.185621734546224,0.13756458400943714,0.5120525785437114
ID4522,4522,187,14.40985107421875,186.0,735.0,0.0,4.0,4,5.0,1,,167.4020618556701,169.0,39.0,255.0,16238.0,57.36281820457509,0.2872878306363384,1.3025724393160165
ID5963,5963,187,9.559242248535156,186.80714447297103,678.3220521130621,0.0,16.0,16,5.0,1,,116.09278350515464,102.0,26.0,255.0,11261.0,48.80212650639716,0.14839689706792253,0.6147935226227437
ID3502,3502,187,12.227325439453125,196.9654220070291,683.1155027910004,0.0,13.0,13,5.0,1,,160.89690721649484,162.0,86.0,255.0,15607.0,44.98228459999617,0.18825938333850614,1.1333957037838307
ID5136,5136,187,5.0527801513671875,180.0,735.0,0.0,0.0,0,5.0,1,,127.42268041237114,109.0,39.0,255.0,12360.0,60.185621734546224,0.13756458400943714,0.5120525785437114
ID5745,5745,187,9.559242248535156,186.80714447297103,678.3220521130621,0.0,17.0,17,5.0,1,,116.09278350515464,102.0,26.0,255.0,11261.0,48.80212650639716,0.14839689706792253,0.6147935226227437
ID3825,3825,187,9.739181518554688,193.9253669619838,685.2898369128416,0.0,9.0,9,5.0,1,,144.49484536082474,143.0,38.0,236.0,14016.0,40.513404086214734,0.15365801484376215,0.9500834325259357
ID2578,2578,187,12.928085327148438,191.126295832553,686.0317816700589,0.0,12.0,12,5.0,1,,170.75257731958763,179.0,95.0,251.0,16563.0,47.028145590308256,0.19188620854418664,1.1690911595548148
ID4818,4818,187,14.40985107421875,186.0,735.0,0.0,5.0,5,5.0,1,,167.4020618556701,169.0,39.0,255.0,16238.0,57.36281820457509,0.2872878306363384,1.3025724393160165
ID4790,4790,187,12.182998657226562,184.7628214782406,729.1721660227703,0.0,6.0,6,5.0,1,,206.93814432989691,225.0,113.0,255.0,20073.0,39.36655053071434,0.16322706637926726,1.4752677907625558
ID4729,4729,187,14.76129150390625,196.4364720026882,681.4547462575682,0.0,10.0,10,5.0,1,,179.30927835051546,187.0,81.0,255.0,17393.0,50.581485583648075,0.20030859254093922,1.1831718877529056
ID4761,4761,187,7.8332977294921875,196.26137791193514,688.0090582829247,0.0,7.0,7,5.0,1,,112.61855670103093,107.0,42.0,252.0,10924.0,46.90447813086211,0.11116057814180956,0.48039625859694823
ID2522,2522,187,9.276214599609375,184.92188635719893,678.1341154796928,0.0,15.0,15,5.0,1,,128.82474226804123,130.0,41.0,254.0,12496.0,46.32471674433962,0.14204006706432615,0.6917450072846506
ID4442,4442,187,14.76129150390625,196.4364720026882,681.4547462575682,0.0,11.0,11,5.0,1,,179.30927835051546,187.0,81.0,255.0,17393.0,50.581485583648075,0.20030859254093922,1.1831718877529056
ID4251,4251,187,12.227325439453125,196.9654220070291,683.1155027910004,0.0,14.0,14,5.0,1,,160.89690721649484,162.0,86.0,255.0,15607.0,44.98228459999617,0.18825938333850614,1.1333957037838307
ID4798,4798,187,7.8332977294921875,196.26137791193514,688.0090582829247,0.0,8.0,8,5.0,1,,112.61855670103093,107.0,42.0,252.0,10924.0,46.90447813086211,0.11116057814180956,0.48039625859694823
ID3072,3072,188,13.159896850585938,326.173302705224,178.43425063981405,0.0,11.0,11,5.0,1,,199.02061855670104,211.0,108.0,255.0,19305.0,49.54627033168156,0.16341232896765698,1.128413458448429
ID5826,5826,188,13.957565307617188,335.77891797317477,203.87049184212952,0.0,16.0,16,5.0,1,,186.77319587628867,194.0,109.0,254.0,18117.0,46.37404652088978,0.20592871062267062,1.375513375152389
ID2596,2596,188,7.1036529541015625,314.9393292346043,176.31949763155433,0.0,9.0,9,5.0,1,,123.0721649484536,112.0,62.0,249.0,11938.0,39.17222852956555,0.10754190862750865,0.6101394803047704
ID3525,3525,188,13.159896850585938,326.173302705224,178.43425063981405,0.0,10.0,10,5.0,1,,199.02061855670104,211.0,108.0,255.0,19305.0,49.54627033168156,0.16341232896765698,1.128413458448429
ID3397,3397,188,10.703140258789062,325.5951118106277,171.83999704511103,0.0,6.0,6,5.0,1,,139.98969072164948,131.0,23.0,251.0,13579.0,54.665554138583026,0.15454993795261557,0.6855962092104059
ID3431,3431,188,5.2211151123046875,320.67395116421585,179.24133984930918,0.0,7.0,7,5.0,1,,109.19587628865979,111.0,38.0,171.0,10592.0,31.5461431792309,0.07358178978581927,0.4744879354448621
ID5608,5608,188,13.957565307617188,335.77891797317477,203.87049184212952,0.0,17.0,17,5.0,1,,186.77319587628867,194.0,109.0,254.0,18117.0,46.37404652088978,0.20592871062267062,1.375513375152389
ID2956,2956,188,6.5883331298828125,330.9151297454482,169.37537170389,0.0,4.0,4,5.0,1,,144.95876288659792,145.0,97.0,218.0,14061.0,26.81686251447539,0.1134702536914645,1.1017166443752522
ID5229,5229,188,15.202301025390625,347.07266278974856,166.410375879775,0.0,1.0,1,5.0,1,,202.50515463917526,217.0,59.0,255.0,19643.0,51.3742647375083,0.21975454414016307,1.4203189394371165
ID3727,3727,188,15.202301025390625,347.07266278974856,166.410375879775,0.0,2.0,2,5.0,1,,202.50515463917526,217.0,59.0,255.0,19643.0,51.3742647375083,0.21975454414016307,1.4203189394371165
ID2482,2482,188,6.1748199462890625,330.55089183752926,202.85896267547054,0.0,13.0,13,5.0,1,,143.1237113402062,144.0,90.0,185.0,13883.0,24.07984017283214,0.1134450505983657,1.2111690072274848
ID3445,3445,188,6.5883331298828125,330.9151297454482,169.37537170389,0.0,5.0,5,5.0,1,,144.95876288659792,145.0,97.0,218.0,14061.0,26.81686251447539,0.1134702536914645,1.1017166443752522
ID4918,4918,188,15.202301025390625,347.07266278974856,166.410375879775,0.0,0.0,0,5.0,1,,202.50515463917526,217.0,59.0,255.0,19643.0,51.3742647375083,0.21975454414016307,1.4203189394371165
ID2073,2073,188,13.267242431640625,336.1257686258328,198.08700997966375,0.0,15.0,15,5.0,1,,198.2577319587629,203.0,115.0,255.0,19231.0,40.572537497290845,0.17287572916327687,1.4404891270812064
ID2812,2812,188,6.1748199462890625,330.55089183752926,202.85896267547054,0.0,14.0,14,5.0,1,,143.1237113402062,144.0,90.0,185.0,13883.0,24.07984017283214,0.1134450505983657,1.2111690072274848
ID3517,3517,188,5.2211151123046875,320.67395116421585,179.24133984930918,0.0,8.0,8,5.0,1,,109.19587628865979,111.0,38.0,171.0,10592.0,31.5461431792309,0.07358178978581927,0.4744879354448621
ID5150,5150,188,15.202301025390625,347.07266278974856,166.410375879775,0.0,3.0,3,5.0,1,,202.50515463917526,217.0,59.0,255.0,19643.0,51.3742647375083,0.21975454414016307,1.4203189394371165
ID2816,2816,189,11.852828979492188,85.53748356031932,204.2677360304238,0.0,14.0,14,5.0,1,,197.11340206185568,194.0,116.0,255.0,19120.0,41.038060659349064,0.15766882510336855,1.3083405845246525
ID3520,3520,189,6.288688659667969,87.89966763009427,197.14323940520177,0.0,7.0,7,5.0,1,,124.85567010309278,109.0,60.0,242.0,12111.0,40.611725957208066,0.08374427659461509,0.4751329365042825
ID3603,3603,189,6.288688659667969,87.89966763009427,197.14323940520177,0.0,8.0,8,5.0,1,,124.85567010309278,109.0,60.0,242.0,12111.0,40.611725957208066,0.08374427659461509,0.4751329365042825
ID2228,2228,189,12.973220825195312,90.52323527328642,203.51854279618075,0.0,12.0,12,5.0,1,,202.08247422680412,207.0,122.0,255.0,19602.0,37.62110170920615,0.1834848527344963,1.665576753176949
ID5605,5605,189,8.9832763671875,86.83150635807175,199.81178977185945,0.0,17.0,17,5.0,1,,166.20618556701032,158.0,82.0,255.0,16122.0,54.01059659616379,0.10278438831359366,0.5736338222969375
ID2486,2486,189,11.852828979492188,85.53748356031932,204.2677360304238,0.0,13.0,13,5.0,1,,197.11340206185568,194.0,116.0,255.0,19120.0,41.038060659349064,0.15766882510336855,1.3083405845246525
ID3608,3608,189,9.783599853515625,88.27558767290387,204.20699855059044,0.0,10.0,10,5.0,1,,140.41237113402062,127.0,51.0,255.0,13620.0,50.13455905887167,0.13549254107425326,0.6683889653850266
ID2074,2074,189,12.503707885742188,82.77886395784364,201.0574660977129,0.0,15.0,15,5.0,1,,201.89690721649484,197.0,118.0,255.0,19584.0,39.616254170500746,0.1622415521497267,1.4228265051923685
ID3146,3146,189,9.783599853515625,88.27558767290387,204.20699855059044,0.0,11.0,11,5.0,1,,140.41237113402062,127.0,51.0,255.0,13620.0,50.13455905887167,0.13549254107425326,0.6683889653850266
ID5823,5823,189,8.9832763671875,86.83150635807175,199.81178977185945,0.0,16.0,16,5.0,1,,166.20618556701032,158.0,82.0,255.0,16122.0,54.01059659616379,0.10278438831359366,0.5736338222969375
ID3808,3808,190,7.0931549072265625,721.0234607689633,514.7424171219413,0.0,14.0,14,5.0,1,,105.01030927835052,95.0,42.0,223.0,10186.0,39.02976824525545,0.10390263441015667,0.5064793580300263
ID3984,3984,190,14.967483520507812,739.8835732312697,494.25971236511504,0.0,11.0,11,5.0,1,,177.53608247422682,179.0,84.0,255.0,17221.0,48.91171081986871,0.22894598656454276,1.3523964233502932
ID4337,4337,190,5.4579620361328125,740.7170645092605,478.7422067867855,0.0,7.0,7,5.0,1,,116.82474226804123,109.0,0.0,255.0,11332.0,52.1058638553279,0.07528297213819601,0.3139440198710152
ID4338,4338,190,5.4579620361328125,740.7170645092605,478.7422067867855,0.0,8.0,8,5.0,1,,116.82474226804123,109.0,0.0,255.0,11332.0,52.1058638553279,0.07528297213819601,0.3139440198710152
ID2371,2371,190,5.1505279541015625,719.8920739893383,512.9822755384083,0.0,15.0,15,5.0,1,,137.22680412371133,134.0,77.0,226.0,13311.0,31.73507035948793,0.07464094768843692,0.6006800931365986
ID5907,5907,190,10.70355224609375,716.4826634706869,505.72918266538034,0.0,16.0,16,5.0,1,,159.22680412371133,147.0,60.0,255.0,15445.0,50.603340048409684,0.15244972061322953,0.8324758368667902
ID2358,2358,190,15.0452880859375,729.4894449128251,492.22164990683893,0.0,12.0,12,5.0,1,,202.75257731958763,219.0,107.0,255.0,19667.0,45.24931650677054,0.20815273811349363,1.5439905618826624
ID3000,3000,190,7.0931549072265625,721.0234607689633,514.7424171219413,0.0,13.0,13,5.0,1,,105.01030927835052,95.0,42.0,223.0,10186.0,39.02976824525545,0.10390263441015667,0.5064793580300263
ID4392,4392,190,14.967483520507812,739.8835732312697,494.25971236511504,0.0,10.0,10,5.0,1,,177.53608247422682,179.0,84.0,255.0,17221.0,48.91171081986871,0.22894598656454276,1.3523964233502932
ID5689,5689,190,10.70355224609375,716.4826634706869,505.72918266538034,0.0,17.0,17,5.0,1,,159.22680412371133,147.0,60.0,255.0,15445.0,50.603340048409684,0.15244972061322953,0.8324758368667902
ID3193,3193,190,6.9619598388671875,740.3802885518912,491.70769057407995,0.0,9.0,9,5.0,1,,130.659793814433,119.0,66.0,237.0,12674.0,37.34380989477433,0.1167534954110991,0.7315868855536899
ID2821,2821,191,8.181854248046875,184.77978479127287,204.8210038456707,0.0,14.0,14,5.0,1,,155.340206185567,139.0,96.0,255.0,15068.0,46.502662692119515,0.10925988341605623,0.658056946502626
ID3174,3174,191,10.772293090820312,180.36373403588684,213.36236844543043,0.0,11.0,11,5.0,1,,169.39175257731958,164.0,76.0,255.0,16431.0,46.66135908084416,0.13367784273353986,0.8561199997917124
ID4943,4943,191,8.675979614257812,163.06349297336075,233.27871566302585,0.0,0.0,0,5.0,1,,164.2577319587629,154.0,94.0,255.0,15933.0,46.184250190251426,0.10304903377000192,0.6645245436102495
ID5202,5202,191,8.675979614257812,163.06349297336075,233.27871566302585,0.0,3.0,3,5.0,1,,164.2577319587629,154.0,94.0,255.0,15933.0,46.184250190251426,0.10304903377000192,0.6645245436102495
ID5812,5812,191,13.110870361328125,209.4852018093202,163.09559859411857,0.0,16.0,16,5.0,1,,181.95876288659792,178.0,101.0,255.0,17650.0,45.10864604988281,0.18627936575609572,1.2668376254872207
ID2645,2645,191,13.052688598632812,180.84670762047077,217.87601022477762,0.0,9.0,9,5.0,1,,182.58762886597938,182.0,98.0,255.0,17711.0,48.45331786397596,0.1663953746680113,1.0751604606065204
ID3573,3573,191,5.453277587890625,167.43680551958124,223.76446138064537,0.0,6.0,6,5.0,1,,146.9278350515464,140.0,77.0,235.0,14252.0,38.37187756642237,0.05490159361966618,0.3985602911106999
ID3669,3669,191,10.789077758789062,167.36460677143194,225.9520151896063,0.0,5.0,5,5.0,1,,162.76288659793815,154.0,74.0,255.0,15788.0,49.4245580817953,0.13280086957627568,0.7721291157752973
ID2071,2071,191,11.50714111328125,181.75081979437638,195.14645571697372,0.0,15.0,15,5.0,1,,162.4742268041237,158.0,100.0,255.0,15760.0,46.96676413156106,0.16649803545908998,0.987526905028289
ID3639,3639,191,10.772293090820312,180.36373403588684,213.36236844543043,0.0,10.0,10,5.0,1,,169.39175257731958,164.0,76.0,255.0,16431.0,46.66135908084416,0.13367784273353986,0.8561199997917124
ID3159,3159,191,10.789077758789062,167.36460677143194,225.9520151896063,0.0,4.0,4,5.0,1,,162.76288659793815,154.0,74.0,255.0,15788.0,49.4245580817953,0.13280086957627568,0.7721291157752973
ID2232,2232,191,6.7342987060546875,182.9844185723371,209.48132234560936,0.0,12.0,12,5.0,1,,153.61855670103094,144.0,110.0,237.0,14901.0,35.52711502587644,0.08437428169980529,0.6728908360967316
ID2490,2490,191,8.181854248046875,184.77978479127287,204.8210038456707,0.0,13.0,13,5.0,1,,155.340206185567,139.0,96.0,255.0,15068.0,46.502662692119515,0.10925988341605623,0.658056946502626
ID5594,5594,191,13.110870361328125,209.4852018093202,163.09559859411857,0.0,17.0,17,5.0,1,,181.95876288659792,178.0,101.0,255.0,17650.0,45.10864604988281,0.18627936575609572,1.2668376254872207
ID3675,3675,191,9.125198364257812,177.14817249354584,223.06410476603966,0.0,8.0,8,5.0,1,,172.93814432989691,171.0,97.0,255.0,16775.0,42.32754580672754,0.1285336492902892,0.9306792411345695
ID3613,3613,191,9.125198364257812,177.14817249354584,223.06410476603966,0.0,7.0,7,5.0,1,,172.93814432989691,171.0,97.0,255.0,16775.0,42.32754580672754,0.1285336492902892,0.9306792411345695
ID5277,5277,191,8.675979614257812,163.06349297336075,233.27871566302585,0.0,1.0,1,5.0,1,,164.2577319587629,154.0,94.0,255.0,15933.0,46.184250190251426,0.10304903377000192,0.6645245436102495
ID4030,4030,191,8.675979614257812,163.06349297336075,233.27871566302585,0.0,2.0,2,5.0,1,,164.2577319587629,154.0,94.0,255.0,15933.0,46.184250190251426,0.10304903377000192,0.6645245436102495
ID4705,4705,192,12.71087646484375,695.462135628854,673.0517947837704,0.0,7.0,7,5.0,1,,202.17525773195877,204.0,112.0,255.0,19611.0,43.682331074588554,0.17011990296622695,1.345788939928269
ID2533,2533,192,14.318634033203125,698.1678550321154,690.9339725675931,0.0,15.0,15,5.0,1,,232.29896907216494,245.0,112.0,255.0,22533.0,32.47568479790353,0.197934357888911,2.3637803932488066
ID4262,4262,192,14.846572875976562,697.5594177635513,692.0343139561375,0.0,14.0,14,5.0,1,,235.60824742268042,249.0,117.0,255.0,22854.0,30.181243037215644,0.2068155668472068,2.675627697347154
ID4742,4742,192,12.71087646484375,695.462135628854,673.0517947837704,0.0,8.0,8,5.0,1,,202.17525773195877,204.0,112.0,255.0,19611.0,43.682331074588554,0.17011990296622695,1.345788939928269
ID5094,5094,192,11.829483032226562,683.5790080016538,667.8177846542966,0.0,0.0,0,5.0,1,,199.3298969072165,202.0,107.0,255.0,19335.0,44.475349363787224,0.18289585976861325,1.3859272446759479
ID5511,5511,192,11.829483032226562,683.5790080016538,667.8177846542966,0.0,1.0,1,5.0,1,,199.3298969072165,202.0,107.0,255.0,19335.0,44.475349363787224,0.18289585976861325,1.3859272446759479
ID4842,4842,192,11.829483032226562,683.5790080016538,667.8177846542966,0.0,2.0,2,5.0,1,,199.3298969072165,202.0,107.0,255.0,19335.0,44.475349363787224,0.18289585976861325,1.3859272446759479
ID4747,4747,192,15.220672607421875,695.040981593596,684.3384656593123,0.0,10.0,10,5.0,1,,228.46391752577318,245.0,89.0,255.0,22161.0,34.89241257532158,0.2079532556722202,2.254406414288424
ID5964,5964,192,14.777923583984375,695.0467886441858,689.9099330902764,0.0,16.0,16,5.0,1,,223.1958762886598,239.0,111.0,255.0,21650.0,38.93467798100477,0.18994589849918578,1.830131427206381
ID5453,5453,192,11.829483032226562,683.5790080016538,667.8177846542966,0.0,3.0,3,5.0,1,,199.3298969072165,202.0,107.0,255.0,19335.0,44.475349363787224,0.18289585976861325,1.3859272446759479
ID4462,4462,192,15.220672607421875,695.040981593596,684.3384656593123,0.0,11.0,11,5.0,1,,228.46391752577318,245.0,89.0,255.0,22161.0,34.89241257532158,0.2079532556722202,2.254406414288424
ID5746,5746,192,14.777923583984375,695.0467886441858,689.9099330902764,0.0,17.0,17,5.0,1,,223.1958762886598,239.0,111.0,255.0,21650.0,38.93467798100477,0.18994589849918578,1.830131427206381
ID2584,2584,192,14.996566772460938,698.5010375539738,690.9209304818365,0.0,12.0,12,5.0,1,,236.96907216494844,250.0,119.0,255.0,22986.0,30.872200820562732,0.2098929513708409,2.6632073509377285
ID3800,3800,192,15.8409423828125,694.779739090513,678.527544305192,0.0,9.0,9,5.0,1,,220.2577319587629,238.0,126.0,255.0,21365.0,36.9628975997428,0.22050322294601138,2.1531345034019167
ID4314,4314,192,12.217742919921875,682.5738930199744,673.5728038527185,0.0,4.0,4,5.0,1,,181.38144329896906,172.0,87.0,255.0,17594.0,51.60556399648386,0.17305180572963338,1.0370155369452858
ID3516,3516,192,14.846572875976562,697.5594177635513,692.0343139561375,0.0,13.0,13,5.0,1,,235.60824742268042,249.0,117.0,255.0,22854.0,30.181243037215644,0.2068155668472068,2.675627697347154
ID4668,4668,192,12.217742919921875,682.5738930199744,673.5728038527185,0.0,5.0,5,5.0,1,,181.38144329896906,172.0,87.0,255.0,17594.0,51.60556399648386,0.17305180572963338,1.0370155369452858
ID4669,4669,192,12.364410400390625,693.0,673.0,0.0,6.0,6,5.0,1,,202.05154639175257,211.0,117.0,255.0,19599.0,38.796845644443344,0.16809411234116986,1.4988922860726979
ID3136,3136,193,12.5166015625,432.329838815024,200.60701745812437,0.0,11.0,11,5.0,1,,187.94845360824743,195.0,68.0,255.0,18231.0,44.96558200771004,0.16831333959904768,1.204336184941606
ID3552,3552,193,11.71942138671875,433.72837048202547,198.66512072566385,0.0,5.0,5,5.0,1,,206.24742268041237,211.0,116.0,255.0,20006.0,36.42029852060382,0.15195238191409963,1.493991098236278
ID3490,3490,193,11.000076293945312,440.6367532790681,187.38727317195725,0.0,7.0,7,5.0,1,,188.16494845360825,194.0,111.0,252.0,18252.0,43.001860524761774,0.1405715197085531,1.078589758630286
ID5186,5186,193,14.160308837890625,435.68854387215936,210.58752748203352,0.0,3.0,3,5.0,1,,217.1340206185567,236.0,93.0,255.0,21062.0,42.42827989334358,0.19683610912537763,1.6833426721736495
ID5827,5827,193,13.750900268554688,395.8851112109357,204.73176732372147,0.0,16.0,16,5.0,1,,199.50515463917526,197.0,136.0,255.0,19352.0,39.86961136822031,0.19281093929500842,1.6177155918810537
ID3047,3047,193,11.71942138671875,433.72837048202547,198.66512072566385,0.0,4.0,4,5.0,1,,206.24742268041237,211.0,116.0,255.0,20006.0,36.42029852060382,0.15195238191409963,1.493991098236278
ID4935,4935,193,14.160308837890625,435.68854387215936,210.58752748203352,0.0,0.0,0,5.0,1,,217.1340206185567,236.0,93.0,255.0,21062.0,42.42827989334358,0.19683610912537763,1.6833426721736495
ID5609,5609,193,13.750900268554688,395.8851112109357,204.73176732372147,0.0,17.0,17,5.0,1,,199.50515463917526,197.0,136.0,255.0,19352.0,39.86961136822031,0.19281093929500842,1.6177155918810537
ID2633,2633,193,13.799224853515625,434.1476341383031,193.96995321449296,0.0,9.0,9,5.0,1,,221.44329896907217,221.0,162.0,255.0,21480.0,27.43286087286747,0.18890009640668262,2.5651233544146623
ID2826,2826,193,16.239837646484375,421.88142213119215,205.28527524510685,0.0,14.0,14,5.0,1,,192.89690721649484,197.0,98.0,255.0,18711.0,50.40388636968765,0.22380910078652985,1.3997655481747826
ID5260,5260,193,14.160308837890625,435.68854387215936,210.58752748203352,0.0,1.0,1,5.0,1,,217.1340206185567,236.0,93.0,255.0,21062.0,42.42827989334358,0.19683610912537763,1.6833426721736495
ID3598,3598,193,12.5166015625,432.329838815024,200.60701745812437,0.0,10.0,10,5.0,1,,187.94845360824743,195.0,68.0,255.0,18231.0,44.96558200771004,0.16831333959904768,1.204336184941606
ID3572,3572,193,11.000076293945312,440.6367532790681,187.38727317195725,0.0,8.0,8,5.0,1,,188.16494845360825,194.0,111.0,252.0,18252.0,43.001860524761774,0.1405715197085531,1.078589758630286
ID2230,2230,193,14.046737670898438,424.5260279664735,204.35824078727717,0.0,12.0,12,5.0,1,,163.340206185567,165.0,59.0,255.0,15844.0,51.39752883933603,0.208404835449796,1.096165661226269
ID3482,3482,193,12.655654907226562,435.5123294905866,190.36406147736332,0.0,6.0,6,5.0,1,,204.88659793814432,214.0,126.0,255.0,19874.0,40.40701163594108,0.15925464870574937,1.3931570803415512
ID3962,3962,193,14.160308837890625,435.68854387215936,210.58752748203352,0.0,2.0,2,5.0,1,,217.1340206185567,236.0,93.0,255.0,21062.0,42.42827989334358,0.19683610912537763,1.6833426721736495
ID2494,2494,193,16.239837646484375,421.88142213119215,205.28527524510685,0.0,13.0,13,5.0,1,,192.89690721649484,197.0,98.0,255.0,18711.0,50.40388636968765,0.22380910078652985,1.3997655481747826
ID2079,2079,193,15.194534301757812,409.3516673226996,211.22218706704706,0.0,15.0,15,5.0,1,,189.0,204.0,94.0,255.0,18333.0,53.67339502335709,0.2235817037672267,1.2868739809048864
ID2066,2066,194,12.034133911132812,767.0,178.0,0.0,15.0,15,5.0,1,,159.43298969072166,151.0,55.0,246.0,15465.0,49.19474633546055,0.3279054559971242,1.6005562728802765
ID2499,2499,194,7.033500671386719,767.0,207.0,0.0,13.0,13,5.0,1,,102.18556701030928,94.0,34.0,192.0,9912.0,36.00443546081834,0.3086711751933326,1.338841259688274
ID5814,5814,194,9.855880737304688,757.0985986464194,171.0383538846855,0.0,16.0,16,5.0,1,,160.3298969072165,148.0,69.0,255.0,15552.0,53.24818495527268,0.12330707975966575,0.6610422481415615
ID5596,5596,194,9.855880737304688,757.0985986464194,171.0383538846855,0.0,17.0,17,5.0,1,,160.3298969072165,148.0,69.0,255.0,15552.0,53.24818495527268,0.12330707975966575,0.6610422481415615
ID2830,2830,194,7.033500671386719,767.0,207.0,0.0,14.0,14,5.0,1,,102.18556701030928,94.0,34.0,192.0,9912.0,36.00443546081834,0.3086711751933326,1.338841259688274
ID2080,2080,195,11.679595947265625,92.83556336875455,211.7514097845659,0.0,15.0,15,5.0,1,,176.60824742268042,178.0,102.0,245.0,17131.0,35.050129784897294,0.19645102041241802,1.654667400095132
ID3843,3843,195,12.125778198242188,118.77118411467067,175.1897710827279,0.0,2.0,2,5.0,1,,205.8762886597938,215.0,117.0,255.0,19970.0,42.90499624460002,0.1490588682372592,1.2449273224060053
ID5604,5604,195,13.155059814453125,101.0,199.0,0.0,17.0,17,5.0,1,,215.1237113402062,232.0,118.0,255.0,20867.0,39.16584867903595,0.16996731120258166,1.5958880111945037
ID2502,2502,195,8.47119140625,102.66591207512471,212.62985830014074,0.0,13.0,13,5.0,1,,151.29896907216494,154.0,63.0,224.0,14676.0,36.225326358218645,0.15572552617718163,1.1255343641625881
ID5160,5160,195,12.125778198242188,118.77118411467067,175.1897710827279,0.0,3.0,3,5.0,1,,205.8762886597938,215.0,117.0,255.0,19970.0,42.90499624460002,0.1490588682372592,1.2449273224060053
ID3626,3626,195,15.7174072265625,119.09052633109674,204.8831411740902,0.0,8.0,8,5.0,1,,200.49484536082474,202.0,107.0,255.0,19448.0,36.26554945564161,0.2176864685084611,1.9766733151518767
ID2636,2636,195,15.723312377929688,116.86190409303457,206.9855176597262,0.0,9.0,9,5.0,1,,186.28865979381445,182.0,109.0,255.0,18070.0,42.48699770784945,0.22314575187095895,1.5998187511882553
ID3629,3629,195,8.462875366210938,108.1391659452719,212.54392031969655,0.0,10.0,10,5.0,1,,138.22680412371133,137.0,79.0,215.0,13408.0,35.06051469561806,0.13356506152542805,0.9290741830768278
ID3504,3504,195,16.300430297851562,121.71497217493636,200.77433375273785,0.0,6.0,6,5.0,1,,204.7835051546392,207.0,130.0,255.0,19864.0,34.30173307214341,0.23747445634525188,2.29134014381008
ID2836,2836,195,8.47119140625,102.66591207512471,212.62985830014074,0.0,14.0,14,5.0,1,,151.29896907216494,154.0,63.0,224.0,14676.0,36.225326358218645,0.15572552617718163,1.1255343641625881
ID5236,5236,195,12.125778198242188,118.77118411467067,175.1897710827279,0.0,1.0,1,5.0,1,,205.8762886597938,215.0,117.0,255.0,19970.0,42.90499624460002,0.1490588682372592,1.2449273224060053
ID3576,3576,195,16.848068237304688,120.41166648600105,199.58316737371723,0.0,5.0,5,5.0,1,,177.03092783505156,178.0,88.0,255.0,17172.0,46.79108123889802,0.26688222301534525,1.5940409156927162
ID3064,3064,195,16.848068237304688,120.41166648600105,199.58316737371723,0.0,4.0,4,5.0,1,,177.03092783505156,178.0,88.0,255.0,17172.0,46.79108123889802,0.26688222301534525,1.5940409156927162
ID3545,3545,195,15.7174072265625,119.09052633109674,204.8831411740902,0.0,7.0,7,5.0,1,,200.49484536082474,202.0,107.0,255.0,19448.0,36.26554945564161,0.2176864685084611,1.9766733151518767
ID4923,4923,195,12.125778198242188,118.77118411467067,175.1897710827279,0.0,0.0,0,5.0,1,,205.8762886597938,215.0,117.0,255.0,19970.0,42.90499624460002,0.1490588682372592,1.2449273224060053
ID3164,3164,195,8.462875366210938,108.1391659452719,212.54392031969655,0.0,11.0,11,5.0,1,,138.22680412371133,137.0,79.0,215.0,13408.0,35.06051469561806,0.13356506152542805,0.9290741830768278
ID2237,2237,195,15.51531982421875,100.97409977310345,215.35115928954576,0.0,12.0,12,5.0,1,,192.23711340206185,203.0,69.0,255.0,18647.0,43.677504983466676,0.24154634679030298,1.7125645401722724
ID5822,5822,195,13.155059814453125,101.0,199.0,0.0,16.0,16,5.0,1,,215.1237113402062,232.0,118.0,255.0,20867.0,39.16584867903595,0.16996731120258166,1.5958880111945037
ID2373,2373,196,11.966262817382812,216.0926741512841,515.0589105055623,0.0,15.0,15,5.0,1,,159.69072164948454,152.0,80.0,254.0,15490.0,45.6963165968053,0.17635707378585067,1.0478091829461516
ID3014,3014,196,10.316558837890625,214.0120396425605,517.3680180730655,0.0,13.0,13,5.0,1,,147.28865979381445,141.0,80.0,235.0,14287.0,39.15938551901451,0.17774043280219018,1.1352724168766382
ID5911,5911,196,8.01885986328125,214.40661849599888,516.7577246231888,0.0,16.0,16,5.0,1,,134.77319587628867,133.0,49.0,228.0,13073.0,40.97445981813935,0.11832480653509825,0.6960302749465304
ID3816,3816,196,10.316558837890625,214.0120396425605,517.3680180730655,0.0,14.0,14,5.0,1,,147.28865979381445,141.0,80.0,235.0,14287.0,39.15938551901451,0.17774043280219018,1.1352724168766382
ID5693,5693,196,8.01885986328125,214.40661849599888,516.7577246231888,0.0,17.0,17,5.0,1,,134.77319587628867,133.0,49.0,228.0,13073.0,40.97445981813935,0.11832480653509825,0.6960302749465304
ID2399,2399,196,6.820381164550781,210.82817408834032,517.71400738313,0.0,12.0,12,5.0,1,,116.20618556701031,101.0,38.0,238.0,11272.0,47.238300611617476,0.1128104884065357,0.49876187064096567
ID2593,2593,197,11.51019287109375,258.7629673455866,699.2430199563712,0.0,12.0,12,5.0,1,,197.83505154639175,198.0,104.0,255.0,19190.0,45.237954292729306,0.13451615596652164,1.0370364993026873
ID3526,3526,197,8.536102294921875,256.2167124894702,693.8871418006671,0.0,13.0,13,5.0,1,,187.1340206185567,178.0,62.0,255.0,18152.0,40.1234108890878,0.10697295414778417,0.9014089756248831
ID3879,3879,197,11.988800048828125,255.33679613234017,695.8496754556886,0.0,9.0,9,5.0,1,,199.27835051546393,195.0,105.0,255.0,19330.0,44.45333280251166,0.15145594015782723,1.179301294155421
ID2536,2536,197,9.634063720703125,261.7521877160528,693.8582742086809,0.0,15.0,15,5.0,1,,195.37113402061857,192.0,109.0,255.0,18951.0,42.98408610259849,0.10268215571171206,0.8465007097487942
ID5965,5965,197,11.963882446289062,262.34344475490127,691.7250696931104,0.0,16.0,16,5.0,1,,213.4536082474227,218.0,129.0,255.0,20705.0,32.03579398454066,0.15735650991397426,1.811822129778904
ID4781,4781,197,11.566909790039062,256.19177720230095,696.9045599957441,0.0,10.0,10,5.0,1,,198.51546391752578,205.0,102.0,255.0,19256.0,47.21297345585167,0.13160966653572095,0.9780343896767781
ID4270,4270,197,8.536102294921875,256.2167124894702,693.8871418006671,0.0,14.0,14,5.0,1,,187.1340206185567,178.0,62.0,255.0,18152.0,40.1234108890878,0.10697295414778417,0.9014089756248831
ID4815,4815,197,12.304153442382812,258.01071072254115,700.1092602906062,0.0,8.0,8,5.0,1,,199.48453608247422,210.0,108.0,255.0,19350.0,47.211208371278616,0.14999115186722212,1.1022123068576537
ID4784,4784,197,12.304153442382812,258.01071072254115,700.1092602906062,0.0,7.0,7,5.0,1,,199.48453608247422,210.0,108.0,255.0,19350.0,47.211208371278616,0.14999115186722212,1.1022123068576537
ID4753,4753,197,12.313705444335938,261.0907819637041,698.9594602907104,0.0,5.0,5,5.0,1,,199.31958762886597,215.0,108.0,255.0,19334.0,51.25376945319741,0.14173638940006586,0.9655387029010009
ID4433,4433,197,12.313705444335938,261.0907819637041,698.9594602907104,0.0,4.0,4,5.0,1,,199.31958762886597,215.0,108.0,255.0,19334.0,51.25376945319741,0.14173638940006586,0.9655387029010009
ID5747,5747,197,11.963882446289062,262.34344475490127,691.7250696931104,0.0,17.0,17,5.0,1,,213.4536082474227,218.0,129.0,255.0,20705.0,32.03579398454066,0.15735650991397426,1.811822129778904
ID4760,4760,197,13.103927612304688,259.854365307132,700.5031667232929,0.0,6.0,6,5.0,1,,199.8762886597938,214.0,107.0,255.0,19388.0,51.307134358512684,0.15443491780902413,1.0422923750676751
ID4510,4510,197,11.566909790039062,256.19177720230095,696.9045599957441,0.0,11.0,11,5.0,1,,198.51546391752578,205.0,102.0,255.0,19256.0,47.21297345585167,0.13160966653572095,0.9780343896767781
ID2081,2081,198,13.255966186523438,686.8164129858737,211.71487478597794,0.0,15.0,15,5.0,1,,206.2164948453608,221.0,100.0,255.0,20003.0,45.40631995386301,0.16463503454982142,1.284013234283767
ID3617,3617,198,12.073455810546875,662.3956116634632,201.10729727869483,0.0,8.0,8,5.0,1,,164.90721649484536,158.0,87.0,255.0,15996.0,50.276958455602625,0.17066792683298146,0.9563543839198891
ID3618,3618,198,13.791290283203125,678.2069438231215,207.21754052100678,0.0,10.0,10,5.0,1,,194.51546391752578,201.0,75.0,255.0,18868.0,46.801912666146706,0.18620289729961018,1.3048121165284794
ID5829,5829,198,14.983428955078125,685.1018321770161,211.0464987992325,0.0,16.0,16,5.0,1,,203.55670103092783,218.0,101.0,255.0,19745.0,50.625045076557086,0.18993313054598548,1.2835953838063328
ID4933,4933,198,15.478973388671875,670.9650237003514,204.4353876044334,0.0,0.0,0,5.0,1,,219.43298969072166,243.0,111.0,255.0,21285.0,43.06122269912502,0.2034793087712481,1.723166267841422
ID3942,3942,198,15.478973388671875,670.9650237003514,204.4353876044334,0.0,2.0,2,5.0,1,,219.43298969072166,243.0,111.0,255.0,21285.0,43.06122269912502,0.2034793087712481,1.723166267841422
ID5256,5256,198,15.478973388671875,670.9650237003514,204.4353876044334,0.0,1.0,1,5.0,1,,219.43298969072166,243.0,111.0,255.0,21285.0,43.06122269912502,0.2034793087712481,1.723166267841422
ID2505,2505,198,9.657302856445312,676.0726304269383,213.10793108054332,0.0,13.0,13,5.0,1,,160.95876288659792,166.0,74.0,233.0,15613.0,44.09953645017456,0.14521936893225804,0.9256492578153575
ID5611,5611,198,14.983428955078125,685.1018321770161,211.0464987992325,0.0,17.0,17,5.0,1,,203.55670103092783,218.0,101.0,255.0,19745.0,50.625045076557086,0.18993313054598548,1.2835953838063328
ID3533,3533,198,12.073455810546875,662.3956116634632,201.10729727869483,0.0,7.0,7,5.0,1,,164.90721649484536,158.0,87.0,255.0,15996.0,50.276958455602625,0.17066792683298146,0.9563543839198891
ID2639,2639,198,14.677764892578125,674.5751139716975,207.18723970248874,0.0,9.0,9,5.0,1,,204.8556701030928,211.0,116.0,255.0,19871.0,43.11563658995077,0.18757784142237427,1.5009375757054217
ID3154,3154,198,13.791290283203125,678.2069438231215,207.21754052100678,0.0,11.0,11,5.0,1,,194.51546391752578,201.0,75.0,255.0,18868.0,46.801912666146706,0.18620289729961018,1.3048121165284794
ID3094,3094,198,14.746337890625,668.3193263182627,208.5771761004987,0.0,4.0,4,5.0,1,,227.95876288659792,244.0,144.0,255.0,22112.0,32.74361182154886,0.20697755793619207,2.387722035971614
ID2841,2841,198,9.657302856445312,676.0726304269383,213.10793108054332,0.0,14.0,14,5.0,1,,160.95876288659792,166.0,74.0,233.0,15613.0,44.09953645017456,0.14521936893225804,0.9256492578153575
ID2234,2234,198,13.482391357421875,683.9363466472078,209.1821511422985,0.0,12.0,12,5.0,1,,201.61855670103094,217.0,102.0,255.0,19557.0,48.17923206176969,0.17094637578116234,1.2218658160752058
ID3515,3515,198,15.2406005859375,665.5473646079291,203.76405202741725,0.0,6.0,6,5.0,1,,215.09278350515464,231.0,127.0,255.0,20864.0,40.172047307546144,0.21401232716388932,1.8877634051860273
ID5181,5181,198,15.478973388671875,670.9650237003514,204.4353876044334,0.0,3.0,3,5.0,1,,219.43298969072166,243.0,111.0,255.0,21285.0,43.06122269912502,0.2034793087712481,1.723166267841422
ID3615,3615,198,14.746337890625,668.3193263182627,208.5771761004987,0.0,5.0,5,5.0,1,,227.95876288659792,244.0,144.0,255.0,22112.0,32.74361182154886,0.20697755793619207,2.387722035971614
ID2082,2082,199,13.1783447265625,688.5357301549119,212.9458399318989,0.0,15.0,15,5.0,1,,209.0,222.0,112.0,255.0,20273.0,42.860724056724315,0.16443012317447117,1.3771610420035498
ID3462,3462,199,14.843643188476562,715.7217165926588,185.77793139072986,0.0,6.0,6,5.0,1,,186.02061855670104,185.0,97.0,255.0,18044.0,47.84828005038498,0.2000098764365966,1.2959593210362716
ID5831,5831,199,14.4044189453125,691.0973026803113,215.4437747674597,0.0,16.0,16,5.0,1,,207.8041237113402,225.0,102.0,255.0,20157.0,46.85897263226332,0.1855372633567482,1.388057100438991
ID2600,2600,199,14.33685302734375,712.3626205785407,176.9016062820472,0.0,9.0,9,5.0,1,,203.81443298969072,218.0,111.0,255.0,19770.0,45.90713676745228,0.18674058690615483,1.3972291829823411
ID2218,2218,199,14.8677978515625,714.8871867618822,184.84237260499492,0.0,12.0,12,5.0,1,,195.37113402061857,196.0,116.0,255.0,18951.0,44.467525507298774,0.209540255589,1.522280108253288
ID3499,3499,199,15.706466674804688,717.179231164998,181.00332452699442,0.0,5.0,5,5.0,1,,209.68041237113403,224.0,123.0,255.0,20339.0,41.35858092941346,0.22127979302879228,1.8371677526069736
ID2508,2508,199,14.473617553710938,690.4775150540358,213.99708240013325,0.0,13.0,13,5.0,1,,210.50515463917526,224.0,122.0,255.0,20419.0,43.09005195308525,0.18331545048136663,1.5136109053809848
ID5613,5613,199,14.4044189453125,691.0973026803113,215.4437747674597,0.0,17.0,17,5.0,1,,207.8041237113402,225.0,102.0,255.0,20157.0,46.85897263226332,0.1855372633567482,1.388057100438991
ID3565,3565,199,15.162017822265625,716.1470984566309,184.57587376026777,0.0,8.0,8,5.0,1,,197.50515463917526,205.0,107.0,255.0,19158.0,46.51436241262394,0.20019846128222588,1.4165406033707537
ID3091,3091,199,15.02740478515625,713.8867743987479,181.43966214861513,0.0,11.0,11,5.0,1,,206.5463917525773,215.0,127.0,255.0,20035.0,39.398080700544256,0.22063946387507305,1.8952579606220266
ID3543,3543,199,15.02740478515625,713.8867743987479,181.43966214861513,0.0,10.0,10,5.0,1,,206.5463917525773,215.0,127.0,255.0,20035.0,39.398080700544256,0.22063946387507305,1.8952579606220266
ID3481,3481,199,15.162017822265625,716.1470984566309,184.57587376026777,0.0,7.0,7,5.0,1,,197.50515463917526,205.0,107.0,255.0,19158.0,46.51436241262394,0.20019846128222588,1.4165406033707537
ID2844,2844,199,14.473617553710938,690.4775150540358,213.99708240013325,0.0,14.0,14,5.0,1,,210.50515463917526,224.0,122.0,255.0,20419.0,43.09005195308525,0.18331545048136663,1.5136109053809848
ID3005,3005,199,15.706466674804688,717.179231164998,181.00332452699442,0.0,4.0,4,5.0,1,,209.68041237113403,224.0,123.0,255.0,20339.0,41.35858092941346,0.22127979302879228,1.8371677526069736
ID2849,2849,200,10.67987060546875,190.42589492254643,216.20897759658692,0.0,14.0,14,5.0,1,,195.2680412371134,197.0,117.0,255.0,18941.0,39.29787829936389,0.13378097708377587,1.1726198987613083
ID5603,5603,200,14.411285400390625,184.28945757379734,193.81972032869493,0.0,17.0,17,5.0,1,,209.41237113402062,211.0,131.0,255.0,20313.0,34.720536843403764,0.21938514262675138,2.170262227837611
ID2075,2075,200,8.556228637695312,184.67025732195518,201.50237962070884,0.0,15.0,15,5.0,1,,166.88659793814432,151.0,101.0,255.0,16188.0,48.289896348481406,0.11645703211099649,0.7209728131224518
ID5821,5821,200,14.411285400390625,184.28945757379734,193.81972032869493,0.0,16.0,16,5.0,1,,209.41237113402062,211.0,131.0,255.0,20313.0,34.720536843403764,0.21938514262675138,2.170262227837611
ID2510,2510,200,10.67987060546875,190.42589492254643,216.20897759658692,0.0,13.0,13,5.0,1,,195.2680412371134,197.0,117.0,255.0,18941.0,39.29787829936389,0.13378097708377587,1.1726198987613083
ID2402,2402,201,9.554901123046875,235.69143159727759,520.632214780178,0.0,12.0,12,5.0,1,,160.23711340206185,145.0,80.0,255.0,15543.0,48.091010333679705,0.11240396040767348,0.6733615194489465
ID4098,4098,201,11.940444946289062,229.50605697545257,520.1028953816952,0.0,11.0,11,5.0,1,,151.4742268041237,144.0,76.0,255.0,14693.0,47.62682472084079,0.17598604366893342,0.951904045007492
ID5698,5698,201,7.970428466796875,227.15144562089284,524.3734356339157,0.0,17.0,17,5.0,1,,153.05154639175257,143.0,97.0,246.0,14846.0,39.256998084741895,0.12770239092651942,0.8829887251040921
ID4483,4483,201,16.565643310546875,247.34440873685736,508.04676021146673,0.0,8.0,8,5.0,1,,193.89690721649484,214.0,73.0,255.0,18808.0,52.826264879966516,0.23518283634025416,1.3977366352085032
ID3333,3333,201,11.445770263671875,241.803069955622,514.0563697603591,0.0,9.0,9,5.0,1,,180.27835051546393,181.0,95.0,255.0,17487.0,37.4240180977964,0.1885568726896736,1.5284300086921119
ID4613,4613,201,13.653533935546875,274.85157124643774,479.3802172808753,0.0,2.0,2,5.0,1,,235.20618556701032,250.0,134.0,255.0,22815.0,26.334363697272167,0.1815832920835009,2.7451586563308927
ID2379,2379,201,18.496139526367188,230.50055954042944,522.0753288717045,0.0,15.0,15,5.0,1,,203.88659793814432,212.0,112.0,255.0,19777.0,44.4632048928896,0.2865990172277647,2.042910747234509
ID5355,5355,201,13.653533935546875,274.85157124643774,479.3802172808753,0.0,3.0,3,5.0,1,,235.20618556701032,250.0,134.0,255.0,22815.0,26.334363697272167,0.1815832920835009,2.7451586563308927
ID4429,4429,201,8.33770751953125,249.64913592786567,503.95703881227917,0.0,6.0,6,5.0,1,,163.15463917525773,162.0,103.0,255.0,15826.0,37.19860554235243,0.14068194006143708,1.0818736570176994
ID3822,3822,201,16.62738037109375,234.66626099211288,524.2315598292053,0.0,14.0,14,5.0,1,,210.38144329896906,223.0,103.0,255.0,20407.0,37.963645795179566,0.2495060247446276,2.213156856792979
ID4495,4495,201,11.940444946289062,229.50605697545257,520.1028953816952,0.0,10.0,10,5.0,1,,151.4742268041237,144.0,76.0,255.0,14693.0,47.62682472084079,0.17598604366893342,0.951904045007492
ID4368,4368,201,10.861892700195312,271.0,484.0,0.0,5.0,5,5.0,1,,200.04123711340208,222.0,81.0,255.0,19404.0,51.91337286082404,0.1136250357224731,0.7863308741103973
ID5424,5424,201,13.653533935546875,274.85157124643774,479.3802172808753,0.0,1.0,1,5.0,1,,235.20618556701032,250.0,134.0,255.0,22815.0,26.334363697272167,0.1815832920835009,2.7451586563308927
ID3026,3026,201,16.62738037109375,234.66626099211288,524.2315598292053,0.0,13.0,13,5.0,1,,210.38144329896906,223.0,103.0,255.0,20407.0,37.963645795179566,0.2495060247446276,2.213156856792979
ID4471,4471,201,16.565643310546875,247.34440873685736,508.04676021146673,0.0,7.0,7,5.0,1,,193.89690721649484,214.0,73.0,255.0,18808.0,52.826264879966516,0.23518283634025416,1.3977366352085032
ID3931,3931,201,10.861892700195312,271.0,484.0,0.0,4.0,4,5.0,1,,200.04123711340208,222.0,81.0,255.0,19404.0,51.91337286082404,0.1136250357224731,0.7863308741103973
ID5916,5916,201,7.970428466796875,227.15144562089284,524.3734356339157,0.0,16.0,16,5.0,1,,153.05154639175257,143.0,97.0,246.0,14846.0,39.256998084741895,0.12770239092651942,0.8829887251040921
ID5022,5022,201,13.653533935546875,274.85157124643774,479.3802172808753,0.0,0.0,0,5.0,1,,235.20618556701032,250.0,134.0,255.0,22815.0,26.334363697272167,0.1815832920835009,2.7451586563308927
ID2516,2516,202,5.7923736572265625,81.31694085087346,220.71626817226917,0.0,13.0,13,5.0,1,,96.45360824742268,94.0,32.0,167.0,9356.0,33.052994260025294,0.08180796050037237,0.44134992705560944
ID2855,2855,202,5.7923736572265625,81.31694085087346,220.71626817226917,0.0,14.0,14,5.0,1,,96.45360824742268,94.0,32.0,167.0,9356.0,33.052994260025294,0.08180796050037237,0.44134992705560944
ID4768,4768,203,13.39593505859375,253.02005306146017,693.2411043313559,0.0,7.0,7,5.0,1,,190.91752577319588,200.0,60.0,255.0,18519.0,56.0151895514163,0.16645481046753338,0.9727436742058878
ID2529,2529,203,9.48406982421875,254.26315599292312,691.496283969341,0.0,15.0,15,5.0,1,,175.29896907216494,172.0,100.0,255.0,17004.0,42.29020891127698,0.12187155844502734,0.9005933875830248
ID4803,4803,203,13.39593505859375,253.02005306146017,693.2411043313559,0.0,8.0,8,5.0,1,,190.91752577319588,200.0,60.0,255.0,18519.0,56.0151895514163,0.16645481046753338,0.9727436742058878
ID4739,4739,203,14.0924072265625,254.4077633483074,689.7627470775535,0.0,5.0,5,5.0,1,,190.02061855670104,188.0,86.0,255.0,18432.0,50.452324727872885,0.20285352195775969,1.2703381742027262
ID4420,4420,203,14.0924072265625,254.4077633483074,689.7627470775535,0.0,4.0,4,5.0,1,,190.02061855670104,188.0,86.0,255.0,18432.0,50.452324727872885,0.20285352195775969,1.2703381742027262
ID5479,5479,203,14.668167114257812,253.79921070678532,688.0588394124469,0.0,3.0,3,5.0,1,,192.42268041237114,217.0,100.0,255.0,18665.0,56.561514273463494,0.19144034682203462,1.093267397649222
ID5523,5523,203,14.668167114257812,253.79921070678532,688.0588394124469,0.0,1.0,1,5.0,1,,192.42268041237114,217.0,100.0,255.0,18665.0,56.561514273463494,0.19144034682203462,1.093267397649222
ID3540,3540,203,8.295639038085938,249.89173796545796,694.6865738261158,0.0,13.0,13,5.0,1,,164.1958762886598,159.0,65.0,255.0,15927.0,46.16470494672169,0.10084863458937106,0.6516652933203403
ID4276,4276,203,8.295639038085938,249.89173796545796,694.6865738261158,0.0,14.0,14,5.0,1,,164.1958762886598,159.0,65.0,255.0,15927.0,46.16470494672169,0.10084863458937106,0.6516652933203403
ID4757,4757,203,12.590911865234375,246.37461629571385,692.7226342527366,0.0,10.0,10,5.0,1,,186.1958762886598,185.0,100.0,255.0,18061.0,43.26291694763392,0.1669423691253106,1.2314064389624713
ID4854,4854,203,14.668167114257812,253.79921070678532,688.0588394124469,0.0,2.0,2,5.0,1,,192.42268041237114,217.0,100.0,255.0,18665.0,56.561514273463494,0.19144034682203462,1.093267397649222
ID5113,5113,203,14.668167114257812,253.79921070678532,688.0588394124469,0.0,0.0,0,5.0,1,,192.42268041237114,217.0,100.0,255.0,18665.0,56.561514273463494,0.19144034682203462,1.093267397649222
ID2587,2587,203,12.78985595703125,246.3293756337504,693.8829373777672,0.0,12.0,12,5.0,1,,178.95876288659792,176.0,74.0,255.0,17359.0,50.36552175632594,0.16403078586012249,1.0014067772575315
ID4731,4731,203,13.743057250976562,253.83302643522728,691.9046827114055,0.0,6.0,6,5.0,1,,187.97938144329896,185.0,82.0,255.0,18234.0,50.73213548084422,0.17708813578428753,1.1149042014384478
ID3869,3869,203,11.398727416992188,246.2837324248484,692.0144020408252,0.0,9.0,9,5.0,1,,186.75257731958763,185.0,101.0,255.0,18115.0,43.97585296875886,0.15539248567218544,1.142306907357924
ID4479,4479,203,12.590911865234375,246.37461629571385,692.7226342527366,0.0,11.0,11,5.0,1,,186.1958762886598,185.0,100.0,255.0,18061.0,43.26291694763392,0.1669423691253106,1.2314064389624713
ID2864,2864,204,14.377151489257812,334.4054175727158,221.21419598630104,0.0,14.0,14,5.0,1,,223.06185567010309,237.0,137.0,255.0,21637.0,31.855080191715388,0.2010332830306542,2.3441722801888
ID2240,2240,204,14.077346801757812,333.7050532164421,221.09484468897523,0.0,12.0,12,5.0,1,,219.1443298969072,235.0,131.0,255.0,21257.0,36.529950523144265,0.18912473025202706,1.9082358923142637
ID3650,3650,204,15.6092529296875,334.16365980707246,220.2976814841164,0.0,10.0,10,5.0,1,,223.97938144329896,236.0,109.0,255.0,21726.0,32.25386907716243,0.22260391329472,2.528734484548644
ID3636,3636,204,11.569656372070312,330.78662281156704,213.0765381772997,0.0,5.0,5,5.0,1,,212.23711340206185,225.0,127.0,255.0,20587.0,36.20018795873058,0.14911022474575542,1.5215500275010974
ID3591,3591,204,12.008102416992188,332.54701631209895,221.0145793217311,0.0,7.0,7,5.0,1,,193.39175257731958,197.0,108.0,255.0,18759.0,48.40079129454545,0.14573398907004198,1.0164652562636445
ID2520,2520,204,14.377151489257812,334.4054175727158,221.21419598630104,0.0,13.0,13,5.0,1,,223.06185567010309,237.0,137.0,255.0,21637.0,31.855080191715388,0.2010332830306542,2.3441722801888
ID2648,2648,204,14.501739501953125,328.1974629222225,222.4636845121984,0.0,9.0,9,5.0,1,,200.46391752577318,217.0,111.0,255.0,19445.0,49.32377339572803,0.1933525040317432,1.3170157453548728
ID3563,3563,204,12.84307861328125,326.0,217.0,0.0,6.0,6,5.0,1,,204.7319587628866,225.0,113.0,255.0,19859.0,46.60081264132219,0.15374490961770226,1.1708819057533344
ID3115,3115,204,11.569656372070312,330.78662281156704,213.0765381772997,0.0,4.0,4,5.0,1,,212.23711340206185,225.0,127.0,255.0,20587.0,36.20018795873058,0.14911022474575542,1.5215500275010974
ID3660,3660,204,12.008102416992188,332.54701631209895,221.0145793217311,0.0,8.0,8,5.0,1,,193.39175257731958,197.0,108.0,255.0,18759.0,48.40079129454545,0.14573398907004198,1.0164652562636445
ID3183,3183,204,15.6092529296875,334.16365980707246,220.2976814841164,0.0,11.0,11,5.0,1,,223.97938144329896,236.0,109.0,255.0,21726.0,32.25386907716243,0.22260391329472,2.528734484548644
ID5616,5616,205,9.422683715820312,348.64190975226893,219.6386965259721,0.0,17.0,17,5.0,1,,166.3298969072165,161.0,102.0,255.0,16134.0,51.54826250900795,0.07952266850252507,0.47538498581329713
ID2872,2872,205,14.403518676757812,334.9161014524488,221.70118917374234,0.0,14.0,14,5.0,1,,226.15463917525773,238.0,137.0,255.0,21937.0,28.777284229559708,0.2028494222436822,2.6506244611249405
ID5834,5834,205,9.422683715820312,348.64190975226893,219.6386965259721,0.0,16.0,16,5.0,1,,166.3298969072165,161.0,102.0,255.0,16134.0,51.54826250900795,0.07952266850252507,0.47538498581329713
ID2524,2524,205,14.403518676757812,334.9161014524488,221.70118917374234,0.0,13.0,13,5.0,1,,226.15463917525773,238.0,137.0,255.0,21937.0,28.777284229559708,0.2028494222436822,2.6506244611249405
ID4801,4801,206,13.471572875976562,730.6757889904857,714.6938716752026,0.0,10.0,10,5.0,1,,194.15463917525773,201.0,88.0,255.0,18833.0,49.776446112884216,0.17223536707227646,1.146202619150689
ID2599,2599,206,12.372573852539062,701.8893456640055,701.9076042304002,0.0,12.0,12,5.0,1,,191.5463917525773,194.0,88.0,255.0,18580.0,51.81940205707958,0.16018627044723338,1.0207259169005434
ID4424,4424,206,11.414520263671875,734.9986832811975,690.0099797425578,0.0,4.0,4,5.0,1,,228.57731958762886,240.0,129.0,255.0,22172.0,28.471050740015713,0.14001824345058878,1.9721160143591507
ID4745,4745,206,11.414520263671875,734.9986832811975,690.0099797425578,0.0,5.0,5,5.0,1,,228.57731958762886,240.0,129.0,255.0,22172.0,28.471050740015713,0.14001824345058878,1.9721160143591507
ID4778,4778,206,12.891342163085938,731.8826845772725,698.6147555175734,0.0,7.0,7,5.0,1,,218.43298969072166,233.0,130.0,255.0,21188.0,34.599466282159746,0.16199244285329867,1.7602334801290274
ID2540,2540,206,13.412155151367188,701.8949609990192,699.1556301098733,0.0,15.0,15,5.0,1,,203.4020618556701,225.0,111.0,255.0,19730.0,48.91822679095322,0.1683666181029388,1.1983715468656937
ID4812,4812,206,12.891342163085938,731.8826845772725,698.6147555175734,0.0,8.0,8,5.0,1,,218.43298969072166,233.0,130.0,255.0,21188.0,34.599466282159746,0.16199244285329867,1.7602334801290274
ID5967,5967,206,14.997039794921875,699.6127961103053,699.1132686686029,0.0,16.0,16,5.0,1,,221.3298969072165,238.0,105.0,255.0,21469.0,37.733639293927915,0.20293583068430418,1.9790540544178739
ID5488,5488,206,8.725753784179688,729.8763284577741,694.4636872712701,0.0,3.0,3,5.0,1,,131.8041237113402,131.0,74.0,207.0,12785.0,32.05744816447294,0.17169898198994726,1.204985199658575
ID4754,4754,206,12.087387084960938,731.0,697.0,0.0,6.0,6,5.0,1,,215.95876288659792,225.0,116.0,255.0,20948.0,36.70970509897362,0.15509077204304808,1.5797551306880855
ID4533,4533,206,13.471572875976562,730.6757889904857,714.6938716752026,0.0,11.0,11,5.0,1,,194.15463917525773,201.0,88.0,255.0,18833.0,49.776446112884216,0.17223536707227646,1.146202619150689
ID5749,5749,206,14.997039794921875,699.6127961103053,699.1132686686029,0.0,17.0,17,5.0,1,,221.3298969072165,238.0,105.0,255.0,21469.0,37.733639293927915,0.20293583068430418,1.9790540544178739
ID5527,5527,206,8.725753784179688,729.8763284577741,694.4636872712701,0.0,1.0,1,5.0,1,,131.8041237113402,131.0,74.0,207.0,12785.0,32.05744816447294,0.17169898198994726,1.204985199658575
ID4858,4858,206,8.725753784179688,729.8763284577741,694.4636872712701,0.0,2.0,2,5.0,1,,131.8041237113402,131.0,74.0,207.0,12785.0,32.05744816447294,0.17169898198994726,1.204985199658575
ID4283,4283,206,13.542098999023438,701.0,700.0,0.0,14.0,14,5.0,1,,217.38144329896906,239.0,103.0,255.0,21086.0,44.53917828229268,0.16994696568415896,1.41793885280947
ID3899,3899,206,11.87957763671875,727.5448759498756,706.6538126121525,0.0,9.0,9,5.0,1,,193.88659793814432,203.0,87.0,255.0,18807.0,50.88280576658892,0.14749095717361127,0.9795415380074984
ID3549,3549,206,13.542098999023438,701.0,700.0,0.0,13.0,13,5.0,1,,217.38144329896906,239.0,103.0,255.0,21086.0,44.53917828229268,0.16994696568415896,1.41793885280947
ID5119,5119,206,8.725753784179688,729.8763284577741,694.4636872712701,0.0,0.0,0,5.0,1,,131.8041237113402,131.0,74.0,207.0,12785.0,32.05744816447294,0.17169898198994726,1.204985199658575
ID2085,2085,207,14.472427368164062,338.00507516544366,223.20058476722258,0.0,15.0,15,5.0,1,,229.91752577319588,240.0,148.0,255.0,22302.0,28.05302646443755,0.19709281784686825,2.698766589240916
ID4006,4006,207,14.980270385742188,325.95319019682216,223.20119190201132,0.0,2.0,2,5.0,1,,156.1340206185567,151.0,70.0,255.0,15145.0,54.75335394330869,0.24059321901795053,1.1060398932928912
ID2248,2248,207,13.979034423828125,338.1167128114039,227.2513724096885,0.0,12.0,12,5.0,1,,217.56701030927834,235.0,134.0,255.0,21104.0,35.93712890141582,0.1875594869274163,1.9123321430522313
ID3658,3658,207,16.583450317382812,335.70919468076795,237.34123200507761,0.0,7.0,7,5.0,1,,174.55670103092783,180.0,77.0,255.0,16932.0,60.66059420252521,0.24176663021180167,1.1205112813183737
ID5835,5835,207,12.534378051757812,336.95858472933156,223.7334540634743,0.0,16.0,16,5.0,1,,187.0721649484536,196.0,83.0,255.0,18146.0,51.329460234572004,0.19075938233951736,1.167708296879277
ID5196,5196,207,14.980270385742188,325.95319019682216,223.20119190201132,0.0,3.0,3,5.0,1,,156.1340206185567,151.0,70.0,255.0,15145.0,54.75335394330869,0.24059321901795053,1.1060398932928912
ID4940,4940,207,14.980270385742188,325.95319019682216,223.20119190201132,0.0,0.0,0,5.0,1,,156.1340206185567,151.0,70.0,255.0,15145.0,54.75335394330869,0.24059321901795053,1.1060398932928912
ID5617,5617,207,12.534378051757812,336.95858472933156,223.7334540634743,0.0,17.0,17,5.0,1,,187.0721649484536,196.0,83.0,255.0,18146.0,51.329460234572004,0.19075938233951736,1.167708296879277
ID5271,5271,207,14.980270385742188,325.95319019682216,223.20119190201132,0.0,1.0,1,5.0,1,,156.1340206185567,151.0,70.0,255.0,15145.0,54.75335394330869,0.24059321901795053,1.1060398932928912
ID3706,3706,207,13.215072631835938,340.1832399887472,230.0552788473556,0.0,10.0,10,5.0,1,,201.1340206185567,218.0,79.0,255.0,19510.0,48.15029180985894,0.1685736583935498,1.2051753130753537
ID3612,3612,207,16.609512329101562,336.85220065331083,235.1715354701932,0.0,6.0,6,5.0,1,,198.63917525773195,209.0,101.0,255.0,19268.0,51.43142391553418,0.2298886465071425,1.44383671672714
ID3165,3165,207,12.4481201171875,329.0,226.0,0.0,4.0,4,5.0,1,,167.72164948453607,158.0,55.0,255.0,16269.0,56.40030700788953,0.1944398900535802,0.9681858262776212
ID2878,2878,207,14.4739990234375,337.0127132953689,224.8447344328898,0.0,14.0,14,5.0,1,,220.89690721649484,236.0,116.0,255.0,21427.0,34.22854697230152,0.2022043345156973,2.17091759804528
ID3710,3710,207,16.583450317382812,335.70919468076795,237.34123200507761,0.0,8.0,8,5.0,1,,174.55670103092783,180.0,77.0,255.0,16932.0,60.66059420252521,0.24176663021180167,1.1205112813183737
ID3678,3678,207,12.4481201171875,329.0,226.0,0.0,5.0,5,5.0,1,,167.72164948453607,158.0,55.0,255.0,16269.0,56.40030700788953,0.1944398900535802,0.9681858262776212
ID2527,2527,207,14.4739990234375,337.0127132953689,224.8447344328898,0.0,13.0,13,5.0,1,,220.89690721649484,236.0,116.0,255.0,21427.0,34.22854697230152,0.2022043345156973,2.17091759804528
ID3231,3231,207,13.215072631835938,340.1832399887472,230.0552788473556,0.0,11.0,11,5.0,1,,201.1340206185567,218.0,79.0,255.0,19510.0,48.15029180985894,0.1685736583935498,1.2051753130753537
ID5923,5923,208,17.228652954101562,627.8027957848701,543.2523354492467,0.0,16.0,16,5.0,1,,204.60824742268042,218.0,102.0,255.0,19847.0,46.76861409754207,0.24391774280794473,1.7157355916840509
ID3366,3366,208,15.537063598632812,652.2834197790925,538.0383141814608,0.0,9.0,9,5.0,1,,189.8659793814433,192.0,109.0,255.0,18417.0,40.5538810478262,0.23552912598514292,1.7849923501964067
ID4071,4071,208,14.514755249023438,670.586227482731,533.360543222492,0.0,4.0,4,5.0,1,,190.88659793814432,197.0,105.0,255.0,18516.0,45.483943203586456,0.21440075297286992,1.4818751094114455
ID5705,5705,208,17.228652954101562,627.8027957848701,543.2523354492467,0.0,17.0,17,5.0,1,,204.60824742268042,218.0,102.0,255.0,19847.0,46.76861409754207,0.24391774280794473,1.7157355916840509
ID5385,5385,208,16.716018676757812,673.5825063857399,533.0433557996602,0.0,3.0,3,5.0,1,,203.96907216494844,215.0,104.0,255.0,19785.0,43.66717245450892,0.2426576954242093,1.8242392670466068
ID2411,2411,208,16.92718505859375,640.3811438733593,542.2808126273313,0.0,12.0,12,5.0,1,,190.659793814433,198.0,73.0,255.0,18494.0,51.621395475039016,0.24597797890501882,1.4582944941096776
ID4460,4460,208,16.007614135742188,666.2980030854366,534.0389872561717,0.0,6.0,6,5.0,1,,200.4742268041237,208.0,97.0,255.0,19446.0,39.86855820053807,0.24165505785583535,1.9572799172759618
ID4492,4492,208,14.514755249023438,670.586227482731,533.360543222492,0.0,5.0,5,5.0,1,,190.88659793814432,197.0,105.0,255.0,18516.0,45.483943203586456,0.21440075297286992,1.4818751094114455
ID5452,5452,208,16.716018676757812,673.5825063857399,533.0433557996602,0.0,1.0,1,5.0,1,,203.96907216494844,215.0,104.0,255.0,19785.0,43.66717245450892,0.2426576954242093,1.8242392670466068
ID4496,4496,208,14.516433715820312,662.4433567433423,536.9858764408027,0.0,7.0,7,5.0,1,,187.39175257731958,187.0,87.0,255.0,18177.0,39.296298781668284,0.23125381020117858,1.7913074452232463
ID4113,4113,208,17.768707275390625,647.0627618965668,539.3266714512948,0.0,11.0,11,5.0,1,,194.83505154639175,203.0,69.0,255.0,18899.0,47.988644579640564,0.2623366401680413,1.6874945029976507
ID5046,5046,208,16.716018676757812,673.5825063857399,533.0433557996602,0.0,0.0,0,5.0,1,,203.96907216494844,215.0,104.0,255.0,19785.0,43.66717245450892,0.2426576954242093,1.8242392670466068
ID3832,3832,208,16.3709716796875,634.1490734834069,543.2705969883402,0.0,14.0,14,5.0,1,,198.6701030927835,209.0,90.0,255.0,19271.0,46.85432247257729,0.2337672374057393,1.6068053225748278
ID2394,2394,208,15.940933227539062,629.8260870588969,542.2206034196846,0.0,15.0,15,5.0,1,,196.09278350515464,200.0,107.0,254.0,19021.0,40.309242755804675,0.2504419670902241,1.9486351520319856
ID4508,4508,208,17.768707275390625,647.0627618965668,539.3266714512948,0.0,10.0,10,5.0,1,,194.83505154639175,203.0,69.0,255.0,18899.0,47.988644579640564,0.2623366401680413,1.6874945029976507
ID4509,4509,208,14.516433715820312,662.4433567433423,536.9858764408027,0.0,8.0,8,5.0,1,,187.39175257731958,187.0,87.0,255.0,18177.0,39.296298781668284,0.23125381020117858,1.7913074452232463
ID4701,4701,208,16.716018676757812,673.5825063857399,533.0433557996602,0.0,2.0,2,5.0,1,,203.96907216494844,215.0,104.0,255.0,19785.0,43.66717245450892,0.2426576954242093,1.8242392670466068
ID3039,3039,208,16.3709716796875,634.1490734834069,543.2705969883402,0.0,13.0,13,5.0,1,,198.6701030927835,209.0,90.0,255.0,19271.0,46.85432247257729,0.2337672374057393,1.6068053225748278
ID2083,2083,209,10.13800048828125,191.81929793532447,213.21026323910883,0.0,15.0,15,5.0,1,,190.18556701030928,186.0,113.0,254.0,18448.0,43.72411851048459,0.12558538105717149,0.9706152988176623
ID2532,2532,209,9.609268188476562,197.1599028065437,226.32310805246937,0.0,13.0,13,5.0,1,,181.48453608247422,174.0,112.0,255.0,17604.0,46.06316166464212,0.10942931152729034,0.7772306321964854
ID2244,2244,209,11.149749755859375,193.61176133039217,225.15081231753112,0.0,12.0,12,5.0,1,,192.8659793814433,196.0,112.0,255.0,18708.0,41.09202803514614,0.13523979882088888,1.1182655730124336
ID3189,3189,209,10.472274780273438,185.96773946969554,223.4017221781862,0.0,11.0,11,5.0,1,,200.30927835051546,196.0,120.0,255.0,19430.0,39.34499142858547,0.12685797483069777,1.1462786364687818
ID5830,5830,209,10.161392211914062,191.20989067862965,212.09052675227903,0.0,16.0,16,5.0,1,,176.7422680412371,161.0,101.0,255.0,17144.0,53.958370981424835,0.11767267964717328,0.6897196479683142
ID2890,2890,209,9.51068115234375,197.1599028065437,226.32310805246937,0.0,14.0,14,5.0,1,,181.48453608247422,174.0,112.0,255.0,17604.0,46.06316166464212,0.10942931152729034,0.7772306321964854
ID3659,3659,209,10.472274780273438,185.96773946969554,223.4017221781862,0.0,10.0,10,5.0,1,,200.30927835051546,196.0,120.0,255.0,19430.0,39.34499142858547,0.12685797483069777,1.1462786364687818
ID2651,2651,209,7.2261962890625,184.84341221543195,228.03195331458372,0.0,9.0,9,5.0,1,,174.2164948453608,166.0,109.0,252.0,16899.0,39.90071709989573,0.0796376425165732,0.6441380341080047
ID5612,5612,209,10.161392211914062,191.20989067862965,212.09052675227903,0.0,17.0,17,5.0,1,,176.7422680412371,161.0,101.0,255.0,17144.0,53.958370981424835,0.11767267964717328,0.6897196479683142
ID3713,3713,210,8.747695922851562,164.09638477664478,241.03803156935638,0.0,5.0,5,5.0,1,,169.70103092783506,169.0,96.0,255.0,16461.0,44.853038950474506,0.1059087574411132,0.7246614832429622
ID2883,2883,210,9.609268188476562,197.1599028065437,226.32310805246937,0.0,14.0,14,5.0,1,,181.48453608247422,174.0,112.0,255.0,17604.0,46.06316166464212,0.10942931152729034,0.7772306321964854
ID3683,3683,210,9.620651245117188,163.79063631510218,242.98915515147843,0.0,7.0,7,5.0,1,,152.29896907216494,152.0,62.0,252.0,14773.0,45.96016503189964,0.1435310278615469,0.8318465537824951
ID5286,5286,210,6.2864990234375,160.77630293276155,244.337319086667,0.0,1.0,1,5.0,1,,155.10309278350516,151.0,102.0,249.0,15045.0,39.44919848575361,0.08125662031884796,0.5909384449421575
ID2535,2535,210,9.51068115234375,197.1599028065437,226.32310805246937,0.0,13.0,13,5.0,1,,181.48453608247422,174.0,112.0,255.0,17604.0,46.06316166464212,0.10942931152729034,0.7772306321964854
ID2663,2663,210,5.359130859375,172.64990965951566,237.63794651760898,0.0,9.0,9,5.0,1,,133.7835051546392,131.0,41.0,225.0,12977.0,35.07053214717323,0.07889956981581843,0.5579352820219062
ID3725,3725,210,10.270538330078125,175.52163817065482,239.50292565931022,0.0,10.0,10,5.0,1,,154.5257731958763,150.0,46.0,255.0,14989.0,50.52352850890059,0.17935246842439875,0.9302527986463064
ID4077,4077,210,6.2864990234375,160.77630293276155,244.337319086667,0.0,2.0,2,5.0,1,,155.10309278350516,151.0,102.0,249.0,15045.0,39.44919848575361,0.08125662031884796,0.5909384449421575
ID3215,3215,210,8.747695922851562,164.09638477664478,241.03803156935638,0.0,4.0,4,5.0,1,,169.70103092783506,169.0,96.0,255.0,16461.0,44.853038950474506,0.1059087574411132,0.7246614832429622
ID3633,3633,210,8.462081909179688,163.89991391674377,240.74464109317438,0.0,6.0,6,5.0,1,,171.27835051546393,169.0,98.0,255.0,16614.0,42.108427073261616,0.12469707417988382,0.9019534970208885
ID3730,3730,210,9.620651245117188,163.79063631510218,242.98915515147843,0.0,8.0,8,5.0,1,,152.29896907216494,152.0,62.0,252.0,14773.0,45.96016503189964,0.1435310278615469,0.8318465537824951
ID4948,4948,210,6.2864990234375,160.77630293276155,244.337319086667,0.0,0.0,0,5.0,1,,155.10309278350516,151.0,102.0,249.0,15045.0,39.44919848575361,0.08125662031884796,0.5909384449421575
ID3254,3254,210,10.270538330078125,175.52163817065482,239.50292565931022,0.0,11.0,11,5.0,1,,154.5257731958763,150.0,46.0,255.0,14989.0,50.52352850890059,0.17935246842439875,0.9302527986463064
ID5212,5212,210,6.2864990234375,160.77630293276155,244.337319086667,0.0,3.0,3,5.0,1,,155.10309278350516,151.0,102.0,249.0,15045.0,39.44919848575361,0.08125662031884796,0.5909384449421575
ID2078,2078,210,8.7049560546875,186.56145497719692,204.5490543690044,0.0,15.0,15,5.0,1,,170.31958762886597,151.0,104.0,255.0,16521.0,50.155497038325834,0.09986005911871898,0.616638223332862
ID4480,4480,211,5.713645935058594,253.91818484607114,719.9009963619094,0.0,4.0,4,5.0,1,,109.52577319587628,101.0,42.0,236.0,10624.0,38.923560983758385,0.1261230154539583,0.6302926880888524
ID4291,4291,211,12.056106567382812,262.5806538283529,706.8727926002296,0.0,14.0,14,5.0,1,,188.90721649484536,195.0,101.0,255.0,18324.0,47.50352672745881,0.15610642710989286,1.0739292209346727
ID4771,4771,211,6.7288970947265625,254.1671782392184,721.3530665618471,0.0,6.0,6,5.0,1,,106.69072164948453,95.0,24.0,255.0,10349.0,54.319149636036556,0.09177538697844069,0.33021485841341575
ID5125,5125,211,5.689018249511719,256.63986655791496,714.8468724786603,0.0,0.0,0,5.0,1,,117.34020618556701,113.0,49.0,197.0,11382.0,31.958595152536216,0.10674590958129705,0.7082596151969369
ID4518,4518,211,11.512542724609375,259.1992809428486,705.9346441163271,0.0,11.0,11,5.0,1,,183.39175257731958,182.0,108.0,255.0,17789.0,46.96864128974576,0.14531716716189466,0.9908158653833434
ID3560,3560,211,12.056106567382812,262.5806538283529,706.8727926002296,0.0,13.0,13,5.0,1,,188.90721649484536,195.0,101.0,255.0,18324.0,47.50352672745881,0.15610642710989286,1.0739292209346727
ID2603,2603,211,11.188690185546875,260.1298806577958,705.9488319414563,0.0,12.0,12,5.0,1,,188.82474226804123,187.0,107.0,255.0,18316.0,45.3642687744804,0.14662195125227184,1.064519752727837
ID5966,5966,211,10.157196044921875,267.0,699.0,0.0,16.0,16,5.0,1,,197.5257731958763,204.0,100.0,253.0,19160.0,44.900838147221975,0.11713165231004731,0.9225060665487543
ID2543,2543,211,10.984878540039062,264.41288901902743,704.729625565153,0.0,15.0,15,5.0,1,,183.0,176.0,88.0,255.0,17751.0,47.1734388542253,0.15437031457791478,1.0375336426498907
ID3888,3888,211,10.802154541015625,257.6815183926669,702.9043405426462,0.0,9.0,9,5.0,1,,186.04123711340208,182.0,104.0,255.0,18046.0,47.81015354280868,0.13985625021211764,0.9548845596371528
ID4787,4787,211,11.512542724609375,259.1992809428486,705.9346441163271,0.0,10.0,10,5.0,1,,183.39175257731958,182.0,108.0,255.0,17789.0,46.96864128974576,0.14531716716189466,0.9908158653833434
ID4819,4819,211,12.115310668945312,258.49061415837866,701.5026100878013,0.0,8.0,8,5.0,1,,199.97938144329896,207.0,111.0,255.0,19398.0,44.595164952194125,0.15599413582463692,1.2102639112242222
ID5748,5748,211,10.157196044921875,267.0,699.0,0.0,17.0,17,5.0,1,,197.5257731958763,204.0,100.0,253.0,19160.0,44.900838147221975,0.11713165231004731,0.9225060665487543
ID4788,4788,211,12.115310668945312,258.49061415837866,701.5026100878013,0.0,7.0,7,5.0,1,,199.97938144329896,207.0,111.0,255.0,19398.0,44.595164952194125,0.15599413582463692,1.2102639112242222
ID4789,4789,211,5.713645935058594,253.91818484607114,719.9009963619094,0.0,5.0,5,5.0,1,,109.52577319587628,101.0,42.0,236.0,10624.0,38.923560983758385,0.1261230154539583,0.6302926880888524
ID5496,5496,211,5.689018249511719,256.63986655791496,714.8468724786603,0.0,3.0,3,5.0,1,,117.34020618556701,113.0,49.0,197.0,11382.0,31.958595152536216,0.10674590958129705,0.7082596151969369
ID5531,5531,211,5.689018249511719,256.63986655791496,714.8468724786603,0.0,1.0,1,5.0,1,,117.34020618556701,113.0,49.0,197.0,11382.0,31.958595152536216,0.10674590958129705,0.7082596151969369
ID4862,4862,211,5.689018249511719,256.63986655791496,714.8468724786603,0.0,2.0,2,5.0,1,,117.34020618556701,113.0,49.0,197.0,11382.0,31.958595152536216,0.10674590958129705,0.7082596151969369
ID3842,3842,212,15.364273071289062,617.1233880665469,543.7711908292181,0.0,14.0,14,5.0,1,,186.95876288659792,192.0,104.0,255.0,18135.0,41.31760054892194,0.2352689781183763,1.7236292676009055
ID4452,4452,212,15.453643798828125,650.9078983606113,528.5999255673041,0.0,6.0,6,5.0,1,,207.44329896907217,221.0,120.0,255.0,20122.0,44.00449055498126,0.21177276755133162,1.6477121059792699
ID4484,4484,212,15.161163330078125,657.7172029635052,525.2553440610311,0.0,5.0,5,5.0,1,,199.48453608247422,212.0,107.0,255.0,19350.0,51.91943145435006,0.19212285821673517,1.2384182013785885
ID5381,5381,212,13.06219482421875,658.1276560773816,521.5655770363667,0.0,3.0,3,5.0,1,,189.44329896907217,188.0,111.0,255.0,18376.0,48.1488510316716,0.1810486599382493,1.2062875318117077
ID2408,2408,212,16.801834106445312,620.3789667163884,541.3374301077713,0.0,12.0,12,5.0,1,,192.0721649484536,201.0,104.0,255.0,18631.0,49.57827300984954,0.23866326986386038,1.4929159550292392
ID5448,5448,212,13.06219482421875,658.1276560773816,521.5655770363667,0.0,1.0,1,5.0,1,,189.44329896907217,188.0,111.0,255.0,18376.0,48.1488510316716,0.1810486599382493,1.2062875318117077
ID3049,3049,212,15.364273071289062,617.1233880665469,543.7711908292181,0.0,13.0,13,5.0,1,,186.95876288659792,192.0,104.0,255.0,18135.0,41.31760054892194,0.2352689781183763,1.7236292676009055
ID4489,4489,212,15.42474365234375,642.4978797366384,531.8160008201978,0.0,7.0,7,5.0,1,,196.70103092783506,205.0,104.0,255.0,19080.0,50.822232042280966,0.21152673350932485,1.3514972246311048
ID4107,4107,212,13.090576171875,625.4972274763468,538.9997038647438,0.0,11.0,11,5.0,1,,170.659793814433,164.0,97.0,255.0,16554.0,51.672624642619475,0.18598526284048,1.0358573001936568
ID4690,4690,212,13.06219482421875,658.1276560773816,521.5655770363667,0.0,2.0,2,5.0,1,,189.44329896907217,188.0,111.0,255.0,18376.0,48.1488510316716,0.1810486599382493,1.2062875318117077
ID4499,4499,212,15.42474365234375,642.4978797366384,531.8160008201978,0.0,8.0,8,5.0,1,,196.70103092783506,205.0,104.0,255.0,19080.0,50.822232042280966,0.21152673350932485,1.3514972246311048
ID5043,5043,212,13.06219482421875,658.1276560773816,521.5655770363667,0.0,0.0,0,5.0,1,,189.44329896907217,188.0,111.0,255.0,18376.0,48.1488510316716,0.1810486599382493,1.2062875318117077
ID4503,4503,212,13.090576171875,625.4972274763468,538.9997038647438,0.0,10.0,10,5.0,1,,170.659793814433,164.0,97.0,255.0,16554.0,51.672624642619475,0.18598526284048,1.0358573001936568
ID3355,3355,212,14.56585693359375,638.8877005446266,535.7015007716107,0.0,9.0,9,5.0,1,,205.16494845360825,214.0,115.0,255.0,19901.0,40.81505043393183,0.19014455763053256,1.6061903342371808
ID4062,4062,212,15.161163330078125,657.7172029635052,525.2553440610311,0.0,4.0,4,5.0,1,,199.48453608247422,212.0,107.0,255.0,19350.0,51.91943145435006,0.19212285821673517,1.2384182013785885
ID2898,2898,213,9.280319213867188,199.0,230.0,0.0,14.0,14,5.0,1,,169.05154639175257,152.0,108.0,255.0,16398.0,50.32920191391966,0.11877514413445879,0.7132008577293694
ID2658,2658,213,7.849395751953125,187.79386900702994,236.01798360604135,0.0,9.0,9,5.0,1,,163.4742268041237,154.0,90.0,255.0,15857.0,42.87702686742273,0.10075228556261083,0.6979429668472238
ID3716,3716,213,10.961593627929688,192.10435385384733,231.93214241355025,0.0,10.0,10,5.0,1,,188.4742268041237,189.0,107.0,255.0,18282.0,47.19862568256648,0.12863744970362065,0.9102602491695431
ID2086,2086,213,10.20587158203125,195.7992126721713,224.12285619619757,0.0,15.0,15,5.0,1,,176.11340206185568,167.0,107.0,255.0,17083.0,49.95099187550812,0.1197801258425878,0.7542760110065043
ID2539,2539,213,9.280319213867188,199.0,230.0,0.0,13.0,13,5.0,1,,169.05154639175257,152.0,108.0,255.0,16398.0,50.32920191391966,0.11877514413445879,0.7132008577293694
ID2251,2251,213,12.099563598632812,200.96226117781424,236.52381360512587,0.0,12.0,12,5.0,1,,163.8556701030928,145.0,76.0,255.0,15894.0,54.41066640426949,0.18364233015919157,0.9344578817592352
ID3245,3245,213,10.961593627929688,192.10435385384733,231.93214241355025,0.0,11.0,11,5.0,1,,188.4742268041237,189.0,107.0,255.0,18282.0,47.19862568256648,0.12863744970362065,0.9102602491695431
ID2242,2242,214,12.733428955078125,312.8821769096463,223.5368517803334,0.0,12.0,12,5.0,1,,134.89690721649484,126.0,39.0,255.0,13085.0,53.897952291050764,0.19798355820705232,0.8272523134679608
ID3074,3074,214,15.094345092773438,321.64879188871953,203.12717774931838,0.0,4.0,4,5.0,1,,209.8041237113402,225.0,113.0,255.0,20351.0,42.00834222093515,0.2139383941736135,1.7603562099755172
ID5250,5250,214,13.708724975585938,324.5610390107836,199.56646147118852,0.0,1.0,1,5.0,1,,231.58762886597938,245.0,115.0,255.0,22464.0,31.471466103347613,0.1822618075667205,2.268874059143007
ID4930,4930,214,13.708724975585938,324.5610390107836,199.56646147118852,0.0,0.0,0,5.0,1,,231.58762886597938,245.0,115.0,255.0,22464.0,31.471466103347613,0.1822618075667205,2.268874059143007
ID3589,3589,214,15.094345092773438,321.64879188871953,203.12717774931838,0.0,5.0,5,5.0,1,,209.8041237113402,225.0,113.0,255.0,20351.0,42.00834222093515,0.2139383941736135,1.7603562099755172
ID3527,3527,214,15.1964111328125,319.7473848885293,210.3954665231165,0.0,6.0,6,5.0,1,,204.60824742268042,221.0,110.0,255.0,19847.0,44.42633338390805,0.20634475676224906,1.5755589487726391
ID3912,3912,214,13.708724975585938,324.5610390107836,199.56646147118852,0.0,2.0,2,5.0,1,,231.58762886597938,245.0,115.0,255.0,22464.0,31.471466103347613,0.1822618075667205,2.268874059143007
ID3211,3211,214,8.087158203125,318.12330602486435,224.23178975857192,0.0,11.0,11,5.0,1,,122.5979381443299,118.0,40.0,209.0,11892.0,41.139665519274715,0.1415703211259332,0.7391319120623541
ID2542,2542,214,11.055770874023438,310.557487594828,229.87708673120758,0.0,13.0,13,5.0,1,,118.24742268041237,113.0,48.0,230.0,11470.0,39.5000081560738,0.23724278025835527,1.1480546730493786
ID3569,3569,214,15.500778198242188,323.0008256837211,212.272742692923,0.0,7.0,7,5.0,1,,207.659793814433,221.0,112.0,255.0,20143.0,42.04112237786211,0.20173459688208878,1.658364272017699
ID5174,5174,214,13.708724975585938,324.5610390107836,199.56646147118852,0.0,3.0,3,5.0,1,,231.58762886597938,245.0,115.0,255.0,22464.0,31.471466103347613,0.1822618075667205,2.268874059143007
ID2905,2905,214,11.055770874023438,310.557487594828,229.87708673120758,0.0,14.0,14,5.0,1,,118.24742268041237,113.0,48.0,230.0,11470.0,39.5000081560738,0.23724278025835527,1.1480546730493786
ID3641,3641,214,15.500778198242188,323.0008256837211,212.272742692923,0.0,8.0,8,5.0,1,,207.659793814433,221.0,112.0,255.0,20143.0,42.04112237786211,0.20173459688208878,1.658364272017699
ID3679,3679,214,8.087158203125,318.12330602486435,224.23178975857192,0.0,10.0,10,5.0,1,,122.5979381443299,118.0,40.0,209.0,11892.0,41.139665519274715,0.1415703211259332,0.7391319120623541
ID5924,5924,215,13.709091186523438,625.0499365428244,564.8399032446456,0.0,16.0,16,5.0,1,,175.01030927835052,164.0,120.0,255.0,16976.0,37.29206094168503,0.22057167079263534,1.6961477857363303
ID5706,5706,215,13.709091186523438,625.0499365428244,564.8399032446456,0.0,17.0,17,5.0,1,,175.01030927835052,164.0,120.0,255.0,16976.0,37.29206094168503,0.22057167079263534,1.6961477857363303
ID3852,3852,215,13.364486694335938,622.0925901433262,558.0860162748639,0.0,14.0,14,5.0,1,,157.340206185567,151.0,22.0,255.0,15262.0,58.954411518198086,0.22335082921757837,0.974518191337388
ID2397,2397,215,15.00018310546875,625.0159655313964,559.4512936310122,0.0,15.0,15,5.0,1,,185.1958762886598,187.0,76.0,255.0,17964.0,49.27825737061463,0.2180426645556146,1.3455038546761156
ID2414,2414,215,10.340782165527344,624.9938433963664,555.4064521682906,0.0,12.0,12,5.0,1,,133.39175257731958,126.0,32.0,255.0,12939.0,46.61020915999138,0.17319448462057657,0.8449713185273271
ID3055,3055,215,13.364486694335938,622.0925901433262,558.0860162748639,0.0,13.0,13,5.0,1,,157.340206185567,151.0,22.0,255.0,15262.0,58.954411518198086,0.22335082921757837,0.974518191337388
ID2912,2912,216,9.108016967773438,688.8074436013634,230.50921415614266,0.0,14.0,14,5.0,1,,145.49484536082474,141.0,55.0,250.0,14113.0,46.75114163297249,0.1440217329659954,0.7835724173306806
ID2545,2545,216,9.108016967773438,688.8074436013634,230.50921415614266,0.0,13.0,13,5.0,1,,145.49484536082474,141.0,55.0,250.0,14113.0,46.75114163297249,0.1440217329659954,0.7835724173306806
ID3697,3697,216,15.017822265625,694.6548043042498,223.67025306887433,0.0,10.0,10,5.0,1,,172.5257731958763,168.0,65.0,255.0,16735.0,61.57584970037381,0.20814620115791302,0.9654339367818775
ID5618,5618,216,7.389396667480469,692.4037855068382,231.06719344540986,0.0,17.0,17,5.0,1,,138.61855670103094,133.0,66.0,232.0,13446.0,39.4309637475659,0.15910530696269976,0.9651076273163427
ID2642,2642,216,15.468124389648438,691.7269952907947,215.57465077075898,0.0,9.0,9,5.0,1,,173.48453608247422,178.0,47.0,255.0,16828.0,61.54844186391959,0.20522442504760868,0.9599195238520187
ID3635,3635,216,13.966232299804688,673.9643123466481,207.6318567459152,0.0,8.0,8,5.0,1,,214.48453608247422,226.0,113.0,255.0,20805.0,38.83059183869022,0.18126118010655784,1.6951605732595108
ID3221,3221,216,15.017822265625,694.6548043042498,223.67025306887433,0.0,11.0,11,5.0,1,,172.5257731958763,168.0,65.0,255.0,16735.0,61.57584970037381,0.20814620115791302,0.9654339367818775
ID3557,3557,216,13.966232299804688,673.9643123466481,207.6318567459152,0.0,7.0,7,5.0,1,,214.48453608247422,226.0,113.0,255.0,20805.0,38.83059183869022,0.18126118010655784,1.6951605732595108
ID2246,2246,216,15.290069580078125,696.8064846947964,225.62338389181951,0.0,12.0,12,5.0,1,,168.4742268041237,168.0,32.0,255.0,16342.0,66.48293841021436,0.21199448526868267,0.886496818290945
ID2088,2088,216,9.226455688476562,685.9939412489052,227.05638371344438,0.0,15.0,15,5.0,1,,148.29896907216494,155.0,40.0,242.0,14385.0,48.28046640646833,0.12967011070543213,0.705155526921757
ID5836,5836,216,7.389396667480469,692.4037855068382,231.06719344540986,0.0,16.0,16,5.0,1,,138.61855670103094,133.0,66.0,232.0,13446.0,39.4309637475659,0.15910530696269976,0.9651076273163427
ID3680,3680,217,8.40521240234375,161.07490519365305,229.7142341514498,0.0,8.0,8,5.0,1,,163.09278350515464,164.0,105.0,255.0,15820.0,32.171766372805706,0.11837627895149454,1.0731651761351262
ID3201,3201,217,5.407501220703125,175.6275501840711,224.2146393942447,0.0,11.0,11,5.0,1,,147.51546391752578,151.0,34.0,235.0,14309.0,39.4623009450322,0.06599618196209901,0.46285856323907965
ID2918,2918,217,8.96734619140625,183.1745137342391,231.59996090516483,0.0,14.0,14,5.0,1,,139.11340206185568,133.0,41.0,245.0,13494.0,49.53342227910779,0.11396478885170262,0.5746453005028488
ID2087,2087,217,10.492279052734375,184.53796612440237,227.3603987352039,0.0,15.0,15,5.0,1,,151.7422680412371,154.0,45.0,255.0,14719.0,49.139528884280864,0.1486546514900408,0.7992720122181151
ID5832,5832,217,7.545745849609375,181.81494084134994,217.14758334508048,0.0,16.0,16,5.0,1,,139.48453608247422,141.0,47.0,214.0,13530.0,39.04941138109027,0.09885460974424182,0.642685138991229
ID3624,3624,217,8.40521240234375,161.07490519365305,229.7142341514498,0.0,7.0,7,5.0,1,,163.09278350515464,164.0,105.0,255.0,15820.0,32.171766372805706,0.11837627895149454,1.0731651761351262
ID2250,2250,217,10.00274658203125,180.12081182863292,231.83293067167577,0.0,12.0,12,5.0,1,,156.30927835051546,154.0,70.0,255.0,15162.0,49.5021802602215,0.16417115087866865,0.8905748700714554
ID3595,3595,217,7.0322265625,155.17565414055062,230.99223977921403,0.0,6.0,6,5.0,1,,164.96907216494844,169.0,95.0,229.0,16002.0,33.95568607521409,0.0990459254338773,0.8756706453293274
ID3692,3692,217,5.8028717041015625,155.06512997084474,230.4710862676232,0.0,5.0,5,5.0,1,,160.5463917525773,165.0,90.0,233.0,15573.0,34.24605227204928,0.0658360415096358,0.5791530371984179
ID5614,5614,217,7.545745849609375,181.81494084134994,217.14758334508048,0.0,17.0,17,5.0,1,,139.48453608247422,141.0,47.0,214.0,13530.0,39.04941138109027,0.09885460974424182,0.642685138991229
ID4942,4942,217,8.6795654296875,152.17552609784738,233.07552132639728,0.0,0.0,0,5.0,1,,166.38144329896906,157.0,96.0,255.0,16139.0,47.2919662176201,0.07829283655142402,0.5108963736896961
ID5200,5200,217,8.6795654296875,152.17552609784738,233.07552132639728,0.0,3.0,3,5.0,1,,166.38144329896906,157.0,96.0,255.0,16139.0,47.2919662176201,0.07829283655142402,0.5108963736896961
ID2548,2548,217,8.96734619140625,183.1745137342391,231.59996090516483,0.0,13.0,13,5.0,1,,139.11340206185568,133.0,41.0,245.0,13494.0,49.53342227910779,0.11396478885170262,0.5746453005028488
ID4021,4021,217,8.6795654296875,152.17552609784738,233.07552132639728,0.0,2.0,2,5.0,1,,166.38144329896906,157.0,96.0,255.0,16139.0,47.2919662176201,0.07829283655142402,0.5108963736896961
ID3191,3191,217,5.8028717041015625,155.06512997084474,230.4710862676232,0.0,4.0,4,5.0,1,,160.5463917525773,165.0,90.0,233.0,15573.0,34.24605227204928,0.0658360415096358,0.5791530371984179
ID3672,3672,217,5.407501220703125,175.6275501840711,224.2146393942447,0.0,10.0,10,5.0,1,,147.51546391752578,151.0,34.0,235.0,14309.0,39.4623009450322,0.06599618196209901,0.46285856323907965
ID5275,5275,217,8.6795654296875,152.17552609784738,233.07552132639728,0.0,1.0,1,5.0,1,,166.38144329896906,157.0,96.0,255.0,16139.0,47.2919662176201,0.07829283655142402,0.5108963736896961
ID2654,2654,217,5.9260406494140625,169.8154193133714,228.95111198485418,0.0,9.0,9,5.0,1,,142.11340206185568,147.0,72.0,222.0,13785.0,32.048100661564085,0.09854992349746607,0.7956081606622188
ID2662,2662,218,11.529617309570312,248.22116470692308,236.53554603412218,0.0,9.0,9,5.0,1,,234.72164948453607,247.0,129.0,255.0,22768.0,28.92617840729845,0.14540685548216506,2.0602370272962762
ID4040,4040,218,15.511886596679688,252.7388452666282,236.29054192542915,0.0,2.0,2,5.0,1,,210.5257731958763,232.0,101.0,255.0,20421.0,45.91593150882409,0.20468806337391057,1.5580800871972291
ID3722,3722,218,14.761856079101562,254.0321363104729,242.91035534218372,0.0,5.0,5,5.0,1,,202.51546391752578,211.0,109.0,255.0,19644.0,43.562243160902796,0.19426693832579384,1.5124305389703212
ID2254,2254,218,12.266067504882812,243.95604279523542,242.90461038671228,0.0,12.0,12,5.0,1,,186.15463917525773,187.0,101.0,255.0,18057.0,35.54408653529959,0.16517236235877247,1.4848538434431622
ID3278,3278,218,9.48492431640625,240.0420744798121,247.4571593861324,0.0,11.0,11,5.0,1,,213.61855670103094,222.0,132.0,254.0,20721.0,26.921739704716753,0.12902235821800703,1.8135447826603086
ID2927,2927,218,9.10968017578125,200.0,232.0,0.0,14.0,14,5.0,1,,161.88659793814432,147.0,108.0,252.0,15703.0,49.18521040597885,0.12324314932161476,0.7222630003290289
ID3695,3695,218,11.890518188476562,255.25277474186305,231.8878956708797,0.0,8.0,8,5.0,1,,221.93814432989691,246.0,107.0,255.0,21528.0,43.370452315149066,0.13559735538562998,1.2220665069523529
ID4944,4944,218,15.511886596679688,252.7388452666282,236.29054192542915,0.0,0.0,0,5.0,1,,210.5257731958763,232.0,101.0,255.0,20421.0,45.91593150882409,0.20468806337391057,1.5580800871972291
ID3634,3634,218,11.890518188476562,255.25277474186305,231.8878956708797,0.0,7.0,7,5.0,1,,221.93814432989691,246.0,107.0,255.0,21528.0,43.370452315149066,0.13559735538562998,1.2220665069523529
ID5204,5204,218,15.511886596679688,252.7388452666282,236.29054192542915,0.0,3.0,3,5.0,1,,210.5257731958763,232.0,101.0,255.0,20421.0,45.91593150882409,0.20468806337391057,1.5580800871972291
ID3605,3605,218,12.439956665039062,255.47492531959207,231.28624106686155,0.0,6.0,6,5.0,1,,207.340206185567,232.0,79.0,255.0,20112.0,49.641398759406215,0.15698451663090546,1.1334406508687267
ID2553,2553,218,9.10968017578125,200.0,232.0,0.0,13.0,13,5.0,1,,161.88659793814432,147.0,108.0,252.0,15703.0,49.18521040597885,0.12324314932161476,0.7222630003290289
ID3226,3226,218,14.761856079101562,254.0321363104729,242.91035534218372,0.0,4.0,4,5.0,1,,202.51546391752578,211.0,109.0,255.0,19644.0,43.562243160902796,0.19426693832579384,1.5124305389703212
ID3743,3743,218,9.48492431640625,240.0420744798121,247.4571593861324,0.0,10.0,10,5.0,1,,213.61855670103094,222.0,132.0,254.0,20721.0,26.921739704716753,0.12902235821800703,1.8135447826603086
ID5279,5279,218,15.511886596679688,252.7388452666282,236.29054192542915,0.0,1.0,1,5.0,1,,210.5257731958763,232.0,101.0,255.0,20421.0,45.91593150882409,0.20468806337391057,1.5580800871972291
ID4740,4740,219,12.747482299804688,699.6563087515457,679.0906729625481,0.0,7.0,7,5.0,1,,219.84536082474227,232.0,117.0,255.0,21325.0,37.19664529177596,0.1693721522628899,1.7121144276316966
ID4773,4773,219,12.747482299804688,699.6563087515457,679.0906729625481,0.0,8.0,8,5.0,1,,219.84536082474227,232.0,117.0,255.0,21325.0,37.19664529177596,0.1693721522628899,1.7121144276316966
ID4678,4678,219,11.512039184570312,690.141479302483,674.5135767748288,0.0,5.0,5,5.0,1,,207.3298969072165,221.0,107.0,255.0,20111.0,40.518956893009914,0.14456755196770768,1.2925967755022552
ID4775,4775,219,13.645156860351562,699.9784749270406,694.5149600860099,0.0,10.0,10,5.0,1,,196.57731958762886,197.0,105.0,255.0,19068.0,47.074151402235074,0.1796172459868514,1.2717092339899794
ID5512,5512,219,13.8709716796875,690.8052635529681,669.3420945331505,0.0,1.0,1,5.0,1,,216.88659793814432,239.0,101.0,255.0,21038.0,45.173940747740986,0.17266027021262453,1.4138226633442477
ID5096,5096,219,13.8709716796875,690.8052635529681,669.3420945331505,0.0,0.0,0,5.0,1,,216.88659793814432,239.0,101.0,255.0,21038.0,45.173940747740986,0.17266027021262453,1.4138226633442477
ID4298,4298,219,8.316261291503906,686.7678960388549,707.892112162078,0.0,14.0,14,5.0,1,,127.95876288659794,112.0,61.0,255.0,12412.0,51.716558745276245,0.11559970741807858,0.5127654473250781
ID4843,4843,219,13.8709716796875,690.8052635529681,669.3420945331505,0.0,2.0,2,5.0,1,,216.88659793814432,239.0,101.0,255.0,21038.0,45.173940747740986,0.17266027021262453,1.4138226633442477
ID4686,4686,219,13.548980712890625,700.9459723964155,678.9802487838268,0.0,6.0,6,5.0,1,,221.58762886597938,239.0,119.0,255.0,21494.0,37.0842937826895,0.1758164887650827,1.7869218093219783
ID4334,4334,219,11.512039184570312,690.141479302483,674.5135767748288,0.0,4.0,4,5.0,1,,207.3298969072165,221.0,107.0,255.0,20111.0,40.518956893009914,0.14456755196770768,1.2925967755022552
ID5455,5455,219,13.8709716796875,690.8052635529681,669.3420945331505,0.0,3.0,3,5.0,1,,216.88659793814432,239.0,101.0,255.0,21038.0,45.173940747740986,0.17266027021262453,1.4138226633442477
ID5969,5969,219,5.0657501220703125,688.0337301014566,709.5360408679145,0.0,16.0,16,5.0,1,,95.3298969072165,84.0,30.0,246.0,9247.0,42.33810381162885,0.0779599633487801,0.3256842156287064
ID2546,2546,219,10.5869140625,686.1108136198163,707.6029872812742,0.0,15.0,15,5.0,1,,138.06185567010309,111.0,49.0,255.0,13392.0,60.66314340152473,0.15016538376676972,0.5942761884532715
ID4502,4502,219,13.645156860351562,699.9784749270406,694.5149600860099,0.0,11.0,11,5.0,1,,196.57731958762886,197.0,105.0,255.0,19068.0,47.074151402235074,0.1796172459868514,1.2717092339899794
ID5751,5751,219,5.0657501220703125,688.0337301014566,709.5360408679145,0.0,17.0,17,5.0,1,,95.3298969072165,84.0,30.0,246.0,9247.0,42.33810381162885,0.0779599633487801,0.3256842156287064
ID3577,3577,219,8.316261291503906,686.7678960388549,707.892112162078,0.0,13.0,13,5.0,1,,127.95876288659794,112.0,61.0,255.0,12412.0,51.716558745276245,0.11559970741807858,0.5127654473250781
ID3835,3835,219,12.97430419921875,699.7110753610089,685.2356417909895,0.0,9.0,9,5.0,1,,218.24742268041237,231.0,118.0,255.0,21170.0,37.948438408757085,0.16942835170574788,1.666470680892413
ID2590,2590,219,5.5107879638671875,689.9171768723971,699.0083468389435,0.0,12.0,12,5.0,1,,143.98969072164948,145.0,30.0,208.0,13967.0,39.07751240732984,0.058511949191281595,0.4073645997045475
ID4514,4514,220,15.124435424804688,110.86437503618433,572.4070054366584,0.0,10.0,10,5.0,1,,195.39175257731958,204.0,111.0,255.0,18953.0,45.907415137478715,0.21431709180919928,1.5023740844421396
ID4515,4515,220,15.050628662109375,100.98999727208341,563.9458294488659,0.0,8.0,8,5.0,1,,200.23711340206185,204.0,105.0,255.0,19423.0,43.73137060411085,0.2048049492379765,1.5567009380325356
ID4707,4707,220,13.456130981445312,94.73531719481103,539.1910625355335,0.0,2.0,2,5.0,1,,188.53608247422682,186.0,89.0,255.0,18288.0,53.20480512754269,0.1688688559776777,1.0238996431073961
ID5387,5387,220,13.456130981445312,94.73531719481103,539.1910625355335,0.0,3.0,3,5.0,1,,188.53608247422682,186.0,89.0,255.0,18288.0,53.20480512754269,0.1688688559776777,1.0238996431073961
ID5454,5454,220,13.456130981445312,94.73531719481103,539.1910625355335,0.0,1.0,1,5.0,1,,188.53608247422682,186.0,89.0,255.0,18288.0,53.20480512754269,0.1688688559776777,1.0238996431073961
ID4080,4080,220,13.259033203125,102.0986325069959,546.0446824546462,0.0,4.0,4,5.0,1,,191.39175257731958,198.0,101.0,255.0,18565.0,44.689334274949154,0.19056230595921242,1.37098972815323
ID2417,2417,220,14.106246948242188,115.99734654954005,579.596114250485,0.0,12.0,12,5.0,1,,187.24742268041237,188.0,104.0,255.0,18163.0,42.67464873118344,0.22235912294308344,1.596364360985918
ID3377,3377,220,14.485443115234375,107.22617391579273,568.6760471724084,0.0,9.0,9,5.0,1,,201.35051546391753,212.0,107.0,255.0,19531.0,41.82130668020625,0.20778395645495884,1.6565627772295086
ID4468,4468,220,14.01031494140625,105.79699867862006,555.2317864096273,0.0,6.0,6,5.0,1,,200.29896907216494,204.0,108.0,255.0,19429.0,42.70810933643379,0.19565328210542654,1.5349005477872155
ID4500,4500,220,13.259033203125,102.0986325069959,546.0446824546462,0.0,5.0,5,5.0,1,,191.39175257731958,198.0,101.0,255.0,18565.0,44.689334274949154,0.19056230595921242,1.37098972815323
ID3863,3863,220,14.168731689453125,114.78057680470299,590.4088010600267,0.0,14.0,14,5.0,1,,170.98969072164948,166.0,69.0,255.0,16586.0,54.620183778023105,0.20641561912743847,1.0712537881444077
ID5047,5047,220,13.456130981445312,94.73531719481103,539.1910625355335,0.0,0.0,0,5.0,1,,188.53608247422682,186.0,89.0,255.0,18288.0,53.20480512754269,0.1688688559776777,1.0238996431073961
ID4120,4120,220,15.124435424804688,110.86437503618433,572.4070054366584,0.0,11.0,11,5.0,1,,195.39175257731958,204.0,111.0,255.0,18953.0,45.907415137478715,0.21431709180919928,1.5023740844421396
ID4504,4504,220,15.050628662109375,100.98999727208341,563.9458294488659,0.0,7.0,7,5.0,1,,200.23711340206185,204.0,105.0,255.0,19423.0,43.73137060411085,0.2048049492379765,1.5567009380325356
ID3066,3066,220,14.168731689453125,114.78057680470299,590.4088010600267,0.0,13.0,13,5.0,1,,170.98969072164948,166.0,69.0,255.0,16586.0,54.620183778023105,0.20641561912743847,1.0712537881444077
ID2260,2260,221,9.638381958007812,234.9360303292278,255.0142220356674,0.0,12.0,12,5.0,1,,187.23711340206185,192.0,113.0,255.0,18162.0,45.866603045288734,0.11549087773974609,0.8452924986254563
ID3268,3268,221,10.445907592773438,193.38041834248276,240.42252425744482,0.0,11.0,11,5.0,1,,160.42268041237114,155.0,33.0,255.0,15561.0,56.77382668895251,0.14419478661107496,0.712192163190751
ID5620,5620,221,12.429473876953125,222.2900947295041,253.15968928687866,0.0,17.0,17,5.0,1,,185.57731958762886,188.0,96.0,255.0,18001.0,51.48762696260676,0.1560874604429289,0.9732610460679121
ID3734,3734,221,10.445907592773438,193.38041834248276,240.42252425744482,0.0,10.0,10,5.0,1,,160.42268041237114,155.0,33.0,255.0,15561.0,56.77382668895251,0.14419478661107496,0.712192163190751
ID2935,2935,221,9.926361083984375,205.94036774022837,240.02933474133346,0.0,14.0,14,5.0,1,,144.27835051546393,136.0,42.0,231.0,13995.0,47.46308703175755,0.16394491133696978,0.8563290906480662
ID2089,2089,221,10.1619873046875,228.82281754023444,253.76470219842787,0.0,15.0,15,5.0,1,,219.09278350515464,226.0,155.0,252.0,21252.0,24.688510516967032,0.1299107434678409,2.040629259645576
ID2558,2558,221,9.926361083984375,205.94036774022837,240.02933474133346,0.0,13.0,13,5.0,1,,144.27835051546393,136.0,42.0,231.0,13995.0,47.46308703175755,0.16394491133696978,0.8563290906480662
ID5838,5838,221,12.429473876953125,222.2900947295041,253.15968928687866,0.0,16.0,16,5.0,1,,185.57731958762886,188.0,96.0,255.0,18001.0,51.48762696260676,0.1560874604429289,0.9732610460679121
ID5313,5313,222,10.2818603515625,70.59075073042942,425.56958859586615,0.0,3.0,3,5.0,1,,180.15463917525773,181.0,48.0,255.0,17475.0,53.88284749617019,0.11909684657371729,0.7116353248674516
ID4485,4485,222,10.2818603515625,70.59075073042942,425.56958859586615,0.0,2.0,2,5.0,1,,180.15463917525773,181.0,48.0,255.0,17475.0,53.88284749617019,0.11909684657371729,0.7116353248674516
ID4997,4997,222,10.2818603515625,70.59075073042942,425.56958859586615,0.0,0.0,0,5.0,1,,180.15463917525773,181.0,48.0,255.0,17475.0,53.88284749617019,0.11909684657371729,0.7116353248674516
ID4134,4134,222,10.377243041992188,59.0,416.0,0.0,8.0,8,5.0,1,,184.94845360824743,179.0,95.0,255.0,17940.0,50.41605463830044,0.1213284511509667,0.7938558612143767
ID5384,5384,222,10.2818603515625,70.59075073042942,425.56958859586615,0.0,1.0,1,5.0,1,,180.15463917525773,181.0,48.0,255.0,17475.0,53.88284749617019,0.11909684657371729,0.7116353248674516
ID3758,3758,222,12.01861572265625,68.3075433381857,406.57555470474574,0.0,11.0,11,5.0,1,,225.36082474226805,246.0,132.0,255.0,21860.0,36.26556722263392,0.15077830279018284,1.6284001358775724
ID4111,4111,222,10.377243041992188,59.0,416.0,0.0,7.0,7,5.0,1,,184.94845360824743,179.0,95.0,255.0,17940.0,50.41605463830044,0.1213284511509667,0.7938558612143767
ID2901,2901,222,11.692306518554688,61.34570173358333,404.2611959885809,0.0,9.0,9,5.0,1,,229.3298969072165,245.0,123.0,255.0,22245.0,31.643430614124757,0.1436579189686924,1.8207090027416828
ID2327,2327,222,11.584716796875,65.13033552458435,394.6809915846754,0.0,12.0,12,5.0,1,,224.4020618556701,235.0,144.0,255.0,21767.0,27.787009777432583,0.15006731087035316,2.1075498978096623
ID4189,4189,222,6.974273681640625,64.15341599284922,422.9035007903935,0.0,5.0,5,5.0,1,,150.3298969072165,137.0,47.0,255.0,14582.0,53.213743848410644,0.0982944433632242,0.5056636344329567
ID4094,4094,222,11.08709716796875,61.78364731964835,408.6744914429643,0.0,6.0,6,5.0,1,,209.20618556701032,222.0,119.0,255.0,20293.0,39.06723321839168,0.13935542746432578,1.3099554435979197
ID4190,4190,222,12.01861572265625,68.3075433381857,406.57555470474574,0.0,10.0,10,5.0,1,,225.36082474226805,246.0,132.0,255.0,21860.0,36.26556722263392,0.15077830279018284,1.6284001358775724
ID3742,3742,222,6.974273681640625,64.15341599284922,422.9035007903935,0.0,4.0,4,5.0,1,,150.3298969072165,137.0,47.0,255.0,14582.0,53.213743848410644,0.0982944433632242,0.5056636344329567
ID3089,3089,223,11.452407836914062,563.4111088771825,77.93556283852477,0.0,7.0,7,5.0,1,,210.57731958762886,218.0,116.0,255.0,20426.0,37.46326952594878,0.1387183238680538,1.3694728777580725
ID2161,2161,223,5.598960876464844,549.2395883604041,71.62826039661441,0.0,12.0,12,5.0,1,,135.1237113402062,141.0,61.0,186.0,13107.0,23.753183002476554,0.12441991242288107,1.258928627938287
ID3061,3061,223,10.395706176757812,560.1612219471281,75.98886655456575,0.0,6.0,6,5.0,1,,208.90721649484536,222.0,124.0,255.0,20264.0,39.0232522762142,0.12219879178862601,1.165888696606226
ID2456,2456,223,14.679473876953125,540.6160934198241,82.65467232824732,0.0,9.0,9,5.0,1,,203.23711340206185,217.0,93.0,255.0,19714.0,45.446803425331865,0.19253441484160644,1.443999757020869
ID2840,2840,223,14.429168701171875,539.7897313334236,81.50097731066877,0.0,11.0,11,5.0,1,,209.8762886597938,215.0,100.0,255.0,20358.0,39.17542217703776,0.1919628198162357,1.725576024460352
ID3212,3212,223,14.429168701171875,539.7897313334236,81.50097731066877,0.0,10.0,10,5.0,1,,209.8762886597938,215.0,100.0,255.0,20358.0,39.17542217703776,0.1919628198162357,1.725576024460352
ID3198,3198,223,11.452407836914062,563.4111088771825,77.93556283852477,0.0,8.0,8,5.0,1,,210.57731958762886,218.0,116.0,255.0,20426.0,37.46326952594878,0.1387183238680538,1.3694728777580725
ID3665,3665,224,11.941131591796875,332.54701631209895,221.0145793217311,0.0,8.0,8,5.0,1,,193.39175257731958,197.0,108.0,255.0,18759.0,48.40079129454545,0.14573398907004198,1.0164652562636445
ID3602,3602,224,11.941131591796875,332.54701631209895,221.0145793217311,0.0,7.0,7,5.0,1,,193.39175257731958,197.0,108.0,255.0,18759.0,48.40079129454545,0.14573398907004198,1.0164652562636445
ID4816,4816,225,11.796875,469.0,639.0,0.0,2.0,2,5.0,1,,188.31958762886597,194.0,93.0,255.0,18267.0,51.05155612869712,0.14048424656449207,0.9087717987984791
ID5425,5425,225,11.796875,469.0,639.0,0.0,3.0,3,5.0,1,,188.31958762886597,194.0,93.0,255.0,18267.0,51.05155612869712,0.14048424656449207,0.9087717987984791
ID5074,5074,225,11.796875,469.0,639.0,0.0,0.0,0,5.0,1,,188.31958762886597,194.0,93.0,255.0,18267.0,51.05155612869712,0.14048424656449207,0.9087717987984791
ID3684,3684,225,8.672958374023438,462.6463328424162,657.4555415585213,0.0,9.0,9,5.0,1,,153.11340206185568,147.0,67.0,255.0,14852.0,51.849316189773205,0.0959836827863171,0.5172416516409607
ID4597,4597,225,13.278167724609375,464.26296283800804,644.6092894752641,0.0,6.0,6,5.0,1,,195.36082474226805,204.0,98.0,255.0,18950.0,43.60551990263824,0.17745866600976656,1.3504470139728875
ID4182,4182,225,15.2830810546875,467.8560552209276,642.3406951230272,0.0,4.0,4,5.0,1,,205.0721649484536,225.0,107.0,255.0,19892.0,49.18401828479628,0.20168658129619618,1.3995824806950918
ID4583,4583,225,15.2830810546875,467.8560552209276,642.3406951230272,0.0,5.0,5,5.0,1,,205.0721649484536,225.0,107.0,255.0,19892.0,49.18401828479628,0.20168658129619618,1.3995824806950918
ID4635,4635,225,9.59295654296875,462.0128222315506,654.4849497984067,0.0,7.0,7,5.0,1,,169.16494845360825,159.0,87.0,255.0,16409.0,55.09512236660398,0.12760915638906054,0.6949450538869275
ID4667,4667,225,9.59295654296875,462.0128222315506,654.4849497984067,0.0,8.0,8,5.0,1,,169.16494845360825,159.0,87.0,255.0,16409.0,55.09512236660398,0.12760915638906054,0.6949450538869275
ID5487,5487,225,11.796875,469.0,639.0,0.0,1.0,1,5.0,1,,188.31958762886597,194.0,93.0,255.0,18267.0,51.05155612869712,0.14048424656449207,0.9087717987984791
ID4288,4288,226,13.210128784179688,93.4905304385098,467.22705768069824,0.0,10.0,10,5.0,1,,185.50515463917526,187.0,108.0,255.0,17994.0,48.429528636837404,0.18368009166270466,1.1887854463751268
ID4165,4165,226,8.6239013671875,97.88637099892557,439.41610200909156,0.0,8.0,8,5.0,1,,173.16494845360825,168.0,91.0,255.0,16797.0,43.50686737276157,0.09868944752219266,0.7150360433403893
ID2951,2951,226,11.843475341796875,94.73762626338136,449.55313037864323,0.0,9.0,9,5.0,1,,212.51546391752578,217.0,144.0,255.0,20614.0,26.07565651221375,0.16126130140758382,2.263526004664419
ID2347,2347,226,12.37420654296875,78.73132056604447,480.784985366614,0.0,12.0,12,5.0,1,,167.1237113402062,165.0,69.0,255.0,16211.0,50.231393265723845,0.16053389579004254,0.9204532988787962
ID5003,5003,226,11.575286865234375,64.05883998723164,435.75268605868,0.0,0.0,0,5.0,1,,206.4536082474227,215.0,93.0,255.0,20026.0,38.580549022617575,0.13529655277743174,1.2754442546128317
ID4141,4141,226,8.6239013671875,97.88637099892557,439.41610200909156,0.0,7.0,7,5.0,1,,173.16494845360825,168.0,91.0,255.0,16797.0,43.50686737276157,0.09868944752219266,0.7150360433403893
ID5326,5326,226,11.575286865234375,64.05883998723164,435.75268605868,0.0,3.0,3,5.0,1,,206.4536082474227,215.0,93.0,255.0,20026.0,38.580549022617575,0.13529655277743174,1.2754442546128317
ID4529,4529,226,11.575286865234375,64.05883998723164,435.75268605868,0.0,2.0,2,5.0,1,,206.4536082474227,215.0,93.0,255.0,20026.0,38.580549022617575,0.13529655277743174,1.2754442546128317
ID5395,5395,226,11.575286865234375,64.05883998723164,435.75268605868,0.0,1.0,1,5.0,1,,206.4536082474227,215.0,93.0,255.0,20026.0,38.580549022617575,0.13529655277743174,1.2754442546128317
ID3861,3861,226,13.210128784179688,93.4905304385098,467.22705768069824,0.0,11.0,11,5.0,1,,185.50515463917526,187.0,108.0,255.0,17994.0,48.429528636837404,0.18368009166270466,1.1887854463751268
ID3803,3803,226,12.42071533203125,69.35183970029975,438.39434990837447,0.0,4.0,4,5.0,1,,215.77319587628867,228.0,141.0,255.0,20930.0,32.819742900500984,0.1624119939040741,1.8371741704006388
ID4156,4156,226,11.81439208984375,68.79633044576217,444.09996868026303,0.0,6.0,6,5.0,1,,198.55670103092783,203.0,113.0,255.0,19260.0,38.57243431523913,0.14264728296186696,1.285253539929151
ID4254,4254,226,12.42071533203125,69.35183970029975,438.39434990837447,0.0,5.0,5,5.0,1,,215.77319587628867,228.0,141.0,255.0,20930.0,32.819742900500984,0.1624119939040741,1.8371741704006388
ID3184,3184,227,19.45745849609375,595.2924045425133,101.74669667249208,0.0,5.0,5,5.0,1,,217.10309278350516,238.0,77.0,255.0,21059.0,40.9670814333702,0.2961143521428511,2.4214589919035268
ID3536,3536,227,14.726974487304688,585.1600607053882,105.61291237286451,0.0,2.0,2,5.0,1,,181.4020618556701,194.0,60.0,255.0,17596.0,52.25989934010397,0.2637684608336475,1.4489686802735335
ID3138,3138,227,15.918243408203125,600.0437931520167,67.45121637308789,0.0,10.0,10,5.0,1,,215.61855670103094,226.0,111.0,255.0,20915.0,34.17371166157579,0.23046926236098356,2.3635577714104623
ID3251,3251,227,14.317489624023438,602.3974792176699,90.76684883604626,0.0,8.0,8,5.0,1,,174.8041237113402,178.0,84.0,255.0,16956.0,53.943380651857574,0.21149238819568808,1.1314036108624392
ID3139,3139,227,15.93548583984375,600.1222967353901,93.96040778216125,0.0,6.0,6,5.0,1,,205.58762886597938,217.0,107.0,255.0,19942.0,43.669629172085855,0.23288884070123803,1.778575176632496
ID4901,4901,227,14.726974487304688,585.1600607053882,105.61291237286451,0.0,0.0,0,5.0,1,,181.4020618556701,194.0,60.0,255.0,17596.0,52.25989934010397,0.2637684608336475,1.4489686802735335
ID3144,3144,227,14.317489624023438,602.3974792176699,90.76684883604626,0.0,7.0,7,5.0,1,,174.8041237113402,178.0,84.0,255.0,16956.0,53.943380651857574,0.21149238819568808,1.1314036108624392
ID2809,2809,227,19.45745849609375,595.2924045425133,101.74669667249208,0.0,4.0,4,5.0,1,,217.10309278350516,238.0,77.0,255.0,21059.0,40.9670814333702,0.2961143521428511,2.4214589919035268
ID2459,2459,227,10.843612670898438,601.0714632565747,82.62208702691592,0.0,9.0,9,5.0,1,,148.95876288659792,138.0,53.0,255.0,14449.0,55.743818328016786,0.14978119805717888,0.6962118907406999
ID5195,5195,227,14.726974487304688,585.1600607053882,105.61291237286451,0.0,1.0,1,5.0,1,,181.4020618556701,194.0,60.0,255.0,17596.0,52.25989934010397,0.2637684608336475,1.4489686802735335
ID2781,2781,227,15.918243408203125,600.0437931520167,67.45121637308789,0.0,11.0,11,5.0,1,,215.61855670103094,226.0,111.0,255.0,20915.0,34.17371166157579,0.23046926236098356,2.3635577714104623
ID5103,5103,227,14.726974487304688,585.1600607053882,105.61291237286451,0.0,3.0,3,5.0,1,,181.4020618556701,194.0,60.0,255.0,17596.0,52.25989934010397,0.2637684608336475,1.4489686802735335
ID4193,4193,228,11.130767822265625,498.62225530426105,443.42397889415855,0.0,8.0,8,5.0,1,,224.06185567010309,239.0,132.0,255.0,21734.0,33.38188581682114,0.13491305454203942,1.595799925333772
ID4145,4145,228,10.495925903320312,490.1372377486927,438.2863425010674,0.0,6.0,6,5.0,1,,222.5979381443299,232.0,145.0,255.0,21592.0,30.096947448278982,0.13121097302731285,1.7157548289304054
ID4995,4995,228,8.770156860351562,478.6383006336612,421.06468518483746,0.0,0.0,0,5.0,1,,191.35051546391753,190.0,90.0,255.0,18561.0,42.861220146419804,0.09842080485161542,0.800042879186316
ID5380,5380,228,8.770156860351562,478.6383006336612,421.06468518483746,0.0,1.0,1,5.0,1,,191.35051546391753,190.0,90.0,255.0,18561.0,42.861220146419804,0.09842080485161542,0.800042879186316
ID4469,4469,228,8.770156860351562,478.6383006336612,421.06468518483746,0.0,2.0,2,5.0,1,,191.35051546391753,190.0,90.0,255.0,18561.0,42.861220146419804,0.09842080485161542,0.800042879186316
ID4214,4214,228,11.058059692382812,487.70234958806003,426.68251047315266,0.0,5.0,5,5.0,1,,219.64948453608247,232.0,132.0,255.0,21306.0,34.80721944903378,0.13098411821243358,1.46168229699811
ID4169,4169,228,11.130767822265625,498.62225530426105,443.42397889415855,0.0,7.0,7,5.0,1,,224.06185567010309,239.0,132.0,255.0,21734.0,33.38188581682114,0.13491305454203942,1.595799925333772
ID3770,3770,228,11.058059692382812,487.70234958806003,426.68251047315266,0.0,4.0,4,5.0,1,,219.64948453608247,232.0,132.0,255.0,21306.0,34.80721944903378,0.13098411821243358,1.46168229699811
ID5309,5309,228,8.770156860351562,478.6383006336612,421.06468518483746,0.0,3.0,3,5.0,1,,191.35051546391753,190.0,90.0,255.0,18561.0,42.861220146419804,0.09842080485161542,0.800042879186316
ID5378,5378,229,15.0250244140625,745.8798332816485,417.9912040783821,0.0,1.0,1,5.0,1,,201.16494845360825,209.0,94.0,255.0,19513.0,46.86698385065689,0.20275036120570256,1.4471096558642338
ID4994,4994,229,15.0250244140625,745.8798332816485,417.9912040783821,0.0,0.0,0,5.0,1,,201.16494845360825,209.0,94.0,255.0,19513.0,46.86698385065689,0.20275036120570256,1.4471096558642338
ID4211,4211,229,16.024658203125,734.3869176587234,457.76752243200536,0.0,7.0,7,5.0,1,,203.35051546391753,221.0,102.0,255.0,19725.0,49.14223430451511,0.22439847253030543,1.516762183954023
ID3031,3031,229,16.3402099609375,729.5646767716577,470.4322826968281,0.0,9.0,9,5.0,1,,193.10309278350516,196.0,95.0,255.0,18731.0,50.84852598160262,0.22441782682585204,1.3920940133055493
ID4199,4199,229,15.514205932617188,741.0910664764526,422.9966567337827,0.0,5.0,5,5.0,1,,208.04123711340208,224.0,111.0,255.0,20180.0,46.10561189761618,0.21665455990126822,1.6070381211707359
ID3753,3753,229,15.514205932617188,741.0910664764526,422.9966567337827,0.0,4.0,4,5.0,1,,208.04123711340208,224.0,111.0,255.0,20180.0,46.10561189761618,0.21665455990126822,1.6070381211707359
ID5307,5307,229,15.0250244140625,745.8798332816485,417.9912040783821,0.0,3.0,3,5.0,1,,201.16494845360825,209.0,94.0,255.0,19513.0,46.86698385065689,0.20275036120570256,1.4471096558642338
ID4461,4461,229,15.0250244140625,745.8798332816485,417.9912040783821,0.0,2.0,2,5.0,1,,201.16494845360825,209.0,94.0,255.0,19513.0,46.86698385065689,0.20275036120570256,1.4471096558642338
ID4206,4206,229,15.438461303710938,735.9732352447313,445.07646790711027,0.0,6.0,6,5.0,1,,201.56701030927834,210.0,97.0,255.0,19552.0,48.067207120277374,0.188166353484261,1.3282055175893692
ID4239,4239,229,16.024658203125,734.3869176587234,457.76752243200536,0.0,8.0,8,5.0,1,,203.35051546391753,221.0,102.0,255.0,19725.0,49.14223430451511,0.22439847253030543,1.516762183954023
ID5330,5330,230,14.875762939453125,527.9793551294848,454.4592916822396,0.0,3.0,3,5.0,1,,225.88659793814432,245.0,112.0,255.0,21911.0,35.46914042770719,0.2011000260790861,2.1325673069410067
ID4246,4246,230,8.240402221679688,530.0885891737393,458.79711208711643,0.0,8.0,8,5.0,1,,111.10309278350516,104.0,40.0,232.0,10777.0,42.2580082489507,0.17234665097712265,0.7730256813544255
ID5399,5399,230,14.875762939453125,527.9793551294848,454.4592916822396,0.0,1.0,1,5.0,1,,225.88659793814432,245.0,112.0,255.0,21911.0,35.46914042770719,0.2011000260790861,2.1325673069410067
ID4232,4232,230,12.702804565429688,546.4128304080236,455.02932687232055,0.0,10.0,10,5.0,1,,201.70103092783506,205.0,96.0,255.0,19565.0,45.10292972479117,0.16740162401212685,1.2825453616619271
ID2985,2985,230,13.189773559570312,531.3426011168724,455.13205159805193,0.0,9.0,9,5.0,1,,153.88659793814432,161.0,27.0,255.0,14927.0,63.429730852446056,0.17195941536731285,0.7119529815268693
ID4235,4235,230,14.275527954101562,527.9680095240403,452.4977889236766,0.0,6.0,6,5.0,1,,197.49484536082474,210.0,62.0,255.0,19157.0,52.088891112401186,0.18504488112160733,1.1840851257253238
ID4267,4267,230,14.140594482421875,527.306720527987,450.0555397702286,0.0,5.0,5,5.0,1,,223.2164948453608,245.0,86.0,255.0,21652.0,40.819017933873795,0.18265046411410696,1.6891106552498978
ID3819,3819,230,14.140594482421875,527.306720527987,450.0555397702286,0.0,4.0,4,5.0,1,,223.2164948453608,245.0,86.0,255.0,21652.0,40.819017933873795,0.18265046411410696,1.6891106552498978
ID3804,3804,230,12.702804565429688,546.4128304080236,455.02932687232055,0.0,11.0,11,5.0,1,,201.70103092783506,205.0,96.0,255.0,19565.0,45.10292972479117,0.16740162401212685,1.2825453616619271
ID4221,4221,230,8.240402221679688,530.0885891737393,458.79711208711643,0.0,7.0,7,5.0,1,,111.10309278350516,104.0,40.0,232.0,10777.0,42.2580082489507,0.17234665097712265,0.7730256813544255
ID5005,5005,230,14.875762939453125,527.9793551294848,454.4592916822396,0.0,0.0,0,5.0,1,,225.88659793814432,245.0,112.0,255.0,21911.0,35.46914042770719,0.2011000260790861,2.1325673069410067
ID4542,4542,230,14.875762939453125,527.9793551294848,454.4592916822396,0.0,2.0,2,5.0,1,,225.88659793814432,245.0,112.0,255.0,21911.0,35.46914042770719,0.2011000260790861,2.1325673069410067
ID5462,5462,231,14.539291381835938,204.14442623756617,675.223316000501,0.0,3.0,3,5.0,1,,195.55670103092783,193.0,107.0,255.0,18969.0,47.10227548293291,0.19811349325095287,1.3730201356440268
ID4682,4682,231,15.696060180664062,204.67684730054378,677.9577457085438,0.0,5.0,5,5.0,1,,192.8762886597938,198.0,102.0,255.0,18709.0,48.68270092564511,0.2139009973380914,1.3962516929573212
ID4346,4346,231,15.696060180664062,204.67684730054378,677.9577457085438,0.0,4.0,4,5.0,1,,192.8762886597938,198.0,102.0,255.0,18709.0,48.68270092564511,0.2139009973380914,1.3962516929573212
ID4683,4683,231,14.297393798828125,201.13435567700589,676.196640978849,0.0,6.0,6,5.0,1,,204.01030927835052,215.0,86.0,255.0,19789.0,44.837088174244954,0.17878300305550615,1.3801842654504815
ID5515,5515,231,14.539291381835938,204.14442623756617,675.223316000501,0.0,1.0,1,5.0,1,,195.55670103092783,193.0,107.0,255.0,18969.0,47.10227548293291,0.19811349325095287,1.3730201356440268
ID4733,4733,231,14.746688842773438,202.375508973993,675.8763659807183,0.0,7.0,7,5.0,1,,205.03092783505156,219.0,103.0,255.0,19888.0,46.120867838450536,0.1956549365386853,1.454912418224218
ID5101,5101,231,14.539291381835938,204.14442623756617,675.223316000501,0.0,0.0,0,5.0,1,,195.55670103092783,193.0,107.0,255.0,18969.0,47.10227548293291,0.19811349325095287,1.3730201356440268
ID4846,4846,231,14.539291381835938,204.14442623756617,675.223316000501,0.0,2.0,2,5.0,1,,195.55670103092783,193.0,107.0,255.0,18969.0,47.10227548293291,0.19811349325095287,1.3730201356440268
ID4767,4767,231,14.746688842773438,202.375508973993,675.8763659807183,0.0,8.0,8,5.0,1,,205.03092783505156,219.0,103.0,255.0,19888.0,46.120867838450536,0.1956549365386853,1.454912418224218
ID5472,5472,232,13.918380737304688,598.1376684387246,683.5947440609898,0.0,3.0,3,5.0,1,,209.94845360824743,219.0,111.0,255.0,20365.0,39.97196182274224,0.18620965153996635,1.649027681228111
ID5520,5520,232,13.918380737304688,598.1376684387246,683.5947440609898,0.0,1.0,1,5.0,1,,209.94845360824743,219.0,111.0,255.0,20365.0,39.97196182274224,0.18620965153996635,1.649027681228111
ID4769,4769,232,5.686012268066406,584.8536286347397,695.2159147539837,0.0,10.0,10,5.0,1,,124.3917525773196,109.0,48.0,255.0,12066.0,44.1124407766276,0.06591406005096709,0.3487517267215826
ID3858,3858,232,9.481979370117188,587.4419650776853,689.255837484519,0.0,9.0,9,5.0,1,,162.60824742268042,154.0,66.0,255.0,15773.0,49.13958788938043,0.12332945440514348,0.7266089090618895
ID4756,4756,232,5.378379821777344,575.1194399041964,686.8602583582785,0.0,7.0,7,5.0,1,,129.1443298969072,129.0,79.0,181.0,12527.0,24.29677177233019,0.10591951468139188,1.0181440444350973
ID4852,4852,232,13.920669555664062,598.1376684387246,683.5947440609898,0.0,2.0,2,5.0,1,,209.94845360824743,219.0,111.0,255.0,20365.0,39.97196182274224,0.18620965153996635,1.649027681228111
ID5110,5110,232,13.920669555664062,598.1376684387246,683.5947440609898,0.0,0.0,0,5.0,1,,209.94845360824743,219.0,111.0,255.0,20365.0,39.97196182274224,0.18620965153996635,1.649027681228111
ID4391,4391,232,11.662399291992188,596.7496225024552,683.8743396011845,0.0,4.0,4,5.0,1,,188.4020618556701,179.0,115.0,255.0,18275.0,40.712063065359395,0.16100014270414392,1.283472371332296
ID4793,4793,232,5.378379821777344,575.1194399041964,686.8602583582785,0.0,8.0,8,5.0,1,,129.1443298969072,129.0,79.0,181.0,12527.0,24.29677177233019,0.10591951468139188,1.0181440444350973
ID4713,4713,232,11.662399291992188,596.7496225024552,683.8743396011845,0.0,5.0,5,5.0,1,,188.4020618556701,179.0,115.0,255.0,18275.0,40.712063065359395,0.16100014270414392,1.283472371332296
ID4716,4716,232,12.788528442382812,592.4398733855668,686.9829552224853,0.0,6.0,6,5.0,1,,191.75257731958763,193.0,109.0,255.0,18600.0,42.67074303309663,0.1692271462042925,1.3008048306029958
ID4493,4493,232,5.686012268066406,584.8536286347397,695.2159147539837,0.0,11.0,11,5.0,1,,124.3917525773196,109.0,48.0,255.0,12066.0,44.1124407766276,0.06591406005096709,0.3487517267215826
ID3248,3248,233,5.7209320068359375,299.5220098711217,138.50851072337827,0.0,6.0,6,5.0,1,,130.69072164948454,122.0,48.0,255.0,12677.0,46.64613257118747,0.04896837150265892,0.26158472325039445
ID3619,3619,233,12.352005004882812,333.32677740920735,126.57073325929898,0.0,2.0,2,5.0,1,,227.97938144329896,244.0,141.0,255.0,22114.0,31.143478243661242,0.15281799426795872,1.9407616431785413
ID3332,3332,233,13.855117797851562,292.84535415155284,132.2862980313162,0.0,8.0,8,5.0,1,,218.08247422680412,232.0,134.0,255.0,21154.0,33.61227147656691,0.18482114009059294,2.0241922107178683
ID5124,5124,233,12.352005004882812,333.32677740920735,126.57073325929898,0.0,3.0,3,5.0,1,,227.97938144329896,244.0,141.0,255.0,22114.0,31.143478243661242,0.15281799426795872,1.9407616431785413
ID2853,2853,233,5.162757873535156,311.8129497436354,134.86303523562754,0.0,4.0,4,5.0,1,,117.78350515463917,117.0,41.0,255.0,11425.0,46.307897725469864,0.038320781743405,0.18774233646653832
ID5209,5209,233,12.352005004882812,333.32677740920735,126.57073325929898,0.0,1.0,1,5.0,1,,227.97938144329896,244.0,141.0,255.0,22114.0,31.143478243661242,0.15281799426795872,1.9407616431785413
ID3290,3290,233,5.162757873535156,311.8129497436354,134.86303523562754,0.0,5.0,5,5.0,1,,117.78350515463917,117.0,41.0,255.0,11425.0,46.307897725469864,0.038320781743405,0.18774233646653832
ID4908,4908,233,12.352005004882812,333.32677740920735,126.57073325929898,0.0,0.0,0,5.0,1,,227.97938144329896,244.0,141.0,255.0,22114.0,31.143478243661242,0.15281799426795872,1.9407616431785413
ID3230,3230,233,13.855117797851562,292.84535415155284,132.2862980313162,0.0,7.0,7,5.0,1,,218.08247422680412,232.0,134.0,255.0,21154.0,33.61227147656691,0.18482114009059294,2.0241922107178683
ID3909,3909,234,13.63873291015625,735.6563193761459,709.9251548202519,0.0,9.0,9,5.0,1,,214.60824742268042,232.0,110.0,255.0,20817.0,42.83338765423701,0.16761582855020063,1.4384972444072528
ID4806,4806,234,13.23284912109375,739.8466139792646,719.3124077661761,0.0,10.0,10,5.0,1,,215.05154639175257,225.0,108.0,255.0,20860.0,39.50932672958917,0.17013690263517736,1.5828318575670275
ID5483,5483,234,12.566253662109375,743.1762886162734,689.6474356982936,0.0,3.0,3,5.0,1,,195.39175257731958,203.0,105.0,255.0,18953.0,46.145277092440814,0.14984290239008624,1.1035871464127371
ID5525,5525,234,12.566253662109375,743.1762886162734,689.6474356982936,0.0,1.0,1,5.0,1,,195.39175257731958,203.0,105.0,255.0,18953.0,46.145277092440814,0.14984290239008624,1.1035871464127371
ID4758,4758,234,10.421157836914062,742.5479524029693,698.8231673083927,0.0,5.0,5,5.0,1,,192.8041237113402,204.0,84.0,255.0,18702.0,44.58597480693381,0.13137919892083977,1.0043069485920817
ID4823,4823,234,12.168746948242188,739.1992567723412,713.4193700445546,0.0,8.0,8,5.0,1,,197.68041237113403,201.0,126.0,251.0,19175.0,31.44623268100932,0.18163787762302444,1.9326224724504246
ID4440,4440,234,10.421157836914062,742.5479524029693,698.8231673083927,0.0,4.0,4,5.0,1,,192.8041237113402,204.0,84.0,255.0,18702.0,44.58597480693381,0.13137919892083977,1.0043069485920817
ID4856,4856,234,12.566253662109375,743.1762886162734,689.6474356982936,0.0,2.0,2,5.0,1,,195.39175257731958,203.0,105.0,255.0,18953.0,46.145277092440814,0.14984290239008624,1.1035871464127371
ID4795,4795,234,12.168746948242188,739.1992567723412,713.4193700445546,0.0,7.0,7,5.0,1,,197.68041237113403,201.0,126.0,251.0,19175.0,31.44623268100932,0.18163787762302444,1.9326224724504246
ID2619,2619,234,7.7188262939453125,727.9593363448798,728.2488659759758,0.0,12.0,12,5.0,1,,138.81443298969072,118.0,56.0,244.0,13465.0,54.68686045281414,0.1134025326172744,0.5170733759941011
ID4540,4540,234,13.23284912109375,739.8466139792646,719.3124077661761,0.0,11.0,11,5.0,1,,215.05154639175257,225.0,108.0,255.0,20860.0,39.50932672958917,0.17013690263517736,1.5828318575670275
ID5116,5116,234,12.566253662109375,743.1762886162734,689.6474356982936,0.0,0.0,0,5.0,1,,195.39175257731958,203.0,105.0,255.0,18953.0,46.145277092440814,0.14984290239008624,1.1035871464127371
ID4766,4766,234,10.259567260742188,737.9752549715416,708.6765148325655,0.0,6.0,6,5.0,1,,186.95876288659792,182.0,118.0,254.0,18135.0,38.88281473590797,0.13066778581571634,1.1113520079083965
ID4593,4593,235,11.738418579101562,393.8700435973938,473.2499408893309,0.0,2.0,2,5.0,1,,218.31958762886597,237.0,122.0,255.0,21177.0,38.19700751579254,0.1470832822575209,1.465756134259448
ID5347,5347,235,11.738418579101562,393.8700435973938,473.2499408893309,0.0,3.0,3,5.0,1,,218.31958762886597,237.0,122.0,255.0,21177.0,38.19700751579254,0.1470832822575209,1.465756134259448
ID4292,4292,235,7.3463287353515625,400.5295124057804,470.04156284423186,0.0,5.0,5,5.0,1,,161.56701030927834,171.0,100.0,218.0,15672.0,33.11152468567868,0.09589687324285431,0.8539614470060568
ID3848,3848,235,7.3463287353515625,400.5295124057804,470.04156284423186,0.0,4.0,4,5.0,1,,161.56701030927834,171.0,100.0,218.0,15672.0,33.11152468567868,0.09589687324285431,0.8539614470060568
ID5416,5416,235,11.738418579101562,393.8700435973938,473.2499408893309,0.0,1.0,1,5.0,1,,218.31958762886597,237.0,122.0,255.0,21177.0,38.19700751579254,0.1470832822575209,1.465756134259448
ID5016,5016,235,11.738418579101562,393.8700435973938,473.2499408893309,0.0,0.0,0,5.0,1,,218.31958762886597,237.0,122.0,255.0,21177.0,38.19700751579254,0.1470832822575209,1.465756134259448
ID4297,4297,235,15.20355224609375,402.5537570445598,472.7611474621363,0.0,7.0,7,5.0,1,,227.4536082474227,244.0,131.0,255.0,22063.0,32.860190142784184,0.21024914674021503,2.404984109029821
ID3065,3065,235,11.147140502929688,405.26377630791256,472.10920937824625,0.0,9.0,9,5.0,1,,196.77319587628867,207.0,93.0,251.0,19087.0,41.37191709426798,0.15301983499874108,1.262412366288964
ID4302,4302,235,8.4410400390625,405.3917234278471,474.4428937474881,0.0,6.0,6,5.0,1,,186.9278350515464,197.0,79.0,255.0,18132.0,51.58351792293582,0.10931905430505884,0.7142206588365076
ID4303,4303,235,15.20355224609375,402.5537570445598,472.7611474621363,0.0,8.0,8,5.0,1,,227.4536082474227,244.0,131.0,255.0,22063.0,32.860190142784184,0.21024914674021503,2.404984109029821
ID4817,4817,236,11.421005249023438,612.851788369696,724.7283368394259,0.0,7.0,7,5.0,1,,195.95876288659792,208.0,100.0,255.0,19008.0,45.05272779518396,0.13019944438977998,1.0021382412029436
ID4497,4497,236,11.573974609375,614.2335640691883,727.6583899630514,0.0,4.0,4,5.0,1,,173.51546391752578,172.0,89.0,255.0,16831.0,49.47202774507653,0.13245653279666833,0.8204654758109636
ID5126,5126,236,13.586883544921875,611.868081881524,726.8607210769648,0.0,0.0,0,5.0,1,,206.09278350515464,229.0,83.0,255.0,19991.0,51.12751266731437,0.16854313909044671,1.1627984495788963
ID3977,3977,236,5.6789093017578125,607.2984604656915,730.8425614732007,0.0,9.0,9,5.0,1,,147.30927835051546,160.0,40.0,230.0,14289.0,41.86246350270686,0.10721756165344826,0.68150379163429
ID4553,4553,236,8.339706420898438,609.0,735.0,0.0,11.0,11,5.0,1,,147.5979381443299,157.0,41.0,222.0,14317.0,46.90541453149234,0.2670924040291161,1.3266017247154676
ID5498,5498,236,13.586883544921875,611.868081881524,726.8607210769648,0.0,3.0,3,5.0,1,,206.09278350515464,229.0,83.0,255.0,19991.0,51.12751266731437,0.16854313909044671,1.1627984495788963
ID4827,4827,236,11.421005249023438,612.851788369696,724.7283368394259,0.0,8.0,8,5.0,1,,195.95876288659792,208.0,100.0,255.0,19008.0,45.05272779518396,0.13019944438977998,1.0021382412029436
ID5532,5532,236,13.586883544921875,611.868081881524,726.8607210769648,0.0,1.0,1,5.0,1,,206.09278350515464,229.0,83.0,255.0,19991.0,51.12751266731437,0.16854313909044671,1.1627984495788963
ID4814,4814,236,8.339706420898438,609.0,735.0,0.0,10.0,10,5.0,1,,147.5979381443299,157.0,41.0,222.0,14317.0,46.90541453149234,0.2670924040291161,1.3266017247154676
ID4783,4783,236,11.47296142578125,617.2479375521701,727.2004884416456,0.0,6.0,6,5.0,1,,208.1340206185567,221.0,104.0,255.0,20189.0,36.31879359286644,0.16036623693967872,1.5840158032648988
ID4799,4799,236,11.573974609375,614.2335640691883,727.6583899630514,0.0,5.0,5,5.0,1,,173.51546391752578,172.0,89.0,255.0,16831.0,49.47202774507653,0.13245653279666833,0.8204654758109636
ID4863,4863,236,13.586883544921875,611.868081881524,726.8607210769648,0.0,2.0,2,5.0,1,,206.09278350515464,229.0,83.0,255.0,19991.0,51.12751266731437,0.16854313909044671,1.1627984495788963
ID4865,4865,237,7.22125244140625,194.38387963788458,729.987321628687,0.0,2.0,2,5.0,1,,168.11340206185568,162.0,119.0,255.0,16307.0,28.561292384631557,0.16199840467960652,1.6411931036051088
ID4822,4822,237,12.330856323242188,194.51968386721296,727.7389181358255,0.0,7.0,7,5.0,1,,194.83505154639175,197.0,115.0,255.0,18899.0,39.28148429719867,0.16238134629434617,1.3857877009736748
ID4488,4488,237,9.190811157226562,199.1970753795043,725.5910301332383,0.0,4.0,4,5.0,1,,159.83505154639175,152.0,96.0,255.0,15504.0,45.04481111727593,0.12276969920021272,0.7759929204822525
ID4794,4794,237,9.190811157226562,199.1970753795043,725.5910301332383,0.0,5.0,5,5.0,1,,159.83505154639175,152.0,96.0,255.0,15504.0,45.04481111727593,0.12276969920021272,0.7759929204822525
ID5131,5131,237,7.22125244140625,194.38387963788458,729.987321628687,0.0,0.0,0,5.0,1,,168.11340206185568,162.0,119.0,255.0,16307.0,28.561292384631557,0.16199840467960652,1.6411931036051088
ID4797,4797,237,11.108627319335938,197.9741477121136,731.2380671033374,0.0,6.0,6,5.0,1,,204.29896907216494,216.0,86.0,255.0,19817.0,42.07933106755362,0.17405491775247195,1.4395449485141183
ID4830,4830,237,12.330856323242188,194.51968386721296,727.7389181358255,0.0,8.0,8,5.0,1,,194.83505154639175,197.0,115.0,255.0,18899.0,39.28148429719867,0.16238134629434617,1.3857877009736748
ID5502,5502,237,7.22125244140625,194.38387963788458,729.987321628687,0.0,3.0,3,5.0,1,,168.11340206185568,162.0,119.0,255.0,16307.0,28.561292384631557,0.16199840467960652,1.6411931036051088
ID5534,5534,237,7.22125244140625,194.38387963788458,729.987321628687,0.0,1.0,1,5.0,1,,168.11340206185568,162.0,119.0,255.0,16307.0,28.561292384631557,0.16199840467960652,1.6411931036051088
ID4834,4834,238,9.554092407226562,206.0,735.0,0.0,8.0,8,5.0,1,,172.30927835051546,174.0,57.0,255.0,16714.0,51.46729560781421,0.2518863458132038,1.3472464072166335
ID5123,5123,238,6.275581359863281,231.99310730715283,705.9988180031226,0.0,0.0,0,5.0,1,,97.65979381443299,101.0,15.0,178.0,9473.0,33.634334701170744,0.12368724067090227,0.6392083043786385
ID3988,3988,238,8.61138916015625,202.0,735.0,0.0,9.0,9,5.0,1,,126.29896907216495,116.0,40.0,239.0,12251.0,45.6565906497567,0.27011933234236263,1.1766233548911738
ID5494,5494,238,6.275581359863281,231.99310730715283,705.9988180031226,0.0,3.0,3,5.0,1,,97.65979381443299,101.0,15.0,178.0,9473.0,33.634334701170744,0.12368724067090227,0.6392083043786385
ID4791,4791,238,6.8756103515625,209.53199242756403,729.0512400722574,0.0,6.0,6,5.0,1,,142.06185567010309,125.0,74.0,255.0,13780.0,45.42801412514036,0.08369191908521309,0.48301589025185376
ID4472,4472,238,6.680168151855469,241.94449031157774,716.9924326592566,0.0,4.0,4,5.0,1,,91.18556701030928,76.0,23.0,255.0,8845.0,51.188444719997435,0.09626228604488442,0.31284258208783705
ID5530,5530,238,6.275581359863281,231.99310730715283,705.9988180031226,0.0,1.0,1,5.0,1,,97.65979381443299,101.0,15.0,178.0,9473.0,33.634334701170744,0.12368724067090227,0.6392083043786385
ID4828,4828,238,9.554092407226562,206.0,735.0,0.0,7.0,7,5.0,1,,172.30927835051546,174.0,57.0,255.0,16714.0,51.46729560781421,0.2518863458132038,1.3472464072166335
ID4861,4861,238,6.275581359863281,231.99310730715283,705.9988180031226,0.0,2.0,2,5.0,1,,97.65979381443299,101.0,15.0,178.0,9473.0,33.634334701170744,0.12368724067090227,0.6392083043786385
ID4782,4782,238,6.680168151855469,241.94449031157774,716.9924326592566,0.0,5.0,5,5.0,1,,91.18556701030928,76.0,23.0,255.0,8845.0,51.188444719997435,0.09626228604488442,0.31284258208783705
ID5024,5024,239,11.342422485351562,29.73479685491299,480.05829547854006,0.0,0.0,0,5.0,1,,180.1443298969072,171.0,89.0,255.0,17474.0,51.54791252052179,0.1443336202089451,0.8815650360526719
ID4321,4321,239,11.286209106445312,10.885858114816505,477.5347354091344,0.0,8.0,8,5.0,1,,188.28865979381445,203.0,66.0,255.0,18264.0,52.722338474566975,0.1406873134928357,0.8809430225506772
ID5426,5426,239,11.342422485351562,29.73479685491299,480.05829547854006,0.0,1.0,1,5.0,1,,180.1443298969072,171.0,89.0,255.0,17474.0,51.54791252052179,0.1443336202089451,0.8815650360526719
ID4280,4280,239,11.763198852539062,11.566295580284358,473.6168522070023,0.0,6.0,6,5.0,1,,218.27835051546393,228.0,123.0,255.0,21173.0,33.58749217468004,0.16562884970247974,1.8468804260864247
ID3896,3896,239,12.165969848632812,18.85245207450058,481.32294108962714,0.0,4.0,4,5.0,1,,194.10309278350516,196.0,87.0,255.0,18828.0,44.32678942996419,0.17590865490828858,1.3101161348261314
ID3097,3097,239,12.382720947265625,15.909822269050668,478.4250079514904,0.0,9.0,9,5.0,1,,153.29896907216494,148.0,55.0,254.0,14870.0,51.094920847635294,0.2097776466352531,1.04050735047604
ID4619,4619,239,11.342422485351562,29.73479685491299,480.05829547854006,0.0,2.0,2,5.0,1,,180.1443298969072,171.0,89.0,255.0,17474.0,51.54791252052179,0.1443336202089451,0.8815650360526719
ID5357,5357,239,11.342422485351562,29.73479685491299,480.05829547854006,0.0,3.0,3,5.0,1,,180.1443298969072,171.0,89.0,255.0,17474.0,51.54791252052179,0.1443336202089451,0.8815650360526719
ID4318,4318,239,11.286209106445312,10.885858114816505,477.5347354091344,0.0,7.0,7,5.0,1,,188.28865979381445,203.0,66.0,255.0,18264.0,52.722338474566975,0.1406873134928357,0.8809430225506772
ID4335,4335,239,12.165969848632812,18.85245207450058,481.32294108962714,0.0,5.0,5,5.0,1,,194.10309278350516,196.0,87.0,255.0,18828.0,44.32678942996419,0.17590865490828858,1.3101161348261314
ID4576,4576,240,12.311431884765625,62.91667813071711,469.49065338219515,0.0,2.0,2,5.0,1,,160.659793814433,154.0,93.0,246.0,15584.0,37.021921039527975,0.21434219346524985,1.531950865086979
ID4385,4385,240,15.322052001953125,52.797667622344605,486.5194860030451,0.0,5.0,5,5.0,1,,173.28865979381445,162.0,75.0,255.0,16809.0,55.509000539493336,0.22699479411094187,1.1550742650671928
ID5410,5410,240,12.311431884765625,62.91667813071711,469.49065338219515,0.0,1.0,1,5.0,1,,160.659793814433,154.0,93.0,246.0,15584.0,37.021921039527975,0.21434219346524985,1.531950865086979
ID3811,3811,240,14.272964477539062,20.322552792663352,456.60568466456346,0.0,11.0,11,5.0,1,,185.31958762886597,181.0,112.0,255.0,17976.0,48.42359669102292,0.1943645630156319,1.2455881100786579
ID4327,4327,240,12.333892822265625,29.10795560840896,477.65599587122375,0.0,7.0,7,5.0,1,,150.94845360824743,139.0,73.0,239.0,14642.0,45.20955170417083,0.2224174580154349,1.2150042374068033
ID4330,4330,240,12.333892822265625,29.10795560840896,477.65599587122375,0.0,8.0,8,5.0,1,,150.94845360824743,139.0,73.0,239.0,14642.0,45.20955170417083,0.2224174580154349,1.2150042374068033
ID3021,3021,240,10.339981079101562,31.70955238612193,462.47118636933294,0.0,9.0,9,5.0,1,,164.91752577319588,162.0,101.0,246.0,15997.0,43.66078286610422,0.14389864566137509,0.9503300196451516
ID4241,4241,240,14.272964477539062,20.322552792663352,456.60568466456346,0.0,10.0,10,5.0,1,,185.31958762886597,181.0,112.0,255.0,17976.0,48.42359669102292,0.1943645630156319,1.2455881100786579
ID3955,3955,240,15.322052001953125,52.797667622344605,486.5194860030451,0.0,4.0,4,5.0,1,,173.28865979381445,162.0,75.0,255.0,16809.0,55.509000539493336,0.22699479411094187,1.1550742650671928
ID5012,5012,240,12.311431884765625,62.91667813071711,469.49065338219515,0.0,0.0,0,5.0,1,,160.659793814433,154.0,93.0,246.0,15584.0,37.021921039527975,0.21434219346524985,1.531950865086979
ID4319,4319,240,10.993865966796875,43.88391289198779,484.15584468193583,0.0,6.0,6,5.0,1,,150.53608247422682,143.0,79.0,245.0,14602.0,46.714349565486415,0.18903230863935705,1.024619653883511
ID5343,5343,240,12.311431884765625,62.91667813071711,469.49065338219515,0.0,3.0,3,5.0,1,,160.659793814433,154.0,93.0,246.0,15584.0,37.021921039527975,0.21434219346524985,1.531950865086979
ID2335,2335,240,15.442092895507812,15.944767345114315,461.2273569218291,0.0,12.0,12,5.0,1,,209.7422680412371,219.0,126.0,255.0,20345.0,41.91938651311278,0.20948835882483233,1.7332421390038024
ID3266,3266,241,10.667373657226562,2.3409774913750034,142.7406781976071,0.0,6.0,6,5.0,1,,219.06185567010309,228.0,79.0,255.0,21249.0,35.00173044323121,0.2512007533483829,2.513050306015847
ID2547,2547,241,6.890716552734375,0.0,143.0,0.0,9.0,9,5.0,1,,136.50515463917526,140.0,52.0,204.0,13241.0,30.916596039229823,0.26087891936277896,1.8270607104055725
ID3301,3301,241,13.737716674804688,0.0,144.0,0.0,5.0,5,5.0,1,,211.0,236.0,58.0,255.0,20467.0,51.860188648583474,0.3051897843071632,1.902719132068248
ID3304,3304,241,15.612457275390625,0.0,145.0,0.0,7.0,7,5.0,1,,212.84536082474227,237.0,62.0,255.0,20646.0,50.92853248388566,0.34199534544787785,2.1301108678236536
ID2859,2859,241,13.737716674804688,0.0,144.0,0.0,4.0,4,5.0,1,,211.0,236.0,58.0,255.0,20467.0,51.860188648583474,0.3051897843071632,1.902719132068248
ID3406,3406,241,15.612457275390625,0.0,145.0,0.0,8.0,8,5.0,1,,212.84536082474227,237.0,62.0,255.0,20646.0,50.92853248388566,0.34199534544787785,2.1301108678236536
ID3378,3378,242,12.58154296875,360.8831162712886,154.65425894877797,0.0,5.0,5,5.0,1,,192.37113402061857,209.0,81.0,255.0,18660.0,53.301485202030435,0.15736034970200907,0.98142542050758
ID2902,2902,242,12.58154296875,360.8831162712886,154.65425894877797,0.0,4.0,4,5.0,1,,192.37113402061857,209.0,81.0,255.0,18660.0,53.301485202030435,0.15736034970200907,0.98142542050758
ID3319,3319,242,12.606475830078125,351.3410613558126,145.65617361252086,0.0,7.0,7,5.0,1,,205.659793814433,218.0,118.0,255.0,19949.0,40.68063795128723,0.1611875130791093,1.4035266862575206
ID3421,3421,242,12.606475830078125,351.3410613558126,145.65617361252086,0.0,8.0,8,5.0,1,,205.659793814433,218.0,118.0,255.0,19949.0,40.68063795128723,0.1611875130791093,1.4035266862575206
ID3310,3310,242,13.114105224609375,356.0,149.0,0.0,6.0,6,5.0,1,,212.23711340206185,219.0,117.0,255.0,20587.0,41.58444550847616,0.17168042627442148,1.4956570387181192
ID3367,3367,243,14.859329223632812,457.5303234683047,152.3104195277496,0.0,5.0,5,5.0,1,,206.24742268041237,222.0,104.0,255.0,20006.0,46.51747676228686,0.19923898004000135,1.4732313431395052
ID5223,5223,243,14.392929077148438,457.5338773071627,153.292990406815,0.0,1.0,1,5.0,1,,206.27835051546393,214.0,94.0,255.0,20009.0,45.60056246638697,0.18369792195522514,1.4040313476259
ID3019,3019,243,14.80230712890625,455.6506324203444,146.85896792877807,0.0,11.0,11,5.0,1,,202.11340206185568,212.0,117.0,255.0,19605.0,46.181678430741485,0.19077907375993097,1.4023452155452367
ID3340,3340,243,14.645309448242188,456.0947301330843,147.07071549534078,0.0,7.0,7,5.0,1,,216.96907216494844,225.0,109.0,255.0,21046.0,36.39924839203628,0.2038899606111819,2.019037850263111
ID2894,2894,243,14.859329223632812,457.5303234683047,152.3104195277496,0.0,4.0,4,5.0,1,,206.24742268041237,222.0,104.0,255.0,20006.0,46.51747676228686,0.19923898004000135,1.4732313431395052
ID2222,2222,243,12.785629272460938,431.3507288116752,188.23592255518116,0.0,12.0,12,5.0,1,,198.50515463917526,203.0,120.0,255.0,19255.0,39.81339905090063,0.17839334370372945,1.5095965428048228
ID3439,3439,243,14.645309448242188,456.0947301330843,147.07071549534078,0.0,8.0,8,5.0,1,,216.96907216494844,225.0,109.0,255.0,21046.0,36.39924839203628,0.2038899606111819,2.019037850263111
ID3698,3698,243,14.392929077148438,457.5338773071627,153.292990406815,0.0,2.0,2,5.0,1,,206.27835051546393,214.0,94.0,255.0,20009.0,45.60056246638697,0.18369792195522514,1.4040313476259
ID3475,3475,243,14.80230712890625,455.6506324203444,146.85896792877807,0.0,10.0,10,5.0,1,,202.11340206185568,212.0,117.0,255.0,19605.0,46.181678430741485,0.19077907375993097,1.4023452155452367
ID4915,4915,243,14.392929077148438,457.5338773071627,153.292990406815,0.0,0.0,0,5.0,1,,206.27835051546393,214.0,94.0,255.0,20009.0,45.60056246638697,0.18369792195522514,1.4040313476259
ID3320,3320,243,14.264053344726562,456.5005582092363,149.11102982879896,0.0,6.0,6,5.0,1,,204.1443298969072,210.0,104.0,255.0,19802.0,47.71115123207609,0.19286756841229702,1.3836122411064558
ID5144,5144,243,14.392929077148438,457.5338773071627,153.292990406815,0.0,3.0,3,5.0,1,,206.27835051546393,214.0,94.0,255.0,20009.0,45.60056246638697,0.18369792195522514,1.4040313476259
ID2554,2554,243,15.119537353515625,457.67898816265995,146.8453846203861,0.0,9.0,9,5.0,1,,207.0721649484536,219.0,112.0,255.0,20086.0,44.56368276192892,0.20116741810551278,1.5564126230730582
ID3331,3331,244,14.337783813476562,62.727414108948956,151.02153044872128,0.0,6.0,6,5.0,1,,213.55670103092783,229.0,124.0,255.0,20715.0,39.70489292690225,0.19128862068754632,1.7273140758791536
ID3350,3350,244,11.776229858398438,58.37825714480613,152.34807667816813,0.0,7.0,7,5.0,1,,198.16494845360825,212.0,117.0,252.0,19222.0,38.968919349370374,0.16470209467928673,1.4382114363004308
ID3334,3334,244,14.102813720703125,61.97267569297142,145.35217974031806,0.0,5.0,5,5.0,1,,195.1237113402062,194.0,101.0,255.0,18927.0,44.649388231148336,0.1983926569793107,1.4469415412665936
ID3449,3449,244,11.776229858398438,58.37825714480613,152.34807667816813,0.0,8.0,8,5.0,1,,198.16494845360825,212.0,117.0,252.0,19222.0,38.968919349370374,0.16470209467928673,1.4382114363004308
ID2877,2877,244,14.102813720703125,61.97267569297142,145.35217974031806,0.0,4.0,4,5.0,1,,195.1237113402062,194.0,101.0,255.0,18927.0,44.649388231148336,0.1983926569793107,1.4469415412665936
ID5134,5134,244,14.461090087890625,61.74339178540401,143.86748506616323,0.0,3.0,3,5.0,1,,195.1443298969072,189.0,95.0,255.0,18929.0,45.694180357641834,0.20543200647557938,1.4556280988385903
ID3646,3646,244,14.461090087890625,61.74339178540401,143.86748506616323,0.0,2.0,2,5.0,1,,195.1443298969072,189.0,95.0,255.0,18929.0,45.694180357641834,0.20543200647557938,1.4556280988385903
ID5215,5215,244,14.461090087890625,61.74339178540401,143.86748506616323,0.0,1.0,1,5.0,1,,195.1443298969072,189.0,95.0,255.0,18929.0,45.694180357641834,0.20543200647557938,1.4556280988385903
ID4911,4911,244,14.461090087890625,61.74339178540401,143.86748506616323,0.0,0.0,0,5.0,1,,195.1443298969072,189.0,95.0,255.0,18929.0,45.694180357641834,0.20543200647557938,1.4556280988385903
ID3876,3876,245,13.175949096679688,292.17466394233236,307.26410145754886,0.0,7.0,7,5.0,1,,200.5463917525773,205.0,108.0,255.0,19453.0,49.151131857634745,0.15944735142521124,1.1222189594911007
ID3894,3894,245,13.175949096679688,292.17466394233236,307.26410145754886,0.0,8.0,8,5.0,1,,200.5463917525773,205.0,108.0,255.0,19453.0,49.151131857634745,0.15944735142521124,1.1222189594911007
ID3990,3990,245,13.547714233398438,293.4633309344438,302.9058973023901,0.0,5.0,5,5.0,1,,209.91752577319588,223.0,111.0,255.0,20362.0,44.43526895550161,0.16881435943238665,1.3646294138030541
ID4264,4264,245,13.413726806640625,293.0414609344834,298.65267893590766,0.0,2.0,2,5.0,1,,208.37113402061857,223.0,110.0,255.0,20212.0,42.15776905161057,0.17070454947740113,1.4414106290654576
ID3833,3833,245,13.435791015625,293.8295119906287,305.6921912199421,0.0,6.0,6,5.0,1,,208.44329896907217,219.0,95.0,255.0,20219.0,45.717650008905444,0.16721517840785521,1.306347760738079
ID5257,5257,245,13.413726806640625,293.0414609344834,298.65267893590766,0.0,3.0,3,5.0,1,,208.37113402061857,223.0,110.0,255.0,20212.0,42.15776905161057,0.17070454947740113,1.4414106290654576
ID4969,4969,245,13.413726806640625,293.0414609344834,298.65267893590766,0.0,0.0,0,5.0,1,,208.37113402061857,223.0,110.0,255.0,20212.0,42.15776905161057,0.17070454947740113,1.4414106290654576
ID3518,3518,245,13.547714233398438,293.4633309344438,302.9058973023901,0.0,4.0,4,5.0,1,,209.91752577319588,223.0,111.0,255.0,20362.0,44.43526895550161,0.16881435943238665,1.3646294138030541
ID5327,5327,245,13.413726806640625,293.0414609344834,298.65267893590766,0.0,1.0,1,5.0,1,,208.37113402061857,223.0,110.0,255.0,20212.0,42.15776905161057,0.17070454947740113,1.4414106290654576
ID4481,4481,246,10.657669067382812,222.53905498255048,510.2623089536739,0.0,10.0,10,5.0,1,,152.97938144329896,151.0,73.0,255.0,14839.0,46.586831871034846,0.16815629026518306,0.9453919167768795
ID3906,3906,246,12.738922119140625,254.9293013515245,481.1815873428302,0.0,4.0,4,5.0,1,,205.1958762886598,215.0,120.0,255.0,19904.0,43.73181507191916,0.1588773757784385,1.286547113931514
ID3237,3237,246,15.401199340820312,227.69209190607705,495.87504569066454,0.0,9.0,9,5.0,1,,175.46391752577318,179.0,66.0,255.0,17020.0,55.744405895657316,0.23211085043108995,1.1859385502749262
ID5032,5032,246,5.92840576171875,258.99950406614016,486.83055531570096,0.0,0.0,0,5.0,1,,107.61855670103093,108.0,32.0,178.0,10439.0,31.71502118442493,0.11345787994810112,0.6915331826302703
ID4649,4649,246,5.92840576171875,258.99950406614016,486.83055531570096,0.0,2.0,2,5.0,1,,107.61855670103093,108.0,32.0,178.0,10439.0,31.71502118442493,0.11345787994810112,0.6915331826302703
ID4081,4081,246,10.657669067382812,222.53905498255048,510.2623089536739,0.0,11.0,11,5.0,1,,152.97938144329896,151.0,73.0,255.0,14839.0,46.586831871034846,0.16815629026518306,0.9453919167768795
ID4403,4403,246,14.48138427734375,229.0546506690649,491.0703284600221,0.0,7.0,7,5.0,1,,179.6701030927835,200.0,74.0,255.0,17428.0,62.33005589358632,0.19919396529203354,0.9576240379297223
ID4404,4404,246,14.48138427734375,229.0546506690649,491.0703284600221,0.0,8.0,8,5.0,1,,179.6701030927835,200.0,74.0,255.0,17428.0,62.33005589358632,0.19919396529203354,0.9576240379297223
ID4342,4342,246,10.0091552734375,237.3787661739062,488.92343264407344,0.0,6.0,6,5.0,1,,176.11340206185568,169.0,96.0,255.0,17083.0,46.819217094555086,0.14612904780352626,0.9591825956970422
ID5367,5367,246,5.92840576171875,258.99950406614016,486.83055531570096,0.0,3.0,3,5.0,1,,107.61855670103093,108.0,32.0,178.0,10439.0,31.71502118442493,0.11345787994810112,0.6915331826302703
ID2395,2395,246,8.466262817382812,222.7542654329871,514.5131542150541,0.0,12.0,12,5.0,1,,146.96907216494844,147.0,60.0,239.0,14256.0,41.87243863018356,0.13051978324105426,0.8104493357817941
ID4348,4348,246,12.738922119140625,254.9293013515245,481.1815873428302,0.0,5.0,5,5.0,1,,205.1958762886598,215.0,120.0,255.0,19904.0,43.73181507191916,0.1588773757784385,1.286547113931514
ID5437,5437,246,5.92840576171875,258.99950406614016,486.83055531570096,0.0,1.0,1,5.0,1,,107.61855670103093,108.0,32.0,178.0,10439.0,31.71502118442493,0.11345787994810112,0.6915331826302703
ID2993,2993,247,14.84423828125,685.2863298363625,26.945856108758655,0.0,8.0,8,5.0,1,,174.98969072164948,176.0,63.0,255.0,16974.0,50.632971562790495,0.22352475394522767,1.2627631747109649
ID2868,2868,247,14.84423828125,685.2863298363625,26.945856108758655,0.0,7.0,7,5.0,1,,174.98969072164948,176.0,63.0,255.0,16974.0,50.632971562790495,0.22352475394522767,1.2627631747109649
ID3205,3205,247,17.978546142578125,704.2162894050293,10.779964963640346,0.0,2.0,2,5.0,1,,216.10309278350516,230.0,86.0,255.0,20962.0,41.7957545033191,0.2724287060982996,2.214003065719323
ID2679,2679,247,13.272613525390625,660.1611736933788,9.123786277426603,0.0,11.0,11,5.0,1,,212.36082474226805,223.0,138.0,255.0,20599.0,36.061921736267955,0.16817446104629988,1.6955393358953061
ID4871,4871,247,17.978546142578125,704.2162894050293,10.779964963640346,0.0,0.0,0,5.0,1,,216.10309278350516,230.0,86.0,255.0,20962.0,41.7957545033191,0.2724287060982996,2.214003065719323
ID2680,2680,247,11.70880126953125,692.7876251925398,20.117188712559603,0.0,4.0,4,5.0,1,,204.38144329896906,217.0,117.0,255.0,19825.0,44.63076370317365,0.1332767452170724,1.0770987950406377
ID5017,5017,247,17.978546142578125,704.2162894050293,10.779964963640346,0.0,3.0,3,5.0,1,,216.10309278350516,230.0,86.0,255.0,20962.0,41.7957545033191,0.2724287060982996,2.214003065719323
ID2892,2892,247,12.06976318359375,692.7876251925398,20.117188712559603,0.0,5.0,5,5.0,1,,204.38144329896906,217.0,117.0,255.0,19825.0,44.63076370317365,0.1332767452170724,1.0770987950406377
ID2893,2893,247,12.33038330078125,692.1911710339388,22.31249740383759,0.0,6.0,6,5.0,1,,187.82474226804123,189.0,104.0,252.0,18219.0,46.014266426583745,0.15360581852822458,1.0870274808921052
ID2382,2382,247,12.878097534179688,677.6370888257686,8.55944046292216,0.0,9.0,9,5.0,1,,184.77319587628867,188.0,76.0,251.0,17923.0,47.63544398927108,0.17506707869588445,1.1557943698024797
ID2943,2943,247,13.272613525390625,660.1611736933788,9.123786277426603,0.0,10.0,10,5.0,1,,212.36082474226805,223.0,138.0,255.0,20599.0,36.061921736267955,0.16817446104629988,1.6955393358953061
ID5135,5135,247,17.978546142578125,704.2162894050293,10.779964963640346,0.0,1.0,1,5.0,1,,216.10309278350516,230.0,86.0,255.0,20962.0,41.7957545033191,0.2724287060982996,2.214003065719323
ID5168,5168,248,13.92156982421875,347.09366053317376,189.77672941439377,0.0,3.0,3,5.0,1,,154.57731958762886,141.0,68.0,255.0,14994.0,50.0570164603047,0.23564623867293838,1.177815234939301
ID3428,3428,248,12.765335083007812,351.14781353820536,178.97259145622223,0.0,6.0,6,5.0,1,,205.05154639175257,216.0,81.0,255.0,19890.0,41.308890067701284,0.16657657401348538,1.4175885380204396
ID3381,3381,248,13.6654052734375,363.7486898366967,158.74219867385153,0.0,7.0,7,5.0,1,,171.2577319587629,167.0,91.0,255.0,16612.0,52.89125604138873,0.211594800829172,1.1309512749043351
ID3477,3477,248,13.6654052734375,363.7486898366967,158.74219867385153,0.0,8.0,8,5.0,1,,171.2577319587629,167.0,91.0,255.0,16612.0,52.89125604138873,0.211594800829172,1.1309512749043351
ID3882,3882,248,13.92156982421875,347.09366053317376,189.77672941439377,0.0,2.0,2,5.0,1,,154.57731958762886,141.0,68.0,255.0,14994.0,50.0570164603047,0.23564623867293838,1.177815234939301
ID5244,5244,248,13.92156982421875,347.09366053317376,189.77672941439377,0.0,1.0,1,5.0,1,,154.57731958762886,141.0,68.0,255.0,14994.0,50.0570164603047,0.23564623867293838,1.177815234939301
ID3038,3038,248,10.84808349609375,349.72273223202836,188.3266513014113,0.0,4.0,4,5.0,1,,146.5979381443299,134.0,19.0,255.0,14220.0,54.198835279962125,0.1432593041914648,0.6778693490243521
ID3535,3535,248,10.84808349609375,349.72273223202836,188.3266513014113,0.0,5.0,5,5.0,1,,146.5979381443299,134.0,19.0,255.0,14220.0,54.198835279962125,0.1432593041914648,0.6778693490243521
ID4927,4927,248,13.92156982421875,347.09366053317376,189.77672941439377,0.0,0.0,0,5.0,1,,154.57731958762886,141.0,68.0,255.0,14994.0,50.0570164603047,0.23564623867293838,1.177815234939301
ID2803,2803,249,14.28277587890625,730.9498088052994,323.3861104857502,0.0,9.0,9,5.0,1,,202.96907216494844,218.0,109.0,255.0,19688.0,50.16399223385724,0.18191536771278496,1.2455202110614574
ID3895,3895,249,12.491775512695312,736.546305635824,308.93261478713714,0.0,7.0,7,5.0,1,,167.04123711340208,161.0,73.0,255.0,16203.0,53.34750804976999,0.18256078476386867,0.966770915613118
ID3914,3914,249,12.491775512695312,736.546305635824,308.93261478713714,0.0,8.0,8,5.0,1,,167.04123711340208,161.0,73.0,255.0,16203.0,53.34750804976999,0.18256078476386867,0.966770915613118
ID3866,3866,249,9.677421569824219,733.084051911334,309.2262267926663,0.0,6.0,6,5.0,1,,115.3298969072165,111.0,25.0,225.0,11187.0,38.238756966777316,0.1997812624868166,1.0044326270736694
ID4971,4971,250,14.011474609375,299.2836032686747,303.19396158131156,0.0,0.0,0,5.0,1,,212.23711340206185,228.0,119.0,255.0,20587.0,42.636245631865336,0.17612615570106063,1.4908787269841068
ID3917,3917,250,13.439971923828125,305.68599257049607,313.88164862905893,0.0,7.0,7,5.0,1,,197.76288659793815,210.0,82.0,255.0,19183.0,42.61425162525744,0.18684143243909299,1.4611688711275257
ID5261,5261,250,14.011474609375,299.2836032686747,303.19396158131156,0.0,3.0,3,5.0,1,,212.23711340206185,228.0,119.0,255.0,20587.0,42.636245631865336,0.17612615570106063,1.4908787269841068
ID3986,3986,250,13.642471313476562,296.0548017693997,310.2207452605135,0.0,10.0,10,5.0,1,,219.81443298969072,237.0,132.0,255.0,21322.0,34.828547287901166,0.17098893028099613,1.8431727707149108
ID3891,3891,250,8.669052124023438,309.3715414393427,312.3347147154918,0.0,6.0,6,5.0,1,,159.1443298969072,150.0,47.0,255.0,15437.0,52.210509336946394,0.10457247342138605,0.5771469432061826
ID5331,5331,250,14.011474609375,299.2836032686747,303.19396158131156,0.0,1.0,1,5.0,1,,212.23711340206185,228.0,119.0,255.0,20587.0,42.636245631865336,0.17612615570106063,1.4908787269841068
ID4279,4279,250,14.011474609375,299.2836032686747,303.19396158131156,0.0,2.0,2,5.0,1,,212.23711340206185,228.0,119.0,255.0,20587.0,42.636245631865336,0.17612615570106063,1.4908787269841068
ID4024,4024,250,12.952682495117188,300.68789407821185,307.8469206595073,0.0,5.0,5,5.0,1,,214.35051546391753,225.0,105.0,255.0,20792.0,37.509732414044166,0.1669488443559244,1.6350918761696127
ID2778,2778,250,14.396835327148438,298.3119578534295,312.8853590512988,0.0,9.0,9,5.0,1,,218.55670103092783,229.0,122.0,255.0,21200.0,35.6440648028547,0.18996555098320442,1.9577054977846997
ID3547,3547,250,13.642471313476562,296.0548017693997,310.2207452605135,0.0,11.0,11,5.0,1,,219.81443298969072,237.0,132.0,255.0,21322.0,34.828547287901166,0.17098893028099613,1.8431727707149108
ID2299,2299,250,13.074905395507812,295.43594497345237,318.02368471599556,0.0,12.0,12,5.0,1,,193.16494845360825,197.0,104.0,255.0,18737.0,44.89633439295907,0.18537028982642045,1.3456543673436936
ID3934,3934,250,13.439971923828125,305.68599257049607,313.88164862905893,0.0,8.0,8,5.0,1,,197.76288659793815,210.0,82.0,255.0,19183.0,42.61425162525744,0.18684143243909299,1.4611688711275257
ID3551,3551,250,12.952682495117188,300.68789407821185,307.8469206595073,0.0,4.0,4,5.0,1,,214.35051546391753,225.0,105.0,255.0,20792.0,37.509732414044166,0.1669488443559244,1.6350918761696127
ID5027,5027,251,12.515853881835938,283.51686997979164,482.3395256032841,0.0,0.0,0,5.0,1,,178.88659793814432,172.0,101.0,255.0,17352.0,49.04098547147829,0.14899540583291693,0.946026271264344
ID3943,3943,251,11.04461669921875,274.19755450615986,485.94919185661354,0.0,4.0,4,5.0,1,,187.2577319587629,194.0,81.0,255.0,18164.0,51.65758220212277,0.13368945848211503,0.854946098790866
ID4073,4073,251,17.708480834960938,236.92821394429762,508.5709179166876,0.0,11.0,11,5.0,1,,189.17525773195877,194.0,77.0,255.0,18350.0,52.980540906795504,0.24688551183334362,1.4139920510418804
ID5361,5361,251,12.515853881835938,283.51686997979164,482.3395256032841,0.0,3.0,3,5.0,1,,178.88659793814432,172.0,101.0,255.0,17352.0,49.04098547147829,0.14899540583291693,0.946026271264344
ID4436,4436,251,15.41455078125,257.308418401423,494.4943596790276,0.0,7.0,7,5.0,1,,197.76288659793815,208.0,107.0,255.0,19183.0,48.149457680373594,0.21230551488174232,1.4385752462889276
ID2389,2389,251,13.02880859375,237.90445145886758,511.11131402104417,0.0,12.0,12,5.0,1,,176.95876288659792,183.0,67.0,255.0,17165.0,51.593749121900494,0.15079841577659162,0.8988816305011097
ID4629,4629,251,12.515853881835938,283.51686997979164,482.3395256032841,0.0,2.0,2,5.0,1,,178.88659793814432,172.0,101.0,255.0,17352.0,49.04098547147829,0.14899540583291693,0.946026271264344
ID3286,3286,251,9.104995727539062,252.37002721515978,509.1049405536172,0.0,9.0,9,5.0,1,,161.9278350515464,154.0,55.0,255.0,15707.0,48.803655819065874,0.08725872475537831,0.5325680515354633
ID4376,4376,251,11.04461669921875,274.19755450615986,485.94919185661354,0.0,5.0,5,5.0,1,,187.2577319587629,194.0,81.0,255.0,18164.0,51.65758220212277,0.13368945848211503,0.854946098790866
ID5432,5432,251,12.515853881835938,283.51686997979164,482.3395256032841,0.0,1.0,1,5.0,1,,178.88659793814432,172.0,101.0,255.0,17352.0,49.04098547147829,0.14899540583291693,0.946026271264344
ID4473,4473,251,17.708480834960938,236.92821394429762,508.5709179166876,0.0,10.0,10,5.0,1,,189.17525773195877,194.0,77.0,255.0,18350.0,52.980540906795504,0.24688551183334362,1.4139920510418804
ID4381,4381,251,14.83477783203125,264.9432359298352,491.1166011680466,0.0,6.0,6,5.0,1,,201.01030927835052,211.0,112.0,255.0,19498.0,44.462646974117696,0.22246344398549922,1.645416276099823
ID4446,4446,251,15.41455078125,257.308418401423,494.4943596790276,0.0,8.0,8,5.0,1,,197.76288659793815,208.0,107.0,255.0,19183.0,48.149457680373594,0.21230551488174232,1.4385752462889276
ID3376,3376,252,14.402847290039062,711.3156010336176,170.08697937974043,0.0,6.0,6,5.0,1,,192.50515463917526,201.0,89.0,255.0,18673.0,51.370817694999936,0.20326410940347184,1.2660638792023335
ID2577,2577,252,14.119247436523438,711.0626157638259,173.96353438193566,0.0,9.0,9,5.0,1,,197.04123711340208,205.0,111.0,255.0,19113.0,50.34793886996376,0.2022908920247961,1.3169588264137044
ID3506,3506,252,13.55999755859375,710.7528326862441,174.68570583785515,0.0,8.0,8,5.0,1,,201.15463917525773,216.0,103.0,255.0,19512.0,48.85935175885507,0.1814157357669176,1.2644001870618269
ID4917,4917,252,15.768203735351562,709.1785730899181,163.44163902180466,0.0,0.0,0,5.0,1,,197.6701030927835,207.0,102.0,255.0,19174.0,50.04658697351494,0.21761144347641467,1.4117881356632864
ID3718,3718,252,15.768203735351562,709.1785730899181,163.44163902180466,0.0,2.0,2,5.0,1,,197.6701030927835,207.0,102.0,255.0,19174.0,50.04658697351494,0.21761144347641467,1.4117881356632864
ID3434,3434,252,13.792877197265625,708.9752593999524,166.31362867074273,0.0,5.0,5,5.0,1,,184.82474226804123,181.0,47.0,255.0,17928.0,52.46447415261078,0.19008234985523695,1.1253550356141508
ID3419,3419,252,13.55999755859375,710.7528326862441,174.68570583785515,0.0,7.0,7,5.0,1,,201.15463917525773,216.0,103.0,255.0,19512.0,48.85935175885507,0.1814157357669176,1.2644001870618269
ID5227,5227,252,15.768203735351562,709.1785730899181,163.44163902180466,0.0,1.0,1,5.0,1,,197.6701030927835,207.0,102.0,255.0,19174.0,50.04658697351494,0.21761144347641467,1.4117881356632864
ID5148,5148,252,15.768203735351562,709.1785730899181,163.44163902180466,0.0,3.0,3,5.0,1,,197.6701030927835,207.0,102.0,255.0,19174.0,50.04658697351494,0.21761144347641467,1.4117881356632864
ID2941,2941,252,13.792877197265625,708.9752593999524,166.31362867074273,0.0,4.0,4,5.0,1,,184.82474226804123,181.0,47.0,255.0,17928.0,52.46447415261078,0.19008234985523695,1.1253550356141508
ID2913,2913,253,11.73846435546875,443.53803069400595,33.93900041522844,0.0,6.0,6,5.0,1,,229.2577319587629,238.0,161.0,255.0,22238.0,23.068863553190884,0.16590819568287282,2.828337762650092
ID2675,2675,253,9.748306274414062,446.74389903092066,24.38730702656345,0.0,4.0,4,5.0,1,,203.76288659793815,217.0,119.0,255.0,19765.0,46.550772728073554,0.09809379762810976,0.7820423917637688
ID2917,2917,253,7.3744354248046875,451.7572584120123,32.9150056639325,0.0,7.0,7,5.0,1,,183.09278350515464,187.0,105.0,255.0,17760.0,38.82119332975728,0.08358224959286097,0.7275863042090082
ID5141,5141,253,13.198989868164062,435.36287384356683,25.612038255102867,0.0,1.0,1,5.0,1,,226.35051546391753,240.0,130.0,255.0,21956.0,32.60656926305694,0.18157332855151745,2.133525082419028
ID4873,4873,253,13.198989868164062,435.36287384356683,25.612038255102867,0.0,0.0,0,5.0,1,,226.35051546391753,240.0,130.0,255.0,21956.0,32.60656926305694,0.18157332855151745,2.133525082419028
ID2907,2907,253,9.748306274414062,446.74389903092066,24.38730702656345,0.0,5.0,5,5.0,1,,203.76288659793815,217.0,119.0,255.0,19765.0,46.550772728073554,0.09809379762810976,0.7820423917637688
ID3227,3227,253,13.198989868164062,435.36287384356683,25.612038255102867,0.0,2.0,2,5.0,1,,226.35051546391753,240.0,130.0,255.0,21956.0,32.60656926305694,0.18157332855151745,2.133525082419028
ID3020,3020,253,7.3744354248046875,451.7572584120123,32.9150056639325,0.0,8.0,8,5.0,1,,183.09278350515464,187.0,105.0,255.0,17760.0,38.82119332975728,0.08358224959286097,0.7275863042090082
ID5023,5023,253,13.198989868164062,435.36287384356683,25.612038255102867,0.0,3.0,3,5.0,1,,226.35051546391753,240.0,130.0,255.0,21956.0,32.60656926305694,0.18157332855151745,2.133525082419028
ID3441,3441,254,11.600265502929688,419.2661727173562,180.88201267663817,0.0,7.0,7,5.0,1,,168.55670103092783,157.0,89.0,255.0,16350.0,51.21156466727123,0.17596888344145745,0.9850267426931221
ID2613,2613,254,10.835250854492188,421.91476786403695,181.46823084215973,0.0,9.0,9,5.0,1,,191.48453608247422,202.0,110.0,255.0,18574.0,42.61360145786346,0.14866905192376254,1.1631644343350036
ID3528,3528,254,11.600265502929688,419.2661727173562,180.88201267663817,0.0,8.0,8,5.0,1,,168.55670103092783,157.0,89.0,255.0,16350.0,51.21156466727123,0.17596888344145745,0.9850267426931221
ID3437,3437,254,13.226455688476562,422.29835402648814,180.04311375291542,0.0,6.0,6,5.0,1,,187.42268041237114,182.0,109.0,255.0,18180.0,44.62291896444267,0.18351842306367516,1.302563218600743
ID3057,3057,255,10.438720703125,169.69779630569002,42.70982335937073,0.0,8.0,8,5.0,1,,161.31958762886597,146.0,70.0,255.0,15648.0,53.659719993941266,0.13911179645586702,0.7342877895291597
ID2962,2962,255,12.693115234375,158.09970189165287,48.21810421451817,0.0,6.0,6,5.0,1,,153.90721649484536,140.0,88.0,255.0,14929.0,52.70022977381653,0.21590226520743191,1.0371343109779216
ID5026,5026,255,16.058685302734375,152.31769669669524,29.72165060073702,0.0,3.0,3,5.0,1,,202.91752577319588,216.0,73.0,255.0,19683.0,47.11437106107964,0.2355745531854193,1.6423116610590995
ID3234,3234,255,16.058685302734375,152.31769669669524,29.72165060073702,0.0,2.0,2,5.0,1,,202.91752577319588,216.0,73.0,255.0,19683.0,47.11437106107964,0.2355745531854193,1.6423116610590995
ID2404,2404,255,13.898452758789062,181.75283295739285,42.97290410536158,0.0,9.0,9,5.0,1,,177.39175257731958,160.0,105.0,255.0,17207.0,53.39213360853338,0.19865351896898883,1.1012571519680303
ID2950,2950,255,10.438720703125,169.69779630569002,42.70982335937073,0.0,7.0,7,5.0,1,,161.31958762886597,146.0,70.0,255.0,15648.0,53.659719993941266,0.13911179645586702,0.7342877895291597
ID5143,5143,255,16.058685302734375,152.31769669669524,29.72165060073702,0.0,1.0,1,5.0,1,,202.91752577319588,216.0,73.0,255.0,19683.0,47.11437106107964,0.2355745531854193,1.6423116610590995
ID2712,2712,255,15.640853881835938,153.789382341098,39.4650105845455,0.0,4.0,4,5.0,1,,191.0,193.0,100.0,255.0,18527.0,48.92660319294606,0.2285758859460692,1.452602283508507
ID2728,2728,255,13.695266723632812,192.8528918417408,48.388819345677206,0.0,11.0,11,5.0,1,,186.35051546391753,187.0,112.0,255.0,18076.0,51.40100542894592,0.18327685879003008,1.1230788318986997
ID2969,2969,255,15.640853881835938,153.789382341098,39.4650105845455,0.0,5.0,5,5.0,1,,191.0,193.0,100.0,255.0,18527.0,48.92660319294606,0.2285758859460692,1.452602283508507
ID3034,3034,255,13.695266723632812,192.8528918417408,48.388819345677206,0.0,10.0,10,5.0,1,,186.35051546391753,187.0,112.0,255.0,18076.0,51.40100542894592,0.18327685879003008,1.1230788318986997
ID4874,4874,255,16.058685302734375,152.31769669669524,29.72165060073702,0.0,0.0,0,5.0,1,,202.91752577319588,216.0,73.0,255.0,19683.0,47.11437106107964,0.2355745531854193,1.6423116610590995
ID2771,2771,256,12.121902465820312,215.99820470968686,62.48517668686373,0.0,11.0,11,5.0,1,,211.8556701030928,218.0,143.0,255.0,20550.0,34.63680294941641,0.15243744159892383,1.6181045546381698
ID2421,2421,256,14.318191528320312,212.32860707112337,57.644132335122826,0.0,9.0,9,5.0,1,,186.22680412371133,190.0,81.0,255.0,18064.0,54.430097593656605,0.20052711429720652,1.1429683484129431
ID2742,2742,256,10.746841430664062,177.22015196846235,54.777369391742006,0.0,4.0,4,5.0,1,,220.9278350515464,238.0,110.0,255.0,21430.0,37.90592725822497,0.12787358367493304,1.3215807954793566
ID2967,2967,256,10.752304077148438,182.1836328626983,48.19198322422694,0.0,6.0,6,5.0,1,,231.64948453608247,242.0,159.0,255.0,22470.0,24.65725097761703,0.1339493645501009,2.21954356528705
ID3116,3116,256,12.121902465820312,215.99820470968686,62.48517668686373,0.0,10.0,10,5.0,1,,211.8556701030928,218.0,143.0,255.0,20550.0,34.63680294941641,0.15243744159892383,1.6181045546381698
ID3069,3069,256,14.563980102539062,196.29282276664748,43.26072036463904,0.0,8.0,8,5.0,1,,219.02061855670104,228.0,153.0,255.0,21245.0,30.10086494515955,0.20041331766701106,2.4295833022887523
ID3022,3022,256,10.746841430664062,177.22015196846235,54.777369391742006,0.0,5.0,5,5.0,1,,220.9278350515464,238.0,110.0,255.0,21430.0,37.90592725822497,0.12787358367493304,1.3215807954793566
ID2959,2959,256,14.563980102539062,196.29282276664748,43.26072036463904,0.0,7.0,7,5.0,1,,219.02061855670104,228.0,153.0,255.0,21245.0,30.10086494515955,0.20041331766701106,2.4295833022887523
ID3216,3216,257,8.411598205566406,682.9187797165825,20.242664089975708,0.0,2.0,2,5.0,1,,123.23711340206185,119.0,53.0,194.0,11954.0,30.952171839480922,0.17047264498184286,1.1597751960483398
ID2899,2899,257,7.9176025390625,685.2416828702536,23.42804406590659,0.0,5.0,5,5.0,1,,173.35051546391753,175.0,58.0,255.0,16815.0,42.71246920716709,0.1056157148650728,0.7753982102907342
ID5139,5139,257,8.411598205566406,682.9187797165825,20.242664089975708,0.0,1.0,1,5.0,1,,123.23711340206185,119.0,53.0,194.0,11954.0,30.952171839480922,0.17047264498184286,1.1597751960483398
ID2900,2900,257,6.54595947265625,681.6544035580109,24.52476617184388,0.0,6.0,6,5.0,1,,135.77319587628867,131.0,49.0,253.0,13170.0,42.84917958049664,0.083207288653493,0.4868008437040253
ID3078,3078,257,6.691337585449219,669.1385750028121,44.84234658798778,0.0,8.0,8,5.0,1,,132.5463917525773,126.0,60.0,205.0,12857.0,33.75494427319644,0.11382766373206138,0.8025836941906134
ID2968,2968,257,6.691337585449219,669.1385750028121,44.84234658798778,0.0,7.0,7,5.0,1,,132.5463917525773,126.0,60.0,205.0,12857.0,33.75494427319644,0.11382766373206138,0.8025836941906134
ID4872,4872,257,8.411598205566406,682.9187797165825,20.242664089975708,0.0,0.0,0,5.0,1,,123.23711340206185,119.0,53.0,194.0,11954.0,30.952171839480922,0.17047264498184286,1.1597751960483398
ID2396,2396,257,17.721054077148438,689.9017306980419,38.16103752196786,0.0,9.0,9,5.0,1,,191.95876288659792,207.0,91.0,255.0,18620.0,45.124115301986166,0.2762653835879324,1.8416823181683462
ID2669,2669,257,7.9176025390625,685.2416828702536,23.42804406590659,0.0,4.0,4,5.0,1,,173.35051546391753,175.0,58.0,255.0,16815.0,42.71246920716709,0.1056157148650728,0.7753982102907342
ID5021,5021,257,8.411598205566406,682.9187797165825,20.242664089975708,0.0,3.0,3,5.0,1,,123.23711340206185,119.0,53.0,194.0,11954.0,30.952171839480922,0.17047264498184286,1.1597751960483398
ID3600,3600,258,13.207061767578125,455.62304329749566,326.2373782045719,0.0,4.0,4,5.0,1,,211.18556701030928,226.0,108.0,255.0,20485.0,43.40322806181089,0.16470938909815316,1.3761728285428405
ID4979,4979,258,13.93310546875,456.55086218841063,332.1048686897087,0.0,0.0,0,5.0,1,,213.08247422680412,230.0,100.0,255.0,20669.0,44.455190478515554,0.18354491368525855,1.4866641263253935
ID5348,5348,258,13.93310546875,456.55086218841063,332.1048686897087,0.0,1.0,1,5.0,1,,213.08247422680412,230.0,100.0,255.0,20669.0,44.455190478515554,0.18354491368525855,1.4866641263253935
ID4069,4069,258,13.207061767578125,455.62304329749566,326.2373782045719,0.0,5.0,5,5.0,1,,211.18556701030928,226.0,108.0,255.0,20485.0,43.40322806181089,0.16470938909815316,1.3761728285428405
ID4025,4025,258,13.183609008789062,455.3050276183504,322.50651593276183,0.0,7.0,7,5.0,1,,222.57731958762886,236.0,129.0,255.0,21590.0,32.83761659398993,0.1823177483546283,2.0904222317796637
ID4041,4041,258,13.183609008789062,455.3050276183504,322.50651593276183,0.0,8.0,8,5.0,1,,222.57731958762886,236.0,129.0,255.0,21590.0,32.83761659398993,0.1823177483546283,2.0904222317796637
ID4347,4347,258,13.93310546875,456.55086218841063,332.1048686897087,0.0,2.0,2,5.0,1,,213.08247422680412,230.0,100.0,255.0,20669.0,44.455190478515554,0.18354491368525855,1.4866641263253935
ID5276,5276,258,13.93310546875,456.55086218841063,332.1048686897087,0.0,3.0,3,5.0,1,,213.08247422680412,230.0,100.0,255.0,20669.0,44.455190478515554,0.18354491368525855,1.4866641263253935
ID3982,3982,258,12.917098999023438,453.0,323.0,0.0,6.0,6,5.0,1,,218.94845360824743,236.0,113.0,255.0,21238.0,37.57419635812272,0.16615645385655015,1.6605141162388641
ID3114,3114,259,10.290336608886719,434.26459688915736,50.215381885967254,0.0,8.0,8,5.0,1,,133.7319587628866,134.0,53.0,239.0,12972.0,40.809903685644926,0.22245938082616054,1.1926579794274292
ID3149,3149,259,5.5496063232421875,434.7245049453589,98.28590378959474,0.0,6.0,6,5.0,1,,118.87628865979381,112.0,51.0,212.0,11531.0,29.6199038274796,0.09064837524587878,0.667139810213362
ID3006,3006,259,10.290336608886719,434.26459688915736,50.215381885967254,0.0,7.0,7,5.0,1,,133.7319587628866,134.0,53.0,239.0,12972.0,40.809903685644926,0.22245938082616054,1.1926579794274292
ID4883,4883,260,13.304534912109375,183.82130034590378,56.24244330575465,0.0,0.0,0,5.0,1,,202.37113402061857,216.0,102.0,255.0,19630.0,47.683269163047115,0.1634833375316728,1.192685296516786
ID3125,3125,260,14.5421142578125,174.0120919786901,55.351013710213536,0.0,8.0,8,5.0,1,,197.27835051546393,210.0,52.0,255.0,19136.0,51.49387954489537,0.2033055632886838,1.2945748011771472
ID3016,3016,260,14.5421142578125,174.0120919786901,55.351013710213536,0.0,7.0,7,5.0,1,,197.27835051546393,210.0,52.0,255.0,19136.0,51.49387954489537,0.2033055632886838,1.2945748011771472
ID3033,3033,260,9.940765380859375,189.26287390859628,59.39165280005207,0.0,5.0,5,5.0,1,,196.30927835051546,204.0,95.0,255.0,19042.0,45.613265802638274,0.10897640180526125,0.8458431057568646
ID2761,2761,260,11.4049072265625,186.01185231444433,61.05980888472513,0.0,11.0,11,5.0,1,,173.81443298969072,173.0,34.0,255.0,16860.0,56.06791452799809,0.1699344797542311,0.9005781273011
ID5161,5161,260,13.304534912109375,183.82130034590378,56.24244330575465,0.0,1.0,1,5.0,1,,202.37113402061857,216.0,102.0,255.0,19630.0,47.683269163047115,0.1634833375316728,1.192685296516786
ID3002,3002,260,8.880233764648438,181.01460098248518,56.53469206772781,0.0,6.0,6,5.0,1,,215.06185567010309,223.0,122.0,255.0,20861.0,35.455022691018236,0.10074787681542495,1.1103596283786843
ID2410,2410,260,14.047271728515625,177.7734188039114,56.00958179352449,0.0,9.0,9,5.0,1,,187.22680412371133,193.0,61.0,255.0,18161.0,49.58946148852243,0.21973662810090502,1.3603323242964986
ID3098,3098,260,11.4049072265625,186.01185231444433,61.05980888472513,0.0,10.0,10,5.0,1,,173.81443298969072,173.0,34.0,255.0,16860.0,56.06791452799809,0.1699344797542311,0.9005781273011
ID2747,2747,260,9.940765380859375,189.26287390859628,59.39165280005207,0.0,4.0,4,5.0,1,,196.30927835051546,204.0,95.0,255.0,19042.0,45.613265802638274,0.10897640180526125,0.8458431057568646
ID5051,5051,260,13.304534912109375,183.82130034590378,56.24244330575465,0.0,3.0,3,5.0,1,,202.37113402061857,216.0,102.0,255.0,19630.0,47.683269163047115,0.1634833375316728,1.192685296516786
ID3341,3341,260,13.304534912109375,183.82130034590378,56.24244330575465,0.0,2.0,2,5.0,1,,202.37113402061857,216.0,102.0,255.0,19630.0,47.683269163047115,0.1634833375316728,1.192685296516786
ID4560,4560,261,14.982742309570312,227.9247299682558,611.1211573772093,0.0,7.0,7,5.0,1,,231.49484536082474,246.0,134.0,255.0,22455.0,31.082257704134896,0.2039285913985066,2.523109826349708
ID4545,4545,261,8.532562255859375,233.67431542371224,609.0268930783818,0.0,6.0,6,5.0,1,,167.69072164948454,174.0,80.0,255.0,16266.0,43.45480430495725,0.13345815543237438,0.9087425370746921
ID5409,5409,261,11.018020629882812,243.08775985144658,611.8710712501495,0.0,3.0,3,5.0,1,,140.60824742268042,127.0,73.0,255.0,13639.0,42.88151230936409,0.19497706161831568,1.0700267867102642
ID5473,5473,261,11.018020629882812,243.08775985144658,611.8710712501495,0.0,1.0,1,5.0,1,,140.60824742268042,127.0,73.0,255.0,13639.0,42.88151230936409,0.19497706161831568,1.0700267867102642
ID4772,4772,261,11.018020629882812,243.08775985144658,611.8710712501495,0.0,2.0,2,5.0,1,,140.60824742268042,127.0,73.0,255.0,13639.0,42.88151230936409,0.19497706161831568,1.0700267867102642
ID5062,5062,261,11.018020629882812,243.08775985144658,611.8710712501495,0.0,0.0,0,5.0,1,,140.60824742268042,127.0,73.0,255.0,13639.0,42.88151230936409,0.19497706161831568,1.0700267867102642
ID4551,4551,261,16.74407958984375,231.9878974030183,602.7017093991324,0.0,5.0,5,5.0,1,,194.23711340206185,198.0,48.0,255.0,18841.0,49.46037412158769,0.2399115749951963,1.5197260274435818
ID4135,4135,261,16.74407958984375,231.9878974030183,602.7017093991324,0.0,4.0,4,5.0,1,,194.23711340206185,198.0,48.0,255.0,18841.0,49.46037412158769,0.2399115749951963,1.5197260274435818
ID3514,3514,261,10.192581176757812,214.36882421227367,620.4130952019598,0.0,9.0,9,5.0,1,,149.63917525773195,148.0,56.0,240.0,14515.0,43.513691707086636,0.177373955048154,1.036155165947893
ID4590,4590,261,14.982742309570312,227.9247299682558,611.1211573772093,0.0,8.0,8,5.0,1,,231.49484536082474,246.0,134.0,255.0,22455.0,31.082257704134896,0.2039285913985066,2.523109826349708
ID4257,4257,262,7.506622314453125,728.9591300061196,623.1643744690327,0.0,11.0,11,5.0,1,,188.89690721649484,194.0,102.0,255.0,18323.0,34.2072374579082,0.08348411559734543,0.8509776277455379
ID3555,3555,262,9.624008178710938,737.7150729596243,626.6869909268879,0.0,9.0,9,5.0,1,,191.05154639175257,204.0,107.0,255.0,18532.0,49.121314775686706,0.10041836971519506,0.7098488859690664
ID4611,4611,262,7.506622314453125,728.9591300061196,623.1643744690327,0.0,10.0,10,5.0,1,,188.89690721649484,194.0,102.0,255.0,18323.0,34.2072374579082,0.08348411559734543,0.8509776277455379
ID5478,5478,262,11.4085693359375,748.2029790731058,630.7230007795392,0.0,1.0,1,5.0,1,,234.93814432989691,246.0,127.0,255.0,22789.0,27.237693869965433,0.14426498593756135,2.1749412200124065
ID5415,5415,262,11.4085693359375,748.2029790731058,630.7230007795392,0.0,3.0,3,5.0,1,,234.93814432989691,246.0,127.0,255.0,22789.0,27.237693869965433,0.14426498593756135,2.1749412200124065
ID2473,2473,262,5.4455718994140625,740.3477737443104,621.7296253954552,0.0,12.0,12,5.0,1,,158.93814432989691,160.0,107.0,222.0,15417.0,30.98514914203176,0.05175931260975298,0.5048666423642766
ID4587,4587,262,10.171463012695312,739.8623731002594,631.7500585847105,0.0,7.0,7,5.0,1,,218.10309278350516,226.0,130.0,255.0,21156.0,32.19034681135093,0.12044311765258625,1.456660485552971
ID5067,5067,262,11.4085693359375,748.2029790731058,630.7230007795392,0.0,0.0,0,5.0,1,,234.93814432989691,246.0,127.0,255.0,22789.0,27.237693869965433,0.14426498593756135,2.1749412200124065
ID4620,4620,262,10.171463012695312,739.8623731002594,631.7500585847105,0.0,8.0,8,5.0,1,,218.10309278350516,226.0,130.0,255.0,21156.0,32.19034681135093,0.12044311765258625,1.456660485552971
ID4566,4566,262,11.325454711914062,741.3415615663247,630.3611727424727,0.0,6.0,6,5.0,1,,221.39175257731958,233.0,124.0,255.0,21475.0,34.94327447838108,0.1401640225187991,1.5577474683179966
ID4792,4792,262,11.4085693359375,748.2029790731058,630.7230007795392,0.0,2.0,2,5.0,1,,234.93814432989691,246.0,127.0,255.0,22789.0,27.237693869965433,0.14426498593756135,2.1749412200124065
ID4569,4569,262,12.282073974609375,747.9493509246647,633.4264371530013,0.0,5.0,5,5.0,1,,228.93814432989691,245.0,140.0,255.0,22207.0,31.957593787506667,0.1545081041402905,1.9174690365035698
ID4157,4157,262,12.282073974609375,747.9493509246647,633.4264371530013,0.0,4.0,4,5.0,1,,228.93814432989691,245.0,140.0,255.0,22207.0,31.957593787506667,0.1545081041402905,1.9174690365035698
ID3488,3488,263,11.476882934570312,601.0484463664822,89.64258601112537,0.0,2.0,2,5.0,1,,175.11340206185568,164.0,100.0,255.0,16986.0,51.224562038281434,0.15415291135183956,0.913186551626839
ID2785,2785,263,7.05340576171875,609.0649919982578,66.77835206973718,0.0,11.0,11,5.0,1,,153.03092783505156,151.0,60.0,255.0,14844.0,46.25235435634769,0.06929133032854934,0.42880339643293847
ID4897,4897,263,11.476882934570312,601.0484463664822,89.64258601112537,0.0,0.0,0,5.0,1,,175.11340206185568,164.0,100.0,255.0,16986.0,51.224562038281434,0.15415291135183956,0.913186551626839
ID5187,5187,263,11.476882934570312,601.0484463664822,89.64258601112537,0.0,1.0,1,5.0,1,,175.11340206185568,164.0,100.0,255.0,16986.0,51.224562038281434,0.15415291135183956,0.913186551626839
ID5093,5093,263,11.476882934570312,601.0484463664822,89.64258601112537,0.0,3.0,3,5.0,1,,175.11340206185568,164.0,100.0,255.0,16986.0,51.224562038281434,0.15415291135183956,0.913186551626839
ID2423,2423,263,8.767364501953125,603.8459528076443,59.57508958644734,0.0,9.0,9,5.0,1,,156.4020618556701,151.0,101.0,250.0,15171.0,36.50218594875929,0.12465499624084897,0.9498258164800802
ID3032,3032,263,12.452560424804688,599.2815263541086,69.09976402161335,0.0,6.0,6,5.0,1,,179.69072164948454,176.0,89.0,255.0,17430.0,50.693392243783904,0.15434699528733814,0.9479078006243363
ID3161,3161,263,10.072952270507812,601.3504343649824,68.46393382417358,0.0,8.0,8,5.0,1,,195.06185567010309,200.0,95.0,255.0,18921.0,43.29930100306416,0.1162388321425611,0.9382435181355249
ID3147,3147,263,7.05340576171875,609.0649919982578,66.77835206973718,0.0,10.0,10,5.0,1,,153.03092783505156,151.0,60.0,255.0,14844.0,46.25235435634769,0.06929133032854934,0.42880339643293847
ID3052,3052,263,10.072952270507812,601.3504343649824,68.46393382417358,0.0,7.0,7,5.0,1,,195.06185567010309,200.0,95.0,255.0,18921.0,43.29930100306416,0.1162388321425611,0.9382435181355249
ID3101,3101,263,9.346694946289062,601.992549009016,74.21911079054333,0.0,5.0,5,5.0,1,,170.01030927835052,166.0,81.0,255.0,16491.0,49.236143322546596,0.13511372742402764,0.8220179956089493
ID2782,2782,263,9.346694946289062,601.992549009016,74.21911079054333,0.0,4.0,4,5.0,1,,170.01030927835052,166.0,81.0,255.0,16491.0,49.236143322546596,0.13511372742402764,0.8220179956089493
ID4579,4579,264,9.196846008300781,720.6113615328617,635.7387404888535,0.0,5.0,5,5.0,1,,116.69072164948453,107.0,3.0,255.0,11319.0,54.05405489429507,0.1349319198059143,0.5133137902974726
ID4616,4616,264,9.5469970703125,713.7885589277539,626.8614519119635,0.0,10.0,10,5.0,1,,161.8659793814433,164.0,73.0,253.0,15701.0,46.058302921853716,0.14610396861842753,0.8960157417456409
ID4265,4265,264,9.5469970703125,713.7885589277539,626.8614519119635,0.0,11.0,11,5.0,1,,161.8659793814433,164.0,73.0,253.0,15701.0,46.058302921853716,0.14610396861842753,0.8960157417456409
ID4810,4810,264,7.0536651611328125,726.7474148530566,634.073855869546,0.0,2.0,2,5.0,1,,106.15463917525773,101.0,42.0,255.0,10297.0,45.105741552070725,0.10259665564641103,0.4379793960622185
ID4171,4171,264,9.196846008300781,720.6113615328617,635.7387404888535,0.0,4.0,4,5.0,1,,116.69072164948453,107.0,3.0,255.0,11319.0,54.05405489429507,0.1349319198059143,0.5133137902974726
ID5484,5484,264,7.0536651611328125,726.7474148530566,634.073855869546,0.0,1.0,1,5.0,1,,106.15463917525773,101.0,42.0,255.0,10297.0,45.105741552070725,0.10259665564641103,0.4379793960622185
ID5421,5421,264,7.0536651611328125,726.7474148530566,634.073855869546,0.0,3.0,3,5.0,1,,106.15463917525773,101.0,42.0,255.0,10297.0,45.105741552070725,0.10259665564641103,0.4379793960622185
ID3566,3566,264,10.400436401367188,715.1280765064387,632.0642502207645,0.0,9.0,9,5.0,1,,130.96907216494844,116.0,28.0,255.0,12704.0,54.34964995445528,0.13698537271833802,0.5806592025928478
ID5071,5071,264,7.0536651611328125,726.7474148530566,634.073855869546,0.0,0.0,0,5.0,1,,106.15463917525773,101.0,42.0,255.0,10297.0,45.105741552070725,0.10259665564641103,0.4379793960622185
ID4626,4626,264,10.555816650390625,716.7381866310949,635.9100223047009,0.0,8.0,8,5.0,1,,121.41237113402062,107.0,45.0,255.0,11777.0,53.07321055574232,0.15765528513015678,0.6230843622546425
ID2484,2484,264,8.12274169921875,710.3714500967569,626.5742977287483,0.0,12.0,12,5.0,1,,138.340206185567,136.0,56.0,228.0,13419.0,39.74315627614871,0.12820511211725985,0.7911035609693781
ID4601,4601,264,10.555816650390625,716.7381866310949,635.9100223047009,0.0,7.0,7,5.0,1,,121.41237113402062,107.0,45.0,255.0,11777.0,53.07321055574232,0.15765528513015678,0.6230843622546425
ID4573,4573,264,9.284767150878906,717.3698936210535,633.8853971650501,0.0,6.0,6,5.0,1,,124.58762886597938,112.0,34.0,242.0,12085.0,53.858176525892134,0.17348610824523286,0.6839746764963314
ID3651,3651,265,15.12890625,682.8187826089829,213.6716556494645,0.0,8.0,8,5.0,1,,189.7835051546392,207.0,67.0,255.0,18409.0,59.74742442219504,0.19268358956854048,1.0263340918959425
ID2627,2627,265,15.41094970703125,716.1185456003864,188.1414006694599,0.0,9.0,9,5.0,1,,189.2164948453608,189.0,88.0,255.0,18354.0,46.319368429983754,0.22254654198471763,1.4872425719823172
ID5267,5267,265,14.618972778320312,680.7611665806976,215.8910211244317,0.0,1.0,1,5.0,1,,196.31958762886597,211.0,74.0,255.0,19043.0,51.44729228211636,0.1871893485411957,1.2033507911006667
ID3124,3124,265,14.862991333007812,679.0101419045376,215.88286583715254,0.0,4.0,4,5.0,1,,208.75257731958763,217.0,104.0,255.0,20249.0,43.18661803919392,0.19816409322075434,1.5989000277726548
ID3989,3989,265,14.618972778320312,680.7611665806976,215.8910211244317,0.0,2.0,2,5.0,1,,196.31958762886597,211.0,74.0,255.0,19043.0,51.44729228211636,0.1871893485411957,1.2033507911006667
ID5192,5192,265,14.618972778320312,680.7611665806976,215.8910211244317,0.0,3.0,3,5.0,1,,196.31958762886597,211.0,74.0,255.0,19043.0,51.44729228211636,0.1871893485411957,1.2033507911006667
ID4938,4938,265,14.618972778320312,680.7611665806976,215.8910211244317,0.0,0.0,0,5.0,1,,196.31958762886597,211.0,74.0,255.0,19043.0,51.44729228211636,0.1871893485411957,1.2033507911006667
ID3643,3643,265,14.862991333007812,679.0101419045376,215.88286583715254,0.0,5.0,5,5.0,1,,208.75257731958763,217.0,104.0,255.0,20249.0,43.18661803919392,0.19816409322075434,1.5989000277726548
ID3580,3580,265,15.12890625,682.8187826089829,213.6716556494645,0.0,7.0,7,5.0,1,,189.7835051546392,207.0,67.0,255.0,18409.0,59.74742442219504,0.19268358956854048,1.0263340918959425
ID3548,3548,265,14.096038818359375,677.7400324189281,213.36174723963097,0.0,6.0,6,5.0,1,,205.82474226804123,217.0,103.0,255.0,19965.0,43.74023946104966,0.18423367822632536,1.4641245902532645
ID3751,3751,266,12.436370849609375,55.46176990770657,398.1853340513326,0.0,11.0,11,5.0,1,,196.41237113402062,207.0,113.0,255.0,19052.0,48.903551459590574,0.1459658008187272,1.0231466625429773
ID4072,4072,266,12.070404052734375,56.0,403.0,0.0,6.0,6,5.0,1,,223.340206185567,229.0,119.0,255.0,21664.0,32.80907096302858,0.15820882302688194,1.85971676517911
ID2895,2895,266,11.637771606445312,59.34954653050441,403.0432105132983,0.0,9.0,9,5.0,1,,230.2164948453608,242.0,139.0,255.0,22331.0,28.03614735335872,0.14767776161809557,2.113212805058673
ID4431,4431,266,11.943496704101562,65.80350294152437,401.45564046775803,0.0,2.0,2,5.0,1,,206.69072164948454,223.0,105.0,255.0,20049.0,44.21900063527139,0.1509765441541178,1.226267056243343
ID5298,5298,266,11.943496704101562,65.80350294152437,401.45564046775803,0.0,3.0,3,5.0,1,,206.69072164948454,223.0,105.0,255.0,20049.0,44.21900063527139,0.1509765441541178,1.226267056243343
ID4116,4116,266,12.730361938476562,57.85759771346739,405.4262060205441,0.0,8.0,8,5.0,1,,225.38144329896906,242.0,120.0,255.0,21862.0,36.251276787563256,0.15878208162696594,1.7038233444612918
ID4180,4180,266,12.436370849609375,55.46176990770657,398.1853340513326,0.0,10.0,10,5.0,1,,196.41237113402062,207.0,113.0,255.0,19052.0,48.903551459590574,0.1459658008187272,1.0231466625429773
ID2325,2325,266,10.994155883789062,57.998387130190665,391.4745781752321,0.0,12.0,12,5.0,1,,196.44329896907217,196.0,133.0,255.0,19055.0,39.426347227077784,0.14464748072273587,1.2592727031930278
ID3705,3705,266,12.256851196289062,61.68441147879977,403.5769750787906,0.0,4.0,4,5.0,1,,225.38144329896906,236.0,126.0,255.0,21862.0,31.28113225884237,0.16161225948630073,2.0048357691234266
ID5370,5370,266,11.943496704101562,65.80350294152437,401.45564046775803,0.0,1.0,1,5.0,1,,206.69072164948454,223.0,105.0,255.0,20049.0,44.21900063527139,0.1509765441541178,1.226267056243343
ID4155,4155,266,12.256851196289062,61.68441147879977,403.5769750787906,0.0,5.0,5,5.0,1,,225.38144329896906,236.0,126.0,255.0,21862.0,31.28113225884237,0.16161225948630073,2.0048357691234266
ID4092,4092,266,12.730361938476562,57.85759771346739,405.4262060205441,0.0,7.0,7,5.0,1,,225.38144329896906,242.0,120.0,255.0,21862.0,36.251276787563256,0.15878208162696594,1.7038233444612918
ID4990,4990,266,11.943496704101562,65.80350294152437,401.45564046775803,0.0,0.0,0,5.0,1,,206.69072164948454,223.0,105.0,255.0,20049.0,44.21900063527139,0.1509765441541178,1.226267056243343
ID3058,3058,267,9.3380126953125,596.2264106049016,50.66565882908306,0.0,10.0,10,5.0,1,,180.16494845360825,179.0,77.0,255.0,17476.0,46.96755981800346,0.1240359974291665,0.8465835468790942
ID2738,2738,267,9.3380126953125,596.2264106049016,50.66565882908306,0.0,11.0,11,5.0,1,,180.16494845360825,179.0,77.0,255.0,17476.0,46.96755981800346,0.1240359974291665,0.8465835468790942
ID2802,2802,267,7.7130889892578125,601.538634685331,86.84013856943349,0.0,4.0,4,5.0,1,,163.06185567010309,144.0,93.0,255.0,15817.0,52.08982914818674,0.0805663766262833,0.46680105139552197
ID3523,3523,267,17.062484741210938,588.0532750924847,98.46498699546795,0.0,2.0,2,5.0,1,,218.57731958762886,232.0,97.0,255.0,21202.0,37.70660724913539,0.2559124498348809,2.362379595678723
ID3156,3156,267,7.7130889892578125,601.538634685331,86.84013856943349,0.0,5.0,5,5.0,1,,163.06185567010309,144.0,93.0,255.0,15817.0,52.08982914818674,0.0805663766262833,0.46680105139552197
ID4900,4900,267,17.062484741210938,588.0532750924847,98.46498699546795,0.0,0.0,0,5.0,1,,218.57731958762886,232.0,97.0,255.0,21202.0,37.70660724913539,0.2559124498348809,2.362379595678723
ID3080,3080,267,9.63189697265625,602.9610112178344,78.50832498400986,0.0,6.0,6,5.0,1,,173.50515463917526,162.0,107.0,255.0,16830.0,49.77116880269393,0.11881735426500067,0.7404320704349971
ID5193,5193,267,17.062484741210938,588.0532750924847,98.46498699546795,0.0,1.0,1,5.0,1,,218.57731958762886,232.0,97.0,255.0,21202.0,37.70660724913539,0.2559124498348809,2.362379595678723
ID3178,3178,267,10.058578491210938,601.5168946772616,68.93800249435789,0.0,8.0,8,5.0,1,,190.48453608247422,189.0,95.0,255.0,18477.0,49.876537863103756,0.10928685524346368,0.7525190230359976
ID5100,5100,267,17.062484741210938,588.0532750924847,98.46498699546795,0.0,3.0,3,5.0,1,,218.57731958762886,232.0,97.0,255.0,21202.0,37.70660724913539,0.2559124498348809,2.362379595678723
ID3070,3070,267,10.058578491210938,601.5168946772616,68.93800249435789,0.0,7.0,7,5.0,1,,190.48453608247422,189.0,95.0,255.0,18477.0,49.876537863103756,0.10928685524346368,0.7525190230359976
ID3616,3616,268,6.956817626953125,724.9629123951853,648.0372042650422,0.0,9.0,9,5.0,1,,116.65979381443299,113.0,16.0,194.0,11316.0,34.63256132779831,0.12364726073076822,0.7413462418951713
ID2497,2497,268,6.3189697265625,735.1727973746758,638.8592803169323,0.0,12.0,12,5.0,1,,150.64948453608247,140.0,44.0,255.0,14613.0,45.58600873557437,0.037013068170985625,0.2359048849922805
ID4307,4307,268,10.366195678710938,736.5108076310225,640.0345097274453,0.0,11.0,11,5.0,1,,171.04123711340208,166.0,98.0,255.0,16591.0,49.74998273152406,0.1189801710410503,0.7311223978092548
ID4637,4637,268,10.366195678710938,736.5108076310225,640.0345097274453,0.0,10.0,10,5.0,1,,171.04123711340208,166.0,98.0,255.0,16591.0,49.74998273152406,0.1189801710410503,0.7311223978092548
ID4470,4470,269,13.959335327148438,357.8741812907583,690.4693686496712,0.0,11.0,11,5.0,1,,171.8556701030928,160.0,100.0,255.0,16670.0,48.191672363836545,0.21845857446488776,1.2787339346570203
ID3846,3846,269,5.360931396484375,337.7960150739276,687.0686009987637,0.0,9.0,9,5.0,1,,107.56701030927834,101.0,13.0,217.0,10434.0,40.16370335278244,0.11045556360153311,0.532796980237498
ID4751,4751,269,13.959335327148438,357.8741812907583,690.4693686496712,0.0,10.0,10,5.0,1,,171.8556701030928,160.0,100.0,255.0,16670.0,48.191672363836545,0.21845857446488776,1.2787339346570203
ID4486,4486,270,10.816787719726562,251.88576118585775,693.9442104990267,0.0,11.0,11,5.0,1,,196.8041237113402,202.0,112.0,255.0,19090.0,47.2013945713952,0.1290787454366735,0.9533225441893206
ID4763,4763,270,10.816787719726562,251.88576118585775,693.9442104990267,0.0,10.0,10,5.0,1,,196.8041237113402,202.0,112.0,255.0,19090.0,47.2013945713952,0.1290787454366735,0.9533225441893206
ID2856,2856,271,13.031036376953125,542.5335436406033,87.74630609503585,0.0,11.0,11,5.0,1,,169.94845360824743,179.0,37.0,255.0,16485.0,57.6336076604507,0.18339917550079401,0.9139817493100172
ID3242,3242,271,13.031036376953125,542.5335436406033,87.74630609503585,0.0,10.0,10,5.0,1,,169.94845360824743,179.0,37.0,255.0,16485.0,57.6336076604507,0.18339917550079401,0.9139817493100172
ID2288,2288,272,11.379135131835938,208.0,296.0,0.0,12.0,12,5.0,1,,205.5257731958763,223.0,104.0,255.0,19936.0,48.50130856986946,0.13464882437438577,1.0057358446090103
ID2727,2727,272,9.837295532226562,202.64433540291387,289.9189772916472,0.0,9.0,9,5.0,1,,179.39175257731958,179.0,86.0,255.0,17401.0,54.83698506730177,0.11288053210539777,0.6636351822160858
ID3913,3913,272,10.490341186523438,201.11444491846186,291.5272419537201,0.0,10.0,10,5.0,1,,183.36082474226805,171.0,109.0,255.0,17786.0,48.71305984346205,0.1270453885023424,0.8486109641933065
ID3436,3436,272,10.46893310546875,201.11444491846186,291.5272419537201,0.0,11.0,11,5.0,1,,183.36082474226805,171.0,109.0,255.0,17786.0,48.71305984346205,0.1270453885023424,0.8486109641933065
ID4487,4487,273,5.9714813232421875,582.4689682907127,512.1535169345178,0.0,10.0,10,5.0,1,,110.79381443298969,105.0,41.0,228.0,10747.0,35.903788723107475,0.10711726091690364,0.5971329930217408
ID2393,2393,273,7.8600921630859375,576.8663774976873,511.9294933847588,0.0,12.0,12,5.0,1,,131.41237113402062,132.0,33.0,182.0,12747.0,29.316076568340872,0.14096677358719945,1.1076541074949058
ID4090,4090,273,5.9714813232421875,582.4689682907127,512.1535169345178,0.0,11.0,11,5.0,1,,110.79381443298969,105.0,41.0,228.0,10747.0,35.903788723107475,0.10711726091690364,0.5971329930217408
ID3311,3311,273,6.9315185546875,585.6984535590955,511.20503912591784,0.0,9.0,9,5.0,1,,95.0618556701031,89.0,20.0,197.0,9221.0,40.16860673901887,0.1243822383106431,0.523593090008881
ID2419,2419,274,11.462661743164062,130.65611401757283,585.395942313539,0.0,12.0,12,5.0,1,,201.10309278350516,202.0,122.0,255.0,19507.0,39.341317481350124,0.1410270163323733,1.2635901622332513
ID4535,4535,274,12.220382690429688,128.45194444587167,584.1494987565675,0.0,10.0,10,5.0,1,,206.96907216494844,214.0,126.0,255.0,20076.0,40.664135920634315,0.1512754906895893,1.3375598109879814
ID4140,4140,274,12.220382690429688,128.45194444587167,584.1494987565675,0.0,11.0,11,5.0,1,,206.96907216494844,214.0,126.0,255.0,20076.0,40.664135920634315,0.1512754906895893,1.3375598109879814
ID4114,4114,275,12.015274047851562,684.2119252887153,262.073589424795,0.0,2.0,2,5.0,1,,192.58762886597938,195.0,101.0,255.0,18681.0,41.11765450542494,0.1516049296386959,1.233218004795577
ID5220,5220,275,12.015274047851562,684.2119252887153,262.073589424795,0.0,3.0,3,5.0,1,,192.58762886597938,195.0,101.0,255.0,18681.0,41.11765450542494,0.1516049296386959,1.233218004795577
ID4952,4952,275,12.015274047851562,684.2119252887153,262.073589424795,0.0,0.0,0,5.0,1,,192.58762886597938,195.0,101.0,255.0,18681.0,41.11765450542494,0.1516049296386959,1.233218004795577
ID5295,5295,275,12.015274047851562,684.2119252887153,262.073589424795,0.0,1.0,1,5.0,1,,192.58762886597938,195.0,101.0,255.0,18681.0,41.11765450542494,0.1516049296386959,1.233218004795577
ID5363,5363,276,11.258758544921875,118.75948829085507,484.092180380055,0.0,3.0,3,5.0,1,,169.77319587628867,174.0,93.0,255.0,16468.0,51.104978792563,0.1231571196243371,0.7285425408607631
ID5028,5028,276,11.258758544921875,118.75948829085507,484.092180380055,0.0,0.0,0,5.0,1,,169.77319587628867,174.0,93.0,255.0,16468.0,51.104978792563,0.1231571196243371,0.7285425408607631
ID4374,4374,276,10.263092041015625,124.54335985119424,491.4246285472658,0.0,6.0,6,5.0,1,,179.36082474226805,185.0,63.0,255.0,17398.0,53.13920115425818,0.12280272526242565,0.7383242167441267
ID5434,5434,276,11.258758544921875,118.75948829085507,484.092180380055,0.0,1.0,1,5.0,1,,169.77319587628867,174.0,93.0,255.0,16468.0,51.104978792563,0.1231571196243371,0.7285425408607631
ID4394,4394,276,10.677398681640625,122.37438148120377,486.8303693288874,0.0,5.0,5,5.0,1,,177.70103092783506,180.0,73.0,255.0,17237.0,48.69337843170039,0.14385778723774098,0.9179338346228327
ID4636,4636,276,11.258758544921875,118.75948829085507,484.092180380055,0.0,2.0,2,5.0,1,,169.77319587628867,174.0,93.0,255.0,16468.0,51.104978792563,0.1231571196243371,0.7285425408607631
ID3966,3966,276,10.677398681640625,122.37438148120377,486.8303693288874,0.0,4.0,4,5.0,1,,177.70103092783506,180.0,73.0,255.0,17237.0,48.69337843170039,0.14385778723774098,0.9179338346228327
ID4640,4640,277,7.689674377441406,68.5906958663243,487.1346404879915,0.0,2.0,2,5.0,1,,108.83505154639175,110.0,33.0,218.0,10557.0,37.800650460775564,0.16713673473681345,0.8246120651881133
ID4467,4467,277,14.5010986328125,76.29768449615207,502.55614513583276,0.0,5.0,5,5.0,1,,194.38144329896906,201.0,86.0,255.0,18855.0,47.454900365805436,0.21336693271714985,1.4405843454643792
ID5365,5365,277,7.689674377441406,68.5906958663243,487.1346404879915,0.0,3.0,3,5.0,1,,108.83505154639175,110.0,33.0,218.0,10557.0,37.800650460775564,0.16713673473681345,0.8246120651881133
ID4421,4421,277,12.560630798339844,46.14057435143954,503.8103057083933,0.0,6.0,6,5.0,1,,117.5360824742268,105.0,42.0,255.0,11401.0,53.25470672776064,0.23304067059067318,0.8342525243096218
ID5031,5031,277,7.689674377441406,68.5906958663243,487.1346404879915,0.0,0.0,0,5.0,1,,108.83505154639175,110.0,33.0,218.0,10557.0,37.800650460775564,0.16713673473681345,0.8246120651881133
ID5436,5436,277,7.689674377441406,68.5906958663243,487.1346404879915,0.0,1.0,1,5.0,1,,108.83505154639175,110.0,33.0,218.0,10557.0,37.800650460775564,0.16713673473681345,0.8246120651881133
ID4045,4045,277,14.5010986328125,76.29768449615207,502.55614513583276,0.0,4.0,4,5.0,1,,194.38144329896906,201.0,86.0,255.0,18855.0,47.454900365805436,0.21336693271714985,1.4405843454643792
ID5299,5299,278,10.630867004394531,250.06021818927394,264.50423621281607,0.0,1.0,1,5.0,1,,126.71134020618557,113.0,65.0,255.0,12291.0,41.707053450946844,0.21930484194231456,1.0928785282055309
ID4133,4133,278,10.630867004394531,250.06021818927394,264.50423621281607,0.0,2.0,2,5.0,1,,126.71134020618557,113.0,65.0,255.0,12291.0,41.707053450946844,0.21930484194231456,1.0928785282055309
ID3287,3287,278,6.957298278808594,241.17683807014683,263.23693373038276,0.0,4.0,4,5.0,1,,109.41237113402062,105.0,31.0,255.0,10613.0,42.64698909294956,0.1250086522879814,0.570154112302088
ID3783,3783,278,6.957298278808594,241.17683807014683,263.23693373038276,0.0,5.0,5,5.0,1,,109.41237113402062,105.0,31.0,255.0,10613.0,42.64698909294956,0.1250086522879814,0.570154112302088
ID5224,5224,278,10.630867004394531,250.06021818927394,264.50423621281607,0.0,3.0,3,5.0,1,,126.71134020618557,113.0,65.0,255.0,12291.0,41.707053450946844,0.21930484194231456,1.0928785282055309
ID4954,4954,278,10.630867004394531,250.06021818927394,264.50423621281607,0.0,0.0,0,5.0,1,,126.71134020618557,113.0,65.0,255.0,12291.0,41.707053450946844,0.21930484194231456,1.0928785282055309
ID4912,4912,279,12.707962036132812,450.0,146.0,0.0,0.0,0,5.0,1,,197.50515463917526,215.0,105.0,255.0,19158.0,51.00431430104309,0.15654814907253714,1.0483003631958634
ID5137,5137,279,12.707962036132812,450.0,146.0,0.0,3.0,3,5.0,1,,197.50515463917526,215.0,105.0,255.0,19158.0,51.00431430104309,0.15654814907253714,1.0483003631958634
ID5217,5217,279,12.707962036132812,450.0,146.0,0.0,1.0,1,5.0,1,,197.50515463917526,215.0,105.0,255.0,19158.0,51.00431430104309,0.15654814907253714,1.0483003631958634
ID2887,2887,279,12.483642578125,450.81210133293615,144.44441629318743,0.0,4.0,4,5.0,1,,199.82474226804123,203.0,112.0,255.0,19383.0,43.103559962528614,0.1566275683428377,1.2555695732438843
ID3656,3656,279,12.707962036132812,450.0,146.0,0.0,2.0,2,5.0,1,,197.50515463917526,215.0,105.0,255.0,19158.0,51.00431430104309,0.15654814907253714,1.0483003631958634
ID3324,3324,279,12.444351196289062,450.81210133293615,144.44441629318743,0.0,5.0,5,5.0,1,,199.82474226804123,203.0,112.0,255.0,19383.0,43.103559962528614,0.1566275683428377,1.2555695732438843
ID3277,3277,279,12.917266845703125,452.941996396212,142.82941625766196,0.0,6.0,6,5.0,1,,212.57731958762886,222.0,119.0,255.0,20620.0,38.941685850861894,0.16241014115638366,1.5254076744596243
ID4960,4960,280,7.106498718261719,566.7838173979959,277.81486362677197,0.0,0.0,0,5.0,1,,106.30927835051547,87.0,38.0,254.0,10312.0,52.017296967920174,0.14774111934428466,0.5261515195595733
ID4183,4183,280,7.106498718261719,566.7838173979959,277.81486362677197,0.0,2.0,2,5.0,1,,106.30927835051547,87.0,38.0,254.0,10312.0,52.017296967920174,0.14774111934428466,0.5261515195595733
ID5239,5239,280,7.106498718261719,566.7838173979959,277.81486362677197,0.0,3.0,3,5.0,1,,106.30927835051547,87.0,38.0,254.0,10312.0,52.017296967920174,0.14774111934428466,0.5261515195595733
ID3801,3801,280,13.888015747070312,573.6236486815376,267.5505759949827,0.0,5.0,5,5.0,1,,201.8556701030928,201.0,108.0,255.0,19580.0,42.31208202420872,0.19050471170739497,1.5267965004144066
ID3308,3308,280,13.888015747070312,573.6236486815376,267.5505759949827,0.0,4.0,4,5.0,1,,201.8556701030928,201.0,108.0,255.0,19580.0,42.31208202420872,0.19050471170739497,1.5267965004144066
ID5310,5310,280,7.106498718261719,566.7838173979959,277.81486362677197,0.0,1.0,1,5.0,1,,106.30927835051547,87.0,38.0,254.0,10312.0,52.017296967920174,0.14774111934428466,0.5261515195595733
ID5044,5044,281,12.604873657226562,662.5044140110332,526.3548527895017,0.0,0.0,0,5.0,1,,198.8556701030928,202.0,109.0,255.0,19289.0,45.66476342385562,0.15833236235222414,1.1904831803258666
ID4695,4695,281,12.604873657226562,662.5044140110332,526.3548527895017,0.0,2.0,2,5.0,1,,198.8556701030928,202.0,109.0,255.0,19289.0,45.66476342385562,0.15833236235222414,1.1904831803258666
ID5383,5383,281,12.604873657226562,662.5044140110332,526.3548527895017,0.0,3.0,3,5.0,1,,198.8556701030928,202.0,109.0,255.0,19289.0,45.66476342385562,0.15833236235222414,1.1904831803258666
ID5450,5450,281,12.604873657226562,662.5044140110332,526.3548527895017,0.0,1.0,1,5.0,1,,198.8556701030928,202.0,109.0,255.0,19289.0,45.66476342385562,0.15833236235222414,1.1904831803258666
ID3682,3682,282,13.173828125,455.33869085590334,149.41006727004944,0.0,2.0,2,5.0,1,,216.53608247422682,233.0,111.0,255.0,21004.0,39.76783191634241,0.16952565527088023,1.5785343434470467
ID4914,4914,282,13.173828125,455.33869085590334,149.41006727004944,0.0,0.0,0,5.0,1,,216.53608247422682,233.0,111.0,255.0,21004.0,39.76783191634241,0.16952565527088023,1.5785343434470467
ID5221,5221,282,13.173828125,455.33869085590334,149.41006727004944,0.0,1.0,1,5.0,1,,216.53608247422682,233.0,111.0,255.0,21004.0,39.76783191634241,0.16952565527088023,1.5785343434470467
ID2869,2869,282,12.444351196289062,450.81210133293615,144.44441629318743,0.0,4.0,4,5.0,1,,199.82474226804123,203.0,112.0,255.0,19383.0,43.103559962528614,0.1566275683428377,1.2555695732438843
ID5142,5142,282,13.173828125,455.33869085590334,149.41006727004944,0.0,3.0,3,5.0,1,,216.53608247422682,233.0,111.0,255.0,21004.0,39.76783191634241,0.16952565527088023,1.5785343434470467
ID3356,3356,282,12.483642578125,450.81210133293615,144.44441629318743,0.0,5.0,5,5.0,1,,199.82474226804123,203.0,112.0,255.0,19383.0,43.103559962528614,0.1566275683428377,1.2555695732438843
ID3342,3342,282,5.1467742919921875,439.46411424992164,156.15225287025598,0.0,6.0,6,5.0,1,,106.57731958762886,101.0,40.0,233.0,10338.0,40.347148559808,0.06540106779136999,0.324305006456652
ID5456,5456,283,9.255142211914062,44.2971304683447,551.4301769845811,0.0,1.0,1,5.0,1,,147.55670103092783,143.0,80.0,255.0,14313.0,41.31231885289711,0.13285353940314293,0.8377389795071005
ID4482,4482,283,8.638717651367188,39.597804793290635,569.1745070728076,0.0,6.0,6,5.0,1,,142.20618556701032,130.0,88.0,250.0,13794.0,40.68372374804048,0.13414113350546336,0.8268422427660904
ID4089,4089,283,9.277053833007812,42.36258080609647,564.6912259390594,0.0,4.0,4,5.0,1,,145.82474226804123,143.0,83.0,246.0,14145.0,40.37171305229234,0.13439416521021852,0.8558555383464914
ID5049,5049,283,9.255142211914062,44.2971304683447,551.4301769845811,0.0,0.0,0,5.0,1,,147.55670103092783,143.0,80.0,255.0,14313.0,41.31231885289711,0.13285353940314293,0.8377389795071005
ID4714,4714,283,9.255142211914062,44.2971304683447,551.4301769845811,0.0,2.0,2,5.0,1,,147.55670103092783,143.0,80.0,255.0,14313.0,41.31231885289711,0.13285353940314293,0.8377389795071005
ID5389,5389,283,9.255142211914062,44.2971304683447,551.4301769845811,0.0,3.0,3,5.0,1,,147.55670103092783,143.0,80.0,255.0,14313.0,41.31231885289711,0.13285353940314293,0.8377389795071005
ID4511,4511,283,9.277053833007812,42.36258080609647,564.6912259390594,0.0,5.0,5,5.0,1,,145.82474226804123,143.0,83.0,246.0,14145.0,40.37171305229234,0.13439416521021852,0.8558555383464914
ID5008,5008,284,10.7568359375,698.0,0.0,0.0,3.0,3,5.0,1,,161.97938144329896,165.0,59.0,255.0,15712.0,57.858300215095056,0.29972502715852595,1.2912061554844405
ID3185,3185,284,10.7568359375,698.0,0.0,0.0,2.0,2,5.0,1,,161.97938144329896,165.0,59.0,255.0,15712.0,57.858300215095056,0.29972502715852595,1.2912061554844405
ID2660,2660,284,14.119735717773438,690.6307513689121,10.979117807132516,0.0,4.0,4,5.0,1,,186.6701030927835,181.0,109.0,255.0,18107.0,44.250640684976844,0.20217317280330793,1.4188670211929928
ID4869,4869,284,10.7568359375,698.0,0.0,0.0,0.0,0,5.0,1,,161.97938144329896,165.0,59.0,255.0,15712.0,57.858300215095056,0.29972502715852595,1.2912061554844405
ID2885,2885,284,13.977096557617188,689.6940741651099,15.031915936994455,0.0,6.0,6,5.0,1,,171.4020618556701,168.0,70.0,255.0,16626.0,57.0481630937503,0.18122063611884132,0.9218940192115379
ID2886,2886,284,14.119735717773438,690.6307513689121,10.979117807132516,0.0,5.0,5,5.0,1,,186.6701030927835,181.0,109.0,255.0,18107.0,44.250640684976844,0.20217317280330793,1.4188670211929928
ID5129,5129,284,10.7568359375,698.0,0.0,0.0,1.0,1,5.0,1,,161.97938144329896,165.0,59.0,255.0,15712.0,57.858300215095056,0.29972502715852595,1.2912061554844405
ID5396,5396,285,5.34210205078125,81.69413522260993,556.0725250455707,0.0,3.0,3,5.0,1,,123.01030927835052,115.0,56.0,225.0,11932.0,34.784603528165796,0.07888307873665344,0.517123077285726
ID5461,5461,285,5.34210205078125,81.69413522260993,556.0725250455707,0.0,1.0,1,5.0,1,,123.01030927835052,115.0,56.0,225.0,11932.0,34.784603528165796,0.07888307873665344,0.517123077285726
ID4732,4732,285,5.34210205078125,81.69413522260993,556.0725250455707,0.0,2.0,2,5.0,1,,123.01030927835052,115.0,56.0,225.0,11932.0,34.784603528165796,0.07888307873665344,0.517123077285726
ID5053,5053,285,5.34210205078125,81.69413522260993,556.0725250455707,0.0,0.0,0,5.0,1,,123.01030927835052,115.0,56.0,225.0,11932.0,34.784603528165796,0.07888307873665344,0.517123077285726
ID4737,4737,286,12.954681396484375,91.8183047889804,557.4547916558555,0.0,2.0,2,5.0,1,,189.70103092783506,189.0,90.0,255.0,18401.0,46.97032861029876,0.16054393304454667,1.117399315062051
ID5397,5397,286,12.954681396484375,91.8183047889804,557.4547916558555,0.0,3.0,3,5.0,1,,189.70103092783506,189.0,90.0,255.0,18401.0,46.97032861029876,0.16054393304454667,1.117399315062051
ID5463,5463,286,12.954681396484375,91.8183047889804,557.4547916558555,0.0,1.0,1,5.0,1,,189.70103092783506,189.0,90.0,255.0,18401.0,46.97032861029876,0.16054393304454667,1.117399315062051
ID5055,5055,286,12.954681396484375,91.8183047889804,557.4547916558555,0.0,0.0,0,5.0,1,,189.70103092783506,189.0,90.0,255.0,18401.0,46.97032861029876,0.16054393304454667,1.117399315062051
ID3920,3920,287,8.815185546875,132.57015832378536,289.5858276809498,0.0,5.0,5,5.0,1,,138.63917525773195,139.0,55.0,230.0,13448.0,38.57114248562062,0.15275822253212085,0.9526202881693312
ID5249,5249,287,13.496932983398438,133.0817038167031,284.6034066660976,0.0,3.0,3,5.0,1,,144.1958762886598,134.0,38.0,255.0,13987.0,57.61322894513496,0.2581534608386513,1.0270816149761226
ID4229,4229,287,13.496932983398438,133.0817038167031,284.6034066660976,0.0,2.0,2,5.0,1,,144.1958762886598,134.0,38.0,255.0,13987.0,57.61322894513496,0.2581534608386513,1.0270816149761226
ID4965,4965,287,13.496932983398438,133.0817038167031,284.6034066660976,0.0,0.0,0,5.0,1,,144.1958762886598,134.0,38.0,255.0,13987.0,57.61322894513496,0.2581534608386513,1.0270816149761226
ID5319,5319,287,13.496932983398438,133.0817038167031,284.6034066660976,0.0,1.0,1,5.0,1,,144.1958762886598,134.0,38.0,255.0,13987.0,57.61322894513496,0.2581534608386513,1.0270816149761226
ID3438,3438,287,8.815185546875,132.57015832378536,289.5858276809498,0.0,4.0,4,5.0,1,,138.63917525773195,139.0,55.0,230.0,13448.0,38.57114248562062,0.15275822253212085,0.9526202881693312
ID5059,5059,288,13.412948608398438,242.03048133302877,585.4064755597476,0.0,0.0,0,5.0,1,,165.8659793814433,150.0,90.0,255.0,16089.0,55.038931082533786,0.18239217225127574,0.9297409765091912
ID4759,4759,288,13.412948608398438,242.03048133302877,585.4064755597476,0.0,2.0,2,5.0,1,,165.8659793814433,150.0,90.0,255.0,16089.0,55.038931082533786,0.18239217225127574,0.9297409765091912
ID5405,5405,288,13.412948608398438,242.03048133302877,585.4064755597476,0.0,3.0,3,5.0,1,,165.8659793814433,150.0,90.0,255.0,16089.0,55.038931082533786,0.18239217225127574,0.9297409765091912
ID5469,5469,288,13.412948608398438,242.03048133302877,585.4064755597476,0.0,1.0,1,5.0,1,,165.8659793814433,150.0,90.0,255.0,16089.0,55.038931082533786,0.18239217225127574,0.9297409765091912
ID4805,4805,289,7.7911529541015625,453.875621588677,632.7927095227227,0.0,2.0,2,5.0,1,,140.55670103092783,129.0,73.0,255.0,13634.0,45.97620967054705,0.1041310726405202,0.576644423311579
ID5482,5482,289,7.7911529541015625,453.875621588677,632.7927095227227,0.0,1.0,1,5.0,1,,140.55670103092783,129.0,73.0,255.0,13634.0,45.97620967054705,0.1041310726405202,0.576644423311579
ID5419,5419,289,7.7911529541015625,453.875621588677,632.7927095227227,0.0,3.0,3,5.0,1,,140.55670103092783,129.0,73.0,255.0,13634.0,45.97620967054705,0.1041310726405202,0.576644423311579
ID5070,5070,289,7.7911529541015625,453.875621588677,632.7927095227227,0.0,0.0,0,5.0,1,,140.55670103092783,129.0,73.0,255.0,13634.0,45.97620967054705,0.1041310726405202,0.576644423311579
ID5265,5265,290,10.681381225585938,26.81875745390252,308.5399844745715,0.0,3.0,3,5.0,1,,214.42268041237114,223.0,133.0,255.0,20799.0,32.55950803642285,0.14219791665492706,1.6397390975040207
ID4294,4294,290,10.681381225585938,26.81875745390252,308.5399844745715,0.0,2.0,2,5.0,1,,214.42268041237114,223.0,133.0,255.0,20799.0,32.55950803642285,0.14219791665492706,1.6397390975040207
ID5334,5334,290,10.681381225585938,26.81875745390252,308.5399844745715,0.0,1.0,1,5.0,1,,214.42268041237114,223.0,133.0,255.0,20799.0,32.55950803642285,0.14219791665492706,1.6397390975040207
ID4973,4973,290,10.681381225585938,26.81875745390252,308.5399844745715,0.0,0.0,0,5.0,1,,214.42268041237114,223.0,133.0,255.0,20799.0,32.55950803642285,0.14219791665492706,1.6397390975040207
ID5073,5073,291,8.458564758300781,157.04531236588278,635.8277100348222,0.0,0.0,0,5.0,1,,120.30927835051547,107.0,30.0,245.0,11670.0,52.230530827433334,0.12147441563429053,0.49899951773244905
ID4813,4813,291,8.458564758300781,157.04531236588278,635.8277100348222,0.0,2.0,2,5.0,1,,120.30927835051547,107.0,30.0,245.0,11670.0,52.230530827433334,0.12147441563429053,0.49899951773244905
ID5486,5486,291,8.458564758300781,157.04531236588278,635.8277100348222,0.0,1.0,1,5.0,1,,120.30927835051547,107.0,30.0,245.0,11670.0,52.230530827433334,0.12147441563429053,0.49899951773244905
ID5423,5423,291,8.458564758300781,157.04531236588278,635.8277100348222,0.0,3.0,3,5.0,1,,120.30927835051547,107.0,30.0,245.0,11670.0,52.230530827433334,0.12147441563429053,0.49899951773244905
ID2946,2946,292,9.149757385253906,753.4122010134492,38.15747641104586,0.0,5.0,5,5.0,1,,124.10309278350516,103.0,42.0,255.0,12038.0,54.191689964129964,0.14069589441845773,0.564925855488541
ID3284,3284,292,7.0442047119140625,750.8069566990797,36.45216775843933,0.0,2.0,2,5.0,1,,127.56701030927834,119.0,42.0,255.0,12374.0,44.795113948699544,0.09823261827363018,0.5094471169042407
ID5036,5036,292,7.0442047119140625,750.8069566990797,36.45216775843933,0.0,3.0,3,5.0,1,,127.56701030927834,119.0,42.0,255.0,12374.0,44.795113948699544,0.09823261827363018,0.5094471169042407
ID4878,4878,292,7.0442047119140625,750.8069566990797,36.45216775843933,0.0,0.0,0,5.0,1,,127.56701030927834,119.0,42.0,255.0,12374.0,44.795113948699544,0.09823261827363018,0.5094471169042407
ID5151,5151,292,7.0442047119140625,750.8069566990797,36.45216775843933,0.0,1.0,1,5.0,1,,127.56701030927834,119.0,42.0,255.0,12374.0,44.795113948699544,0.09823261827363018,0.5094471169042407
ID2703,2703,292,9.149757385253906,753.4122010134492,38.15747641104586,0.0,4.0,4,5.0,1,,124.10309278350516,103.0,42.0,255.0,12038.0,54.191689964129964,0.14069589441845773,0.564925855488541
ID5429,5429,293,6.5746002197265625,456.9606739135675,644.8716964456472,0.0,3.0,3,5.0,1,,119.05154639175258,127.0,51.0,181.0,11548.0,29.88184061642504,0.1640248973111912,1.1228072200248076
ID5493,5493,293,6.5746002197265625,456.9606739135675,644.8716964456472,0.0,1.0,1,5.0,1,,119.05154639175258,127.0,51.0,181.0,11548.0,29.88184061642504,0.1640248973111912,1.1228072200248076
ID5078,5078,293,6.5746002197265625,456.9606739135675,644.8716964456472,0.0,0.0,0,5.0,1,,119.05154639175258,127.0,51.0,181.0,11548.0,29.88184061642504,0.1640248973111912,1.1228072200248076
ID4829,4829,293,6.5746002197265625,456.9606739135675,644.8716964456472,0.0,2.0,2,5.0,1,,119.05154639175258,127.0,51.0,181.0,11548.0,29.88184061642504,0.1640248973111912,1.1228072200248076
ID5431,5431,294,12.5767822265625,264.0487606843065,646.7318797460164,0.0,3.0,3,5.0,1,,222.72164948453607,242.0,74.0,255.0,21604.0,41.326631412655985,0.15829327813947175,1.4730122557368783
ID5495,5495,294,12.5767822265625,264.0487606843065,646.7318797460164,0.0,1.0,1,5.0,1,,222.72164948453607,242.0,74.0,255.0,21604.0,41.326631412655985,0.15829327813947175,1.4730122557368783
ID5080,5080,294,12.5767822265625,264.0487606843065,646.7318797460164,0.0,0.0,0,5.0,1,,222.72164948453607,242.0,74.0,255.0,21604.0,41.326631412655985,0.15829327813947175,1.4730122557368783
ID4600,4600,294,10.927642822265625,262.25164688136414,651.9989790651466,0.0,5.0,5,5.0,1,,201.72164948453607,209.0,61.0,255.0,19567.0,43.953749903554225,0.13807006525076596,1.1135689261769477
ID4831,4831,294,12.5767822265625,264.0487606843065,646.7318797460164,0.0,2.0,2,5.0,1,,222.72164948453607,242.0,74.0,255.0,21604.0,41.326631412655985,0.15829327813947175,1.4730122557368783
ID4207,4207,294,10.927642822265625,262.25164688136414,651.9989790651466,0.0,4.0,4,5.0,1,,201.72164948453607,209.0,61.0,255.0,19567.0,43.953749903554225,0.13807006525076596,1.1135689261769477
ID5090,5090,295,5.1561126708984375,583.4194531047573,664.4217134057576,0.0,0.0,0,5.0,1,,101.21649484536083,102.0,9.0,176.0,9818.0,29.946558930077043,0.10389489432291402,0.6362105170536935
ID5508,5508,295,5.1561126708984375,583.4194531047573,664.4217134057576,0.0,1.0,1,5.0,1,,101.21649484536083,102.0,9.0,176.0,9818.0,29.946558930077043,0.10389489432291402,0.6362105170536935
ID4840,4840,295,5.1561126708984375,583.4194531047573,664.4217134057576,0.0,2.0,2,5.0,1,,101.21649484536083,102.0,9.0,176.0,9818.0,29.946558930077043,0.10389489432291402,0.6362105170536935
ID5449,5449,295,5.1561126708984375,583.4194531047573,664.4217134057576,0.0,3.0,3,5.0,1,,101.21649484536083,102.0,9.0,176.0,9818.0,29.946558930077043,0.10389489432291402,0.6362105170536935
ID4848,4848,296,13.634368896484375,728.9651232295253,676.3109655406313,0.0,2.0,2,5.0,1,,195.49484536082474,195.0,104.0,255.0,18963.0,47.401679759120924,0.17408245424919802,1.2230042816144786
ID5104,5104,296,13.634368896484375,728.9651232295253,676.3109655406313,0.0,0.0,0,5.0,1,,195.49484536082474,195.0,104.0,255.0,18963.0,47.401679759120924,0.17408245424919802,1.2230042816144786
ID4744,4744,296,12.460739135742188,724.475660062733,694.4219962177664,0.0,6.0,6,5.0,1,,187.53608247422682,193.0,94.0,255.0,18191.0,54.69214253735597,0.16700209202491956,0.9813867163653118
ID4697,4697,296,13.589508056640625,697.563406541791,680.4072362718867,0.0,5.0,5,5.0,1,,213.83505154639175,233.0,111.0,255.0,20742.0,44.09333859656202,0.1667989555839829,1.3865425549139254
ID5466,5466,296,13.634368896484375,728.9651232295253,676.3109655406313,0.0,3.0,3,5.0,1,,195.49484536082474,195.0,104.0,255.0,18963.0,47.401679759120924,0.17408245424919802,1.2230042816144786
ID4364,4364,296,13.589508056640625,697.563406541791,680.4072362718867,0.0,4.0,4,5.0,1,,213.83505154639175,233.0,111.0,255.0,20742.0,44.09333859656202,0.1667989555839829,1.3865425549139254
ID5517,5517,296,13.634368896484375,728.9651232295253,676.3109655406313,0.0,1.0,1,5.0,1,,195.49484536082474,195.0,104.0,255.0,18963.0,47.401679759120924,0.17408245424919802,1.2230042816144786
ID4849,4849,297,13.311080932617188,736.8856848189705,680.4114619060967,0.0,2.0,2,5.0,1,,217.8556701030928,236.0,130.0,255.0,21132.0,38.64636401901264,0.171239792789319,1.6483487294464876
ID5105,5105,297,13.311080932617188,736.8856848189705,680.4114619060967,0.0,0.0,0,5.0,1,,217.8556701030928,236.0,130.0,255.0,21132.0,38.64636401901264,0.171239792789319,1.6483487294464876
ID5468,5468,297,13.311080932617188,736.8856848189705,680.4114619060967,0.0,3.0,3,5.0,1,,217.8556701030928,236.0,130.0,255.0,21132.0,38.64636401901264,0.171239792789319,1.6483487294464876
ID4412,4412,297,11.887466430664062,730.1150310372778,685.9257792331557,0.0,4.0,4,5.0,1,,208.5257731958763,218.0,89.0,255.0,20227.0,41.2714824827389,0.15363494319330537,1.3457403327403998
ID4748,4748,297,12.273361206054688,728.0,696.0,0.0,6.0,6,5.0,1,,206.63917525773195,222.0,116.0,255.0,20044.0,44.75353467581508,0.14403139946844776,1.1626113262205795
ID5518,5518,297,13.311080932617188,736.8856848189705,680.4114619060967,0.0,1.0,1,5.0,1,,217.8556701030928,236.0,130.0,255.0,21132.0,38.64636401901264,0.171239792789319,1.6483487294464876
ID4734,4734,297,11.887466430664062,730.1150310372778,685.9257792331557,0.0,5.0,5,5.0,1,,208.5257731958763,218.0,89.0,255.0,20227.0,41.2714824827389,0.15363494319330537,1.3457403327403998
ID4672,4672,298,11.396499633789062,690.141479302483,674.5135767748288,0.0,5.0,5,5.0,1,,207.3298969072165,221.0,107.0,255.0,20111.0,40.518956893009914,0.14456755196770768,1.2925967755022552
ID4850,4850,298,13.654998779296875,697.0500501085776,682.3888671073188,0.0,2.0,2,5.0,1,,190.81443298969072,198.0,110.0,255.0,18509.0,49.548866850671466,0.17999676717255225,1.1748742286372815
ID4322,4322,298,11.396499633789062,690.141479302483,674.5135767748288,0.0,4.0,4,5.0,1,,207.3298969072165,221.0,107.0,255.0,20111.0,40.518956893009914,0.14456755196770768,1.2925967755022552
ID4738,4738,298,12.52447509765625,724.475660062733,694.4219962177664,0.0,6.0,6,5.0,1,,187.53608247422682,193.0,94.0,255.0,18191.0,54.69214253735597,0.16700209202491956,0.9813867163653118
ID5107,5107,298,13.654998779296875,697.0500501085776,682.3888671073188,0.0,0.0,0,5.0,1,,190.81443298969072,198.0,110.0,255.0,18509.0,49.548866850671466,0.17999676717255225,1.1748742286372815
ID5470,5470,298,13.654998779296875,697.0500501085776,682.3888671073188,0.0,3.0,3,5.0,1,,190.81443298969072,198.0,110.0,255.0,18509.0,49.548866850671466,0.17999676717255225,1.1748742286372815
ID5519,5519,298,13.654998779296875,697.0500501085776,682.3888671073188,0.0,1.0,1,5.0,1,,190.81443298969072,198.0,110.0,255.0,18509.0,49.548866850671466,0.17999676717255225,1.1748742286372815
ID4881,4881,299,5.172981262207031,767.0,50.0,0.0,0.0,0,5.0,1,,109.79381443298969,117.0,30.0,167.0,10650.0,29.893888082240817,0.24265815297948212,1.4343947234480268
ID3317,3317,299,5.172981262207031,767.0,50.0,0.0,2.0,2,5.0,1,,109.79381443298969,117.0,30.0,167.0,10650.0,29.893888082240817,0.24265815297948212,1.4343947234480268
ID5045,5045,299,5.172981262207031,767.0,50.0,0.0,3.0,3,5.0,1,,109.79381443298969,117.0,30.0,167.0,10650.0,29.893888082240817,0.24265815297948212,1.4343947234480268
ID5158,5158,299,5.172981262207031,767.0,50.0,0.0,1.0,1,5.0,1,,109.79381443298969,117.0,30.0,167.0,10650.0,29.893888082240817,0.24265815297948212,1.4343947234480268
ID5346,5346,300,14.300521850585938,298.48698464945534,324.31579967657456,0.0,1.0,1,5.0,1,,156.76288659793815,150.0,32.0,255.0,15206.0,66.67392250033559,0.20674373935547183,0.8056280044867798
ID4978,4978,300,14.300521850585938,298.48698464945534,324.31579967657456,0.0,0.0,0,5.0,1,,156.76288659793815,150.0,32.0,255.0,15206.0,66.67392250033559,0.20674373935547183,0.8056280044867798
ID4341,4341,300,14.300521850585938,298.48698464945534,324.31579967657456,0.0,2.0,2,5.0,1,,156.76288659793815,150.0,32.0,255.0,15206.0,66.67392250033559,0.20674373935547183,0.8056280044867798
ID5274,5274,300,14.300521850585938,298.48698464945534,324.31579967657456,0.0,3.0,3,5.0,1,,156.76288659793815,150.0,32.0,255.0,15206.0,66.67392250033559,0.20674373935547183,0.8056280044867798
ID5522,5522,301,14.357147216796875,27.390719959615254,685.3918025177677,0.0,1.0,1,5.0,1,,234.8041237113402,246.0,159.0,255.0,22776.0,24.970665779761188,0.2083607759759831,3.242835662316065
ID5476,5476,301,14.357147216796875,27.390719959615254,685.3918025177677,0.0,3.0,3,5.0,1,,234.8041237113402,246.0,159.0,255.0,22776.0,24.970665779761188,0.2083607759759831,3.242835662316065
ID4853,4853,301,14.357147216796875,27.390719959615254,685.3918025177677,0.0,2.0,2,5.0,1,,234.8041237113402,246.0,159.0,255.0,22776.0,24.970665779761188,0.2083607759759831,3.242835662316065
ID4406,4406,301,13.645706176757812,24.727804506079444,685.791992381739,0.0,4.0,4,5.0,1,,227.5979381443299,247.0,108.0,255.0,22077.0,38.29291160303432,0.17919271450440463,1.8064065153123618
ID4726,4726,301,13.645706176757812,24.727804506079444,685.791992381739,0.0,5.0,5,5.0,1,,227.5979381443299,247.0,108.0,255.0,22077.0,38.29291160303432,0.17919271450440463,1.8064065153123618
ID4710,4710,301,5.839508056640625,18.460177720452595,684.7212866077502,0.0,6.0,6,5.0,1,,179.1237113402062,181.0,90.0,224.0,17375.0,28.77037601566017,0.06794224970125025,0.7921906121616745
ID5111,5111,301,14.357147216796875,27.390719959615254,685.3918025177677,0.0,0.0,0,5.0,1,,234.8041237113402,246.0,159.0,255.0,22776.0,24.970665779761188,0.2083607759759831,3.242835662316065
ID5120,5120,302,14.108428955078125,259.96940305875285,694.7276517997908,0.0,0.0,0,5.0,1,,201.4020618556701,228.0,90.0,255.0,19536.0,56.77599621058594,0.15799525512941126,0.9679800562385704
ID5490,5490,302,14.108428955078125,259.96940305875285,694.7276517997908,0.0,3.0,3,5.0,1,,201.4020618556701,228.0,90.0,255.0,19536.0,56.77599621058594,0.15799525512941126,0.9679800562385704
ID5528,5528,302,14.108428955078125,259.96940305875285,694.7276517997908,0.0,1.0,1,5.0,1,,201.4020618556701,228.0,90.0,255.0,19536.0,56.77599621058594,0.15799525512941126,0.9679800562385704
ID4859,4859,302,14.108428955078125,259.96940305875285,694.7276517997908,0.0,2.0,2,5.0,1,,201.4020618556701,228.0,90.0,255.0,19536.0,56.77599621058594,0.15799525512941126,0.9679800562385704
ID4764,4764,302,12.13580322265625,261.0907819637041,698.9594602907104,0.0,5.0,5,5.0,1,,199.31958762886597,215.0,108.0,255.0,19334.0,51.25376945319741,0.14173638940006586,0.9655387029010009
ID4447,4447,302,12.13580322265625,261.0907819637041,698.9594602907104,0.0,4.0,4,5.0,1,,199.31958762886597,215.0,108.0,255.0,19334.0,51.25376945319741,0.14173638940006586,0.9655387029010009
ID4466,4466,303,11.994400024414062,263.0,704.0,0.0,4.0,4,5.0,1,,184.50515463917526,188.0,107.0,255.0,17897.0,51.58046378219427,0.16483296311978493,1.0123569541141892
ID5122,5122,303,13.065383911132812,262.57893227001625,702.6756906137035,0.0,0.0,0,5.0,1,,183.44329896907217,187.0,104.0,255.0,17794.0,49.724442571067975,0.190500792307966,1.1806713420326147
ID5492,5492,303,13.065383911132812,262.57893227001625,702.6756906137035,0.0,3.0,3,5.0,1,,183.44329896907217,187.0,104.0,255.0,17794.0,49.724442571067975,0.190500792307966,1.1806713420326147
ID4776,4776,303,11.994400024414062,263.0,704.0,0.0,5.0,5,5.0,1,,184.50515463917526,188.0,107.0,255.0,17897.0,51.58046378219427,0.16483296311978493,1.0123569541141892
ID5529,5529,303,13.065383911132812,262.57893227001625,702.6756906137035,0.0,1.0,1,5.0,1,,183.44329896907217,187.0,104.0,255.0,17794.0,49.724442571067975,0.190500792307966,1.1806713420326147
ID4860,4860,303,13.065383911132812,262.57893227001625,702.6756906137035,0.0,2.0,2,5.0,1,,183.44329896907217,187.0,104.0,255.0,17794.0,49.724442571067975,0.190500792307966,1.1806713420326147
ID4864,4864,304,13.996170043945312,173.47313122062363,727.7404622001906,0.0,2.0,2,5.0,1,,165.84536082474227,161.0,60.0,255.0,16087.0,54.27598076155665,0.1741798501430374,0.9065440935305354
ID4802,4802,304,7.9756927490234375,178.0,735.0,0.0,6.0,6,5.0,1,,164.01030927835052,168.0,45.0,255.0,15909.0,50.36150457057142,0.21917475460945898,1.170919435490607
ID4516,4516,304,17.832275390625,174.0,735.0,0.0,4.0,4,5.0,1,,189.3298969072165,197.0,52.0,255.0,18365.0,55.27520572279759,0.3817176793761549,1.8925257045283166
ID5128,5128,304,13.996170043945312,173.47313122062363,727.7404622001906,0.0,0.0,0,5.0,1,,165.84536082474227,161.0,60.0,255.0,16087.0,54.27598076155665,0.1741798501430374,0.9065440935305354
ID4809,4809,304,17.832275390625,174.0,735.0,0.0,5.0,5,5.0,1,,189.3298969072165,197.0,52.0,255.0,18365.0,55.27520572279759,0.3817176793761549,1.8925257045283166
ID5500,5500,304,13.996170043945312,173.47313122062363,727.7404622001906,0.0,3.0,3,5.0,1,,165.84536082474227,161.0,60.0,255.0,16087.0,54.27598076155665,0.1741798501430374,0.9065440935305354
ID5533,5533,304,13.996170043945312,173.47313122062363,727.7404622001906,0.0,1.0,1,5.0,1,,165.84536082474227,161.0,60.0,255.0,16087.0,54.27598076155665,0.1741798501430374,0.9065440935305354
ID5505,5505,305,19.745025634765625,163.0,735.0,0.0,3.0,3,5.0,1,,178.28865979381445,196.0,36.0,255.0,17294.0,66.02729214166018,0.4287966464468225,1.6207319264469637
ID4866,4866,305,19.745025634765625,163.0,735.0,0.0,2.0,2,5.0,1,,178.28865979381445,196.0,36.0,255.0,17294.0,66.02729214166018,0.4287966464468225,1.6207319264469637
ID5133,5133,305,19.745025634765625,163.0,735.0,0.0,0.0,0,5.0,1,,178.28865979381445,196.0,36.0,255.0,17294.0,66.02729214166018,0.4287966464468225,1.6207319264469637
ID5535,5535,305,19.745025634765625,163.0,735.0,0.0,1.0,1,5.0,1,,178.28865979381445,196.0,36.0,255.0,17294.0,66.02729214166018,0.4287966464468225,1.6207319264469637
ID3509,3509,306,13.773696899414062,131.22991645605754,182.92655205181885,0.0,5.0,5,5.0,1,,220.61855670103094,231.0,137.0,255.0,21400.0,34.2254910175908,0.1881499896415994,2.041527702506954
ID3862,3862,306,13.63287353515625,134.93010406640565,180.8254814138715,0.0,2.0,2,5.0,1,,221.37113402061857,233.0,141.0,255.0,21473.0,32.116104341523126,0.18431726763200199,2.145487988749726
ID3015,3015,306,13.773696899414062,131.22991645605754,182.92655205181885,0.0,4.0,4,5.0,1,,220.61855670103094,231.0,137.0,255.0,21400.0,34.2254910175908,0.1881499896415994,2.041527702506954
ID5240,5240,306,13.63287353515625,134.93010406640565,180.8254814138715,0.0,1.0,1,5.0,1,,221.37113402061857,233.0,141.0,255.0,21473.0,32.116104341523126,0.18431726763200199,2.145487988749726
ID5164,5164,306,13.63287353515625,134.93010406640565,180.8254814138715,0.0,3.0,3,5.0,1,,221.37113402061857,233.0,141.0,255.0,21473.0,32.116104341523126,0.18431726763200199,2.145487988749726
ID4925,4925,306,13.63287353515625,134.93010406640565,180.8254814138715,0.0,0.0,0,5.0,1,,221.37113402061857,233.0,141.0,255.0,21473.0,32.116104341523126,0.18431726763200199,2.145487988749726
ID2753,2753,307,14.335723876953125,643.4410973743642,66.67306323286336,0.0,4.0,4,5.0,1,,193.1237113402062,196.0,113.0,255.0,18733.0,43.35109997930626,0.21076229074294922,1.5509560696454932
ID3042,3042,307,14.335723876953125,643.4410973743642,66.67306323286336,0.0,5.0,5,5.0,1,,193.1237113402062,196.0,113.0,255.0,18733.0,43.35109997930626,0.21076229074294922,1.5509560696454932
ID4884,4884,307,17.01611328125,631.2880570530331,62.02010698277644,0.0,0.0,0,5.0,1,,189.30927835051546,198.0,89.0,255.0,18363.0,53.59169727842299,0.24856851672987795,1.4064947810482555
ID3354,3354,307,17.01611328125,631.2880570530331,62.02010698277644,0.0,2.0,2,5.0,1,,189.30927835051546,198.0,89.0,255.0,18363.0,53.59169727842299,0.24856851672987795,1.4064947810482555
ID5163,5163,307,17.01611328125,631.2880570530331,62.02010698277644,0.0,1.0,1,5.0,1,,189.30927835051546,198.0,89.0,255.0,18363.0,53.59169727842299,0.24856851672987795,1.4064947810482555
ID5054,5054,307,17.01611328125,631.2880570530331,62.02010698277644,0.0,3.0,3,5.0,1,,189.30927835051546,198.0,89.0,255.0,18363.0,53.59169727842299,0.24856851672987795,1.4064947810482555
ID3648,3648,308,5.912086486816406,454.03904750095757,345.9416852927523,0.0,4.0,4,5.0,1,,125.3298969072165,122.0,42.0,202.0,12157.0,39.17979965531891,0.0955587025699802,0.558029372000646
ID4386,4386,308,10.908538818359375,457.4730828726639,342.60331855907936,0.0,2.0,2,5.0,1,,167.1237113402062,157.0,87.0,255.0,16211.0,57.46507231425429,0.1247741156465755,0.6452429924395261
ID4002,4002,308,11.65899658203125,456.54101564469187,330.7948674595445,0.0,6.0,6,5.0,1,,193.2680412371134,196.0,96.0,255.0,18747.0,50.85959338051783,0.1440167287703404,0.9567483545892653
ID4099,4099,308,5.912086486816406,454.03904750095757,345.9416852927523,0.0,5.0,5,5.0,1,,125.3298969072165,122.0,42.0,202.0,12157.0,39.17979965531891,0.0955587025699802,0.558029372000646
ID5287,5287,308,10.908538818359375,457.4730828726639,342.60331855907936,0.0,3.0,3,5.0,1,,167.1237113402062,157.0,87.0,255.0,16211.0,57.46507231425429,0.1247741156465755,0.6452429924395261
ID4984,4984,308,10.908538818359375,457.4730828726639,342.60331855907936,0.0,0.0,0,5.0,1,,167.1237113402062,157.0,87.0,255.0,16211.0,57.46507231425429,0.1247741156465755,0.6452429924395261
ID5358,5358,308,10.908538818359375,457.4730828726639,342.60331855907936,0.0,1.0,1,5.0,1,,167.1237113402062,157.0,87.0,255.0,16211.0,57.46507231425429,0.1247741156465755,0.6452429924395261
ID5296,5296,309,15.53680419921875,736.5416009634479,367.82839024935754,0.0,3.0,3,5.0,1,,198.38144329896906,215.0,103.0,255.0,19243.0,49.22999663547137,0.215113795486445,1.426765327129509
ID4423,4423,309,15.53680419921875,736.5416009634479,367.82839024935754,0.0,2.0,2,5.0,1,,198.38144329896906,215.0,103.0,255.0,19243.0,49.22999663547137,0.215113795486445,1.426765327129509
ID5368,5368,309,15.53680419921875,736.5416009634479,367.82839024935754,0.0,1.0,1,5.0,1,,198.38144329896906,215.0,103.0,255.0,19243.0,49.22999663547137,0.215113795486445,1.426765327129509
ID4989,4989,309,15.53680419921875,736.5416009634479,367.82839024935754,0.0,0.0,0,5.0,1,,198.38144329896906,215.0,103.0,255.0,19243.0,49.22999663547137,0.215113795486445,1.426765327129509
ID4932,4932,310,5.893028259277344,767.0,202.0,0.0,0.0,0,5.0,1,,109.31958762886597,110.0,39.0,174.0,10604.0,28.65983920334362,0.25704165232784343,1.559940619804408
ID5254,5254,310,5.893028259277344,767.0,202.0,0.0,1.0,1,5.0,1,,109.31958762886597,110.0,39.0,174.0,10604.0,28.65983920334362,0.25704165232784343,1.559940619804408
ID5179,5179,310,5.893028259277344,767.0,202.0,0.0,3.0,3,5.0,1,,109.31958762886597,110.0,39.0,174.0,10604.0,28.65983920334362,0.25704165232784343,1.559940619804408
ID3564,3564,310,8.845733642578125,767.0,199.0,0.0,5.0,5,5.0,1,,108.90721649484536,107.0,17.0,215.0,10564.0,47.530052439269674,0.3012504156676662,1.0609261009272744
ID3933,3933,310,5.893028259277344,767.0,202.0,0.0,2.0,2,5.0,1,,109.31958762886597,110.0,39.0,174.0,10604.0,28.65983920334362,0.25704165232784343,1.559940619804408
ID3054,3054,310,8.845733642578125,767.0,199.0,0.0,4.0,4,5.0,1,,108.90721649484536,107.0,17.0,215.0,10564.0,47.530052439269674,0.3012504156676662,1.0609261009272744
ID4448,4448,311,13.035781860351562,73.27703412376921,412.2237579235198,0.0,2.0,2,5.0,1,,222.22680412371133,242.0,115.0,255.0,21556.0,36.54036157531808,0.16644456397607424,1.7356378328039443
ID4992,4992,311,13.035781860351562,73.27703412376921,412.2237579235198,0.0,0.0,0,5.0,1,,222.22680412371133,242.0,115.0,255.0,21556.0,36.54036157531808,0.16644456397607424,1.7356378328039443
ID4084,4084,311,11.09515380859375,61.0,407.0,0.0,6.0,6,5.0,1,,215.8556701030928,228.0,125.0,255.0,20938.0,34.849973006541944,0.14289089448565895,1.548783784654162
ID5303,5303,311,13.035781860351562,73.27703412376921,412.2237579235198,0.0,3.0,3,5.0,1,,222.22680412371133,242.0,115.0,255.0,21556.0,36.54036157531808,0.16644456397607424,1.7356378328039443
ID4173,4173,311,11.041839599609375,66.19568927753221,412.8502678744788,0.0,5.0,5,5.0,1,,196.1958762886598,216.0,115.0,255.0,19031.0,47.92303707840175,0.12270526573104014,0.8948968473337995
ID5374,5374,311,13.035781860351562,73.27703412376921,412.2237579235198,0.0,1.0,1,5.0,1,,222.22680412371133,242.0,115.0,255.0,21556.0,36.54036157531808,0.16644456397607424,1.7356378328039443
ID3726,3726,311,11.041839599609375,66.19568927753221,412.8502678744788,0.0,4.0,4,5.0,1,,196.1958762886598,216.0,115.0,255.0,19031.0,47.92303707840175,0.12270526573104014,0.8948968473337995
ID3122,3122,312,15.317398071289062,538.9717252998537,80.45751016507717,0.0,5.0,5,5.0,1,,210.24742268041237,238.0,112.0,255.0,20394.0,46.82726034049573,0.20111536699659519,1.5035658701715338
ID2790,2790,312,15.317398071289062,538.9717252998537,80.45751016507717,0.0,4.0,4,5.0,1,,210.24742268041237,238.0,112.0,255.0,20394.0,46.82726034049573,0.20111536699659519,1.5035658701715338
ID5079,5079,312,13.994216918945312,538.0786526780437,77.05291143695604,0.0,3.0,3,5.0,1,,212.17525773195877,233.0,105.0,255.0,20581.0,42.51201063358408,0.17313418772906017,1.4731542765422079
ID3433,3433,312,13.994216918945312,538.0786526780437,77.05291143695604,0.0,2.0,2,5.0,1,,212.17525773195877,233.0,105.0,255.0,20581.0,42.51201063358408,0.17313418772906017,1.4731542765422079
ID5178,5178,312,13.994216918945312,538.0786526780437,77.05291143695604,0.0,1.0,1,5.0,1,,212.17525773195877,233.0,105.0,255.0,20581.0,42.51201063358408,0.17313418772906017,1.4731542765422079
ID4892,4892,312,13.994216918945312,538.0786526780437,77.05291143695604,0.0,0.0,0,5.0,1,,212.17525773195877,233.0,105.0,255.0,20581.0,42.51201063358408,0.17313418772906017,1.4731542765422079
ID3068,3068,312,7.553436279296875,554.555100820024,76.60599295299329,0.0,6.0,6,5.0,1,,183.659793814433,178.0,120.0,255.0,17815.0,37.16514008391526,0.09684503303742484,0.8726506021746661
ID5264,5264,313,9.388336181640625,767.0,214.0,0.0,1.0,1,5.0,1,,104.3298969072165,88.0,15.0,239.0,10120.0,61.40027850939219,0.23485294301776702,0.6463223861938413
ID5190,5190,313,9.388336181640625,767.0,214.0,0.0,3.0,3,5.0,1,,104.3298969072165,88.0,15.0,239.0,10120.0,61.40027850939219,0.23485294301776702,0.6463223861938413
ID4937,4937,313,9.388336181640625,767.0,214.0,0.0,0.0,0,5.0,1,,104.3298969072165,88.0,15.0,239.0,10120.0,61.40027850939219,0.23485294301776702,0.6463223861938413
ID3979,3979,313,9.388336181640625,767.0,214.0,0.0,2.0,2,5.0,1,,104.3298969072165,88.0,15.0,239.0,10120.0,61.40027850939219,0.23485294301776702,0.6463223861938413
ID4501,4501,314,15.703231811523438,753.588815327888,429.76005378453635,0.0,2.0,2,5.0,1,,189.43298969072166,198.0,65.0,255.0,18375.0,54.361810127548594,0.21748761683196102,1.2449780128484111
ID5318,5318,314,15.703231811523438,753.588815327888,429.76005378453635,0.0,3.0,3,5.0,1,,189.43298969072166,198.0,65.0,255.0,18375.0,54.361810127548594,0.21748761683196102,1.2449780128484111
ID4999,4999,314,15.703231811523438,753.588815327888,429.76005378453635,0.0,0.0,0,5.0,1,,189.43298969072166,198.0,65.0,255.0,18375.0,54.361810127548594,0.21748761683196102,1.2449780128484111
ID5388,5388,314,15.703231811523438,753.588815327888,429.76005378453635,0.0,1.0,1,5.0,1,,189.43298969072166,198.0,65.0,255.0,18375.0,54.361810127548594,0.21748761683196102,1.2449780128484111
ID5269,5269,315,5.2595977783203125,760.2729614504491,217.91917865069811,0.0,1.0,1,5.0,1,,92.0,77.0,37.0,174.0,8924.0,35.43773882929515,0.06900214615534699,0.3351473898730695
ID3145,3145,315,16.53326416015625,767.0,222.0,0.0,4.0,4,5.0,1,,153.35051546391753,143.0,39.0,255.0,14875.0,60.73903214386279,0.43960987348839164,1.541948929830528
ID5194,5194,315,5.2595977783203125,760.2729614504491,217.91917865069811,0.0,3.0,3,5.0,1,,92.0,77.0,37.0,174.0,8924.0,35.43773882929515,0.06900214615534699,0.3351473898730695
ID4939,4939,315,5.2595977783203125,760.2729614504491,217.91917865069811,0.0,0.0,0,5.0,1,,92.0,77.0,37.0,174.0,8924.0,35.43773882929515,0.06900214615534699,0.3351473898730695
ID3997,3997,315,5.2595977783203125,760.2729614504491,217.91917865069811,0.0,2.0,2,5.0,1,,92.0,77.0,37.0,174.0,8924.0,35.43773882929515,0.06900214615534699,0.3351473898730695
ID3662,3662,315,16.53326416015625,767.0,222.0,0.0,5.0,5,5.0,1,,153.35051546391753,143.0,39.0,255.0,14875.0,60.73903214386279,0.43960987348839164,1.541948929830528
ID5392,5392,316,16.358596801757812,526.4121149960275,435.0037254589092,0.0,1.0,1,5.0,1,,208.09278350515464,215.0,93.0,255.0,20185.0,44.260376013763434,0.2278635444885415,1.7450049345697718
ID4513,4513,316,16.358596801757812,526.4121149960275,435.0037254589092,0.0,2.0,2,5.0,1,,208.09278350515464,215.0,93.0,255.0,20185.0,44.260376013763434,0.2278635444885415,1.7450049345697718
ID5001,5001,316,16.358596801757812,526.4121149960275,435.0037254589092,0.0,0.0,0,5.0,1,,208.09278350515464,215.0,93.0,255.0,20185.0,44.260376013763434,0.2278635444885415,1.7450049345697718
ID5322,5322,316,16.358596801757812,526.4121149960275,435.0037254589092,0.0,3.0,3,5.0,1,,208.09278350515464,215.0,93.0,255.0,20185.0,44.260376013763434,0.2278635444885415,1.7450049345697718
ID4898,4898,317,5.113960266113281,434.1396755203888,96.20259454094953,0.0,0.0,0,5.0,1,,116.29896907216495,110.0,52.0,215.0,11281.0,30.589746698735244,0.07887145769304543,0.5558788413721981
ID5189,5189,317,5.113960266113281,434.1396755203888,96.20259454094953,0.0,1.0,1,5.0,1,,116.29896907216495,110.0,52.0,215.0,11281.0,30.589746698735244,0.07887145769304543,0.5558788413721981
ID5095,5095,317,5.113960266113281,434.1396755203888,96.20259454094953,0.0,3.0,3,5.0,1,,116.29896907216495,110.0,52.0,215.0,11281.0,30.589746698735244,0.07887145769304543,0.5558788413721981
ID3498,3498,317,5.113960266113281,434.1396755203888,96.20259454094953,0.0,2.0,2,5.0,1,,116.29896907216495,110.0,52.0,215.0,11281.0,30.589746698735244,0.07887145769304543,0.5558788413721981
ID4899,4899,318,8.824874877929688,564.1015149613451,97.32589884197141,0.0,0.0,0,5.0,1,,168.60824742268042,161.0,96.0,255.0,16355.0,45.5138616021333,0.10583064200967648,0.7090680814841119
ID3511,3511,318,8.824874877929688,564.1015149613451,97.32589884197141,0.0,2.0,2,5.0,1,,168.60824742268042,161.0,96.0,255.0,16355.0,45.5138616021333,0.10583064200967648,0.7090680814841119
ID5191,5191,318,8.824874877929688,564.1015149613451,97.32589884197141,0.0,1.0,1,5.0,1,,168.60824742268042,161.0,96.0,255.0,16355.0,45.5138616021333,0.10583064200967648,0.7090680814841119
ID5097,5097,318,8.824874877929688,564.1015149613451,97.32589884197141,0.0,3.0,3,5.0,1,,168.60824742268042,161.0,96.0,255.0,16355.0,45.5138616021333,0.10583064200967648,0.7090680814841119
ID5335,5335,319,11.30523681640625,608.9818289611385,463.4567633731579,0.0,3.0,3,5.0,1,,167.57731958762886,167.0,101.0,255.0,16255.0,45.708048856197635,0.16222978632354929,1.0235077768339822
ID4555,4555,319,11.30523681640625,608.9818289611385,463.4567633731579,0.0,2.0,2,5.0,1,,167.57731958762886,167.0,101.0,255.0,16255.0,45.708048856197635,0.16222978632354929,1.0235077768339822
ID5403,5403,319,11.30523681640625,608.9818289611385,463.4567633731579,0.0,1.0,1,5.0,1,,167.57731958762886,167.0,101.0,255.0,16255.0,45.708048856197635,0.16222978632354929,1.0235077768339822
ID5007,5007,319,11.30523681640625,608.9818289611385,463.4567633731579,0.0,0.0,0,5.0,1,,167.57731958762886,167.0,101.0,255.0,16255.0,45.708048856197635,0.16222978632354929,1.0235077768339822
ID5280,5280,320,7.1353912353515625,140.04949712545812,241.1020638045783,0.0,1.0,1,5.0,1,,157.38144329896906,157.0,66.0,255.0,15266.0,47.54284105304593,0.08183659176976238,0.5008229893121946
ID4049,4049,320,7.1353912353515625,140.04949712545812,241.1020638045783,0.0,2.0,2,5.0,1,,157.38144329896906,157.0,66.0,255.0,15266.0,47.54284105304593,0.08183659176976238,0.5008229893121946
ID4945,4945,320,7.1353912353515625,140.04949712545812,241.1020638045783,0.0,0.0,0,5.0,1,,157.38144329896906,157.0,66.0,255.0,15266.0,47.54284105304593,0.08183659176976238,0.5008229893121946
ID3204,3204,320,5.7724609375,152.83062220537,236.34639360662044,0.0,4.0,4,5.0,1,,177.76288659793815,175.0,90.0,253.0,17243.0,28.956423148944964,0.10525138173643227,1.1692110591794989
ID5206,5206,320,7.1353912353515625,140.04949712545812,241.1020638045783,0.0,3.0,3,5.0,1,,157.38144329896906,157.0,66.0,255.0,15266.0,47.54284105304593,0.08183659176976238,0.5008229893121946
ID3704,3704,320,5.7724609375,152.83062220537,236.34639360662044,0.0,5.0,5,5.0,1,,177.76288659793815,175.0,90.0,253.0,17243.0,28.956423148944964,0.10525138173643227,1.1692110591794989
ID3640,3640,320,5.76025390625,154.3053375021627,244.6620287960897,0.0,6.0,6,5.0,1,,145.55670103092783,144.0,51.0,251.0,14119.0,38.13052393647513,0.09018749945078505,0.6315890249510998
ID5408,5408,321,12.761489868164062,383.7516472632108,469.0743377571784,0.0,1.0,1,5.0,1,,211.35051546391753,215.0,111.0,255.0,20501.0,43.101392387870696,0.1522315322956695,1.2957071924281955
ID5011,5011,321,12.761489868164062,383.7516472632108,469.0743377571784,0.0,0.0,0,5.0,1,,211.35051546391753,215.0,111.0,255.0,20501.0,43.101392387870696,0.1522315322956695,1.2957071924281955
ID4571,4571,321,12.761489868164062,383.7516472632108,469.0743377571784,0.0,2.0,2,5.0,1,,211.35051546391753,215.0,111.0,255.0,20501.0,43.101392387870696,0.1522315322956695,1.2957071924281955
ID5341,5341,321,12.761489868164062,383.7516472632108,469.0743377571784,0.0,3.0,3,5.0,1,,211.35051546391753,215.0,111.0,255.0,20501.0,43.101392387870696,0.1522315322956695,1.2957071924281955
ID4301,4301,321,13.9566650390625,383.6902198858242,472.08356358200933,0.0,5.0,5,5.0,1,,224.340206185567,235.0,139.0,255.0,21761.0,30.889887300814895,0.19218478292977323,2.341511040534233
ID4285,4285,321,15.371810913085938,387.83499329700976,474.42276551702525,0.0,6.0,6,5.0,1,,231.90721649484536,249.0,140.0,255.0,22495.0,30.816352015551637,0.21667992934018887,2.6804355786144467
ID3854,3854,321,13.9566650390625,383.6902198858242,472.08356358200933,0.0,4.0,4,5.0,1,,224.340206185567,235.0,139.0,255.0,21761.0,30.889887300814895,0.19218478292977323,2.341511040534233
ID3233,3233,322,8.062835693359375,710.2511893907781,109.62619829894089,0.0,5.0,5,5.0,1,,129.46391752577318,113.0,77.0,250.0,12558.0,40.57504925435244,0.1336385971696289,0.7522755875653376
ID5106,5106,322,13.397689819335938,713.597485176782,106.41024877355038,0.0,3.0,3,5.0,1,,182.91752577319588,178.0,104.0,255.0,17743.0,45.149444003380964,0.17818586902631364,1.2254408610269207
ID4902,4902,322,13.397689819335938,713.597485176782,106.41024877355038,0.0,0.0,0,5.0,1,,182.91752577319588,178.0,104.0,255.0,17743.0,45.149444003380964,0.17818586902631364,1.2254408610269207
ID2827,2827,322,8.062835693359375,710.2511893907781,109.62619829894089,0.0,4.0,4,5.0,1,,129.46391752577318,113.0,77.0,250.0,12558.0,40.57504925435244,0.1336385971696289,0.7522755875653376
ID5197,5197,322,13.397689819335938,713.597485176782,106.41024877355038,0.0,1.0,1,5.0,1,,182.91752577319588,178.0,104.0,255.0,17743.0,45.149444003380964,0.17818586902631364,1.2254408610269207
ID3550,3550,322,13.397689819335938,713.597485176782,106.41024877355038,0.0,2.0,2,5.0,1,,182.91752577319588,178.0,104.0,255.0,17743.0,45.149444003380964,0.17818586902631364,1.2254408610269207
ID5201,5201,323,12.665191650390625,730.3496603514927,110.38011961008517,0.0,1.0,1,5.0,1,,196.4536082474227,202.0,101.0,255.0,19056.0,50.613943364320065,0.14992335920300326,1.0120925757236212
ID3570,3570,323,12.665191650390625,730.3496603514927,110.38011961008517,0.0,2.0,2,5.0,1,,196.4536082474227,202.0,101.0,255.0,19056.0,50.613943364320065,0.14992335920300326,1.0120925757236212
ID3187,3187,323,11.194992065429688,731.6913333285089,113.20991208593396,0.0,6.0,6,5.0,1,,205.42268041237114,215.0,113.0,255.0,19926.0,42.607666331782944,0.13090705634154184,1.1161608429867285
ID5112,5112,323,12.665191650390625,730.3496603514927,110.38011961008517,0.0,3.0,3,5.0,1,,196.4536082474227,202.0,101.0,255.0,19056.0,50.613943364320065,0.14992335920300326,1.0120925757236212
ID4904,4904,323,12.665191650390625,730.3496603514927,110.38011961008517,0.0,0.0,0,5.0,1,,196.4536082474227,202.0,101.0,255.0,19056.0,50.613943364320065,0.14992335920300326,1.0120925757236212
ID3195,3195,323,14.867340087890625,730.5416907446388,108.52987002575279,0.0,5.0,5,5.0,1,,220.31958762886597,239.0,132.0,255.0,21371.0,38.555573092548435,0.19821947891075822,1.8906271816933709
ID2813,2813,323,14.867340087890625,730.5416907446388,108.52987002575279,0.0,4.0,4,5.0,1,,220.31958762886597,239.0,132.0,255.0,21371.0,38.555573092548435,0.19821947891075822,1.8906271816933709
ID2664,2664,324,12.06976318359375,692.7876251925398,20.117188712559603,0.0,4.0,4,5.0,1,,204.38144329896906,217.0,117.0,255.0,19825.0,44.63076370317365,0.1332767452170724,1.0770987950406377
ID2911,2911,324,11.70880126953125,692.7876251925398,20.117188712559603,0.0,5.0,5,5.0,1,,204.38144329896906,217.0,117.0,255.0,19825.0,44.63076370317365,0.1332767452170724,1.0770987950406377
ID3253,3253,325,5.05584716796875,146.06661675969912,254.40167453866835,0.0,4.0,4,5.0,1,,103.31958762886597,98.0,30.0,242.0,10022.0,46.429055735550385,0.043029749828209916,0.1836094095477287
ID3757,3757,325,5.05584716796875,146.06661675969912,254.40167453866835,0.0,5.0,5,5.0,1,,103.31958762886597,98.0,30.0,242.0,10022.0,46.429055735550385,0.043029749828209916,0.1836094095477287
ID4295,4295,326,11.3701171875,15.955883382698223,673.0979633271709,0.0,4.0,4,5.0,1,,180.8659793814433,178.0,95.0,255.0,17544.0,54.319776337670696,0.1463446032136128,0.850139955109477
ID4728,4728,326,11.272018432617188,7.585464157139495,689.9604419323729,0.0,6.0,6,5.0,1,,155.29896907216494,144.0,75.0,255.0,15064.0,45.33880901714098,0.1689548064109125,0.9901506816661712
ID4654,4654,326,11.3701171875,15.955883382698223,673.0979633271709,0.0,5.0,5,5.0,1,,180.8659793814433,178.0,95.0,255.0,17544.0,54.319776337670696,0.1463446032136128,0.850139955109477
ID3860,3860,327,5.45184326171875,140.737277337139,286.2371047139129,0.0,5.0,5,5.0,1,,147.15463917525773,140.0,80.0,243.0,14274.0,36.7611491608854,0.05999753664995203,0.45315151726176606
ID3372,3372,327,5.45184326171875,140.737277337139,286.2371047139129,0.0,4.0,4,5.0,1,,147.15463917525773,140.0,80.0,243.0,14274.0,36.7611491608854,0.05999753664995203,0.45315151726176606
ID4720,4720,328,11.784332275390625,34.780215185943426,684.6981284215984,0.0,5.0,5,5.0,1,,213.16494845360825,226.0,90.0,255.0,20677.0,39.83917680614228,0.1550711628145959,1.43667235531764
ID4704,4704,328,14.162887573242188,27.248256378701054,683.7809376932469,0.0,6.0,6,5.0,1,,205.8762886597938,215.0,112.0,255.0,19970.0,41.68339440851486,0.19186351101073426,1.59015372951883
ID4398,4398,328,11.784332275390625,34.780215185943426,684.6981284215984,0.0,4.0,4,5.0,1,,213.16494845360825,226.0,90.0,255.0,20677.0,39.83917680614228,0.1550711628145959,1.43667235531764
ID4416,4416,329,5.490135192871094,396.42849594438064,492.9857584269724,0.0,5.0,5,5.0,1,,110.5360824742268,109.0,41.0,196.0,10722.0,35.72465939179538,0.06806483554715027,0.3943584493189741
ID3993,3993,329,5.490135192871094,396.42849594438064,492.9857584269724,0.0,4.0,4,5.0,1,,110.5360824742268,109.0,41.0,196.0,10722.0,35.72465939179538,0.06806483554715027,0.3943584493189741
ID2002,2002,330,9.159515380859375,730.0,0.0,0.0,15.0,15,5.0,1,,149.8041237113402,147.0,49.0,255.0,14531.0,48.91311156344349,0.2629269926051322,1.2752208403839487
ID5541,5541,330,9.624755859375,727.2793796374452,5.657782653979343,0.0,17.0,17,5.0,1,,145.82474226804123,130.0,84.0,255.0,14145.0,44.46628177368366,0.16267554066332612,0.917686029142501
ID5759,5759,330,9.624755859375,727.2793796374452,5.657782653979343,0.0,16.0,16,5.0,1,,145.82474226804123,130.0,84.0,255.0,14145.0,44.46628177368366,0.16267554066332612,0.917686029142501
ID5776,5776,331,14.212692260742188,219.2374755305382,73.25618367378154,0.0,16.0,16,5.0,1,,184.7835051546392,183.0,100.0,255.0,17924.0,54.62318395229182,0.19637121082216108,1.1105242579645682
ID5558,5558,331,14.212692260742188,219.2374755305382,73.25618367378154,0.0,17.0,17,5.0,1,,184.7835051546392,183.0,100.0,255.0,17924.0,54.62318395229182,0.19637121082216108,1.1105242579645682
ID2028,2028,331,13.866897583007812,210.14605821302123,70.29682330216168,0.0,15.0,15,5.0,1,,183.02061855670104,193.0,89.0,255.0,17753.0,55.99385743496097,0.18217941442189095,1.0074083273100882
ID2034,2034,332,9.901687622070312,229.0,87.0,0.0,15.0,15,5.0,1,,214.16494845360825,223.0,131.0,255.0,20774.0,32.59111599691546,0.11619943434511927,1.368174124266159
ID5779,5779,332,12.357467651367188,237.2239816920034,76.89535385351545,0.0,16.0,16,5.0,1,,196.58762886597938,194.0,117.0,255.0,19069.0,36.47423536362106,0.18199802965326736,1.6597776704504619
ID5561,5561,332,12.357467651367188,237.2239816920034,76.89535385351545,0.0,17.0,17,5.0,1,,196.58762886597938,194.0,117.0,255.0,19069.0,36.47423536362106,0.18199802965326736,1.6597776704504619
ID2036,2036,333,12.37091064453125,235.30679926767127,95.83451000619932,0.0,15.0,15,5.0,1,,198.659793814433,197.0,125.0,250.0,19270.0,34.15219813506949,0.17269473913675334,1.713229111979402
ID5781,5781,333,16.38067626953125,248.74451002642053,83.26934497875187,0.0,16.0,16,5.0,1,,214.44329896907217,224.0,111.0,255.0,20801.0,36.39424435727124,0.23977318027431202,2.2791249489367047
ID5563,5563,333,16.38067626953125,248.74451002642053,83.26934497875187,0.0,17.0,17,5.0,1,,214.44329896907217,224.0,111.0,255.0,20801.0,36.39424435727124,0.23977318027431202,2.2791249489367047
ID2037,2037,334,8.08758544921875,216.9616538207888,99.8858000668332,0.0,15.0,15,5.0,1,,136.23711340206185,141.0,47.0,255.0,13215.0,51.291400594194045,0.13153491992061792,0.6175241892268833
ID5784,5784,334,17.93499755859375,229.58107951271268,93.67467371627636,0.0,16.0,16,5.0,1,,199.8556701030928,216.0,93.0,255.0,19386.0,50.98631141679142,0.26610054067213545,1.647670773651081
ID5566,5566,334,17.93499755859375,229.58107951271268,93.67467371627636,0.0,17.0,17,5.0,1,,199.8556701030928,216.0,93.0,255.0,19386.0,50.98631141679142,0.26610054067213545,1.647670773651081
ID5585,5585,335,5.939186096191406,635.1876413559645,140.71426117205147,0.0,17.0,17,5.0,1,,106.42268041237114,109.0,48.0,171.0,10323.0,27.00957972474241,0.14082196661363713,0.9727447427462119
ID2051,2051,335,6.2270660400390625,644.6002190783854,134.78533466735024,0.0,15.0,15,5.0,1,,133.55670103092783,132.0,42.0,202.0,12955.0,31.863631656431895,0.10482722695188583,0.7953900150815916
ID5803,5803,335,5.939186096191406,635.1876413559645,140.71426117205147,0.0,16.0,16,5.0,1,,106.42268041237114,109.0,48.0,171.0,10323.0,27.00957972474241,0.14082196661363713,0.9727447427462119
ID5588,5588,336,8.30841064453125,720.643310011842,152.21502867321408,0.0,17.0,17,5.0,1,,151.04123711340208,147.0,89.0,223.0,14651.0,33.82858675420748,0.1557674635193664,1.2035051656239566
ID5806,5806,336,8.30841064453125,720.643310011842,152.21502867321408,0.0,16.0,16,5.0,1,,151.04123711340208,147.0,89.0,223.0,14651.0,33.82858675420748,0.1557674635193664,1.2035051656239566
ID5589,5589,337,6.411865234375,0.0,154.0,0.0,17.0,17,5.0,1,,149.51546391752578,157.0,49.0,205.0,14503.0,38.69192244568568,0.20856754980189934,1.3337413313792563
ID5807,5807,337,6.411865234375,0.0,154.0,0.0,16.0,16,5.0,1,,149.51546391752578,157.0,49.0,205.0,14503.0,38.69192244568568,0.20856754980189934,1.3337413313792563
ID5809,5809,338,11.720077514648438,745.0532914358348,159.6517507813095,0.0,16.0,16,5.0,1,,161.84536082474227,165.0,70.0,252.0,15699.0,56.254877604484506,0.1515793484222938,0.7573841890502402
ID5591,5591,338,11.720077514648438,745.0532914358348,159.6517507813095,0.0,17.0,17,5.0,1,,161.84536082474227,165.0,70.0,252.0,15699.0,56.254877604484506,0.1515793484222938,0.7573841890502402
ID2063,2063,338,12.378570556640625,751.0056613613193,165.0550513830982,0.0,15.0,15,5.0,1,,149.68041237113403,146.0,67.0,255.0,14519.0,54.100513397085045,0.19428200748196459,0.9001590933178807
ID5811,5811,339,11.5225830078125,0.0,163.0,0.0,16.0,16,5.0,1,,179.8041237113402,187.0,65.0,232.0,17441.0,40.028541685708916,0.2922279100878881,2.0316198643027796
ID5593,5593,339,11.5225830078125,0.0,163.0,0.0,17.0,17,5.0,1,,179.8041237113402,187.0,65.0,232.0,17441.0,40.028541685708916,0.2922279100878881,2.0316198643027796
ID5601,5601,340,12.863265991210938,390.954471233374,190.98663592378207,0.0,17.0,17,5.0,1,,202.05154639175257,207.0,120.0,255.0,19599.0,41.98793753717167,0.15763090103026867,1.3105055931850382
ID2070,2070,340,11.040908813476562,400.27281279979354,192.9984572520933,0.0,15.0,15,5.0,1,,180.4020618556701,175.0,82.0,255.0,17499.0,46.64307285872648,0.1374904314366961,0.934994510581253
ID5819,5819,340,12.863265991210938,390.954471233374,190.98663592378207,0.0,16.0,16,5.0,1,,202.05154639175257,207.0,120.0,255.0,19599.0,41.98793753717167,0.15763090103026867,1.3105055931850382
ID5828,5828,341,6.582679748535156,767.0,208.0,0.0,16.0,16,5.0,1,,107.45360824742268,110.0,40.0,181.0,10423.0,30.320860743388064,0.305462482658609,1.658452186606446
ID5610,5610,341,6.582679748535156,767.0,208.0,0.0,17.0,17,5.0,1,,107.45360824742268,110.0,40.0,181.0,10423.0,30.320860743388064,0.305462482658609,1.658452186606446
ID2084,2084,342,13.192367553710938,691.1905060353636,216.09896911882248,0.0,15.0,15,5.0,1,,213.70103092783506,228.0,122.0,255.0,20729.0,39.87171223343836,0.17613613388127097,1.6053236114452445
ID5833,5833,342,14.363021850585938,691.3122187683058,215.69466642837833,0.0,16.0,16,5.0,1,,208.05154639175257,225.0,103.0,255.0,20181.0,45.863786352910594,0.18678070657507573,1.427882840985188
ID5615,5615,342,14.363021850585938,691.3122187683058,215.69466642837833,0.0,17.0,17,5.0,1,,208.05154639175257,225.0,103.0,255.0,20181.0,45.863786352910594,0.18678070657507573,1.427882840985188
ID5846,5846,343,11.764053344726562,21.716924394906332,274.56501796438056,0.0,16.0,16,5.0,1,,225.41237113402062,238.0,122.0,255.0,21865.0,33.293127599563626,0.14801401678052306,1.7458575355337493
ID5628,5628,343,11.764053344726562,21.716924394906332,274.56501796438056,0.0,17.0,17,5.0,1,,225.41237113402062,238.0,122.0,255.0,21865.0,33.293127599563626,0.14801401678052306,1.7458575355337493
ID2094,2094,343,11.731048583984375,16.85646182815887,275.4462731536585,0.0,15.0,15,5.0,1,,220.30927835051546,231.0,126.0,255.0,21370.0,34.06622252587057,0.14331264135671704,1.6212810240294993
ID5633,5633,344,11.375656127929688,26.153164845207588,290.68128617957433,0.0,17.0,17,5.0,1,,195.89690721649484,214.0,95.0,255.0,19002.0,43.36076484375076,0.1464794100619995,1.1544389301726823
ID2099,2099,344,11.602523803710938,21.79363504096802,282.6455336384579,0.0,15.0,15,5.0,1,,196.44329896907217,193.0,119.0,255.0,19055.0,39.909264033180364,0.15707510869231509,1.336408758866256
ID5851,5851,344,11.375656127929688,26.153164845207588,290.68128617957433,0.0,16.0,16,5.0,1,,195.89690721649484,214.0,95.0,255.0,19002.0,43.36076484375076,0.1464794100619995,1.1544389301726823
ID5636,5636,345,12.0782470703125,291.69676664956825,306.80404102056065,0.0,17.0,17,5.0,1,,213.93814432989691,223.0,139.0,255.0,20752.0,34.15736085658968,0.1533004574497305,1.6650792118532096
ID2108,2108,345,13.421218872070312,290.83428063214564,305.22565104889395,0.0,15.0,15,5.0,1,,208.72164948453607,223.0,123.0,255.0,20246.0,40.71003722160166,0.17448434615192718,1.5233694154185582
ID5854,5854,345,12.0782470703125,291.69676664956825,306.80404102056065,0.0,16.0,16,5.0,1,,213.93814432989691,223.0,139.0,255.0,20752.0,34.15736085658968,0.1533004574497305,1.6650792118532096
ID5648,5648,346,10.632369995117188,23.92112063361435,324.7322131753364,0.0,17.0,17,5.0,1,,196.28865979381445,197.0,105.0,255.0,19040.0,37.696971242972175,0.13269433111206816,1.2199959523194268
ID2133,2133,346,10.068634033203125,21.912050940584404,319.1250303279675,0.0,15.0,15,5.0,1,,178.7835051546392,169.0,113.0,251.0,17342.0,41.020631700229956,0.11757961660911632,0.9170830504287596
ID5866,5866,346,10.632369995117188,23.92112063361435,324.7322131753364,0.0,16.0,16,5.0,1,,196.28865979381445,197.0,105.0,255.0,19040.0,37.696971242972175,0.13269433111206816,1.2199959523194268
ID5666,5666,347,11.256195068359375,756.9777211416093,392.84378182520817,0.0,17.0,17,5.0,1,,178.10309278350516,171.0,97.0,255.0,17276.0,49.24227615746844,0.15430928073569156,0.9670149690961717
ID2266,2266,347,11.396957397460938,751.9013481208501,388.1034937457614,0.0,15.0,15,5.0,1,,180.97938144329896,180.0,103.0,255.0,17555.0,42.88817323901857,0.1640294766860216,1.1892672733349372
ID5884,5884,347,11.256195068359375,756.9777211416093,392.84378182520817,0.0,16.0,16,5.0,1,,178.10309278350516,171.0,97.0,255.0,17276.0,49.24227615746844,0.15430928073569156,0.9670149690961717
ID5668,5668,348,11.3817138671875,68.81920598839417,405.24856419045847,0.0,17.0,17,5.0,1,,228.8659793814433,237.0,144.0,255.0,22200.0,28.451577601975544,0.14067927128509225,1.9841360316359378
ID5886,5886,348,11.3817138671875,68.81920598839417,405.24856419045847,0.0,16.0,16,5.0,1,,228.8659793814433,237.0,144.0,255.0,22200.0,28.451577601975544,0.14067927128509225,1.9841360316359378
ID5892,5892,349,16.184188842773438,590.5357621466225,438.6438626064873,0.0,16.0,16,5.0,1,,217.24742268041237,235.0,95.0,255.0,21073.0,41.38211945993782,0.2201674597395212,1.8945479056706833
ID2279,2279,349,12.434814453125,593.0,440.0,0.0,15.0,15,5.0,1,,194.659793814433,202.0,103.0,255.0,18882.0,47.31496561121416,0.16612483913685058,1.1721879516120377
ID5674,5674,349,16.184188842773438,590.5357621466225,438.6438626064873,0.0,17.0,17,5.0,1,,217.24742268041237,235.0,95.0,255.0,21073.0,41.38211945993782,0.2201674597395212,1.8945479056706833
ID5894,5894,350,14.135452270507812,600.9562779976201,443.9500595540858,0.0,16.0,16,5.0,1,,207.2164948453608,218.0,76.0,255.0,20100.0,42.60653969857106,0.18539565616792264,1.5212979409400702
ID2283,2283,350,8.199798583984375,593.9218287008931,448.5229232692058,0.0,15.0,15,5.0,1,,155.37113402061857,146.0,75.0,255.0,15071.0,44.22252432952693,0.11564464630318559,0.7283773766374027
ID5676,5676,350,14.135452270507812,600.9562779976201,443.9500595540858,0.0,17.0,17,5.0,1,,207.2164948453608,218.0,76.0,255.0,20100.0,42.60653969857106,0.18539565616792264,1.5212979409400702
ID5683,5683,351,9.785919189453125,428.6903341361597,479.3689002006269,0.0,17.0,17,5.0,1,,194.2164948453608,209.0,104.0,246.0,18839.0,40.20862956819813,0.1264894656537261,1.084736014260997
ID2344,2344,351,7.8404083251953125,437.4662603856429,477.491616679281,0.0,15.0,15,5.0,1,,139.18556701030928,126.0,87.0,252.0,13501.0,43.23225307783029,0.09372032486951822,0.5517518926234879
ID5901,5901,351,9.785919189453125,428.6903341361597,479.3689002006269,0.0,16.0,16,5.0,1,,194.2164948453608,209.0,104.0,246.0,18839.0,40.20862956819813,0.1264894656537261,1.084736014260997
ID5913,5913,352,9.526947021484375,714.2944244191542,517.3470887874977,0.0,16.0,16,5.0,1,,156.05154639175257,157.0,63.0,254.0,15137.0,45.79127717472069,0.11688925255413035,0.7133124189925866
ID5695,5695,352,9.526947021484375,714.2944244191542,517.3470887874977,0.0,17.0,17,5.0,1,,156.05154639175257,157.0,63.0,254.0,15137.0,45.79127717472069,0.11688925255413035,0.7133124189925866
ID2383,2383,352,5.8794097900390625,713.2170998862972,525.1459756128052,0.0,15.0,15,5.0,1,,107.88659793814433,104.0,19.0,181.0,10465.0,31.27827930071833,0.08669978224312827,0.5503805366526093
ID2386,2386,353,7.140174865722656,203.7431970683823,525.6495299524523,0.0,15.0,15,5.0,1,,103.50515463917526,96.0,27.0,255.0,10040.0,48.69957300277817,0.10536643259572262,0.40519383154238464
ID5699,5699,353,9.19366455078125,202.93010569480765,524.767569006494,0.0,17.0,17,5.0,1,,121.05154639175258,115.0,44.0,254.0,11742.0,48.44549582047949,0.13264971717554552,0.5852718548446904
ID5917,5917,353,9.19366455078125,202.93010569480765,524.767569006494,0.0,16.0,16,5.0,1,,121.05154639175258,115.0,44.0,254.0,11742.0,48.44549582047949,0.13264971717554552,0.5852718548446904
ID5701,5701,354,5.053581237792969,209.26430894640413,531.8918064003617,0.0,17.0,17,5.0,1,,115.47422680412372,117.0,66.0,190.0,11201.0,26.908058266184078,0.10923282941451216,0.8452071604558358
ID5919,5919,354,5.053581237792969,209.26430894640413,531.8918064003617,0.0,16.0,16,5.0,1,,115.47422680412372,117.0,66.0,190.0,11201.0,26.908058266184078,0.10923282941451216,0.8452071604558358
ID5920,5920,355,14.213516235351562,220.94958099340536,536.5631322437557,0.0,16.0,16,5.0,1,,164.57731958762886,155.0,84.0,255.0,15964.0,50.01392203084274,0.20219929857807653,1.1069098248891773
ID5702,5702,355,14.213516235351562,220.94958099340536,536.5631322437557,0.0,17.0,17,5.0,1,,164.57731958762886,155.0,84.0,255.0,15964.0,50.01392203084274,0.20219929857807653,1.1069098248891773
ID2390,2390,355,8.172821044921875,219.18686818436683,538.9997296543286,0.0,15.0,15,5.0,1,,116.81443298969072,110.0,42.0,219.0,11331.0,37.25428663727483,0.15259148317337384,0.830242837089641
ID5922,5922,356,5.79608154296875,57.86437898209964,543.132834405629,0.0,16.0,16,5.0,1,,141.03092783505156,137.0,44.0,221.0,13680.0,42.19879876061032,0.07197226036694668,0.448772116959855
ID5704,5704,356,5.79608154296875,57.86437898209964,543.132834405629,0.0,17.0,17,5.0,1,,141.03092783505156,137.0,44.0,221.0,13680.0,42.19879876061032,0.07197226036694668,0.448772116959855
ID5731,5731,357,5.078643798828125,557.6109695453555,658.1878243158567,0.0,17.0,17,5.0,1,,147.84536082474227,132.0,93.0,255.0,14341.0,48.0334822906085,0.03344468026008019,0.19922023066872616
ID5949,5949,357,5.078643798828125,557.6109695453555,658.1878243158567,0.0,16.0,16,5.0,1,,147.84536082474227,132.0,93.0,255.0,14341.0,48.0334822906085,0.03344468026008019,0.19922023066872616
ID5733,5733,358,9.72784423828125,382.5970445166692,659.351586833819,0.0,17.0,17,5.0,1,,191.82474226804123,194.0,113.0,255.0,18607.0,37.337707233349214,0.142054521702965,1.278071638353794
ID5951,5951,358,9.72784423828125,382.5970445166692,659.351586833819,0.0,16.0,16,5.0,1,,191.82474226804123,194.0,113.0,255.0,18607.0,37.337707233349214,0.142054521702965,1.278071638353794
ID2518,2518,359,13.556427001953125,559.1740085534069,674.8116306092402,0.0,15.0,15,5.0,1,,180.62886597938143,175.0,98.0,255.0,17521.0,53.20250612589222,0.17883378846466447,1.0301063446903687
ID5960,5960,359,15.104034423828125,563.140161838574,672.6766843619603,0.0,16.0,16,5.0,1,,179.36082474226805,179.0,80.0,255.0,17398.0,57.70925430679251,0.20776084353008112,1.0692884600378214
ID5742,5742,359,15.104034423828125,563.140161838574,672.6766843619603,0.0,17.0,17,5.0,1,,179.36082474226805,179.0,80.0,255.0,17398.0,57.70925430679251,0.20776084353008112,1.0692884600378214
ID5961,5961,360,5.34991455078125,453.79609918812156,675.8302949474431,0.0,16.0,16,5.0,1,,102.20618556701031,100.0,37.0,214.0,9914.0,29.16759694147268,0.10239126136874488,0.6509290549844093
ID5743,5743,360,5.34991455078125,453.79609918812156,675.8302949474431,0.0,17.0,17,5.0,1,,102.20618556701031,100.0,37.0,214.0,9914.0,29.16759694147268,0.10239126136874488,0.6509290549844093
ID5968,5968,361,9.254226684570312,676.7326572867779,699.9507105578401,0.0,16.0,16,5.0,1,,115.12371134020619,97.0,49.0,226.0,11167.0,49.93125643738406,0.18711284540590925,0.7268317358181969
ID5750,5750,361,9.254226684570312,676.7326572867779,699.9507105578401,0.0,17.0,17,5.0,1,,115.12371134020619,97.0,49.0,226.0,11167.0,49.93125643738406,0.18711284540590925,0.7268317358181969
ID5973,5973,362,5.9730224609375,756.0,735.0,0.0,16.0,16,5.0,1,,88.42268041237114,94.0,25.0,126.0,8577.0,21.62263236149914,0.3285358216740526,2.022528116547804
ID5755,5755,362,5.9730224609375,756.0,735.0,0.0,17.0,17,5.0,1,,88.42268041237114,94.0,25.0,126.0,8577.0,21.62263236149914,0.3285358216740526,2.022528116547804
